basket_id,basket_items,recommended_items,recommended_items_details
7341985,Whole Spices; Brinjals; Moong Dal; Moong Dal; Gourd & Cucumber; Whole Spices; Whole Spices; Moong Dal,Other Dals; Beans; Other Vegetables; Toor Dal; Root Vegetables; Sugar; Sooji & Rava; Urad Dal; Raw Rice; Sunflower Oils,"Other Dals (Conf: 0.8208, Lift: 1.7883, Factor: 1); Beans (Conf: 0.7798, Lift: 1.7536, Factor: 1); Other Vegetables (Conf: 0.7778, Lift: 1.6833, Factor: 1); Toor Dal (Conf: 0.7203, Lift: 1.8655, Factor: 1); Root Vegetables (Conf: 0.6812, Lift: 1.6723, Factor: 1); Sugar (Conf: 0.6515, Lift: 1.8620, Factor: 1); Sooji & Rava (Conf: 0.5130, Lift: 1.8012, Factor: 1); Urad Dal (Conf: 0.5000, Lift: 1.6895, Factor: 1); Raw Rice (Conf: 0.3903, Lift: 1.6685, Factor: 1); Sunflower Oils (Conf: 0.3227, Lift: 1.7265, Factor: 1)"
7344710,Gourd & Cucumber; Boiled Rice; Other Dals; Beans; Root Vegetables; Other Oils; Other Vegetables,Whole Spices; Toor Dal; Sugar; Moong Dal; Brinjals; Urad Dal; Sooji & Rava; Raw Rice; Sunflower Oils; Avalakki / Poha,"Whole Spices (Conf: 0.7299, Lift: 1.7903, Factor: 1); Toor Dal (Conf: 0.6866, Lift: 1.7781, Factor: 1); Sugar (Conf: 0.6259, Lift: 1.7886, Factor: 1); Moong Dal (Conf: 0.6061, Lift: 1.7995, Factor: 1); Brinjals (Conf: 0.5778, Lift: 1.7702, Factor: 1); Urad Dal (Conf: 0.5297, Lift: 1.7898, Factor: 1); Sooji & Rava (Conf: 0.5084, Lift: 1.7853, Factor: 1); Raw Rice (Conf: 0.3563, Lift: 1.5231, Factor: 1); Sunflower Oils (Conf: 0.3353, Lift: 1.7941, Factor: 1); Avalakki / Poha (Conf: 0.3018, Lift: 1.7597, Factor: 1)"
7345164,Cooking Sauce; Sunflower Oils; Toor Dal; Brinjals; Ground Coffee; Beans; Other Vegetables; Beans; Root Vegetables; Raw Rice,Other Dals; Whole Spices; Sugar; Moong Dal; Gourd & Cucumber; Urad Dal; Sooji & Rava; Avalakki / Poha; Banana; Raw Peanuts,"Other Dals (Conf: 0.7782, Lift: 1.6956, Factor: 1); Whole Spices (Conf: 0.7215, Lift: 1.7697, Factor: 1); Sugar (Conf: 0.6159, Lift: 1.7603, Factor: 1); Moong Dal (Conf: 0.5927, Lift: 1.7598, Factor: 1); Gourd & Cucumber (Conf: 0.5361, Lift: 1.7008, Factor: 1); Urad Dal (Conf: 0.5240, Lift: 1.7705, Factor: 1); Sooji & Rava (Conf: 0.4491, Lift: 1.5770, Factor: 1); Avalakki / Poha (Conf: 0.3019, Lift: 1.7604, Factor: 1); Banana (Conf: 0.3000, Lift: 1.3240, Factor: 1); Raw Peanuts (Conf: 0.2641, Lift: 1.4898, Factor: 1)"
7347668,Whole Spices; Other Vegetables; Avalakki / Poha; Urad Dal; Whole Spices; Moong Dal; Toor Dal; Raisins; Maida; Cashews; Other Vegetables; Raw Peanuts; Root Vegetables; Ghee; Other Dals; Whole Spices,Beans; Sugar; Brinjals; Gourd & Cucumber; Sooji & Rava; Raw Rice; Banana; Sunflower Oils; Besan; Organic F&V,"Beans (Conf: 0.5854, Lift: 1.3163, Factor: 1); Sugar (Conf: 0.4341, Lift: 1.2406, Factor: 1); Brinjals (Conf: 0.4320, Lift: 1.3235, Factor: 1); Gourd & Cucumber (Conf: 0.3741, Lift: 1.1869, Factor: 1); Sooji & Rava (Conf: 0.3624, Lift: 1.2725, Factor: 1); Raw Rice (Conf: 0.3038, Lift: 1.2989, Factor: 1); Banana (Conf: 0.3000, Lift: 1.3240, Factor: 1); Sunflower Oils (Conf: 0.2461, Lift: 1.3168, Factor: 1); Besan (Conf: 0.1926, Lift: 1.3051, Factor: 1); Organic F&V (Conf: 0.1910, Lift: 1.0682, Factor: 1)"
7348817,"Other Oils; Whole Spices; Raw Rice; Toor Dal; Other Dals; Banana; Glucose, Marie & Milk Biscuits",Other Vegetables; Beans; Root Vegetables; Sugar; Brinjals; Gourd & Cucumber; Moong Dal; Urad Dal; Sooji & Rava; Sunflower Oils,"Other Vegetables (Conf: 0.7080, Lift: 1.5323, Factor: 1); Beans (Conf: 0.6829, Lift: 1.5357, Factor: 1); Root Vegetables (Conf: 0.6243, Lift: 1.5326, Factor: 1); Sugar (Conf: 0.5340, Lift: 1.5261, Factor: 1); Brinjals (Conf: 0.4986, Lift: 1.5275, Factor: 1); Gourd & Cucumber (Conf: 0.4706, Lift: 1.4929, Factor: 1); Moong Dal (Conf: 0.4643, Lift: 1.3785, Factor: 1); Urad Dal (Conf: 0.4406, Lift: 1.4887, Factor: 1); Sooji & Rava (Conf: 0.4350, Lift: 1.5276, Factor: 1); Sunflower Oils (Conf: 0.2767, Lift: 1.4803, Factor: 1)"
7353545,Urad Dal; Other Vegetables; Brinjals; Sugar; Body Wash; Moong Dal; Chilli & Soya Sauces; Gourd & Cucumber; Other Dals,Beans; Whole Spices; Root Vegetables; Toor Dal; Raw Rice; Banana; Sooji & Rava; Sunflower Oils; Organic F&V; Avalakki / Poha,"Beans (Conf: 0.6259, Lift: 1.4075, Factor: 1); Whole Spices (Conf: 0.5864, Lift: 1.4383, Factor: 1); Root Vegetables (Conf: 0.5860, Lift: 1.4387, Factor: 1); Toor Dal (Conf: 0.5460, Lift: 1.4140, Factor: 1); Raw Rice (Conf: 0.3366, Lift: 1.4391, Factor: 1); Banana (Conf: 0.3211, Lift: 1.4170, Factor: 1); Sooji & Rava (Conf: 0.3027, Lift: 1.0630, Factor: 1); Sunflower Oils (Conf: 0.2598, Lift: 1.3901, Factor: 1); Organic F&V (Conf: 0.2544, Lift: 1.4227, Factor: 1); Avalakki / Poha (Conf: 0.2417, Lift: 1.4096, Factor: 1)"
7362980,Beans; Exotic Vegetables; Almonds; Namkeen; Other Vegetables; Honey; Health Drinks,Urad Dal; Sooji & Rava; Whole Spices; Toor Dal; Other Dals; Sugar; Moong Dal; Gourd & Cucumber; Root Vegetables; Brinjals,"Urad Dal (Conf: 0.8020, Lift: 2.7098, Factor: 1); Sooji & Rava (Conf: 0.7545, Lift: 2.6496, Factor: 1); Whole Spices (Conf: 0.7532, Lift: 1.8473, Factor: 1); Toor Dal (Conf: 0.7411, Lift: 1.9192, Factor: 1); Other Dals (Conf: 0.6639, Lift: 1.4466, Factor: 1); Sugar (Conf: 0.6627, Lift: 1.8940, Factor: 1); Moong Dal (Conf: 0.6471, Lift: 1.9212, Factor: 1); Gourd & Cucumber (Conf: 0.5923, Lift: 1.8790, Factor: 1); Root Vegetables (Conf: 0.5855, Lift: 1.4374, Factor: 1); Brinjals (Conf: 0.5747, Lift: 1.7606, Factor: 1)"
7366964,Toor Dal; Other Dals; Other Dry Fruits; Beans; Root Vegetables; Other Vegetables; Raisins; Other Dals; Boiled Rice; Brinjals,Whole Spices; Moong Dal; Sugar; Gourd & Cucumber; Urad Dal; Sooji & Rava; Raw Rice; Banana; Sunflower Oils; Avalakki / Poha,"Whole Spices (Conf: 0.6524, Lift: 1.6003, Factor: 1); Moong Dal (Conf: 0.5629, Lift: 1.6712, Factor: 1); Sugar (Conf: 0.5471, Lift: 1.5635, Factor: 1); Gourd & Cucumber (Conf: 0.5239, Lift: 1.6620, Factor: 1); Urad Dal (Conf: 0.4655, Lift: 1.5729, Factor: 1); Sooji & Rava (Conf: 0.4491, Lift: 1.5770, Factor: 1); Raw Rice (Conf: 0.3736, Lift: 1.5973, Factor: 1); Banana (Conf: 0.3000, Lift: 1.3240, Factor: 1); Sunflower Oils (Conf: 0.2974, Lift: 1.5910, Factor: 1); Avalakki / Poha (Conf: 0.2744, Lift: 1.6002, Factor: 1)"
7368676,Cotton & Bandages; Avalakki / Poha; Toor Dal; Sooji & Rava; Jaggery; Phenyles & Acids; Toilet Cleaners; Moong Dal,Other Dals; Beans; Other Vegetables; Whole Spices; Root Vegetables; Sugar; Brinjals; Gourd & Cucumber; Urad Dal; Raw Rice,"Other Dals (Conf: 0.7455, Lift: 1.6242, Factor: 1); Beans (Conf: 0.7229, Lift: 1.6256, Factor: 1); Other Vegetables (Conf: 0.7194, Lift: 1.5571, Factor: 1); Whole Spices (Conf: 0.6655, Lift: 1.6323, Factor: 1); Root Vegetables (Conf: 0.6641, Lift: 1.6303, Factor: 1); Sugar (Conf: 0.5694, Lift: 1.6274, Factor: 1); Brinjals (Conf: 0.5292, Lift: 1.6213, Factor: 1); Gourd & Cucumber (Conf: 0.5047, Lift: 1.6012, Factor: 1); Urad Dal (Conf: 0.4619, Lift: 1.5606, Factor: 1); Raw Rice (Conf: 0.3767, Lift: 1.6106, Factor: 1)"
7369866,Other Dals; Other Dals; Root Vegetables; Other Dals; Other Vegetables; Other Dals; Root Vegetables,Beans; Whole Spices; Toor Dal; Sugar; Moong Dal; Brinjals; Urad Dal; Sooji & Rava; Gourd & Cucumber; Raw Rice,"Beans (Conf: 0.7890, Lift: 1.7743, Factor: 1); Whole Spices (Conf: 0.7719, Lift: 1.8933, Factor: 1); Toor Dal (Conf: 0.7411, Lift: 1.9192, Factor: 1); Sugar (Conf: 0.6724, Lift: 1.9217, Factor: 1); Moong Dal (Conf: 0.6471, Lift: 1.9212, Factor: 1); Brinjals (Conf: 0.5778, Lift: 1.7702, Factor: 1); Urad Dal (Conf: 0.5663, Lift: 1.9134, Factor: 1); Sooji & Rava (Conf: 0.5495, Lift: 1.9296, Factor: 1); Gourd & Cucumber (Conf: 0.4859, Lift: 1.5415, Factor: 1); Raw Rice (Conf: 0.3563, Lift: 1.5231, Factor: 1)"
7369894,Organic F&V; Organic F&V; Ice Creams & Desserts; Banana; Toothpaste; Organic F&V,Urad Dal; Toor Dal; Other Vegetables; Other Dals; Gourd & Cucumber; Sugar; Whole Spices; Moong Dal; Sooji & Rava; Sunflower Oils,"Urad Dal (Conf: 0.7941, Lift: 2.6832, Factor: 1); Toor Dal (Conf: 0.7477, Lift: 1.9363, Factor: 1); Other Vegetables (Conf: 0.6667, Lift: 1.4429, Factor: 1); Other Dals (Conf: 0.6639, Lift: 1.4465, Factor: 1); Gourd & Cucumber (Conf: 0.6091, Lift: 1.9323, Factor: 1); Sugar (Conf: 0.5724, Lift: 2.8731, Factor: 1); Whole Spices (Conf: 0.5631, Lift: 2.8485, Factor: 1); Moong Dal (Conf: 0.4873, Lift: 3.1934, Factor: 1); Sooji & Rava (Conf: 0.4615, Lift: 2.8653, Factor: 1); Sunflower Oils (Conf: 0.3603, Lift: 1.9279, Factor: 1)"
7370585,Moong Dal; Root Vegetables; Powdered Spices; Urad Dal; Other Dals; Toor Dal; Other Vegetables,Beans; Whole Spices; Sugar; Brinjals; Gourd & Cucumber; Banana; Raw Rice; Sooji & Rava; Organic F&V; Sunflower Oils,"Beans (Conf: 0.6259, Lift: 1.4075, Factor: 1); Whole Spices (Conf: 0.5793, Lift: 1.4209, Factor: 1); Sugar (Conf: 0.5061, Lift: 1.4464, Factor: 1); Brinjals (Conf: 0.4664, Lift: 1.4289, Factor: 1); Gourd & Cucumber (Conf: 0.4545, Lift: 1.4420, Factor: 1); Banana (Conf: 0.3211, Lift: 1.4170, Factor: 1); Raw Rice (Conf: 0.3172, Lift: 1.3561, Factor: 1); Sooji & Rava (Conf: 0.3027, Lift: 1.0630, Factor: 1); Organic F&V (Conf: 0.2544, Lift: 1.4227, Factor: 1); Sunflower Oils (Conf: 0.2461, Lift: 1.3168, Factor: 1)"
7377566,Other Dals; Other Dry Fruits; Moong Dal; Other Dals; Other Dals; Other Vegetables; Other Dry Fruits; Urad Dal; Other Dals; Almonds; Whole Spices; Gourd & Cucumber; Other Dals; Root Vegetables; Whole Spices,Beans; Toor Dal; Sugar; Brinjals; Sooji & Rava; Raw Rice; Banana; Organic F&V; Raw Peanuts; Avalakki / Poha,"Beans (Conf: 0.6265, Lift: 1.4088, Factor: 1); Toor Dal (Conf: 0.5500, Lift: 1.4244, Factor: 1); Sugar (Conf: 0.4935, Lift: 1.4104, Factor: 1); Brinjals (Conf: 0.4664, Lift: 1.4289, Factor: 1); Sooji & Rava (Conf: 0.3624, Lift: 1.2725, Factor: 1); Raw Rice (Conf: 0.3236, Lift: 1.3834, Factor: 1); Banana (Conf: 0.3211, Lift: 1.4170, Factor: 1); Organic F&V (Conf: 0.2544, Lift: 1.4227, Factor: 1); Raw Peanuts (Conf: 0.2483, Lift: 1.4006, Factor: 1); Avalakki / Poha (Conf: 0.2369, Lift: 1.3814, Factor: 1)"
7381183,Other Vegetables; Ghee; Sunflower Oils; Other Vegetables; Beans; Toor Dal; Brinjals; Raw Rice; Besan; Sugar,Other Dals; Whole Spices; Root Vegetables; Moong Dal; Gourd & Cucumber; Sooji & Rava; Urad Dal; Banana; Raw Peanuts; Maida,"Other Dals (Conf: 0.7227, Lift: 1.5746, Factor: 1); Whole Spices (Conf: 0.6500, Lift: 1.5943, Factor: 1); Root Vegetables (Conf: 0.6396, Lift: 1.5702, Factor: 1); Moong Dal (Conf: 0.5337, Lift: 1.5846, Factor: 1); Gourd & Cucumber (Conf: 0.4952, Lift: 1.5711, Factor: 1); Sooji & Rava (Conf: 0.4491, Lift: 1.5770, Factor: 1); Urad Dal (Conf: 0.3842, Lift: 1.2983, Factor: 1); Banana (Conf: 0.3000, Lift: 1.3240, Factor: 1); Raw Peanuts (Conf: 0.2641, Lift: 1.4898, Factor: 1); Maida (Conf: 0.1895, Lift: 1.5320, Factor: 1)"
7382432,Brinjals; Other Vegetables; Beans; Cooking Paste; Liquid Soaps & Bars; Root Vegetables; Gourd & Cucumber; Other Vegetables; Sugar,Other Dals; Whole Spices; Toor Dal; Moong Dal; Urad Dal; Sooji & Rava; Raw Rice; Sunflower Oils; Avalakki / Poha; Raw Peanuts,"Other Dals (Conf: 0.8247, Lift: 1.7970, Factor: 1); Whole Spices (Conf: 0.7287, Lift: 1.7873, Factor: 1); Toor Dal (Conf: 0.6900, Lift: 1.7869, Factor: 1); Moong Dal (Conf: 0.6090, Lift: 1.8081, Factor: 1); Urad Dal (Conf: 0.5297, Lift: 1.7898, Factor: 1); Sooji & Rava (Conf: 0.5084, Lift: 1.7853, Factor: 1); Raw Rice (Conf: 0.3629, Lift: 1.5513, Factor: 1); Sunflower Oils (Conf: 0.3382, Lift: 1.8093, Factor: 1); Avalakki / Poha (Conf: 0.3018, Lift: 1.7597, Factor: 1); Raw Peanuts (Conf: 0.2854, Lift: 1.6102, Factor: 1)"
7382539,Whole Spices; Other Dals; Moong Dal; Namkeen; Urad Dal; Other Dals,Other Vegetables; Beans; Root Vegetables; Toor Dal; Sugar; Brinjals; Gourd & Cucumber; Sooji & Rava; Raw Rice; Banana,"Other Vegetables (Conf: 0.6707, Lift: 1.4515, Factor: 1); Beans (Conf: 0.6265, Lift: 1.4088, Factor: 1); Root Vegetables (Conf: 0.5799, Lift: 1.4236, Factor: 1); Toor Dal (Conf: 0.5500, Lift: 1.4244, Factor: 1); Sugar (Conf: 0.4935, Lift: 1.4104, Factor: 1); Brinjals (Conf: 0.4664, Lift: 1.4289, Factor: 1); Gourd & Cucumber (Conf: 0.4412, Lift: 1.3996, Factor: 1); Sooji & Rava (Conf: 0.4138, Lift: 1.4530, Factor: 1); Raw Rice (Conf: 0.3236, Lift: 1.3834, Factor: 1); Banana (Conf: 0.3211, Lift: 1.4170, Factor: 1)"
7384012,Whole Spices; Other Vegetables; Whole Spices; Whole Spices; Brinjals; Whole Spices; Honey; Urad Dal; Urad Dal; Whole Spices,Other Dals; Beans; Toor Dal; Root Vegetables; Sugar; Moong Dal; Gourd & Cucumber; Sooji & Rava; Raw Rice; Sunflower Oils,"Other Dals (Conf: 0.8025, Lift: 1.7485, Factor: 1); Beans (Conf: 0.7143, Lift: 1.6062, Factor: 1); Toor Dal (Conf: 0.6840, Lift: 1.7714, Factor: 1); Root Vegetables (Conf: 0.6812, Lift: 1.6723, Factor: 1); Sugar (Conf: 0.6220, Lift: 1.7778, Factor: 1); Moong Dal (Conf: 0.5976, Lift: 1.7742, Factor: 1); Gourd & Cucumber (Conf: 0.5155, Lift: 1.6354, Factor: 1); Sooji & Rava (Conf: 0.4860, Lift: 1.7067, Factor: 1); Raw Rice (Conf: 0.3793, Lift: 1.6216, Factor: 1); Sunflower Oils (Conf: 0.3333, Lift: 1.7835, Factor: 1)"
7387521,Other Dals; Sunflower Oils; Raw Rice; Boiled Rice; Whole Spices; Urad Dal; Moong Dal; Other Dals; Cashews,Other Vegetables; Beans; Root Vegetables; Toor Dal; Sugar; Brinjals; Gourd & Cucumber; Sooji & Rava; Banana; Organic F&V,"Other Vegetables (Conf: 0.6707, Lift: 1.4515, Factor: 1); Beans (Conf: 0.6265, Lift: 1.4088, Factor: 1); Root Vegetables (Conf: 0.5799, Lift: 1.4236, Factor: 1); Toor Dal (Conf: 0.5500, Lift: 1.4244, Factor: 1); Sugar (Conf: 0.4935, Lift: 1.4104, Factor: 1); Brinjals (Conf: 0.4664, Lift: 1.4289, Factor: 1); Gourd & Cucumber (Conf: 0.4412, Lift: 1.3996, Factor: 1); Sooji & Rava (Conf: 0.3624, Lift: 1.2725, Factor: 1); Banana (Conf: 0.3211, Lift: 1.4170, Factor: 1); Organic F&V (Conf: 0.2544, Lift: 1.4227, Factor: 1)"
7387995,Maida; Other Flours; Other Dry Fruits; Beans; Other Vegetables; Besan; Root Vegetables; Avalakki / Poha; Phenyles & Acids; Other Vegetables; Gourd & Cucumber; Raw Peanuts,Other Dals; Whole Spices; Toor Dal; Sugar; Moong Dal; Brinjals; Urad Dal; Sooji & Rava; Sunflower Oils; Raw Rice,"Other Dals (Conf: 0.7887, Lift: 1.7185, Factor: 1); Whole Spices (Conf: 0.7596, Lift: 1.8631, Factor: 1); Toor Dal (Conf: 0.7215, Lift: 1.8686, Factor: 1); Sugar (Conf: 0.6519, Lift: 1.8629, Factor: 1); Moong Dal (Conf: 0.6294, Lift: 1.8687, Factor: 1); Brinjals (Conf: 0.5778, Lift: 1.7702, Factor: 1); Urad Dal (Conf: 0.5521, Lift: 1.8656, Factor: 1); Sooji & Rava (Conf: 0.5314, Lift: 1.8661, Factor: 1); Sunflower Oils (Conf: 0.3421, Lift: 1.8304, Factor: 1); Raw Rice (Conf: 0.3376, Lift: 1.4433, Factor: 1)"
7389900,Gourd & Cucumber; Bread; Namkeen; Besan; Other Vegetables; Sugar; Urad Dal,Other Dals; Beans; Whole Spices; Toor Dal; Root Vegetables; Moong Dal; Brinjals; Sooji & Rava; Raw Rice; Sunflower Oils,"Other Dals (Conf: 0.7534, Lift: 1.6416, Factor: 1); Beans (Conf: 0.7385, Lift: 1.6606, Factor: 1); Whole Spices (Conf: 0.7287, Lift: 1.7873, Factor: 1); Toor Dal (Conf: 0.6918, Lift: 1.7916, Factor: 1); Root Vegetables (Conf: 0.6724, Lift: 1.6508, Factor: 1); Moong Dal (Conf: 0.5976, Lift: 1.7742, Factor: 1); Brinjals (Conf: 0.5747, Lift: 1.7606, Factor: 1); Sooji & Rava (Conf: 0.5084, Lift: 1.7853, Factor: 1); Raw Rice (Conf: 0.3636, Lift: 1.5546, Factor: 1); Sunflower Oils (Conf: 0.3294, Lift: 1.7626, Factor: 1)"
7397516,Rice Flour; Sooji & Rava; Other Dals; Sooji & Rava; Ghee; Namkeen; Sooji & Rava; Aluminium Foil & Cling Wrap; Besan; Urad Dal; Sunflower Oils,Other Vegetables; Beans; Whole Spices; Root Vegetables; Toor Dal; Sugar; Moong Dal; Brinjals; Gourd & Cucumber; Raw Rice,"Other Vegetables (Conf: 0.7143, Lift: 1.5459, Factor: 1); Beans (Conf: 0.6882, Lift: 1.5475, Factor: 1); Whole Spices (Conf: 0.6296, Lift: 1.5443, Factor: 1); Root Vegetables (Conf: 0.6235, Lift: 1.5307, Factor: 1); Toor Dal (Conf: 0.5894, Lift: 1.5264, Factor: 1); Sugar (Conf: 0.5386, Lift: 1.5393, Factor: 1); Moong Dal (Conf: 0.5029, Lift: 1.4930, Factor: 1); Brinjals (Conf: 0.4974, Lift: 1.5238, Factor: 1); Gourd & Cucumber (Conf: 0.4859, Lift: 1.5415, Factor: 1); Raw Rice (Conf: 0.3603, Lift: 1.5404, Factor: 1)"
7397712,Brinjals; Besan; Other Dals; Curd; Moong Dal; Whole Spices; Avalakki / Poha,Other Vegetables; Beans; Root Vegetables; Toor Dal; Sugar; Gourd & Cucumber; Urad Dal; Sooji & Rava; Raw Rice; Banana,"Other Vegetables (Conf: 0.7551, Lift: 1.6343, Factor: 1); Beans (Conf: 0.7172, Lift: 1.6129, Factor: 1); Root Vegetables (Conf: 0.6641, Lift: 1.6303, Factor: 1); Toor Dal (Conf: 0.6222, Lift: 1.6114, Factor: 1); Sugar (Conf: 0.5471, Lift: 1.5635, Factor: 1); Gourd & Cucumber (Conf: 0.5155, Lift: 1.6354, Factor: 1); Urad Dal (Conf: 0.4402, Lift: 1.4873, Factor: 1); Sooji & Rava (Conf: 0.4350, Lift: 1.5276, Factor: 1); Raw Rice (Conf: 0.3793, Lift: 1.6216, Factor: 1); Banana (Conf: 0.3211, Lift: 1.4170, Factor: 1)"
7399616,Whole Spices; Organic F&V; Organic F&V; Organic F&V; Exotic Vegetables; Organic F&V; Banana; Bread; Organic F&V; Basmati Rice,Other Dals; Urad Dal; Other Vegetables; Toor Dal; Sugar; Moong Dal; Beans; Sooji & Rava; Root Vegetables; Gourd & Cucumber,"Other Dals (Conf: 0.8025, Lift: 1.7485, Factor: 1); Urad Dal (Conf: 0.7941, Lift: 2.6832, Factor: 1); Other Vegetables (Conf: 0.7778, Lift: 1.6833, Factor: 1); Toor Dal (Conf: 0.7719, Lift: 1.9992, Factor: 1); Sugar (Conf: 0.7288, Lift: 2.0829, Factor: 1); Moong Dal (Conf: 0.7133, Lift: 2.1180, Factor: 1); Beans (Conf: 0.7032, Lift: 1.5813, Factor: 1); Sooji & Rava (Conf: 0.6914, Lift: 2.4277, Factor: 1); Root Vegetables (Conf: 0.6812, Lift: 1.6723, Factor: 1); Gourd & Cucumber (Conf: 0.6091, Lift: 1.9323, Factor: 1)"
7402891,Namkeen; Beans; Gourd & Cucumber; Boiled Rice; Other Dals; Brinjals; Beans; Basmati Rice; Beans,Whole Spices; Toor Dal; Other Vegetables; Sugar; Moong Dal; Root Vegetables; Urad Dal; Sooji & Rava; Raw Rice; Sunflower Oils,"Whole Spices (Conf: 0.7716, Lift: 1.8925, Factor: 1); Toor Dal (Conf: 0.7317, Lift: 1.8950, Factor: 1); Other Vegetables (Conf: 0.7196, Lift: 1.5574, Factor: 1); Sugar (Conf: 0.6571, Lift: 1.8781, Factor: 1); Moong Dal (Conf: 0.6378, Lift: 1.8937, Factor: 1); Root Vegetables (Conf: 0.6332, Lift: 1.5545, Factor: 1); Urad Dal (Conf: 0.5585, Lift: 1.8870, Factor: 1); Sooji & Rava (Conf: 0.5399, Lift: 1.8958, Factor: 1); Raw Rice (Conf: 0.3563, Lift: 1.5231, Factor: 1); Sunflower Oils (Conf: 0.3472, Lift: 1.8575, Factor: 1)"
7403298,Vermicelli; Toor Dal; Root Vegetables; Ghee; Regular Pasta; Namkeen; Moong Dal; Ice Creams & Desserts; Organic Rice & Rice Products; Other Dals,Other Vegetables; Beans; Whole Spices; Sugar; Brinjals; Gourd & Cucumber; Urad Dal; Sooji & Rava; Raw Rice; Banana,"Other Vegetables (Conf: 0.7236, Lift: 1.5660, Factor: 1); Beans (Conf: 0.7172, Lift: 1.6129, Factor: 1); Whole Spices (Conf: 0.6535, Lift: 1.6030, Factor: 1); Sugar (Conf: 0.5637, Lift: 1.6110, Factor: 1); Brinjals (Conf: 0.5157, Lift: 1.5800, Factor: 1); Gourd & Cucumber (Conf: 0.5047, Lift: 1.6012, Factor: 1); Urad Dal (Conf: 0.4655, Lift: 1.5729, Factor: 1); Sooji & Rava (Conf: 0.4491, Lift: 1.5770, Factor: 1); Raw Rice (Conf: 0.3767, Lift: 1.6106, Factor: 1); Banana (Conf: 0.3211, Lift: 1.4170, Factor: 1)"
7403661,Other Dals; Other Oils; Other Dals; Raw Rice; Other Dals; Other Dals,Whole Spices; Sugar; Beans; Moong Dal; Other Vegetables; Toor Dal; Urad Dal; Sooji & Rava; Root Vegetables; Brinjals,"Whole Spices (Conf: 0.8598, Lift: 2.1089, Factor: 1); Sugar (Conf: 0.7477, Lift: 2.1370, Factor: 1); Beans (Conf: 0.7477, Lift: 1.6815, Factor: 1); Moong Dal (Conf: 0.7273, Lift: 2.1594, Factor: 1); Other Vegetables (Conf: 0.7196, Lift: 1.5574, Factor: 1); Toor Dal (Conf: 0.7049, Lift: 1.8256, Factor: 1); Urad Dal (Conf: 0.6667, Lift: 2.2526, Factor: 1); Sooji & Rava (Conf: 0.6474, Lift: 2.2735, Factor: 1); Root Vegetables (Conf: 0.6332, Lift: 1.5545, Factor: 1); Brinjals (Conf: 0.5157, Lift: 1.5800, Factor: 1)"
7406145,Besan; Sooji & Rava; Other Dry Fruits; Raw Rice; Raw Rice; Other Dals; Moong Dal; Other Dry Fruits; Whole Spices; Other Oils; Other Flours; Vermicelli,Other Vegetables; Beans; Root Vegetables; Toor Dal; Sugar; Brinjals; Gourd & Cucumber; Urad Dal; Banana; Raw Peanuts,"Other Vegetables (Conf: 0.6758, Lift: 1.4627, Factor: 1); Beans (Conf: 0.6508, Lift: 1.4634, Factor: 1); Root Vegetables (Conf: 0.5766, Lift: 1.4157, Factor: 1); Toor Dal (Conf: 0.5676, Lift: 1.4699, Factor: 1); Sugar (Conf: 0.4935, Lift: 1.4104, Factor: 1); Brinjals (Conf: 0.4780, Lift: 1.4645, Factor: 1); Gourd & Cucumber (Conf: 0.4444, Lift: 1.4099, Factor: 1); Urad Dal (Conf: 0.4187, Lift: 1.4148, Factor: 1); Banana (Conf: 0.3211, Lift: 1.4170, Factor: 1); Raw Peanuts (Conf: 0.2599, Lift: 1.4663, Factor: 1)"
7406752,"Beans; Toor Dal; Other Dals; Other Vegetables; Glucose, Marie & Milk Biscuits; Root Vegetables; Sugar",Whole Spices; Moong Dal; Brinjals; Gourd & Cucumber; Sooji & Rava; Urad Dal; Raw Rice; Banana; Sunflower Oils; Avalakki / Poha,"Whole Spices (Conf: 0.6269, Lift: 1.5375, Factor: 1); Moong Dal (Conf: 0.5149, Lift: 1.5286, Factor: 1); Brinjals (Conf: 0.4986, Lift: 1.5275, Factor: 1); Gourd & Cucumber (Conf: 0.4859, Lift: 1.5415, Factor: 1); Sooji & Rava (Conf: 0.4350, Lift: 1.5276, Factor: 1); Urad Dal (Conf: 0.3842, Lift: 1.2983, Factor: 1); Raw Rice (Conf: 0.3563, Lift: 1.5231, Factor: 1); Banana (Conf: 0.3000, Lift: 1.3240, Factor: 1); Sunflower Oils (Conf: 0.2767, Lift: 1.4803, Factor: 1); Avalakki / Poha (Conf: 0.2298, Lift: 1.3399, Factor: 1)"
7409204,Other Dals; Other Dals; Other Vegetables; Other Dals; Besan; Brinjals; Root Vegetables; Banana,Beans; Whole Spices; Toor Dal; Sugar; Moong Dal; Gourd & Cucumber; Urad Dal; Sooji & Rava; Raw Rice; Sunflower Oils,"Beans (Conf: 0.7890, Lift: 1.7743, Factor: 1); Whole Spices (Conf: 0.7431, Lift: 1.8227, Factor: 1); Toor Dal (Conf: 0.7049, Lift: 1.8256, Factor: 1); Sugar (Conf: 0.6400, Lift: 1.8291, Factor: 1); Moong Dal (Conf: 0.6159, Lift: 1.8288, Factor: 1); Gourd & Cucumber (Conf: 0.5600, Lift: 1.7765, Factor: 1); Urad Dal (Conf: 0.5400, Lift: 1.8245, Factor: 1); Sooji & Rava (Conf: 0.5224, Lift: 1.8344, Factor: 1); Raw Rice (Conf: 0.3563, Lift: 1.5231, Factor: 1); Sunflower Oils (Conf: 0.3421, Lift: 1.8304, Factor: 1)"
7410387,Gourd & Cucumber; Beans; Beans; Namkeen; Honey; Brinjals; Sugar,Other Dals; Whole Spices; Toor Dal; Other Vegetables; Moong Dal; Root Vegetables; Urad Dal; Sooji & Rava; Raw Rice; Sunflower Oils,"Other Dals (Conf: 0.8247, Lift: 1.7970, Factor: 1); Whole Spices (Conf: 0.7800, Lift: 1.9131, Factor: 1); Toor Dal (Conf: 0.7480, Lift: 1.9371, Factor: 1); Other Vegetables (Conf: 0.6667, Lift: 1.4429, Factor: 1); Moong Dal (Conf: 0.6465, Lift: 1.9196, Factor: 1); Root Vegetables (Conf: 0.6396, Lift: 1.5702, Factor: 1); Urad Dal (Conf: 0.5934, Lift: 2.0051, Factor: 1); Sooji & Rava (Conf: 0.5514, Lift: 1.9361, Factor: 1); Raw Rice (Conf: 0.3629, Lift: 1.5513, Factor: 1); Sunflower Oils (Conf: 0.3620, Lift: 1.9368, Factor: 1)"
7412276,Moong Dal; Beans; Moong Dal; Urad Dal; Whole Spices; Gourd & Cucumber; Brinjals; Whole Spices; Other Dals,Other Vegetables; Root Vegetables; Toor Dal; Sugar; Sooji & Rava; Raw Rice; Banana; Organic F&V; Raw Peanuts; Avalakki / Poha,"Other Vegetables (Conf: 0.6623, Lift: 1.4335, Factor: 1); Root Vegetables (Conf: 0.5845, Lift: 1.4350, Factor: 1); Toor Dal (Conf: 0.5500, Lift: 1.4244, Factor: 1); Sugar (Conf: 0.4935, Lift: 1.4104, Factor: 1); Sooji & Rava (Conf: 0.3624, Lift: 1.2725, Factor: 1); Raw Rice (Conf: 0.3236, Lift: 1.3834, Factor: 1); Banana (Conf: 0.3211, Lift: 1.4170, Factor: 1); Organic F&V (Conf: 0.2544, Lift: 1.4227, Factor: 1); Raw Peanuts (Conf: 0.2483, Lift: 1.4006, Factor: 1); Avalakki / Poha (Conf: 0.2369, Lift: 1.3814, Factor: 1)"
7414189,Phenyles & Acids; Root Vegetables; Brinjals; Namkeen; Raw Rice; Butter & Cream; Tomato Ketchup,Whole Spices; Other Dals; Toor Dal; Urad Dal; Moong Dal; Sugar; Sooji & Rava; Other Vegetables; Beans; Gourd & Cucumber,"Whole Spices (Conf: 0.8365, Lift: 2.0518, Factor: 1); Other Dals (Conf: 0.8208, Lift: 1.7883, Factor: 1); Toor Dal (Conf: 0.7460, Lift: 1.9321, Factor: 1); Urad Dal (Conf: 0.7317, Lift: 2.4724, Factor: 1); Moong Dal (Conf: 0.7273, Lift: 2.1594, Factor: 1); Sugar (Conf: 0.7207, Lift: 2.0598, Factor: 1); Sooji & Rava (Conf: 0.7059, Lift: 2.4787, Factor: 1); Other Vegetables (Conf: 0.6617, Lift: 1.4320, Factor: 1); Beans (Conf: 0.5721, Lift: 1.8839, Factor: 1); Gourd & Cucumber (Conf: 0.5600, Lift: 1.7765, Factor: 1)"
7416338,Other Dals; Raisins; Other Dals; Raw Rice; Avalakki / Poha; Brinjals; Other Dals; Root Vegetables,Beans; Whole Spices; Toor Dal; Other Vegetables; Sugar; Moong Dal; Urad Dal; Gourd & Cucumber; Sooji & Rava; Banana,"Beans (Conf: 0.7890, Lift: 1.7743, Factor: 1); Whole Spices (Conf: 0.7719, Lift: 1.8933, Factor: 1); Toor Dal (Conf: 0.7460, Lift: 1.9321, Factor: 1); Other Vegetables (Conf: 0.7196, Lift: 1.5574, Factor: 1); Sugar (Conf: 0.6701, Lift: 1.9150, Factor: 1); Moong Dal (Conf: 0.6463, Lift: 1.9188, Factor: 1); Urad Dal (Conf: 0.5789, Lift: 1.9562, Factor: 1); Gourd & Cucumber (Conf: 0.5600, Lift: 1.7765, Factor: 1); Sooji & Rava (Conf: 0.5548, Lift: 1.9483, Factor: 1); Banana (Conf: 0.3551, Lift: 1.5672, Factor: 1)"
7417942,Besan; Phenyles & Acids; Bread; Namkeen; Sunflower Oils; Whole Spices; Toor Dal,Other Dals; Other Vegetables; Beans; Root Vegetables; Moong Dal; Sugar; Brinjals; Gourd & Cucumber; Sooji & Rava; Urad Dal,"Other Dals (Conf: 0.7586, Lift: 1.6529, Factor: 1); Other Vegetables (Conf: 0.7289, Lift: 1.5776, Factor: 1); Beans (Conf: 0.7032, Lift: 1.5813, Factor: 1); Root Vegetables (Conf: 0.6812, Lift: 1.6723, Factor: 1); Moong Dal (Conf: 0.5638, Lift: 1.6739, Factor: 1); Sugar (Conf: 0.5386, Lift: 1.5393, Factor: 1); Brinjals (Conf: 0.5338, Lift: 1.6353, Factor: 1); Gourd & Cucumber (Conf: 0.5239, Lift: 1.6620, Factor: 1); Sooji & Rava (Conf: 0.4704, Lift: 1.6518, Factor: 1); Urad Dal (Conf: 0.4402, Lift: 1.4873, Factor: 1)"
7421133,Namkeen; Ice Creams & Desserts; Banana; Ice Creams & Desserts; Gourd & Cucumber; Organic F&V,Urad Dal; Whole Spices; Toor Dal; Sooji & Rava; Sugar; Other Vegetables; Other Dals; Moong Dal; Raw Peanuts; Beans,"Urad Dal (Conf: 0.7941, Lift: 2.6832, Factor: 1); Whole Spices (Conf: 0.7800, Lift: 1.9131, Factor: 1); Toor Dal (Conf: 0.7477, Lift: 1.9363, Factor: 1); Sooji & Rava (Conf: 0.6842, Lift: 2.4026, Factor: 1); Sugar (Conf: 0.6746, Lift: 1.9280, Factor: 1); Other Vegetables (Conf: 0.6667, Lift: 1.4429, Factor: 1); Other Dals (Conf: 0.6639, Lift: 1.4465, Factor: 1); Moong Dal (Conf: 0.6524, Lift: 1.9372, Factor: 1); Raw Peanuts (Conf: 0.4438, Lift: 2.5037, Factor: 1); Beans (Conf: 0.3929, Lift: 0.8834, Factor: 0.5)"
7431323,Organic F&V; Beans; Other Vegetables; Root Vegetables; Beans; Beans; Organic F&V,Whole Spices; Toor Dal; Urad Dal; Sugar; Other Dals; Moong Dal; Sooji & Rava; Gourd & Cucumber; Brinjals; Raw Peanuts,"Whole Spices (Conf: 0.7879, Lift: 1.9325, Factor: 1); Toor Dal (Conf: 0.7411, Lift: 1.9192, Factor: 1); Urad Dal (Conf: 0.7059, Lift: 2.3851, Factor: 1); Sugar (Conf: 0.6746, Lift: 1.9280, Factor: 1); Other Dals (Conf: 0.6639, Lift: 1.4466, Factor: 1); Moong Dal (Conf: 0.6471, Lift: 1.9212, Factor: 1); Sooji & Rava (Conf: 0.6202, Lift: 2.1777, Factor: 1); Gourd & Cucumber (Conf: 0.5923, Lift: 1.8790, Factor: 1); Brinjals (Conf: 0.5778, Lift: 1.7702, Factor: 1); Raw Peanuts (Conf: 0.4250, Lift: 2.3976, Factor: 1)"
7431803,Yogurt & Lassi; Other Vegetables; Root Vegetables; Banana; Other Dals; Raw Rice; Curd; Other Rice Products; Gourd & Cucumber,Beans; Whole Spices; Toor Dal; Sugar; Moong Dal; Brinjals; Sooji & Rava; Urad Dal; Sunflower Oils; Avalakki / Poha,"Beans (Conf: 0.7890, Lift: 1.7743, Factor: 1); Whole Spices (Conf: 0.7287, Lift: 1.7873, Factor: 1); Toor Dal (Conf: 0.6866, Lift: 1.7781, Factor: 1); Sugar (Conf: 0.6214, Lift: 1.7759, Factor: 1); Moong Dal (Conf: 0.6018, Lift: 1.7867, Factor: 1); Brinjals (Conf: 0.5778, Lift: 1.7702, Factor: 1); Sooji & Rava (Conf: 0.5084, Lift: 1.7853, Factor: 1); Urad Dal (Conf: 0.3476, Lift: 1.1746, Factor: 1); Sunflower Oils (Conf: 0.3294, Lift: 1.7626, Factor: 1); Avalakki / Poha (Conf: 0.3018, Lift: 1.7597, Factor: 1)"
7435518,Root Vegetables; Urad Dal; Brinjals; Whole Spices; Other Dals; Organic F&V,Other Vegetables; Beans; Toor Dal; Sugar; Moong Dal; Gourd & Cucumber; Sooji & Rava; Raw Rice; Banana; Raw Peanuts,"Other Vegetables (Conf: 0.7143, Lift: 1.5459, Factor: 1); Beans (Conf: 0.6882, Lift: 1.5475, Factor: 1); Toor Dal (Conf: 0.5983, Lift: 1.5495, Factor: 1); Sugar (Conf: 0.5374, Lift: 1.5359, Factor: 1); Moong Dal (Conf: 0.5183, Lift: 1.5389, Factor: 1); Gourd & Cucumber (Conf: 0.4879, Lift: 1.5478, Factor: 1); Sooji & Rava (Conf: 0.4350, Lift: 1.5276, Factor: 1); Raw Rice (Conf: 0.3564, Lift: 1.5237, Factor: 1); Banana (Conf: 0.3488, Lift: 1.5395, Factor: 1); Raw Peanuts (Conf: 0.2709, Lift: 1.5280, Factor: 1)"
7436171,Urad Dal; Other Rice Products; Almonds; Avalakki / Poha; Ground Coffee; Brinjals; Gourd & Cucumber; Vermicelli,Whole Spices; Other Dals; Toor Dal; Other Vegetables; Beans; Sugar; Moong Dal; Root Vegetables; Sooji & Rava; Raw Peanuts,"Whole Spices (Conf: 0.8252, Lift: 2.0241, Factor: 1); Other Dals (Conf: 0.8208, Lift: 1.7883, Factor: 1); Toor Dal (Conf: 0.7761, Lift: 2.0100, Factor: 1); Other Vegetables (Conf: 0.7299, Lift: 1.5798, Factor: 1); Beans (Conf: 0.7143, Lift: 1.6062, Factor: 1); Sugar (Conf: 0.7000, Lift: 2.0006, Factor: 1); Moong Dal (Conf: 0.6806, Lift: 2.0209, Factor: 1); Root Vegetables (Conf: 0.6724, Lift: 1.6508, Factor: 1); Sooji & Rava (Conf: 0.6235, Lift: 2.1895, Factor: 1); Raw Peanuts (Conf: 0.4225, Lift: 2.3832, Factor: 1)"
7439628,Organic Masalas & Spices; Organic Dals & Pulses; Organic F&V; Organic F&V; Organic F&V; Organic F&V; Organic Dals & Pulses,Urad Dal; Toor Dal; Sugar; Moong Dal; Sooji & Rava; Whole Spices; Other Dals; Raw Peanuts; Gourd & Cucumber; Beans,"Urad Dal (Conf: 0.7941, Lift: 2.6832, Factor: 1); Toor Dal (Conf: 0.5570, Lift: 3.1981, Factor: 1); Sugar (Conf: 0.4873, Lift: 3.1934, Factor: 1); Moong Dal (Conf: 0.4873, Lift: 3.1934, Factor: 1); Sooji & Rava (Conf: 0.3624, Lift: 3.7472, Factor: 1); Whole Spices (Conf: 0.3624, Lift: 3.7472, Factor: 1); Other Dals (Conf: 0.2790, Lift: 2.7323, Factor: 1); Raw Peanuts (Conf: 0.2536, Lift: 2.8736, Factor: 1); Gourd & Cucumber (Conf: 0.2048, Lift: 0.9226, Factor: 0.5); Beans (Conf: 0.2048, Lift: 0.9226, Factor: 0.5)"
7440894,Moong Dal; Moong Dal; Namkeen; Rice Flour; Urad Dal; Raw Peanuts; Whole Spices; Gourd & Cucumber; Namkeen,Other Vegetables; Other Dals; Beans; Root Vegetables; Sugar; Toor Dal; Brinjals; Sooji & Rava; Raw Rice; Banana,"Other Vegetables (Conf: 0.7129, Lift: 1.5429, Factor: 1); Other Dals (Conf: 0.6959, Lift: 1.5163, Factor: 1); Beans (Conf: 0.6867, Lift: 1.5442, Factor: 1); Root Vegetables (Conf: 0.6164, Lift: 1.5134, Factor: 1); Sugar (Conf: 0.5374, Lift: 1.5359, Factor: 1); Toor Dal (Conf: 0.5372, Lift: 1.3913, Factor: 1); Brinjals (Conf: 0.4664, Lift: 1.4289, Factor: 1); Sooji & Rava (Conf: 0.4138, Lift: 1.4530, Factor: 1); Raw Rice (Conf: 0.3537, Lift: 1.5119, Factor: 1); Banana (Conf: 0.2770, Lift: 1.2226, Factor: 1)"
7441794,Organic F&V; Root Vegetables; Other Vegetables; Brinjals; Gourd & Cucumber; Exotic Vegetables,Other Dals; Whole Spices; Beans; Toor Dal; Sugar; Moong Dal; Urad Dal; Sooji & Rava; Sunflower Oils; Raw Rice,"Other Dals (Conf: 0.8208, Lift: 1.7883, Factor: 1); Whole Spices (Conf: 0.7830, Lift: 1.9205, Factor: 1); Beans (Conf: 0.7817, Lift: 1.7579, Factor: 1); Toor Dal (Conf: 0.7460, Lift: 1.9321, Factor: 1); Sugar (Conf: 0.6772, Lift: 1.9353, Factor: 1); Moong Dal (Conf: 0.6471, Lift: 1.9212, Factor: 1); Urad Dal (Conf: 0.5714, Lift: 1.9308, Factor: 1); Sooji & Rava (Conf: 0.5495, Lift: 1.9296, Factor: 1); Sunflower Oils (Conf: 0.3421, Lift: 1.8304, Factor: 1); Raw Rice (Conf: 0.3358, Lift: 1.4358, Factor: 1)"
7443402,Regular Pasta; Namkeen; Other Dals; Other Vegetables; Raw Peanuts; Root Vegetables; Almonds; Raw Rice; Beans; Gourd & Cucumber,Whole Spices; Toor Dal; Moong Dal; Sugar; Brinjals; Sooji & Rava; Banana; Urad Dal; Sunflower Oils; Avalakki / Poha,"Whole Spices (Conf: 0.6942, Lift: 1.7027, Factor: 1); Toor Dal (Conf: 0.6612, Lift: 1.7123, Factor: 1); Moong Dal (Conf: 0.5782, Lift: 1.7168, Factor: 1); Sugar (Conf: 0.5471, Lift: 1.5635, Factor: 1); Brinjals (Conf: 0.5455, Lift: 1.6711, Factor: 1); Sooji & Rava (Conf: 0.4350, Lift: 1.5276, Factor: 1); Banana (Conf: 0.3551, Lift: 1.5672, Factor: 1); Urad Dal (Conf: 0.3476, Lift: 1.1746, Factor: 1); Sunflower Oils (Conf: 0.3199, Lift: 1.7114, Factor: 1); Avalakki / Poha (Conf: 0.2744, Lift: 1.6002, Factor: 1)"
7448378,"Boiled Rice; Raw Rice; Other Vegetables; Whole Spices; Moong Dal; Root Vegetables; Sugar; Glucose, Marie & Milk Biscuits; Root Vegetables; Toor Dal; Brinjals",Other Dals; Beans; Gourd & Cucumber; Urad Dal; Sooji & Rava; Banana; Raw Peanuts; Sunflower Oils; Avalakki / Poha; Besan,"Other Dals (Conf: 0.6591, Lift: 1.4361, Factor: 1); Beans (Conf: 0.6179, Lift: 1.3895, Factor: 1); Gourd & Cucumber (Conf: 0.4514, Lift: 1.4321, Factor: 1); Urad Dal (Conf: 0.4187, Lift: 1.4148, Factor: 1); Sooji & Rava (Conf: 0.3882, Lift: 1.3632, Factor: 1); Banana (Conf: 0.3155, Lift: 1.3922, Factor: 1); Raw Peanuts (Conf: 0.2483, Lift: 1.4006, Factor: 1); Sunflower Oils (Conf: 0.2448, Lift: 1.3098, Factor: 1); Avalakki / Poha (Conf: 0.2417, Lift: 1.4096, Factor: 1); Besan (Conf: 0.1862, Lift: 1.2616, Factor: 1)"
7448398,Other Vegetables; Raw Peanuts; Moong Dal; Moong Dal; Avalakki / Poha; Other Flours; Other Dals; Root Vegetables; Other Rice Products; Organic F&V,Beans; Whole Spices; Toor Dal; Sugar; Brinjals; Gourd & Cucumber; Urad Dal; Sooji & Rava; Raw Rice; Banana,"Beans (Conf: 0.7477, Lift: 1.6815, Factor: 1); Whole Spices (Conf: 0.6871, Lift: 1.6852, Factor: 1); Toor Dal (Conf: 0.6452, Lift: 1.6709, Factor: 1); Sugar (Conf: 0.5904, Lift: 1.6872, Factor: 1); Brinjals (Conf: 0.5482, Lift: 1.6795, Factor: 1); Gourd & Cucumber (Conf: 0.5283, Lift: 1.6760, Factor: 1); Urad Dal (Conf: 0.5000, Lift: 1.6895, Factor: 1); Sooji & Rava (Conf: 0.4802, Lift: 1.6862, Factor: 1); Raw Rice (Conf: 0.3903, Lift: 1.6685, Factor: 1); Banana (Conf: 0.3211, Lift: 1.4170, Factor: 1)"
7450162,Brinjals; Beans; Exotic Vegetables; Exotic Vegetables; Banana; Exotic Vegetables; Beans; Gourd & Cucumber,Other Dals; Whole Spices; Sooji & Rava; Toor Dal; Urad Dal; Sugar; Other Vegetables; Moong Dal; Root Vegetables; Raw Peanuts,"Other Dals (Conf: 0.8208, Lift: 1.7883, Factor: 1); Whole Spices (Conf: 0.7800, Lift: 1.9131, Factor: 1); Sooji & Rava (Conf: 0.7545, Lift: 2.6496, Factor: 1); Toor Dal (Conf: 0.7480, Lift: 1.9371, Factor: 1); Urad Dal (Conf: 0.7273, Lift: 2.4574, Factor: 1); Sugar (Conf: 0.6779, Lift: 1.9373, Factor: 1); Other Vegetables (Conf: 0.6667, Lift: 1.4429, Factor: 1); Moong Dal (Conf: 0.6524, Lift: 1.9372, Factor: 1); Root Vegetables (Conf: 0.5845, Lift: 1.4350, Factor: 1); Raw Peanuts (Conf: 0.4663, Lift: 2.6308, Factor: 1)"
7452011,Chips; Namkeen; Namkeen; Beans; Namkeen; Banana,Urad Dal; Sooji & Rava; Whole Spices; Toor Dal; Other Vegetables; Other Dals; Sugar; Moong Dal; Gourd & Cucumber; Raw Peanuts,"Urad Dal (Conf: 0.8020, Lift: 2.7098, Factor: 1); Sooji & Rava (Conf: 0.7545, Lift: 2.6496, Factor: 1); Whole Spices (Conf: 0.7532, Lift: 1.8473, Factor: 1); Toor Dal (Conf: 0.7477, Lift: 1.9363, Factor: 1); Other Vegetables (Conf: 0.6667, Lift: 1.4429, Factor: 1); Other Dals (Conf: 0.6639, Lift: 1.4465, Factor: 1); Sugar (Conf: 0.6571, Lift: 1.8781, Factor: 1); Moong Dal (Conf: 0.6393, Lift: 1.8983, Factor: 1); Gourd & Cucumber (Conf: 0.6091, Lift: 1.9323, Factor: 1); Raw Peanuts (Conf: 0.4828, Lift: 2.7234, Factor: 1)"
7454503,Liquid Soaps & Bars; Beans; Whole Spices; Other Vegetables; Gourd & Cucumber; Root Vegetables,Other Dals; Toor Dal; Sugar; Moong Dal; Brinjals; Urad Dal; Sooji & Rava; Raw Rice; Sunflower Oils; Avalakki / Poha,"Other Dals (Conf: 0.8025, Lift: 1.7485, Factor: 1); Toor Dal (Conf: 0.7009, Lift: 1.8151, Factor: 1); Sugar (Conf: 0.6364, Lift: 1.8187, Factor: 1); Moong Dal (Conf: 0.6159, Lift: 1.8288, Factor: 1); Brinjals (Conf: 0.5778, Lift: 1.7702, Factor: 1); Urad Dal (Conf: 0.5400, Lift: 1.8245, Factor: 1); Sooji & Rava (Conf: 0.5224, Lift: 1.8344, Factor: 1); Raw Rice (Conf: 0.3793, Lift: 1.6216, Factor: 1); Sunflower Oils (Conf: 0.3421, Lift: 1.8304, Factor: 1); Avalakki / Poha (Conf: 0.3018, Lift: 1.7597, Factor: 1)"
7457237,Beans; Gourd & Cucumber; Brinjals; Sugar; Other Vegetables; Root Vegetables,Other Dals; Whole Spices; Toor Dal; Moong Dal; Urad Dal; Sooji & Rava; Raw Rice; Sunflower Oils; Avalakki / Poha; Raw Peanuts,"Other Dals (Conf: 0.8247, Lift: 1.7970, Factor: 1); Whole Spices (Conf: 0.7287, Lift: 1.7873, Factor: 1); Toor Dal (Conf: 0.6900, Lift: 1.7869, Factor: 1); Moong Dal (Conf: 0.6090, Lift: 1.8081, Factor: 1); Urad Dal (Conf: 0.5297, Lift: 1.7898, Factor: 1); Sooji & Rava (Conf: 0.5084, Lift: 1.7853, Factor: 1); Raw Rice (Conf: 0.3629, Lift: 1.5513, Factor: 1); Sunflower Oils (Conf: 0.3382, Lift: 1.8093, Factor: 1); Avalakki / Poha (Conf: 0.3018, Lift: 1.7597, Factor: 1); Raw Peanuts (Conf: 0.2854, Lift: 1.6102, Factor: 1)"
7459927,Whole Spices; Root Vegetables; Other Dals; Gourd & Cucumber; Urad Dal; Moong Dal; Other Rice Products; Sugar; Gourd & Cucumber; Other Dals,Other Vegetables; Beans; Toor Dal; Brinjals; Sooji & Rava; Raw Rice; Banana; Raw Peanuts; Sunflower Oils; Organic F&V,"Other Vegetables (Conf: 0.6269, Lift: 1.3569, Factor: 1); Beans (Conf: 0.6027, Lift: 1.3554, Factor: 1); Toor Dal (Conf: 0.5116, Lift: 1.3250, Factor: 1); Brinjals (Conf: 0.4412, Lift: 1.3517, Factor: 1); Sooji & Rava (Conf: 0.3624, Lift: 1.2725, Factor: 1); Raw Rice (Conf: 0.3095, Lift: 1.3233, Factor: 1); Banana (Conf: 0.3000, Lift: 1.3240, Factor: 1); Raw Peanuts (Conf: 0.2385, Lift: 1.3452, Factor: 1); Sunflower Oils (Conf: 0.2180, Lift: 1.1663, Factor: 1); Organic F&V (Conf: 0.2123, Lift: 1.1874, Factor: 1)"
7460826,Other Rice Products; Sugar; Moong Dal; Other Dals; Boiled Rice; Other Dals; Other Dals; Other Dry Fruits; Urad Dal,Other Vegetables; Beans; Whole Spices; Root Vegetables; Toor Dal; Brinjals; Gourd & Cucumber; Banana; Raw Rice; Sooji & Rava,"Other Vegetables (Conf: 0.6831, Lift: 1.4785, Factor: 1); Beans (Conf: 0.6570, Lift: 1.4774, Factor: 1); Whole Spices (Conf: 0.6054, Lift: 1.4849, Factor: 1); Root Vegetables (Conf: 0.5957, Lift: 1.4626, Factor: 1); Toor Dal (Conf: 0.5672, Lift: 1.4689, Factor: 1); Brinjals (Conf: 0.4664, Lift: 1.4289, Factor: 1); Gourd & Cucumber (Conf: 0.4615, Lift: 1.4642, Factor: 1); Banana (Conf: 0.3211, Lift: 1.4170, Factor: 1); Raw Rice (Conf: 0.3028, Lift: 1.2947, Factor: 1); Sooji & Rava (Conf: 0.3027, Lift: 1.0630, Factor: 1)"
7462903,Almonds; Other Vegetables; Namkeen; Moong Dal; Other Dry Fruits; Root Vegetables; Beans; Maida; Namkeen; Health Drinks; Other Vegetables; Raisins; Namkeen,Other Dals; Whole Spices; Toor Dal; Sugar; Gourd & Cucumber; Brinjals; Urad Dal; Sooji & Rava; Raw Rice; Sunflower Oils,"Other Dals (Conf: 0.8495, Lift: 1.8508, Factor: 1); Whole Spices (Conf: 0.7544, Lift: 1.8503, Factor: 1); Toor Dal (Conf: 0.7202, Lift: 1.8652, Factor: 1); Sugar (Conf: 0.6507, Lift: 1.8595, Factor: 1); Gourd & Cucumber (Conf: 0.5817, Lift: 1.8454, Factor: 1); Brinjals (Conf: 0.5778, Lift: 1.7702, Factor: 1); Urad Dal (Conf: 0.5498, Lift: 1.8576, Factor: 1); Sooji & Rava (Conf: 0.5287, Lift: 1.8567, Factor: 1); Raw Rice (Conf: 0.3903, Lift: 1.6685, Factor: 1); Sunflower Oils (Conf: 0.3459, Lift: 1.8507, Factor: 1)"
7469858,"Root Vegetables; Milk; Basmati Rice; Organic Dals & Pulses; Beans; Organic Salt,Sugar & Jaggery; Banana",Urad Dal; Whole Spices; Sooji & Rava; Toor Dal; Sugar; Other Vegetables; Other Dals; Moong Dal; Gourd & Cucumber; Brinjals,"Urad Dal (Conf: 0.8020, Lift: 2.7098, Factor: 1); Whole Spices (Conf: 0.7879, Lift: 1.9325, Factor: 1); Sooji & Rava (Conf: 0.7545, Lift: 2.6496, Factor: 1); Toor Dal (Conf: 0.7477, Lift: 1.9363, Factor: 1); Sugar (Conf: 0.6750, Lift: 1.9291, Factor: 1); Other Vegetables (Conf: 0.6667, Lift: 1.4429, Factor: 1); Other Dals (Conf: 0.6640, Lift: 1.4468, Factor: 1); Moong Dal (Conf: 0.6393, Lift: 1.8983, Factor: 1); Gourd & Cucumber (Conf: 0.6091, Lift: 1.9323, Factor: 1); Brinjals (Conf: 0.5778, Lift: 1.7702, Factor: 1)"
7470681,Toor Dal; Whole Spices; Whole Spices; Moong Dal; Gourd & Cucumber; Brinjals; Root Vegetables; Agarbatti,Other Dals; Other Vegetables; Beans; Sugar; Sooji & Rava; Urad Dal; Raw Rice; Banana; Sunflower Oils; Avalakki / Poha,"Other Dals (Conf: 0.7350, Lift: 1.6015, Factor: 1); Other Vegetables (Conf: 0.7289, Lift: 1.5776, Factor: 1); Beans (Conf: 0.7121, Lift: 1.6013, Factor: 1); Sugar (Conf: 0.5340, Lift: 1.5261, Factor: 1); Sooji & Rava (Conf: 0.4491, Lift: 1.5770, Factor: 1); Urad Dal (Conf: 0.4402, Lift: 1.4873, Factor: 1); Raw Rice (Conf: 0.3537, Lift: 1.5122, Factor: 1); Banana (Conf: 0.3155, Lift: 1.3922, Factor: 1); Sunflower Oils (Conf: 0.3000, Lift: 1.6052, Factor: 1); Avalakki / Poha (Conf: 0.2744, Lift: 1.6001, Factor: 1)"
7473154,Whole Spices; Sooji & Rava; Other Vegetables; Gourd & Cucumber; Brinjals; Other Dals,Beans; Toor Dal; Root Vegetables; Moong Dal; Sugar; Urad Dal; Raw Rice; Banana; Raw Peanuts; Avalakki / Poha,"Beans (Conf: 0.6882, Lift: 1.5475, Factor: 1); Toor Dal (Conf: 0.5964, Lift: 1.5445, Factor: 1); Root Vegetables (Conf: 0.5860, Lift: 1.4387, Factor: 1); Moong Dal (Conf: 0.5200, Lift: 1.5439, Factor: 1); Sugar (Conf: 0.5061, Lift: 1.4464, Factor: 1); Urad Dal (Conf: 0.4402, Lift: 1.4873, Factor: 1); Raw Rice (Conf: 0.3563, Lift: 1.5231, Factor: 1); Banana (Conf: 0.3015, Lift: 1.3304, Factor: 1); Raw Peanuts (Conf: 0.2599, Lift: 1.4663, Factor: 1); Avalakki / Poha (Conf: 0.2525, Lift: 1.4726, Factor: 1)"
7476405,Moong Dal; Other Vegetables; Other Dals; Raw Rice; Bread; Moong Dal,Beans; Whole Spices; Root Vegetables; Toor Dal; Sugar; Brinjals; Gourd & Cucumber; Urad Dal; Sooji & Rava; Banana,"Beans (Conf: 0.7477, Lift: 1.6815, Factor: 1); Whole Spices (Conf: 0.6942, Lift: 1.7027, Factor: 1); Root Vegetables (Conf: 0.6753, Lift: 1.6580, Factor: 1); Toor Dal (Conf: 0.6612, Lift: 1.7123, Factor: 1); Sugar (Conf: 0.6013, Lift: 1.7184, Factor: 1); Brinjals (Conf: 0.5482, Lift: 1.6795, Factor: 1); Gourd & Cucumber (Conf: 0.5283, Lift: 1.6760, Factor: 1); Urad Dal (Conf: 0.5000, Lift: 1.6895, Factor: 1); Sooji & Rava (Conf: 0.4880, Lift: 1.7134, Factor: 1); Banana (Conf: 0.3551, Lift: 1.5672, Factor: 1)"
7476772,Moong Dal; Other Dals; Urad Dal; Whole Spices; Other Dals; Besan; Other Oils; Other Dals; Other Dals; Toor Dal,Other Vegetables; Beans; Root Vegetables; Sugar; Brinjals; Gourd & Cucumber; Sooji & Rava; Raw Rice; Banana; Sunflower Oils,"Other Vegetables (Conf: 0.6144, Lift: 1.3297, Factor: 1); Beans (Conf: 0.6027, Lift: 1.3554, Factor: 1); Root Vegetables (Conf: 0.5429, Lift: 1.3327, Factor: 1); Sugar (Conf: 0.4652, Lift: 1.3294, Factor: 1); Brinjals (Conf: 0.4409, Lift: 1.3508, Factor: 1); Gourd & Cucumber (Conf: 0.4255, Lift: 1.3499, Factor: 1); Sooji & Rava (Conf: 0.3624, Lift: 1.2725, Factor: 1); Raw Rice (Conf: 0.3118, Lift: 1.3330, Factor: 1); Banana (Conf: 0.3000, Lift: 1.3240, Factor: 1); Sunflower Oils (Conf: 0.2461, Lift: 1.3168, Factor: 1)"
7480050,Boiled Rice; Other Dals; Root Vegetables; Beans; Whole Spices; Other Dals,Other Vegetables; Toor Dal; Sugar; Moong Dal; Brinjals; Gourd & Cucumber; Sooji & Rava; Urad Dal; Raw Rice; Sunflower Oils,"Other Vegetables (Conf: 0.7778, Lift: 1.6833, Factor: 1); Toor Dal (Conf: 0.6743, Lift: 1.7463, Factor: 1); Sugar (Conf: 0.6107, Lift: 1.7453, Factor: 1); Moong Dal (Conf: 0.5782, Lift: 1.7168, Factor: 1); Brinjals (Conf: 0.5455, Lift: 1.6711, Factor: 1); Gourd & Cucumber (Conf: 0.5155, Lift: 1.6354, Factor: 1); Sooji & Rava (Conf: 0.4704, Lift: 1.6518, Factor: 1); Urad Dal (Conf: 0.4402, Lift: 1.4873, Factor: 1); Raw Rice (Conf: 0.3793, Lift: 1.6216, Factor: 1); Sunflower Oils (Conf: 0.3199, Lift: 1.7114, Factor: 1)"
7480357,Organic Masalas & Spices; Other Dry Fruits; Other Oils; Organic Masalas & Spices; Liquid Soaps & Bars; Health Drinks,Whole Spices; Sugar; Urad Dal; Moong Dal; Other Dals; Sooji & Rava; Avalakki / Poha; Toor Dal; Sunflower Oils,"Whole Spices (Conf: 0.6014, Lift: 3.1787, Factor: 1); Sugar (Conf: 0.6014, Lift: 3.1787, Factor: 1); Urad Dal (Conf: 0.4817, Lift: 3.2982, Factor: 1); Moong Dal (Conf: 0.4029, Lift: 3.2983, Factor: 1); Other Dals (Conf: 0.4029, Lift: 3.2983, Factor: 1); Sooji & Rava (Conf: 0.3367, Lift: 1.1824, Factor: 0.5); Avalakki / Poha (Conf: 0.2836, Lift: 3.3006, Factor: 1); Toor Dal (Conf: 0.2808, Lift: 3.2974, Factor: 1); Sunflower Oils (Conf: 0.0825, Lift: 1.1826, Factor: 0.5)"
7481117,Cooking Sauce; Beans; Packaged Drinking Water; Yogurt & Lassi; Yogurt & Lassi; Other Vegetables; Organic F&V,Urad Dal; Sooji & Rava; Whole Spices; Toor Dal; Other Dals; Sugar; Moong Dal; Gourd & Cucumber; Root Vegetables; Brinjals,"Urad Dal (Conf: 0.8020, Lift: 2.7098, Factor: 1); Sooji & Rava (Conf: 0.7545, Lift: 2.6496, Factor: 1); Whole Spices (Conf: 0.7532, Lift: 1.8473, Factor: 1); Toor Dal (Conf: 0.7411, Lift: 1.9192, Factor: 1); Other Dals (Conf: 0.6639, Lift: 1.4466, Factor: 1); Sugar (Conf: 0.6627, Lift: 1.8940, Factor: 1); Moong Dal (Conf: 0.6471, Lift: 1.9212, Factor: 1); Gourd & Cucumber (Conf: 0.5923, Lift: 1.8790, Factor: 1); Root Vegetables (Conf: 0.5855, Lift: 1.4374, Factor: 1); Brinjals (Conf: 0.5747, Lift: 1.7606, Factor: 1)"
7481636,Snacky Nuts; Whole Spices; Whole Spices; Ready Mix; Namkeen; Raw Peanuts,Other Dals; Other Vegetables; Toor Dal; Sugar; Moong Dal; Beans; Urad Dal; Root Vegetables; Sooji & Rava; Gourd & Cucumber,"Other Dals (Conf: 0.8025, Lift: 1.7485, Factor: 1); Other Vegetables (Conf: 0.7778, Lift: 1.6833, Factor: 1); Toor Dal (Conf: 0.7719, Lift: 1.9992, Factor: 1); Sugar (Conf: 0.7570, Lift: 2.1635, Factor: 1); Moong Dal (Conf: 0.7133, Lift: 2.1180, Factor: 1); Beans (Conf: 0.7035, Lift: 1.5819, Factor: 1); Urad Dal (Conf: 0.6875, Lift: 2.3230, Factor: 1); Root Vegetables (Conf: 0.6812, Lift: 1.6723, Factor: 1); Sooji & Rava (Conf: 0.6640, Lift: 2.3316, Factor: 1); Gourd & Cucumber (Conf: 0.5155, Lift: 1.6354, Factor: 1)"
7482551,Chilli & Soya Sauces; Sugar; Whole Spices; Raisins; Whole Spices; Agarbatti; Regular Pasta; Whole Spices; Other Dals; Ghee; Other Dals; Whole Spices; Cashews; Whole Spices,Other Vegetables; Beans; Root Vegetables; Toor Dal; Moong Dal; Brinjals; Gourd & Cucumber; Urad Dal; Sooji & Rava; Raw Rice,"Other Vegetables (Conf: 0.7196, Lift: 1.5574, Factor: 1); Beans (Conf: 0.6882, Lift: 1.5475, Factor: 1); Root Vegetables (Conf: 0.6332, Lift: 1.5545, Factor: 1); Toor Dal (Conf: 0.5978, Lift: 1.5481, Factor: 1); Moong Dal (Conf: 0.5183, Lift: 1.5389, Factor: 1); Brinjals (Conf: 0.5093, Lift: 1.5602, Factor: 1); Gourd & Cucumber (Conf: 0.4879, Lift: 1.5478, Factor: 1); Urad Dal (Conf: 0.4402, Lift: 1.4873, Factor: 1); Sooji & Rava (Conf: 0.4350, Lift: 1.5276, Factor: 1); Raw Rice (Conf: 0.3629, Lift: 1.5513, Factor: 1)"
7485532,Namkeen; Snacky Nuts; Other Dals; Brinjals; Cooking Paste; Beans; Other Vegetables,Whole Spices; Toor Dal; Sugar; Root Vegetables; Moong Dal; Gourd & Cucumber; Urad Dal; Sooji & Rava; Raw Rice; Sunflower Oils,"Whole Spices (Conf: 0.7612, Lift: 1.8670, Factor: 1); Toor Dal (Conf: 0.7185, Lift: 1.8608, Factor: 1); Sugar (Conf: 0.6464, Lift: 1.8474, Factor: 1); Root Vegetables (Conf: 0.6332, Lift: 1.5545, Factor: 1); Moong Dal (Conf: 0.6287, Lift: 1.8667, Factor: 1); Gourd & Cucumber (Conf: 0.5882, Lift: 1.8661, Factor: 1); Urad Dal (Conf: 0.5524, Lift: 1.8667, Factor: 1); Sooji & Rava (Conf: 0.5244, Lift: 1.8414, Factor: 1); Raw Rice (Conf: 0.3563, Lift: 1.5231, Factor: 1); Sunflower Oils (Conf: 0.3472, Lift: 1.8575, Factor: 1)"
7486173,Snacky Nuts; Urad Dal; Cakes; Raisins; Other Dry Fruits; Other Vegetables; Sooji & Rava; Root Vegetables; Cakes; Cashews; Root Vegetables,Other Dals; Beans; Whole Spices; Toor Dal; Moong Dal; Sugar; Brinjals; Gourd & Cucumber; Raw Rice; Sunflower Oils,"Other Dals (Conf: 0.7981, Lift: 1.7389, Factor: 1); Beans (Conf: 0.7817, Lift: 1.7579, Factor: 1); Whole Spices (Conf: 0.7387, Lift: 1.8119, Factor: 1); Toor Dal (Conf: 0.7000, Lift: 1.8129, Factor: 1); Moong Dal (Conf: 0.6090, Lift: 1.8081, Factor: 1); Sugar (Conf: 0.5926, Lift: 1.6936, Factor: 1); Brinjals (Conf: 0.5778, Lift: 1.7702, Factor: 1); Gourd & Cucumber (Conf: 0.4785, Lift: 1.5180, Factor: 1); Raw Rice (Conf: 0.3961, Lift: 1.6935, Factor: 1); Sunflower Oils (Conf: 0.3294, Lift: 1.7626, Factor: 1)"
7486730,Moong Dal; Ghee; Almonds; Cashews; Brinjals; Root Vegetables; Other Dals,Beans; Other Vegetables; Whole Spices; Toor Dal; Sugar; Gourd & Cucumber; Urad Dal; Sooji & Rava; Raw Rice; Sunflower Oils,"Beans (Conf: 0.7890, Lift: 1.7743, Factor: 1); Other Vegetables (Conf: 0.7636, Lift: 1.6527, Factor: 1); Whole Spices (Conf: 0.7255, Lift: 1.7794, Factor: 1); Toor Dal (Conf: 0.6866, Lift: 1.7781, Factor: 1); Sugar (Conf: 0.6220, Lift: 1.7778, Factor: 1); Gourd & Cucumber (Conf: 0.5600, Lift: 1.7765, Factor: 1); Urad Dal (Conf: 0.5000, Lift: 1.6895, Factor: 1); Sooji & Rava (Conf: 0.4802, Lift: 1.6862, Factor: 1); Raw Rice (Conf: 0.3903, Lift: 1.6685, Factor: 1); Sunflower Oils (Conf: 0.3227, Lift: 1.7267, Factor: 1)"
7487417,Rice Flour; Avalakki / Poha; Other Rice Products; Other Flours; Whole Spices; Other Dals; Moong Dal; Sugar; Toor Dal; Urad Dal,Other Vegetables; Beans; Root Vegetables; Brinjals; Gourd & Cucumber; Sooji & Rava; Raw Rice; Banana; Sunflower Oils; Organic F&V,"Other Vegetables (Conf: 0.5755, Lift: 1.2456, Factor: 1); Beans (Conf: 0.5616, Lift: 1.2630, Factor: 1); Root Vegetables (Conf: 0.5143, Lift: 1.2628, Factor: 1); Brinjals (Conf: 0.4000, Lift: 1.2255, Factor: 1); Gourd & Cucumber (Conf: 0.3741, Lift: 1.1869, Factor: 1); Sooji & Rava (Conf: 0.3507, Lift: 1.2315, Factor: 1); Raw Rice (Conf: 0.2909, Lift: 1.2437, Factor: 1); Banana (Conf: 0.2801, Lift: 1.2361, Factor: 1); Sunflower Oils (Conf: 0.2191, Lift: 1.1725, Factor: 1); Organic F&V (Conf: 0.2123, Lift: 1.1874, Factor: 1)"
7489019,"Moong Dal; Other Vegetables; Whole Spices; Mustard Oils; Glucose, Marie & Milk Biscuits; Beans; Gourd & Cucumber; Buns & Pavs; Gourd & Cucumber; Raisins",Other Dals; Root Vegetables; Toor Dal; Sugar; Brinjals; Sooji & Rava; Urad Dal; Raw Rice; Sunflower Oils; Avalakki / Poha,"Other Dals (Conf: 0.8025, Lift: 1.7485, Factor: 1); Root Vegetables (Conf: 0.6812, Lift: 1.6723, Factor: 1); Toor Dal (Conf: 0.6788, Lift: 1.7579, Factor: 1); Sugar (Conf: 0.6045, Lift: 1.7276, Factor: 1); Brinjals (Conf: 0.5747, Lift: 1.7606, Factor: 1); Sooji & Rava (Conf: 0.5022, Lift: 1.7634, Factor: 1); Urad Dal (Conf: 0.5000, Lift: 1.6895, Factor: 1); Raw Rice (Conf: 0.3903, Lift: 1.6685, Factor: 1); Sunflower Oils (Conf: 0.3294, Lift: 1.7626, Factor: 1); Avalakki / Poha (Conf: 0.2744, Lift: 1.6002, Factor: 1)"
7493590,Sugar; Namkeen; Raw Rice; Sooji & Rava; Moong Dal; Honey; Other Dals; Other Dals; Whole Spices; Root Vegetables,Other Vegetables; Beans; Toor Dal; Brinjals; Gourd & Cucumber; Urad Dal; Banana; Sunflower Oils; Raw Peanuts; Avalakki / Poha,"Other Vegetables (Conf: 0.6269, Lift: 1.3569, Factor: 1); Beans (Conf: 0.5974, Lift: 1.3434, Factor: 1); Toor Dal (Conf: 0.5202, Lift: 1.3472, Factor: 1); Brinjals (Conf: 0.4412, Lift: 1.3517, Factor: 1); Gourd & Cucumber (Conf: 0.4245, Lift: 1.3466, Factor: 1); Urad Dal (Conf: 0.3734, Lift: 1.2616, Factor: 1); Banana (Conf: 0.3015, Lift: 1.3304, Factor: 1); Sunflower Oils (Conf: 0.2487, Lift: 1.3308, Factor: 1); Raw Peanuts (Conf: 0.2385, Lift: 1.3452, Factor: 1); Avalakki / Poha (Conf: 0.2140, Lift: 1.2477, Factor: 1)"
7496586,Yogurt & Lassi; Cakes; Yogurt & Lassi; Gourd & Cucumber; Other Vegetables; Brinjals; Cashews,Other Dals; Whole Spices; Toor Dal; Urad Dal; Sooji & Rava; Sugar; Moong Dal; Root Vegetables; Beans; Raw Peanuts,"Other Dals (Conf: 0.8208, Lift: 1.7883, Factor: 1); Whole Spices (Conf: 0.7830, Lift: 1.9205, Factor: 1); Toor Dal (Conf: 0.7480, Lift: 1.9371, Factor: 1); Urad Dal (Conf: 0.7273, Lift: 2.4574, Factor: 1); Sooji & Rava (Conf: 0.7030, Lift: 2.4687, Factor: 1); Sugar (Conf: 0.6772, Lift: 1.9353, Factor: 1); Moong Dal (Conf: 0.6471, Lift: 1.9212, Factor: 1); Root Vegetables (Conf: 0.5860, Lift: 1.4387, Factor: 1); Beans (Conf: 0.5721, Lift: 1.8839, Factor: 1); Raw Peanuts (Conf: 0.4453, Lift: 2.5123, Factor: 1)"
7497186,Frozen Chicken; Avalakki / Poha; Other Dals; Maida; Raw Peanuts; Cream Biscuits,Whole Spices; Toor Dal; Sugar; Beans; Other Vegetables; Moong Dal; Root Vegetables; Urad Dal; Sooji & Rava; Gourd & Cucumber,"Whole Spices (Conf: 0.8598, Lift: 2.1089, Factor: 1); Toor Dal (Conf: 0.7671, Lift: 1.9867, Factor: 1); Sugar (Conf: 0.7477, Lift: 2.1370, Factor: 1); Beans (Conf: 0.7477, Lift: 1.6815, Factor: 1); Other Vegetables (Conf: 0.7358, Lift: 1.5926, Factor: 1); Moong Dal (Conf: 0.6983, Lift: 2.0733, Factor: 1); Root Vegetables (Conf: 0.6332, Lift: 1.5545, Factor: 1); Urad Dal (Conf: 0.6266, Lift: 2.1172, Factor: 1); Sooji & Rava (Conf: 0.6026, Lift: 2.1161, Factor: 1); Gourd & Cucumber (Conf: 0.5432, Lift: 1.7233, Factor: 1)"
7497374,Other Dals; Other Vegetables; Other Dals; Moong Dal; Other Dals; Other Vegetables,Beans; Whole Spices; Toor Dal; Root Vegetables; Sugar; Brinjals; Gourd & Cucumber; Sooji & Rava; Urad Dal; Raw Rice,"Beans (Conf: 0.7798, Lift: 1.7536, Factor: 1); Whole Spices (Conf: 0.7215, Lift: 1.7697, Factor: 1); Toor Dal (Conf: 0.6866, Lift: 1.7781, Factor: 1); Root Vegetables (Conf: 0.6753, Lift: 1.6580, Factor: 1); Sugar (Conf: 0.6224, Lift: 1.7787, Factor: 1); Brinjals (Conf: 0.5747, Lift: 1.7606, Factor: 1); Gourd & Cucumber (Conf: 0.5283, Lift: 1.6760, Factor: 1); Sooji & Rava (Conf: 0.5084, Lift: 1.7853, Factor: 1); Urad Dal (Conf: 0.5000, Lift: 1.6895, Factor: 1); Raw Rice (Conf: 0.4139, Lift: 1.7696, Factor: 1)"
7498596,Namkeen; Basmati Rice; Sugar; Namkeen; Maida; Mustard Oils,Whole Spices; Other Dals; Urad Dal; Beans; Moong Dal; Sooji & Rava; Root Vegetables; Toor Dal; Raw Peanuts; Brinjals,"Whole Spices (Conf: 0.8469, Lift: 2.0773, Factor: 1); Other Dals (Conf: 0.8247, Lift: 1.7970, Factor: 1); Urad Dal (Conf: 0.6870, Lift: 2.3214, Factor: 1); Beans (Conf: 0.6854, Lift: 1.5414, Factor: 1); Moong Dal (Conf: 0.6818, Lift: 2.0244, Factor: 1); Sooji & Rava (Conf: 0.6750, Lift: 2.3703, Factor: 1); Root Vegetables (Conf: 0.6396, Lift: 1.5702, Factor: 1); Toor Dal (Conf: 0.5672, Lift: 1.4689, Factor: 1); Raw Peanuts (Conf: 0.5590, Lift: 3.1535, Factor: 1); Brinjals (Conf: 0.5267, Lift: 1.6138, Factor: 1)"
7501860,Basmati Rice; Brinjals; Other Flours; Organic Flours; Ready Mix; Boiled Rice; Beans; Organic F&V; Root Vegetables,Other Dals; Whole Spices; Sooji & Rava; Toor Dal; Urad Dal; Sugar; Other Vegetables; Moong Dal; Gourd & Cucumber; Raw Peanuts,"Other Dals (Conf: 0.8208, Lift: 1.7883, Factor: 1); Whole Spices (Conf: 0.7879, Lift: 1.9325, Factor: 1); Sooji & Rava (Conf: 0.7545, Lift: 2.6496, Factor: 1); Toor Dal (Conf: 0.7471, Lift: 1.9349, Factor: 1); Urad Dal (Conf: 0.7460, Lift: 2.5208, Factor: 1); Sugar (Conf: 0.6746, Lift: 1.9280, Factor: 1); Other Vegetables (Conf: 0.6641, Lift: 1.4374, Factor: 1); Moong Dal (Conf: 0.6463, Lift: 1.9188, Factor: 1); Gourd & Cucumber (Conf: 0.5817, Lift: 1.8454, Factor: 1); Raw Peanuts (Conf: 0.4663, Lift: 2.6308, Factor: 1)"
7503858,Beans; Other Dals; Raw Peanuts; Other Vegetables; Beans; Whole Spices; Other Vegetables; Exotic Vegetables; Ghee,Root Vegetables; Toor Dal; Sugar; Moong Dal; Brinjals; Gourd & Cucumber; Urad Dal; Sooji & Rava; Raw Rice; Banana,"Root Vegetables (Conf: 0.6332, Lift: 1.5545, Factor: 1); Toor Dal (Conf: 0.6173, Lift: 1.5987, Factor: 1); Sugar (Conf: 0.5471, Lift: 1.5635, Factor: 1); Moong Dal (Conf: 0.5365, Lift: 1.5928, Factor: 1); Brinjals (Conf: 0.5159, Lift: 1.5805, Factor: 1); Gourd & Cucumber (Conf: 0.5000, Lift: 1.5862, Factor: 1); Urad Dal (Conf: 0.4667, Lift: 1.5768, Factor: 1); Sooji & Rava (Conf: 0.4350, Lift: 1.5276, Factor: 1); Raw Rice (Conf: 0.3563, Lift: 1.5231, Factor: 1); Banana (Conf: 0.3000, Lift: 1.3240, Factor: 1)"
7504989,Other Vegetables; Beans; Besan; Sugar; Toor Dal,Other Dals; Whole Spices; Root Vegetables; Moong Dal; Brinjals; Gourd & Cucumber; Urad Dal; Sooji & Rava; Banana; Raw Rice,"Other Dals (Conf: 0.7782, Lift: 1.6956, Factor: 1); Whole Spices (Conf: 0.7215, Lift: 1.7697, Factor: 1); Root Vegetables (Conf: 0.6648, Lift: 1.6322, Factor: 1); Moong Dal (Conf: 0.5976, Lift: 1.7742, Factor: 1); Brinjals (Conf: 0.5747, Lift: 1.7606, Factor: 1); Gourd & Cucumber (Conf: 0.5361, Lift: 1.7008, Factor: 1); Urad Dal (Conf: 0.5126, Lift: 1.7319, Factor: 1); Sooji & Rava (Conf: 0.4646, Lift: 1.6316, Factor: 1); Banana (Conf: 0.3668, Lift: 1.6188, Factor: 1); Raw Rice (Conf: 0.3629, Lift: 1.5513, Factor: 1)"
7515099,Liquid Soaps & Bars; Organic F&V; Liquid Soaps & Bars; Tomato Ketchup; Liquid Soaps & Bars; Exotic Vegetables; Gourd & Cucumber; Brinjals; Exotic Vegetables,Other Dals; Urad Dal; Whole Spices; Toor Dal; Sooji & Rava; Sugar; Moong Dal; Root Vegetables; Beans; Other Vegetables,"Other Dals (Conf: 0.8208, Lift: 1.7883, Factor: 1); Urad Dal (Conf: 0.7941, Lift: 2.6832, Factor: 1); Whole Spices (Conf: 0.7800, Lift: 1.9131, Factor: 1); Toor Dal (Conf: 0.7480, Lift: 1.9371, Factor: 1); Sooji & Rava (Conf: 0.7030, Lift: 2.4687, Factor: 1); Sugar (Conf: 0.6701, Lift: 1.9150, Factor: 1); Moong Dal (Conf: 0.6465, Lift: 1.9196, Factor: 1); Root Vegetables (Conf: 0.5845, Lift: 1.4350, Factor: 1); Beans (Conf: 0.5721, Lift: 1.8839, Factor: 1); Other Vegetables (Conf: 0.5721, Lift: 1.8839, Factor: 1)"
7516989,Whole Spices; Other Vegetables; Instant Noodles; Aluminium Foil & Cling Wrap; Tomato Ketchup; Cooking Paste; Beans,Other Dals; Toor Dal; Sugar; Root Vegetables; Moong Dal; Urad Dal; Gourd & Cucumber; Brinjals; Sooji & Rava; Raw Rice,"Other Dals (Conf: 0.8025, Lift: 1.7485, Factor: 1); Toor Dal (Conf: 0.7719, Lift: 1.9992, Factor: 1); Sugar (Conf: 0.7133, Lift: 2.0385, Factor: 1); Root Vegetables (Conf: 0.6812, Lift: 1.6723, Factor: 1); Moong Dal (Conf: 0.6471, Lift: 1.9212, Factor: 1); Urad Dal (Conf: 0.6000, Lift: 2.0273, Factor: 1); Gourd & Cucumber (Conf: 0.5923, Lift: 1.8790, Factor: 1); Brinjals (Conf: 0.5747, Lift: 1.7606, Factor: 1); Sooji & Rava (Conf: 0.5514, Lift: 1.9361, Factor: 1); Raw Rice (Conf: 0.3793, Lift: 1.6216, Factor: 1)"
7517068,Root Vegetables; Beans; Banana; Gourd & Cucumber; Brinjals; Toor Dal; Urad Dal,Other Dals; Other Vegetables; Whole Spices; Sugar; Moong Dal; Sooji & Rava; Raw Rice; Sunflower Oils; Avalakki / Poha; Raw Peanuts,"Other Dals (Conf: 0.7782, Lift: 1.6956, Factor: 1); Other Vegetables (Conf: 0.7425, Lift: 1.6070, Factor: 1); Whole Spices (Conf: 0.6867, Lift: 1.6844, Factor: 1); Sugar (Conf: 0.5862, Lift: 1.6753, Factor: 1); Moong Dal (Conf: 0.5545, Lift: 1.6462, Factor: 1); Sooji & Rava (Conf: 0.4491, Lift: 1.5770, Factor: 1); Raw Rice (Conf: 0.3697, Lift: 1.5805, Factor: 1); Sunflower Oils (Conf: 0.2974, Lift: 1.5910, Factor: 1); Avalakki / Poha (Conf: 0.2744, Lift: 1.6001, Factor: 1); Raw Peanuts (Conf: 0.2640, Lift: 1.4891, Factor: 1)"
7517755,"Root Vegetables; Organic F&V; Mosquito Repellent; Banana; Organic F&V; Shaving Cream, Foam & Gels; Other Vegetables; Beans; Buns & Pavs; Beans",Whole Spices; Toor Dal; Sugar; Other Dals; Moong Dal; Gourd & Cucumber; Brinjals; Urad Dal; Sooji & Rava; Sunflower Oils,"Whole Spices (Conf: 0.7879, Lift: 1.9325, Factor: 1); Toor Dal (Conf: 0.7462, Lift: 1.9324, Factor: 1); Sugar (Conf: 0.6750, Lift: 1.9291, Factor: 1); Other Dals (Conf: 0.6641, Lift: 1.4469, Factor: 1); Moong Dal (Conf: 0.6471, Lift: 1.9212, Factor: 1); Gourd & Cucumber (Conf: 0.6091, Lift: 1.9323, Factor: 1); Brinjals (Conf: 0.5778, Lift: 1.7702, Factor: 1); Urad Dal (Conf: 0.5706, Lift: 1.9280, Factor: 1); Sooji & Rava (Conf: 0.5495, Lift: 1.9296, Factor: 1); Sunflower Oils (Conf: 0.3603, Lift: 1.9279, Factor: 1)"
7518687,Moong Dal; Other Vegetables; Moong Dal; Ghee; Moong Dal; Brinjals; Sunflower Oils,Other Dals; Beans; Whole Spices; Toor Dal; Sugar; Root Vegetables; Urad Dal; Sooji & Rava; Gourd & Cucumber; Raw Rice,"Other Dals (Conf: 0.8208, Lift: 1.7883, Factor: 1); Beans (Conf: 0.7798, Lift: 1.7536, Factor: 1); Whole Spices (Conf: 0.7736, Lift: 1.8974, Factor: 1); Toor Dal (Conf: 0.7460, Lift: 1.9321, Factor: 1); Sugar (Conf: 0.6772, Lift: 1.9353, Factor: 1); Root Vegetables (Conf: 0.6753, Lift: 1.6580, Factor: 1); Urad Dal (Conf: 0.6202, Lift: 2.0954, Factor: 1); Sooji & Rava (Conf: 0.5722, Lift: 2.0094, Factor: 1); Gourd & Cucumber (Conf: 0.5283, Lift: 1.6760, Factor: 1); Raw Rice (Conf: 0.3903, Lift: 1.6685, Factor: 1)"
7525683,Organic F&V; Beans; Organic Dals & Pulses; Organic F&V; Organic F&V; Organic F&V; Organic F&V; Organic F&V; Organic F&V,Urad Dal; Sooji & Rava; Whole Spices; Toor Dal; Other Vegetables; Sugar; Moong Dal; Other Dals; Gourd & Cucumber; Raw Peanuts,"Urad Dal (Conf: 0.8020, Lift: 2.7098, Factor: 1); Sooji & Rava (Conf: 0.7545, Lift: 2.6496, Factor: 1); Whole Spices (Conf: 0.7532, Lift: 1.8473, Factor: 1); Toor Dal (Conf: 0.7364, Lift: 1.9070, Factor: 1); Other Vegetables (Conf: 0.6641, Lift: 1.4374, Factor: 1); Sugar (Conf: 0.6571, Lift: 1.8781, Factor: 1); Moong Dal (Conf: 0.6393, Lift: 1.8983, Factor: 1); Other Dals (Conf: 0.6250, Lift: 2.7819, Factor: 1); Gourd & Cucumber (Conf: 0.5817, Lift: 1.8454, Factor: 1); Raw Peanuts (Conf: 0.4828, Lift: 2.7234, Factor: 1)"
7526450,Organic F&V; Banana; Root Vegetables; Organic F&V; Organic F&V; Gourd & Cucumber,Urad Dal; Whole Spices; Toor Dal; Sooji & Rava; Sugar; Other Vegetables; Other Dals; Moong Dal; Brinjals; Beans,"Urad Dal (Conf: 0.7941, Lift: 2.6832, Factor: 1); Whole Spices (Conf: 0.7800, Lift: 1.9131, Factor: 1); Toor Dal (Conf: 0.7477, Lift: 1.9363, Factor: 1); Sooji & Rava (Conf: 0.7131, Lift: 2.5041, Factor: 1); Sugar (Conf: 0.6746, Lift: 1.9280, Factor: 1); Other Vegetables (Conf: 0.6667, Lift: 1.4429, Factor: 1); Other Dals (Conf: 0.6640, Lift: 1.4468, Factor: 1); Moong Dal (Conf: 0.6524, Lift: 1.9372, Factor: 1); Brinjals (Conf: 0.5778, Lift: 1.7702, Factor: 1); Beans (Conf: 0.5500, Lift: 1.8112, Factor: 1)"
7527581,Gourd & Cucumber; Other Rice Products; Other Vegetables; Brinjals; Brinjals; Gourd & Cucumber; Beans,Other Dals; Whole Spices; Toor Dal; Sugar; Moong Dal; Root Vegetables; Urad Dal; Sooji & Rava; Sunflower Oils; Raw Rice,"Other Dals (Conf: 0.8208, Lift: 1.7883, Factor: 1); Whole Spices (Conf: 0.7830, Lift: 1.9205, Factor: 1); Toor Dal (Conf: 0.7411, Lift: 1.9192, Factor: 1); Sugar (Conf: 0.6719, Lift: 1.9202, Factor: 1); Moong Dal (Conf: 0.6471, Lift: 1.9212, Factor: 1); Root Vegetables (Conf: 0.5901, Lift: 1.4488, Factor: 1); Urad Dal (Conf: 0.5706, Lift: 1.9280, Factor: 1); Sooji & Rava (Conf: 0.5412, Lift: 1.9003, Factor: 1); Sunflower Oils (Conf: 0.3569, Lift: 1.9098, Factor: 1); Raw Rice (Conf: 0.3363, Lift: 1.4378, Factor: 1)"
7531263,Brinjals; Other Dals; Whole Spices; Gourd & Cucumber; Root Vegetables; Other Vegetables; Gourd & Cucumber,Beans; Toor Dal; Moong Dal; Sugar; Sooji & Rava; Urad Dal; Raw Rice; Sunflower Oils; Banana; Avalakki / Poha,"Beans (Conf: 0.7477, Lift: 1.6815, Factor: 1); Toor Dal (Conf: 0.6452, Lift: 1.6709, Factor: 1); Moong Dal (Conf: 0.5668, Lift: 1.6829, Factor: 1); Sugar (Conf: 0.5471, Lift: 1.5635, Factor: 1); Sooji & Rava (Conf: 0.4704, Lift: 1.6518, Factor: 1); Urad Dal (Conf: 0.4402, Lift: 1.4873, Factor: 1); Raw Rice (Conf: 0.3793, Lift: 1.6216, Factor: 1); Sunflower Oils (Conf: 0.3128, Lift: 1.6739, Factor: 1); Banana (Conf: 0.3000, Lift: 1.3240, Factor: 1); Avalakki / Poha (Conf: 0.2744, Lift: 1.6002, Factor: 1)"
7533198,Root Vegetables; Corn Snacks; Cooking Paste; Other Vegetables; Beans; Gourd & Cucumber; Sugar; Brinjals; Namkeen; Honey,Other Dals; Whole Spices; Toor Dal; Moong Dal; Urad Dal; Sooji & Rava; Raw Rice; Sunflower Oils; Avalakki / Poha; Raw Peanuts,"Other Dals (Conf: 0.8247, Lift: 1.7970, Factor: 1); Whole Spices (Conf: 0.7287, Lift: 1.7873, Factor: 1); Toor Dal (Conf: 0.6900, Lift: 1.7869, Factor: 1); Moong Dal (Conf: 0.6090, Lift: 1.8081, Factor: 1); Urad Dal (Conf: 0.5297, Lift: 1.7898, Factor: 1); Sooji & Rava (Conf: 0.5084, Lift: 1.7853, Factor: 1); Raw Rice (Conf: 0.3629, Lift: 1.5513, Factor: 1); Sunflower Oils (Conf: 0.3382, Lift: 1.8093, Factor: 1); Avalakki / Poha (Conf: 0.3018, Lift: 1.7597, Factor: 1); Raw Peanuts (Conf: 0.2854, Lift: 1.6102, Factor: 1)"
7544462,Besan; Sooji & Rava; Whole Spices; Whole Spices; Bread; Organic Flours,Other Dals; Other Vegetables; Toor Dal; Beans; Sugar; Root Vegetables; Urad Dal; Moong Dal; Brinjals; Gourd & Cucumber,"Other Dals (Conf: 0.8025, Lift: 1.7485, Factor: 1); Other Vegetables (Conf: 0.7778, Lift: 1.6833, Factor: 1); Toor Dal (Conf: 0.7719, Lift: 1.9992, Factor: 1); Beans (Conf: 0.7059, Lift: 1.5873, Factor: 1); Sugar (Conf: 0.7049, Lift: 2.0146, Factor: 1); Root Vegetables (Conf: 0.6812, Lift: 1.6723, Factor: 1); Urad Dal (Conf: 0.5955, Lift: 2.0122, Factor: 1); Moong Dal (Conf: 0.5437, Lift: 1.6144, Factor: 1); Brinjals (Conf: 0.5292, Lift: 1.6213, Factor: 1); Gourd & Cucumber (Conf: 0.5155, Lift: 1.6354, Factor: 1)"
7551396,Moong Dal; Root Vegetables; Other Dals; Organic F&V; Toor Dal; Whole Spices; Whole Spices,Other Vegetables; Beans; Sugar; Brinjals; Gourd & Cucumber; Urad Dal; Sooji & Rava; Raw Rice; Banana; Raw Peanuts,"Other Vegetables (Conf: 0.6617, Lift: 1.4320, Factor: 1); Beans (Conf: 0.6265, Lift: 1.4088, Factor: 1); Sugar (Conf: 0.4935, Lift: 1.4104, Factor: 1); Brinjals (Conf: 0.4651, Lift: 1.4250, Factor: 1); Gourd & Cucumber (Conf: 0.4545, Lift: 1.4420, Factor: 1); Urad Dal (Conf: 0.4187, Lift: 1.4148, Factor: 1); Sooji & Rava (Conf: 0.3882, Lift: 1.3632, Factor: 1); Raw Rice (Conf: 0.3278, Lift: 1.4012, Factor: 1); Banana (Conf: 0.3211, Lift: 1.4170, Factor: 1); Raw Peanuts (Conf: 0.2483, Lift: 1.4006, Factor: 1)"
7551502,Other Oils; Organic F&V; Regular Pasta; Exotic Vegetables; Organic F&V; Raw Rice; Beans; Organic F&V; Exotic Vegetables; Other Dals; Root Vegetables; Organic Dals & Pulses; Raisins,Whole Spices; Toor Dal; Other Vegetables; Sugar; Moong Dal; Gourd & Cucumber; Brinjals; Urad Dal; Sooji & Rava; Banana,"Whole Spices (Conf: 0.7612, Lift: 1.8670, Factor: 1); Toor Dal (Conf: 0.7244, Lift: 1.8761, Factor: 1); Other Vegetables (Conf: 0.7196, Lift: 1.5574, Factor: 1); Sugar (Conf: 0.6507, Lift: 1.8595, Factor: 1); Moong Dal (Conf: 0.6294, Lift: 1.8687, Factor: 1); Gourd & Cucumber (Conf: 0.5817, Lift: 1.8454, Factor: 1); Brinjals (Conf: 0.5778, Lift: 1.7702, Factor: 1); Urad Dal (Conf: 0.5524, Lift: 1.8667, Factor: 1); Sooji & Rava (Conf: 0.4350, Lift: 1.5276, Factor: 1); Banana (Conf: 0.3551, Lift: 1.5672, Factor: 1)"
7552098,Other Vegetables; Gourd & Cucumber; Other Vegetables; Brinjals; Brinjals; Beans,Other Dals; Whole Spices; Toor Dal; Sugar; Moong Dal; Root Vegetables; Urad Dal; Sooji & Rava; Sunflower Oils; Raw Rice,"Other Dals (Conf: 0.8208, Lift: 1.7883, Factor: 1); Whole Spices (Conf: 0.7830, Lift: 1.9205, Factor: 1); Toor Dal (Conf: 0.7411, Lift: 1.9192, Factor: 1); Sugar (Conf: 0.6719, Lift: 1.9202, Factor: 1); Moong Dal (Conf: 0.6471, Lift: 1.9212, Factor: 1); Root Vegetables (Conf: 0.5901, Lift: 1.4488, Factor: 1); Urad Dal (Conf: 0.5706, Lift: 1.9280, Factor: 1); Sooji & Rava (Conf: 0.5412, Lift: 1.9003, Factor: 1); Sunflower Oils (Conf: 0.3569, Lift: 1.9098, Factor: 1); Raw Rice (Conf: 0.3363, Lift: 1.4378, Factor: 1)"
7552991,Jaggery; Organic F&V; Health Drinks; Gourd & Cucumber; Other Vegetables; Beans; Other Dals; Organic F&V; Sugar,Whole Spices; Toor Dal; Root Vegetables; Moong Dal; Brinjals; Urad Dal; Sooji & Rava; Raw Rice; Sunflower Oils; Banana,"Whole Spices (Conf: 0.7051, Lift: 1.7295, Factor: 1); Toor Dal (Conf: 0.6452, Lift: 1.6709, Factor: 1); Root Vegetables (Conf: 0.6396, Lift: 1.5702, Factor: 1); Moong Dal (Conf: 0.5782, Lift: 1.7168, Factor: 1); Brinjals (Conf: 0.5267, Lift: 1.6138, Factor: 1); Urad Dal (Conf: 0.5000, Lift: 1.6895, Factor: 1); Sooji & Rava (Conf: 0.4646, Lift: 1.6316, Factor: 1); Raw Rice (Conf: 0.3629, Lift: 1.5513, Factor: 1); Sunflower Oils (Conf: 0.3199, Lift: 1.7114, Factor: 1); Banana (Conf: 0.3000, Lift: 1.3240, Factor: 1)"
7558409,Moong Dal; Cream Biscuits; Brinjals; Powdered Spices; Gourd & Cucumber; Other Vegetables,Other Dals; Beans; Whole Spices; Toor Dal; Root Vegetables; Sugar; Urad Dal; Sooji & Rava; Raw Rice; Sunflower Oils,"Other Dals (Conf: 0.8208, Lift: 1.7883, Factor: 1); Beans (Conf: 0.7857, Lift: 1.7668, Factor: 1); Whole Spices (Conf: 0.7830, Lift: 1.9205, Factor: 1); Toor Dal (Conf: 0.7411, Lift: 1.9192, Factor: 1); Root Vegetables (Conf: 0.6753, Lift: 1.6580, Factor: 1); Sugar (Conf: 0.6719, Lift: 1.9202, Factor: 1); Urad Dal (Conf: 0.5632, Lift: 1.9031, Factor: 1); Sooji & Rava (Conf: 0.5399, Lift: 1.8958, Factor: 1); Raw Rice (Conf: 0.3903, Lift: 1.6685, Factor: 1); Sunflower Oils (Conf: 0.3333, Lift: 1.7835, Factor: 1)"
7559166,Beans; Beans; Root Vegetables; Gourd & Cucumber; Brinjals; Root Vegetables; Brinjals,Other Dals; Whole Spices; Toor Dal; Sugar; Other Vegetables; Moong Dal; Sooji & Rava; Urad Dal; Sunflower Oils; Avalakki / Poha,"Other Dals (Conf: 0.8208, Lift: 1.7883, Factor: 1); Whole Spices (Conf: 0.7879, Lift: 1.9325, Factor: 1); Toor Dal (Conf: 0.7480, Lift: 1.9371, Factor: 1); Sugar (Conf: 0.6746, Lift: 1.9280, Factor: 1); Other Vegetables (Conf: 0.6667, Lift: 1.4429, Factor: 1); Moong Dal (Conf: 0.6465, Lift: 1.9196, Factor: 1); Sooji & Rava (Conf: 0.6202, Lift: 2.1777, Factor: 1); Urad Dal (Conf: 0.6202, Lift: 2.0954, Factor: 1); Sunflower Oils (Conf: 0.3620, Lift: 1.9368, Factor: 1); Avalakki / Poha (Conf: 0.3586, Lift: 2.0910, Factor: 1)"
7559542,Gourd & Cucumber; Other Vegetables; Sugar; Besan; Root Vegetables; Beans; Brinjals; Raw Peanuts; Other Vegetables,Other Dals; Whole Spices; Toor Dal; Moong Dal; Urad Dal; Sooji & Rava; Raw Rice; Sunflower Oils; Avalakki / Poha; Banana,"Other Dals (Conf: 0.7887, Lift: 1.7185, Factor: 1); Whole Spices (Conf: 0.7215, Lift: 1.7697, Factor: 1); Toor Dal (Conf: 0.6813, Lift: 1.7644, Factor: 1); Moong Dal (Conf: 0.5926, Lift: 1.7595, Factor: 1); Urad Dal (Conf: 0.5240, Lift: 1.7705, Factor: 1); Sooji & Rava (Conf: 0.5022, Lift: 1.7634, Factor: 1); Raw Rice (Conf: 0.3629, Lift: 1.5513, Factor: 1); Sunflower Oils (Conf: 0.3294, Lift: 1.7626, Factor: 1); Avalakki / Poha (Conf: 0.3018, Lift: 1.7597, Factor: 1); Banana (Conf: 0.1967, Lift: 1.4711, Factor: 1)"
7560723,Cream Biscuits; Other Vegetables; Other Dals; Namkeen; Namkeen; Moong Dal; Gourd & Cucumber; Other Dals,Beans; Whole Spices; Toor Dal; Root Vegetables; Sugar; Brinjals; Sooji & Rava; Urad Dal; Raw Rice; Sunflower Oils,"Beans (Conf: 0.7857, Lift: 1.7668, Factor: 1); Whole Spices (Conf: 0.7193, Lift: 1.7643, Factor: 1); Toor Dal (Conf: 0.6807, Lift: 1.7630, Factor: 1); Root Vegetables (Conf: 0.6753, Lift: 1.6580, Factor: 1); Sugar (Conf: 0.6183, Lift: 1.7671, Factor: 1); Brinjals (Conf: 0.5747, Lift: 1.7606, Factor: 1); Sooji & Rava (Conf: 0.5022, Lift: 1.7634, Factor: 1); Urad Dal (Conf: 0.5000, Lift: 1.6895, Factor: 1); Raw Rice (Conf: 0.3903, Lift: 1.6685, Factor: 1); Sunflower Oils (Conf: 0.3294, Lift: 1.7626, Factor: 1)"
7565166,Brinjals; Banana; Brinjals; Beans; Gourd & Cucumber; Gourd & Cucumber; Other Vegetables,Other Dals; Whole Spices; Toor Dal; Sugar; Moong Dal; Root Vegetables; Urad Dal; Sooji & Rava; Sunflower Oils; Raw Rice,"Other Dals (Conf: 0.8208, Lift: 1.7883, Factor: 1); Whole Spices (Conf: 0.7800, Lift: 1.9131, Factor: 1); Toor Dal (Conf: 0.7364, Lift: 1.9070, Factor: 1); Sugar (Conf: 0.6667, Lift: 1.9053, Factor: 1); Moong Dal (Conf: 0.6422, Lift: 1.9067, Factor: 1); Root Vegetables (Conf: 0.5901, Lift: 1.4488, Factor: 1); Urad Dal (Conf: 0.5632, Lift: 1.9031, Factor: 1); Sooji & Rava (Conf: 0.5412, Lift: 1.9003, Factor: 1); Sunflower Oils (Conf: 0.3569, Lift: 1.9098, Factor: 1); Raw Rice (Conf: 0.3363, Lift: 1.4378, Factor: 1)"
7580491,Brinjals; Sooji & Rava; Other Vegetables; Gourd & Cucumber; Raw Rice; Toor Dal; Namkeen; Banana,Other Dals; Beans; Whole Spices; Root Vegetables; Sugar; Moong Dal; Urad Dal; Sunflower Oils; Avalakki / Poha; Raw Peanuts,"Other Dals (Conf: 0.7450, Lift: 1.6232, Factor: 1); Beans (Conf: 0.7059, Lift: 1.5873, Factor: 1); Whole Spices (Conf: 0.6719, Lift: 1.6479, Factor: 1); Root Vegetables (Conf: 0.6319, Lift: 1.5515, Factor: 1); Sugar (Conf: 0.5694, Lift: 1.6274, Factor: 1); Moong Dal (Conf: 0.5545, Lift: 1.6462, Factor: 1); Urad Dal (Conf: 0.4619, Lift: 1.5606, Factor: 1); Sunflower Oils (Conf: 0.3062, Lift: 1.6384, Factor: 1); Avalakki / Poha (Conf: 0.2744, Lift: 1.6002, Factor: 1); Raw Peanuts (Conf: 0.2641, Lift: 1.4898, Factor: 1)"
7581908,Other Dals; Root Vegetables; Vermicelli; Moong Dal; Other Dals; Exotic Vegetables; Avalakki / Poha; Toor Dal; Urad Dal; Other Vegetables,Beans; Whole Spices; Sugar; Brinjals; Gourd & Cucumber; Banana; Raw Rice; Sooji & Rava; Organic F&V; Sunflower Oils,"Beans (Conf: 0.6259, Lift: 1.4075, Factor: 1); Whole Spices (Conf: 0.5793, Lift: 1.4209, Factor: 1); Sugar (Conf: 0.5061, Lift: 1.4464, Factor: 1); Brinjals (Conf: 0.4664, Lift: 1.4289, Factor: 1); Gourd & Cucumber (Conf: 0.4545, Lift: 1.4420, Factor: 1); Banana (Conf: 0.3211, Lift: 1.4170, Factor: 1); Raw Rice (Conf: 0.3172, Lift: 1.3561, Factor: 1); Sooji & Rava (Conf: 0.3027, Lift: 1.0630, Factor: 1); Organic F&V (Conf: 0.2544, Lift: 1.4227, Factor: 1); Sunflower Oils (Conf: 0.2461, Lift: 1.3168, Factor: 1)"
7582160,Root Vegetables; Other Dals; Other Dals; Other Dals; Beans; Organic F&V,Whole Spices; Toor Dal; Other Vegetables; Sugar; Moong Dal; Gourd & Cucumber; Urad Dal; Brinjals; Sooji & Rava; Sunflower Oils,"Whole Spices (Conf: 0.7879, Lift: 1.9325, Factor: 1); Toor Dal (Conf: 0.7364, Lift: 1.9070, Factor: 1); Other Vegetables (Conf: 0.7196, Lift: 1.5574, Factor: 1); Sugar (Conf: 0.6746, Lift: 1.9280, Factor: 1); Moong Dal (Conf: 0.6426, Lift: 1.9079, Factor: 1); Gourd & Cucumber (Conf: 0.5817, Lift: 1.8454, Factor: 1); Urad Dal (Conf: 0.5789, Lift: 1.9562, Factor: 1); Brinjals (Conf: 0.5778, Lift: 1.7702, Factor: 1); Sooji & Rava (Conf: 0.5514, Lift: 1.9361, Factor: 1); Sunflower Oils (Conf: 0.3569, Lift: 1.9098, Factor: 1)"
7583327,Moong Dal; Gourd & Cucumber; Other Dals; Gourd & Cucumber; Other Vegetables; Brinjals; Moong Dal,Beans; Whole Spices; Root Vegetables; Toor Dal; Sugar; Urad Dal; Sooji & Rava; Raw Rice; Sunflower Oils; Banana,"Beans (Conf: 0.7798, Lift: 1.7536, Factor: 1); Whole Spices (Conf: 0.7051, Lift: 1.7295, Factor: 1); Root Vegetables (Conf: 0.6753, Lift: 1.6580, Factor: 1); Toor Dal (Conf: 0.6557, Lift: 1.6982, Factor: 1); Sugar (Conf: 0.6047, Lift: 1.7281, Factor: 1); Urad Dal (Conf: 0.5000, Lift: 1.6895, Factor: 1); Sooji & Rava (Conf: 0.4802, Lift: 1.6862, Factor: 1); Raw Rice (Conf: 0.3903, Lift: 1.6685, Factor: 1); Sunflower Oils (Conf: 0.3227, Lift: 1.7267, Factor: 1); Banana (Conf: 0.3211, Lift: 1.4170, Factor: 1)"
7584632,Sugar; Sunflower Oils; Jaggery; Other Dals; Ghee; Cashews; Other Dals; Honey; Moong Dal; Urad Dal,Other Vegetables; Beans; Root Vegetables; Whole Spices; Toor Dal; Brinjals; Gourd & Cucumber; Banana; Raw Rice; Sooji & Rava,"Other Vegetables (Conf: 0.6707, Lift: 1.4515, Factor: 1); Beans (Conf: 0.6479, Lift: 1.4569, Factor: 1); Root Vegetables (Conf: 0.5957, Lift: 1.4626, Factor: 1); Whole Spices (Conf: 0.5951, Lift: 1.4596, Factor: 1); Toor Dal (Conf: 0.5629, Lift: 1.4578, Factor: 1); Brinjals (Conf: 0.4752, Lift: 1.4559, Factor: 1); Gourd & Cucumber (Conf: 0.4615, Lift: 1.4642, Factor: 1); Banana (Conf: 0.3211, Lift: 1.4170, Factor: 1); Raw Rice (Conf: 0.3028, Lift: 1.2947, Factor: 1); Sooji & Rava (Conf: 0.3027, Lift: 1.0630, Factor: 1)"
7585530,Bread; Root Vegetables; Brinjals; Other Vegetables; Beans; Other Vegetables,Other Dals; Whole Spices; Toor Dal; Sugar; Moong Dal; Gourd & Cucumber; Urad Dal; Sooji & Rava; Sunflower Oils; Raw Rice,"Other Dals (Conf: 0.8208, Lift: 1.7883, Factor: 1); Whole Spices (Conf: 0.7692, Lift: 1.8867, Factor: 1); Toor Dal (Conf: 0.7364, Lift: 1.9070, Factor: 1); Sugar (Conf: 0.6667, Lift: 1.9053, Factor: 1); Moong Dal (Conf: 0.6422, Lift: 1.9067, Factor: 1); Gourd & Cucumber (Conf: 0.5923, Lift: 1.8790, Factor: 1); Urad Dal (Conf: 0.5632, Lift: 1.9031, Factor: 1); Sooji & Rava (Conf: 0.5412, Lift: 1.9003, Factor: 1); Sunflower Oils (Conf: 0.3421, Lift: 1.8304, Factor: 1); Raw Rice (Conf: 0.3376, Lift: 1.4433, Factor: 1)"
7587534,Banana; Liquid Soaps & Bars; Other Dry Fruits; Organic F&V; Organic F&V; Sugar; Beans; Other Oils,Whole Spices; Other Dals; Urad Dal; Sooji & Rava; Toor Dal; Moong Dal; Other Vegetables; Root Vegetables; Gourd & Cucumber; Brinjals,"Whole Spices (Conf: 0.8469, Lift: 2.0773, Factor: 1); Other Dals (Conf: 0.8247, Lift: 1.7970, Factor: 1); Urad Dal (Conf: 0.7941, Lift: 2.6832, Factor: 1); Sooji & Rava (Conf: 0.7545, Lift: 2.6496, Factor: 1); Toor Dal (Conf: 0.7477, Lift: 1.9363, Factor: 1); Moong Dal (Conf: 0.6818, Lift: 2.0244, Factor: 1); Other Vegetables (Conf: 0.6667, Lift: 1.4429, Factor: 1); Root Vegetables (Conf: 0.6396, Lift: 1.5702, Factor: 1); Gourd & Cucumber (Conf: 0.6091, Lift: 1.9323, Factor: 1); Brinjals (Conf: 0.5267, Lift: 1.6138, Factor: 1)"
7587814,Organic F&V; Urad Dal; Other Vegetables; Root Vegetables; Organic F&V; Avalakki / Poha; Sunflower Oils; Besan; Sooji & Rava,Other Dals; Beans; Whole Spices; Toor Dal; Sugar; Moong Dal; Brinjals; Gourd & Cucumber; Raw Rice; Banana,"Other Dals (Conf: 0.7638, Lift: 1.6642, Factor: 1); Beans (Conf: 0.7235, Lift: 1.6270, Factor: 1); Whole Spices (Conf: 0.6867, Lift: 1.6844, Factor: 1); Toor Dal (Conf: 0.6452, Lift: 1.6709, Factor: 1); Sugar (Conf: 0.5862, Lift: 1.6753, Factor: 1); Moong Dal (Conf: 0.5517, Lift: 1.6381, Factor: 1); Brinjals (Conf: 0.5455, Lift: 1.6711, Factor: 1); Gourd & Cucumber (Conf: 0.5093, Lift: 1.6156, Factor: 1); Raw Rice (Conf: 0.3626, Lift: 1.5503, Factor: 1); Banana (Conf: 0.3319, Lift: 1.4648, Factor: 1)"
7592127,Yogurt & Lassi; Banana; Namkeen; Yogurt & Lassi; Bread; Namkeen; Snacky Nuts; Packaged Drinking Water,Toor Dal; Other Vegetables; Other Dals; Gourd & Cucumber; Sugar; Urad Dal; Whole Spices; Sooji & Rava; Moong Dal; Sunflower Oils,"Toor Dal (Conf: 0.7477, Lift: 1.9363, Factor: 1); Other Vegetables (Conf: 0.6667, Lift: 1.4429, Factor: 1); Other Dals (Conf: 0.6639, Lift: 1.4465, Factor: 1); Gourd & Cucumber (Conf: 0.6091, Lift: 1.9323, Factor: 1); Sugar (Conf: 0.5724, Lift: 2.8731, Factor: 1); Urad Dal (Conf: 0.5668, Lift: 1.9153, Factor: 1); Whole Spices (Conf: 0.5650, Lift: 2.5149, Factor: 1); Sooji & Rava (Conf: 0.5556, Lift: 3.4490, Factor: 1); Moong Dal (Conf: 0.4332, Lift: 2.8389, Factor: 1); Sunflower Oils (Conf: 0.3603, Lift: 1.9279, Factor: 1)"
7599737,Buns & Pavs; Other Dals; Brinjals; Other Dals; Organic F&V; Other Vegetables; Root Vegetables; Sooji & Rava,Beans; Whole Spices; Toor Dal; Sugar; Moong Dal; Urad Dal; Gourd & Cucumber; Raw Rice; Sunflower Oils; Avalakki / Poha,"Beans (Conf: 0.7817, Lift: 1.7579, Factor: 1); Whole Spices (Conf: 0.7051, Lift: 1.7295, Factor: 1); Toor Dal (Conf: 0.6797, Lift: 1.7603, Factor: 1); Sugar (Conf: 0.6047, Lift: 1.7281, Factor: 1); Moong Dal (Conf: 0.5782, Lift: 1.7168, Factor: 1); Urad Dal (Conf: 0.5031, Lift: 1.6998, Factor: 1); Gourd & Cucumber (Conf: 0.4859, Lift: 1.5415, Factor: 1); Raw Rice (Conf: 0.3961, Lift: 1.6935, Factor: 1); Sunflower Oils (Conf: 0.3258, Lift: 1.7430, Factor: 1); Avalakki / Poha (Conf: 0.3018, Lift: 1.7597, Factor: 1)"
7602429,Whole Spices; Other Dals; Root Vegetables; Other Vegetables; Chinese Noodles; Exotic Vegetables,Beans; Toor Dal; Sugar; Moong Dal; Brinjals; Gourd & Cucumber; Sooji & Rava; Urad Dal; Raw Rice; Sunflower Oils,"Beans (Conf: 0.7477, Lift: 1.6815, Factor: 1); Toor Dal (Conf: 0.6452, Lift: 1.6709, Factor: 1); Sugar (Conf: 0.6047, Lift: 1.7281, Factor: 1); Moong Dal (Conf: 0.5782, Lift: 1.7168, Factor: 1); Brinjals (Conf: 0.5455, Lift: 1.6711, Factor: 1); Gourd & Cucumber (Conf: 0.5155, Lift: 1.6354, Factor: 1); Sooji & Rava (Conf: 0.4704, Lift: 1.6518, Factor: 1); Urad Dal (Conf: 0.4402, Lift: 1.4873, Factor: 1); Raw Rice (Conf: 0.3793, Lift: 1.6216, Factor: 1); Sunflower Oils (Conf: 0.3199, Lift: 1.7114, Factor: 1)"
7602550,Bread; Organic Dals & Pulses; Organic F&V; Other Vegetables; Organic F&V; Organic Dals & Pulses; Organic F&V,Urad Dal; Whole Spices; Toor Dal; Sugar; Moong Dal; Other Dals; Root Vegetables; Brinjals; Sooji & Rava; Beans,"Urad Dal (Conf: 0.7941, Lift: 2.6832, Factor: 1); Whole Spices (Conf: 0.7431, Lift: 1.8227, Factor: 1); Toor Dal (Conf: 0.7411, Lift: 1.9192, Factor: 1); Sugar (Conf: 0.6592, Lift: 1.8840, Factor: 1); Moong Dal (Conf: 0.6471, Lift: 1.9212, Factor: 1); Other Dals (Conf: 0.6028, Lift: 2.4636, Factor: 1); Root Vegetables (Conf: 0.5855, Lift: 1.4374, Factor: 1); Brinjals (Conf: 0.5747, Lift: 1.7606, Factor: 1); Sooji & Rava (Conf: 0.5495, Lift: 1.9296, Factor: 1); Beans (Conf: 0.5379, Lift: 1.7715, Factor: 1)"
7603462,Whole Spices; Banana; Other Dals; Exotic Vegetables; Other Dals; Beans; Beans; Brinjals; Besan; Sugar,Other Vegetables; Root Vegetables; Toor Dal; Moong Dal; Gourd & Cucumber; Urad Dal; Sooji & Rava; Raw Rice; Raw Peanuts; Avalakki / Poha,"Other Vegetables (Conf: 0.7143, Lift: 1.5459, Factor: 1); Root Vegetables (Conf: 0.6114, Lift: 1.5010, Factor: 1); Toor Dal (Conf: 0.5964, Lift: 1.5445, Factor: 1); Moong Dal (Conf: 0.5183, Lift: 1.5389, Factor: 1); Gourd & Cucumber (Conf: 0.4859, Lift: 1.5415, Factor: 1); Urad Dal (Conf: 0.4402, Lift: 1.4873, Factor: 1); Sooji & Rava (Conf: 0.4350, Lift: 1.5276, Factor: 1); Raw Rice (Conf: 0.3563, Lift: 1.5231, Factor: 1); Raw Peanuts (Conf: 0.2577, Lift: 1.4538, Factor: 1); Avalakki / Poha (Conf: 0.2016, Lift: 1.1756, Factor: 1)"
7604413,Other Vegetables; Other Dals; Root Vegetables; Mosquito Repellent; Urad Dal; Boiled Rice; Boiled Rice,Beans; Whole Spices; Toor Dal; Sugar; Moong Dal; Brinjals; Sooji & Rava; Gourd & Cucumber; Raw Rice; Banana,"Beans (Conf: 0.7817, Lift: 1.7579, Factor: 1); Whole Spices (Conf: 0.7051, Lift: 1.7295, Factor: 1); Toor Dal (Conf: 0.6735, Lift: 1.7442, Factor: 1); Sugar (Conf: 0.6047, Lift: 1.7281, Factor: 1); Moong Dal (Conf: 0.5782, Lift: 1.7168, Factor: 1); Brinjals (Conf: 0.5455, Lift: 1.6711, Factor: 1); Sooji & Rava (Conf: 0.4860, Lift: 1.7067, Factor: 1); Gourd & Cucumber (Conf: 0.4859, Lift: 1.5415, Factor: 1); Raw Rice (Conf: 0.3705, Lift: 1.5840, Factor: 1); Banana (Conf: 0.3488, Lift: 1.5395, Factor: 1)"
7605272,Namkeen; Health Drinks; Toor Dal; Namkeen; Sugar; Moong Dal; Other Dals; Namkeen; Organic Rice & Rice Products; Sooji & Rava; Corn Snacks; Namkeen; Namkeen,Other Vegetables; Beans; Whole Spices; Root Vegetables; Brinjals; Gourd & Cucumber; Urad Dal; Raw Rice; Banana; Sunflower Oils,"Other Vegetables (Conf: 0.6321, Lift: 1.3681, Factor: 1); Beans (Conf: 0.5748, Lift: 1.2924, Factor: 1); Whole Spices (Conf: 0.5577, Lift: 1.3679, Factor: 1); Root Vegetables (Conf: 0.5542, Lift: 1.3606, Factor: 1); Brinjals (Conf: 0.4412, Lift: 1.3517, Factor: 1); Gourd & Cucumber (Conf: 0.4236, Lift: 1.3439, Factor: 1); Urad Dal (Conf: 0.3842, Lift: 1.2983, Factor: 1); Raw Rice (Conf: 0.3165, Lift: 1.3531, Factor: 1); Banana (Conf: 0.3015, Lift: 1.3304, Factor: 1); Sunflower Oils (Conf: 0.2435, Lift: 1.3027, Factor: 1)"
7607068,Raw Peanuts; Maida; Whole Spices; Raisins; Regular Pasta; Other Dals,Other Vegetables; Beans; Root Vegetables; Toor Dal; Sugar; Moong Dal; Brinjals; Gourd & Cucumber; Sooji & Rava; Urad Dal,"Other Vegetables (Conf: 0.7358, Lift: 1.5926, Factor: 1); Beans (Conf: 0.7042, Lift: 1.5834, Factor: 1); Root Vegetables (Conf: 0.6332, Lift: 1.5545, Factor: 1); Toor Dal (Conf: 0.6173, Lift: 1.5987, Factor: 1); Sugar (Conf: 0.5471, Lift: 1.5635, Factor: 1); Moong Dal (Conf: 0.5437, Lift: 1.6144, Factor: 1); Brinjals (Conf: 0.5159, Lift: 1.5805, Factor: 1); Gourd & Cucumber (Conf: 0.5155, Lift: 1.6354, Factor: 1); Sooji & Rava (Conf: 0.4704, Lift: 1.6518, Factor: 1); Urad Dal (Conf: 0.4667, Lift: 1.5768, Factor: 1)"
7608368,Rice Flour; Moong Dal; Toor Dal; Whole Spices; Whole Spices; Beans; Other Vegetables; Sunflower Oils; Gourd & Cucumber,Other Dals; Root Vegetables; Sugar; Brinjals; Urad Dal; Sooji & Rava; Raw Rice; Banana; Raw Peanuts; Maida,"Other Dals (Conf: 0.6992, Lift: 1.5234, Factor: 1); Root Vegetables (Conf: 0.6127, Lift: 1.5041, Factor: 1); Sugar (Conf: 0.5386, Lift: 1.5393, Factor: 1); Brinjals (Conf: 0.4986, Lift: 1.5275, Factor: 1); Urad Dal (Conf: 0.4402, Lift: 1.4873, Factor: 1); Sooji & Rava (Conf: 0.3882, Lift: 1.3632, Factor: 1); Raw Rice (Conf: 0.3537, Lift: 1.5122, Factor: 1); Banana (Conf: 0.3155, Lift: 1.3922, Factor: 1); Raw Peanuts (Conf: 0.2599, Lift: 1.4660, Factor: 1); Maida (Conf: 0.1895, Lift: 1.5320, Factor: 1)"
7611197,Organic Rice & Rice Products; Organic Dals & Pulses; Tomato Ketchup; Organic Dals & Pulses; Organic Rice & Rice Products; Organic Dals & Pulses; Organic Masalas & Spices,,
7617765,"Whole Spices; Whole Spices; Moong Dal; Glucose, Marie & Milk Biscuits; Whole Spices; Glucose, Marie & Milk Biscuits; Whole Spices",Other Dals; Beans; Other Vegetables; Toor Dal; Sugar; Root Vegetables; Sooji & Rava; Urad Dal; Brinjals; Gourd & Cucumber,"Other Dals (Conf: 0.8025, Lift: 1.7485, Factor: 1); Beans (Conf: 0.7798, Lift: 1.7536, Factor: 1); Other Vegetables (Conf: 0.7778, Lift: 1.6833, Factor: 1); Toor Dal (Conf: 0.7719, Lift: 1.9992, Factor: 1); Sugar (Conf: 0.7288, Lift: 2.0829, Factor: 1); Root Vegetables (Conf: 0.6812, Lift: 1.6723, Factor: 1); Sooji & Rava (Conf: 0.6008, Lift: 2.1096, Factor: 1); Urad Dal (Conf: 0.6000, Lift: 2.0273, Factor: 1); Brinjals (Conf: 0.5482, Lift: 1.6795, Factor: 1); Gourd & Cucumber (Conf: 0.5283, Lift: 1.6760, Factor: 1)"
7618134,Exotic Vegetables; Other Vegetables; Beans; Organic F&V; Gourd & Cucumber; Organic F&V; Organic F&V,Whole Spices; Toor Dal; Urad Dal; Sugar; Other Dals; Moong Dal; Root Vegetables; Brinjals; Sooji & Rava; Raw Peanuts,"Whole Spices (Conf: 0.7800, Lift: 1.9131, Factor: 1); Toor Dal (Conf: 0.7411, Lift: 1.9192, Factor: 1); Urad Dal (Conf: 0.7345, Lift: 2.4819, Factor: 1); Sugar (Conf: 0.6719, Lift: 1.9202, Factor: 1); Other Dals (Conf: 0.6639, Lift: 1.4466, Factor: 1); Moong Dal (Conf: 0.6471, Lift: 1.9212, Factor: 1); Root Vegetables (Conf: 0.5860, Lift: 1.4387, Factor: 1); Brinjals (Conf: 0.5747, Lift: 1.7606, Factor: 1); Sooji & Rava (Conf: 0.5514, Lift: 1.9361, Factor: 1); Raw Peanuts (Conf: 0.4438, Lift: 2.5037, Factor: 1)"
7618192,Organic F&V; Banana; Exotic Vegetables; Exotic Vegetables; Exotic Vegetables; Other Vegetables; Organic F&V,Urad Dal; Toor Dal; Whole Spices; Other Dals; Sugar; Moong Dal; Sooji & Rava; Gourd & Cucumber; Root Vegetables; Brinjals,"Urad Dal (Conf: 0.7941, Lift: 2.6832, Factor: 1); Toor Dal (Conf: 0.7477, Lift: 1.9363, Factor: 1); Whole Spices (Conf: 0.7431, Lift: 1.8227, Factor: 1); Other Dals (Conf: 0.6641, Lift: 1.4469, Factor: 1); Sugar (Conf: 0.6592, Lift: 1.8840, Factor: 1); Moong Dal (Conf: 0.6471, Lift: 1.9212, Factor: 1); Sooji & Rava (Conf: 0.6103, Lift: 3.7529, Factor: 1); Gourd & Cucumber (Conf: 0.6091, Lift: 1.9323, Factor: 1); Root Vegetables (Conf: 0.5855, Lift: 1.4374, Factor: 1); Brinjals (Conf: 0.5747, Lift: 1.7606, Factor: 1)"
7618684,Raw Rice; Organic Masalas & Spices; Organic Masalas & Spices; Moong Dal; Toor Dal; Raw Peanuts; Shoe Polish; Ghee; Organic Masalas & Spices; Organic Dals & Pulses; Moong Dal; Mosquito Repellent; Organic Masalas & Spices,Other Vegetables; Other Dals; Beans; Root Vegetables; Whole Spices; Sugar; Brinjals; Gourd & Cucumber; Sooji & Rava; Urad Dal,"Other Vegetables (Conf: 0.7636, Lift: 1.6527, Factor: 1); Other Dals (Conf: 0.7600, Lift: 1.6559, Factor: 1); Beans (Conf: 0.7172, Lift: 1.6129, Factor: 1); Root Vegetables (Conf: 0.6753, Lift: 1.6580, Factor: 1); Whole Spices (Conf: 0.6719, Lift: 1.6479, Factor: 1); Sugar (Conf: 0.5810, Lift: 1.6605, Factor: 1); Brinjals (Conf: 0.5376, Lift: 1.6472, Factor: 1); Gourd & Cucumber (Conf: 0.5239, Lift: 1.6620, Factor: 1); Sooji & Rava (Conf: 0.4491, Lift: 1.5770, Factor: 1); Urad Dal (Conf: 0.4187, Lift: 1.4148, Factor: 1)"
7626754,Moong Dal; Other Vegetables; Organic F&V; Health Drinks; Sooji & Rava; Organic F&V; Organic F&V,Other Dals; Beans; Whole Spices; Toor Dal; Root Vegetables; Sugar; Brinjals; Urad Dal; Gourd & Cucumber; Raw Rice,"Other Dals (Conf: 0.7981, Lift: 1.7389, Factor: 1); Beans (Conf: 0.7798, Lift: 1.7536, Factor: 1); Whole Spices (Conf: 0.7643, Lift: 1.8746, Factor: 1); Toor Dal (Conf: 0.7411, Lift: 1.9192, Factor: 1); Root Vegetables (Conf: 0.6753, Lift: 1.6580, Factor: 1); Sugar (Conf: 0.6592, Lift: 1.8840, Factor: 1); Brinjals (Conf: 0.5747, Lift: 1.7606, Factor: 1); Urad Dal (Conf: 0.5632, Lift: 1.9031, Factor: 1); Gourd & Cucumber (Conf: 0.5283, Lift: 1.6760, Factor: 1); Raw Rice (Conf: 0.3977, Lift: 1.7003, Factor: 1)"
7631002,Whole Spices; Root Vegetables; Other Vegetables; Liquid Soaps & Bars; Moong Dal; Whole Spices; Phenyles & Acids; Gourd & Cucumber,Other Dals; Beans; Toor Dal; Sugar; Brinjals; Urad Dal; Sooji & Rava; Raw Rice; Sunflower Oils; Avalakki / Poha,"Other Dals (Conf: 0.8025, Lift: 1.7485, Factor: 1); Beans (Conf: 0.7817, Lift: 1.7579, Factor: 1); Toor Dal (Conf: 0.6797, Lift: 1.7603, Factor: 1); Sugar (Conf: 0.6045, Lift: 1.7276, Factor: 1); Brinjals (Conf: 0.5742, Lift: 1.7592, Factor: 1); Urad Dal (Conf: 0.5000, Lift: 1.6895, Factor: 1); Sooji & Rava (Conf: 0.4891, Lift: 1.7176, Factor: 1); Raw Rice (Conf: 0.3903, Lift: 1.6685, Factor: 1); Sunflower Oils (Conf: 0.3227, Lift: 1.7265, Factor: 1); Avalakki / Poha (Conf: 0.3018, Lift: 1.7597, Factor: 1)"
7633637,Beans; Other Dals; Root Vegetables; Root Vegetables; Other Dals; Maida; Brinjals; Basmati Rice,Whole Spices; Toor Dal; Other Vegetables; Sugar; Moong Dal; Gourd & Cucumber; Urad Dal; Sooji & Rava; Raw Rice; Sunflower Oils,"Whole Spices (Conf: 0.7692, Lift: 1.8867, Factor: 1); Toor Dal (Conf: 0.7268, Lift: 1.8824, Factor: 1); Other Vegetables (Conf: 0.7196, Lift: 1.5574, Factor: 1); Sugar (Conf: 0.6571, Lift: 1.8781, Factor: 1); Moong Dal (Conf: 0.6337, Lift: 1.8816, Factor: 1); Gourd & Cucumber (Conf: 0.5817, Lift: 1.8454, Factor: 1); Urad Dal (Conf: 0.5524, Lift: 1.8667, Factor: 1); Sooji & Rava (Conf: 0.4350, Lift: 1.5276, Factor: 1); Raw Rice (Conf: 0.3563, Lift: 1.5231, Factor: 1); Sunflower Oils (Conf: 0.3472, Lift: 1.8575, Factor: 1)"
7635812,Organic F&V; Organic F&V; Organic F&V; Yogurt & Lassi; Organic F&V; Organic F&V; Other Vegetables,Urad Dal; Whole Spices; Toor Dal; Sugar; Moong Dal; Other Dals; Root Vegetables; Brinjals; Sooji & Rava; Beans,"Urad Dal (Conf: 0.7941, Lift: 2.6832, Factor: 1); Whole Spices (Conf: 0.7431, Lift: 1.8227, Factor: 1); Toor Dal (Conf: 0.7411, Lift: 1.9192, Factor: 1); Sugar (Conf: 0.6592, Lift: 1.8840, Factor: 1); Moong Dal (Conf: 0.6471, Lift: 1.9212, Factor: 1); Other Dals (Conf: 0.6028, Lift: 2.4636, Factor: 1); Root Vegetables (Conf: 0.5855, Lift: 1.4374, Factor: 1); Brinjals (Conf: 0.5747, Lift: 1.7606, Factor: 1); Sooji & Rava (Conf: 0.5495, Lift: 1.9296, Factor: 1); Beans (Conf: 0.5379, Lift: 1.7715, Factor: 1)"
7637074,Banana; Root Vegetables; Mosquito Repellent; Beans; Other Vegetables; Beans; Gourd & Cucumber,Whole Spices; Toor Dal; Other Dals; Sugar; Moong Dal; Brinjals; Urad Dal; Sooji & Rava; Sunflower Oils; Raw Rice,"Whole Spices (Conf: 0.7636, Lift: 1.8730, Factor: 1); Toor Dal (Conf: 0.7244, Lift: 1.8761, Factor: 1); Other Dals (Conf: 0.6641, Lift: 1.4469, Factor: 1); Sugar (Conf: 0.6592, Lift: 1.8840, Factor: 1); Moong Dal (Conf: 0.6299, Lift: 1.8703, Factor: 1); Brinjals (Conf: 0.5778, Lift: 1.7702, Factor: 1); Urad Dal (Conf: 0.5585, Lift: 1.8870, Factor: 1); Sooji & Rava (Conf: 0.5369, Lift: 1.8854, Factor: 1); Sunflower Oils (Conf: 0.3421, Lift: 1.8304, Factor: 1); Raw Rice (Conf: 0.3382, Lift: 1.4456, Factor: 1)"
7637305,"Glucose, Marie & Milk Biscuits; Glucose, Marie & Milk Biscuits; Sunflower Oils; Other Vegetables; Other Dals; Sugar",Beans; Whole Spices; Toor Dal; Root Vegetables; Moong Dal; Brinjals; Gourd & Cucumber; Urad Dal; Sooji & Rava; Raw Rice,"Beans (Conf: 0.7477, Lift: 1.6815, Factor: 1); Whole Spices (Conf: 0.6807, Lift: 1.6695, Factor: 1); Toor Dal (Conf: 0.6452, Lift: 1.6709, Factor: 1); Root Vegetables (Conf: 0.6396, Lift: 1.5702, Factor: 1); Moong Dal (Conf: 0.5668, Lift: 1.6829, Factor: 1); Brinjals (Conf: 0.5267, Lift: 1.6138, Factor: 1); Gourd & Cucumber (Conf: 0.5093, Lift: 1.6156, Factor: 1); Urad Dal (Conf: 0.5000, Lift: 1.6895, Factor: 1); Sooji & Rava (Conf: 0.4646, Lift: 1.6316, Factor: 1); Raw Rice (Conf: 0.3629, Lift: 1.5513, Factor: 1)"
7642371,Beans; Beans; Gourd & Cucumber; Other Dals; Organic F&V; Organic F&V; Brinjals; Organic F&V; Gourd & Cucumber,Whole Spices; Toor Dal; Other Vegetables; Sugar; Moong Dal; Root Vegetables; Urad Dal; Sooji & Rava; Raw Rice; Sunflower Oils,"Whole Spices (Conf: 0.7716, Lift: 1.8925, Factor: 1); Toor Dal (Conf: 0.7317, Lift: 1.8950, Factor: 1); Other Vegetables (Conf: 0.7196, Lift: 1.5574, Factor: 1); Sugar (Conf: 0.6571, Lift: 1.8781, Factor: 1); Moong Dal (Conf: 0.6378, Lift: 1.8937, Factor: 1); Root Vegetables (Conf: 0.6332, Lift: 1.5545, Factor: 1); Urad Dal (Conf: 0.5585, Lift: 1.8870, Factor: 1); Sooji & Rava (Conf: 0.5385, Lift: 1.8908, Factor: 1); Raw Rice (Conf: 0.3563, Lift: 1.5231, Factor: 1); Sunflower Oils (Conf: 0.3472, Lift: 1.8575, Factor: 1)"
7653432,"Other Dry Fruits; Other Vegetables; Raisins; Root Vegetables; Toor Dal; Banana; Brinjals; Wafers; Toothpaste; Glucose, Marie & Milk Biscuits",Other Dals; Beans; Whole Spices; Sugar; Moong Dal; Gourd & Cucumber; Urad Dal; Sooji & Rava; Raw Rice; Sunflower Oils,"Other Dals (Conf: 0.8208, Lift: 1.7883, Factor: 1); Beans (Conf: 0.7817, Lift: 1.7579, Factor: 1); Whole Spices (Conf: 0.7544, Lift: 1.8503, Factor: 1); Sugar (Conf: 0.6466, Lift: 1.8478, Factor: 1); Moong Dal (Conf: 0.6166, Lift: 1.8308, Factor: 1); Gourd & Cucumber (Conf: 0.5600, Lift: 1.7765, Factor: 1); Urad Dal (Conf: 0.5498, Lift: 1.8576, Factor: 1); Sooji & Rava (Conf: 0.5224, Lift: 1.8344, Factor: 1); Raw Rice (Conf: 0.3537, Lift: 1.5122, Factor: 1); Sunflower Oils (Conf: 0.3421, Lift: 1.8304, Factor: 1)"
7654205,Sugar; Moong Dal; Raw Peanuts; Rice Flour; Sunflower Oils; Ground Coffee; Maida; Whole Spices; Boiled Rice; Whole Spices; Whole Spices; Urad Dal; Sooji & Rava; Raw Rice,Other Dals; Beans; Other Vegetables; Root Vegetables; Toor Dal; Brinjals; Gourd & Cucumber; Banana; Avalakki / Poha; Organic F&V,"Other Dals (Conf: 0.6015, Lift: 1.3106, Factor: 1); Beans (Conf: 0.5847, Lift: 1.3149, Factor: 1); Other Vegetables (Conf: 0.5566, Lift: 1.2046, Factor: 1); Root Vegetables (Conf: 0.5298, Lift: 1.3007, Factor: 1); Toor Dal (Conf: 0.5096, Lift: 1.3197, Factor: 1); Brinjals (Conf: 0.4309, Lift: 1.3200, Factor: 1); Gourd & Cucumber (Conf: 0.4091, Lift: 1.2978, Factor: 1); Banana (Conf: 0.2944, Lift: 1.2993, Factor: 1); Avalakki / Poha (Conf: 0.2140, Lift: 1.2477, Factor: 1); Organic F&V (Conf: 0.2123, Lift: 1.1874, Factor: 1)"
7656814,Root Vegetables; Root Vegetables; Other Vegetables; Gourd & Cucumber; Besan; Banana; Brinjals,Other Dals; Beans; Whole Spices; Toor Dal; Sugar; Moong Dal; Urad Dal; Sooji & Rava; Sunflower Oils; Raw Rice,"Other Dals (Conf: 0.8208, Lift: 1.7883, Factor: 1); Beans (Conf: 0.7817, Lift: 1.7579, Factor: 1); Whole Spices (Conf: 0.7800, Lift: 1.9131, Factor: 1); Toor Dal (Conf: 0.7329, Lift: 1.8981, Factor: 1); Sugar (Conf: 0.6701, Lift: 1.9150, Factor: 1); Moong Dal (Conf: 0.6444, Lift: 1.9134, Factor: 1); Urad Dal (Conf: 0.5668, Lift: 1.9153, Factor: 1); Sooji & Rava (Conf: 0.5399, Lift: 1.8958, Factor: 1); Sunflower Oils (Conf: 0.3421, Lift: 1.8304, Factor: 1); Raw Rice (Conf: 0.3392, Lift: 1.4503, Factor: 1)"
7660824,Root Vegetables; Brinjals; Chilli & Soya Sauces; Chilli & Soya Sauces; Sugar; Other Vegetables,Other Dals; Beans; Whole Spices; Toor Dal; Moong Dal; Urad Dal; Gourd & Cucumber; Sooji & Rava; Raw Rice; Sunflower Oils,"Other Dals (Conf: 0.8247, Lift: 1.7970, Factor: 1); Beans (Conf: 0.7817, Lift: 1.7579, Factor: 1); Whole Spices (Conf: 0.7692, Lift: 1.8867, Factor: 1); Toor Dal (Conf: 0.7329, Lift: 1.8981, Factor: 1); Moong Dal (Conf: 0.6463, Lift: 1.9188, Factor: 1); Urad Dal (Conf: 0.5663, Lift: 1.9134, Factor: 1); Gourd & Cucumber (Conf: 0.5600, Lift: 1.7765, Factor: 1); Sooji & Rava (Conf: 0.5399, Lift: 1.8958, Factor: 1); Raw Rice (Conf: 0.3629, Lift: 1.5513, Factor: 1); Sunflower Oils (Conf: 0.3525, Lift: 1.8862, Factor: 1)"
7663653,Other Dals; Other Dals; Raw Peanuts; Organic F&V; Toor Dal; Root Vegetables,Other Vegetables; Beans; Whole Spices; Moong Dal; Sugar; Brinjals; Gourd & Cucumber; Urad Dal; Sooji & Rava; Raw Rice,"Other Vegetables (Conf: 0.7358, Lift: 1.5926, Factor: 1); Beans (Conf: 0.7042, Lift: 1.5834, Factor: 1); Whole Spices (Conf: 0.6500, Lift: 1.5943, Factor: 1); Moong Dal (Conf: 0.5545, Lift: 1.6462, Factor: 1); Sugar (Conf: 0.5471, Lift: 1.5635, Factor: 1); Brinjals (Conf: 0.5338, Lift: 1.6353, Factor: 1); Gourd & Cucumber (Conf: 0.5047, Lift: 1.6012, Factor: 1); Urad Dal (Conf: 0.4655, Lift: 1.5729, Factor: 1); Sooji & Rava (Conf: 0.4491, Lift: 1.5770, Factor: 1); Raw Rice (Conf: 0.3606, Lift: 1.5417, Factor: 1)"
7671910,"Root Vegetables; Glucose, Marie & Milk Biscuits; Health Drinks; Rice Flour; Beans; Other Dals; Toor Dal",Other Vegetables; Whole Spices; Sugar; Moong Dal; Brinjals; Gourd & Cucumber; Urad Dal; Sooji & Rava; Raw Rice; Sunflower Oils,"Other Vegetables (Conf: 0.7236, Lift: 1.5660, Factor: 1); Whole Spices (Conf: 0.7042, Lift: 1.7273, Factor: 1); Sugar (Conf: 0.6040, Lift: 1.7261, Factor: 1); Moong Dal (Conf: 0.5782, Lift: 1.7168, Factor: 1); Brinjals (Conf: 0.5455, Lift: 1.6711, Factor: 1); Gourd & Cucumber (Conf: 0.5361, Lift: 1.7008, Factor: 1); Urad Dal (Conf: 0.4655, Lift: 1.5729, Factor: 1); Sooji & Rava (Conf: 0.4491, Lift: 1.5770, Factor: 1); Raw Rice (Conf: 0.4000, Lift: 1.7100, Factor: 1); Sunflower Oils (Conf: 0.3199, Lift: 1.7114, Factor: 1)"
7672439,Snacky Nuts; Namkeen; Basmati Rice; Organic F&V; Mosquito Repellent; Organic F&V; Namkeen; Banana; Organic F&V,Urad Dal; Toor Dal; Other Vegetables; Other Dals; Gourd & Cucumber; Sugar; Whole Spices; Sooji & Rava; Moong Dal; Sunflower Oils,"Urad Dal (Conf: 0.7941, Lift: 2.6832, Factor: 1); Toor Dal (Conf: 0.7477, Lift: 1.9363, Factor: 1); Other Vegetables (Conf: 0.6667, Lift: 1.4429, Factor: 1); Other Dals (Conf: 0.6639, Lift: 1.4465, Factor: 1); Gourd & Cucumber (Conf: 0.6091, Lift: 1.9323, Factor: 1); Sugar (Conf: 0.5724, Lift: 2.8731, Factor: 1); Whole Spices (Conf: 0.5631, Lift: 2.8485, Factor: 1); Sooji & Rava (Conf: 0.5556, Lift: 3.4490, Factor: 1); Moong Dal (Conf: 0.4873, Lift: 3.1934, Factor: 1); Sunflower Oils (Conf: 0.3603, Lift: 1.9279, Factor: 1)"
7675127,Organic F&V; Organic F&V; Organic F&V; Organic F&V; Organic Flours; Raw Rice; Toor Dal,Whole Spices; Other Dals; Urad Dal; Moong Dal; Sugar; Other Vegetables; Beans; Sooji & Rava; Root Vegetables; Gourd & Cucumber,"Whole Spices (Conf: 0.8365, Lift: 2.0518, Factor: 1); Other Dals (Conf: 0.7782, Lift: 1.6956, Factor: 1); Urad Dal (Conf: 0.7570, Lift: 2.5579, Factor: 1); Moong Dal (Conf: 0.7273, Lift: 2.1594, Factor: 1); Sugar (Conf: 0.7207, Lift: 2.0598, Factor: 1); Other Vegetables (Conf: 0.7194, Lift: 1.5571, Factor: 1); Beans (Conf: 0.6953, Lift: 1.5635, Factor: 1); Sooji & Rava (Conf: 0.6524, Lift: 2.2910, Factor: 1); Root Vegetables (Conf: 0.6127, Lift: 1.5041, Factor: 1); Gourd & Cucumber (Conf: 0.5361, Lift: 1.7008, Factor: 1)"
7682148,Moong Dal; Cream Biscuits; Organic F&V; Other Vegetables; Moong Dal; Gourd & Cucumber; Organic F&V; Raw Peanuts,Other Dals; Beans; Whole Spices; Toor Dal; Root Vegetables; Sugar; Brinjals; Urad Dal; Sooji & Rava; Raw Rice,"Other Dals (Conf: 0.7941, Lift: 1.7303, Factor: 1); Beans (Conf: 0.7857, Lift: 1.7668, Factor: 1); Whole Spices (Conf: 0.7800, Lift: 1.9131, Factor: 1); Toor Dal (Conf: 0.7411, Lift: 1.9192, Factor: 1); Root Vegetables (Conf: 0.6753, Lift: 1.6580, Factor: 1); Sugar (Conf: 0.6719, Lift: 1.9202, Factor: 1); Brinjals (Conf: 0.5747, Lift: 1.7606, Factor: 1); Urad Dal (Conf: 0.5714, Lift: 1.9308, Factor: 1); Sooji & Rava (Conf: 0.5495, Lift: 1.9296, Factor: 1); Raw Rice (Conf: 0.3903, Lift: 1.6685, Factor: 1)"
7682167,Raw Rice; Gourd & Cucumber; Beans; Health Drinks; Banana; Other Vegetables; Beans,Whole Spices; Toor Dal; Other Dals; Sugar; Moong Dal; Root Vegetables; Brinjals; Urad Dal; Sooji & Rava; Sunflower Oils,"Whole Spices (Conf: 0.7800, Lift: 1.9131, Factor: 1); Toor Dal (Conf: 0.7462, Lift: 1.9324, Factor: 1); Other Dals (Conf: 0.7176, Lift: 1.5634, Factor: 1); Sugar (Conf: 0.6746, Lift: 1.9280, Factor: 1); Moong Dal (Conf: 0.6505, Lift: 1.9314, Factor: 1); Root Vegetables (Conf: 0.5860, Lift: 1.4387, Factor: 1); Brinjals (Conf: 0.5747, Lift: 1.7606, Factor: 1); Urad Dal (Conf: 0.5714, Lift: 1.9308, Factor: 1); Sooji & Rava (Conf: 0.5495, Lift: 1.9296, Factor: 1); Sunflower Oils (Conf: 0.3603, Lift: 1.9279, Factor: 1)"
7686461,"Organic Salt,Sugar & Jaggery; Sooji & Rava; Moong Dal; Boiled Rice; Urad Dal; Other Dals; Moong Dal",Other Vegetables; Beans; Whole Spices; Root Vegetables; Toor Dal; Sugar; Brinjals; Gourd & Cucumber; Raw Rice; Banana,"Other Vegetables (Conf: 0.6779, Lift: 1.4671, Factor: 1); Beans (Conf: 0.6303, Lift: 1.4174, Factor: 1); Whole Spices (Conf: 0.6037, Lift: 1.4806, Factor: 1); Root Vegetables (Conf: 0.5957, Lift: 1.4626, Factor: 1); Toor Dal (Conf: 0.5690, Lift: 1.4735, Factor: 1); Sugar (Conf: 0.5140, Lift: 1.4689, Factor: 1); Brinjals (Conf: 0.4664, Lift: 1.4289, Factor: 1); Gourd & Cucumber (Conf: 0.4615, Lift: 1.4642, Factor: 1); Raw Rice (Conf: 0.3450, Lift: 1.4751, Factor: 1); Banana (Conf: 0.3211, Lift: 1.4170, Factor: 1)"
7686733,Root Vegetables; Maida; Other Dals; Other Dals; Gourd & Cucumber; Toor Dal; Moong Dal; Other Dals; Beans,Other Vegetables; Whole Spices; Sugar; Brinjals; Urad Dal; Sooji & Rava; Raw Rice; Banana; Sunflower Oils; Avalakki / Poha,"Other Vegetables (Conf: 0.7236, Lift: 1.5660, Factor: 1); Whole Spices (Conf: 0.6500, Lift: 1.5943, Factor: 1); Sugar (Conf: 0.5471, Lift: 1.5635, Factor: 1); Brinjals (Conf: 0.5157, Lift: 1.5800, Factor: 1); Urad Dal (Conf: 0.4655, Lift: 1.5729, Factor: 1); Sooji & Rava (Conf: 0.4491, Lift: 1.5770, Factor: 1); Raw Rice (Conf: 0.3606, Lift: 1.5417, Factor: 1); Banana (Conf: 0.3211, Lift: 1.4170, Factor: 1); Sunflower Oils (Conf: 0.2974, Lift: 1.5910, Factor: 1); Avalakki / Poha (Conf: 0.2744, Lift: 1.6001, Factor: 1)"
7690884,Cooking Sauce; Other Sweets; Chips; Bread; Other Vegetables; Beans; Exotic Vegetables,Urad Dal; Sooji & Rava; Whole Spices; Toor Dal; Sugar; Other Dals; Moong Dal; Gourd & Cucumber; Root Vegetables; Brinjals,"Urad Dal (Conf: 0.8020, Lift: 2.7098, Factor: 1); Sooji & Rava (Conf: 0.7545, Lift: 2.6496, Factor: 1); Whole Spices (Conf: 0.7532, Lift: 1.8473, Factor: 1); Toor Dal (Conf: 0.7411, Lift: 1.9192, Factor: 1); Sugar (Conf: 0.6684, Lift: 1.9104, Factor: 1); Other Dals (Conf: 0.6639, Lift: 1.4466, Factor: 1); Moong Dal (Conf: 0.6471, Lift: 1.9212, Factor: 1); Gourd & Cucumber (Conf: 0.5923, Lift: 1.8790, Factor: 1); Root Vegetables (Conf: 0.5855, Lift: 1.4374, Factor: 1); Brinjals (Conf: 0.5747, Lift: 1.7606, Factor: 1)"
7694372,Organic F&V; Aluminium Foil & Cling Wrap; Organic F&V; Chips; Namkeen; Other Sweets; Healthy Snacks; Organic F&V,Urad Dal; Toor Dal; Other Dals; Sooji & Rava; Sugar; Moong Dal; Whole Spices; Raw Peanuts; Gourd & Cucumber; Beans,"Urad Dal (Conf: 0.7941, Lift: 2.6832, Factor: 1); Toor Dal (Conf: 0.5570, Lift: 3.1981, Factor: 1); Other Dals (Conf: 0.5556, Lift: 3.4490, Factor: 1); Sooji & Rava (Conf: 0.5556, Lift: 3.4490, Factor: 1); Sugar (Conf: 0.4873, Lift: 3.1934, Factor: 1); Moong Dal (Conf: 0.4873, Lift: 3.1934, Factor: 1); Whole Spices (Conf: 0.3624, Lift: 3.7472, Factor: 1); Raw Peanuts (Conf: 0.2536, Lift: 2.8736, Factor: 1); Gourd & Cucumber (Conf: 0.2048, Lift: 0.9226, Factor: 0.5); Beans (Conf: 0.2048, Lift: 0.9226, Factor: 0.5)"
7699855,Root Vegetables; Brinjals; Gourd & Cucumber; Beans; Beans; Other Vegetables; Gourd & Cucumber,Other Dals; Whole Spices; Toor Dal; Sugar; Moong Dal; Urad Dal; Sooji & Rava; Sunflower Oils; Raw Rice; Raw Peanuts,"Other Dals (Conf: 0.8208, Lift: 1.7883, Factor: 1); Whole Spices (Conf: 0.7596, Lift: 1.8631, Factor: 1); Toor Dal (Conf: 0.7208, Lift: 1.8666, Factor: 1); Sugar (Conf: 0.6519, Lift: 1.8629, Factor: 1); Moong Dal (Conf: 0.6287, Lift: 1.8667, Factor: 1); Urad Dal (Conf: 0.5521, Lift: 1.8656, Factor: 1); Sooji & Rava (Conf: 0.5314, Lift: 1.8661, Factor: 1); Sunflower Oils (Conf: 0.3421, Lift: 1.8304, Factor: 1); Raw Rice (Conf: 0.3376, Lift: 1.4433, Factor: 1); Raw Peanuts (Conf: 0.3259, Lift: 1.8385, Factor: 1)"
7700376,Bread; Other Vegetables; Root Vegetables; Sunflower Oils; Other Vegetables; Rice Flour; Beans; Basmati Rice,Whole Spices; Toor Dal; Other Dals; Moong Dal; Sugar; Urad Dal; Gourd & Cucumber; Brinjals; Sooji & Rava; Raw Rice,"Whole Spices (Conf: 0.7879, Lift: 1.9325, Factor: 1); Toor Dal (Conf: 0.7411, Lift: 1.9192, Factor: 1); Other Dals (Conf: 0.7112, Lift: 1.5496, Factor: 1); Moong Dal (Conf: 0.6800, Lift: 2.0190, Factor: 1); Sugar (Conf: 0.6746, Lift: 1.9280, Factor: 1); Urad Dal (Conf: 0.5986, Lift: 2.0226, Factor: 1); Gourd & Cucumber (Conf: 0.5923, Lift: 1.8790, Factor: 1); Brinjals (Conf: 0.5778, Lift: 1.7702, Factor: 1); Sooji & Rava (Conf: 0.5722, Lift: 2.0094, Factor: 1); Raw Rice (Conf: 0.3376, Lift: 1.4433, Factor: 1)"
7703098,Moong Dal; Organic F&V; Root Vegetables; Toor Dal; Namkeen; Namkeen; Root Vegetables,Beans; Other Dals; Other Vegetables; Whole Spices; Sugar; Brinjals; Gourd & Cucumber; Sooji & Rava; Urad Dal; Raw Rice,"Beans (Conf: 0.7798, Lift: 1.7536, Factor: 1); Other Dals (Conf: 0.7782, Lift: 1.6956, Factor: 1); Other Vegetables (Conf: 0.7636, Lift: 1.6527, Factor: 1); Whole Spices (Conf: 0.7051, Lift: 1.7295, Factor: 1); Sugar (Conf: 0.6446, Lift: 1.8423, Factor: 1); Brinjals (Conf: 0.5778, Lift: 1.7702, Factor: 1); Gourd & Cucumber (Conf: 0.5361, Lift: 1.7008, Factor: 1); Sooji & Rava (Conf: 0.5120, Lift: 1.7980, Factor: 1); Urad Dal (Conf: 0.5000, Lift: 1.6895, Factor: 1); Raw Rice (Conf: 0.3903, Lift: 1.6685, Factor: 1)"
7703517,Urad Dal; Jaggery; Avalakki / Poha; Rice Flour; Sugar; Organic Masalas & Spices; Sooji & Rava,Other Vegetables; Other Dals; Beans; Whole Spices; Root Vegetables; Toor Dal; Moong Dal; Brinjals; Gourd & Cucumber; Raw Rice,"Other Vegetables (Conf: 0.7202, Lift: 1.5588, Factor: 1); Other Dals (Conf: 0.6967, Lift: 1.5180, Factor: 1); Beans (Conf: 0.6861, Lift: 1.5429, Factor: 1); Whole Spices (Conf: 0.6327, Lift: 1.5517, Factor: 1); Root Vegetables (Conf: 0.6319, Lift: 1.5515, Factor: 1); Toor Dal (Conf: 0.5983, Lift: 1.5495, Factor: 1); Moong Dal (Conf: 0.5256, Lift: 1.5607, Factor: 1); Brinjals (Conf: 0.4957, Lift: 1.5188, Factor: 1); Gourd & Cucumber (Conf: 0.4785, Lift: 1.5180, Factor: 1); Raw Rice (Conf: 0.3636, Lift: 1.5546, Factor: 1)"
7705323,Moong Dal; Besan; Other Dals; Other Dals; Urad Dal; Other Dals; Regular Pasta,Other Vegetables; Beans; Whole Spices; Root Vegetables; Toor Dal; Sugar; Gourd & Cucumber; Brinjals; Sooji & Rava; Raw Rice,"Other Vegetables (Conf: 0.7551, Lift: 1.6343, Factor: 1); Beans (Conf: 0.7172, Lift: 1.6129, Factor: 1); Whole Spices (Conf: 0.6679, Lift: 1.6382, Factor: 1); Root Vegetables (Conf: 0.6641, Lift: 1.6303, Factor: 1); Toor Dal (Conf: 0.6188, Lift: 1.6026, Factor: 1); Sugar (Conf: 0.5668, Lift: 1.6199, Factor: 1); Gourd & Cucumber (Conf: 0.5171, Lift: 1.6404, Factor: 1); Brinjals (Conf: 0.5157, Lift: 1.5800, Factor: 1); Sooji & Rava (Conf: 0.4350, Lift: 1.5276, Factor: 1); Raw Rice (Conf: 0.3767, Lift: 1.6106, Factor: 1)"
7707108,Gourd & Cucumber; Organic F&V; Organic F&V; Other Vegetables; Buns & Pavs; Other Vegetables; Root Vegetables,Beans; Whole Spices; Toor Dal; Urad Dal; Sooji & Rava; Sugar; Other Dals; Moong Dal; Brinjals; Raw Peanuts,"Beans (Conf: 0.7817, Lift: 1.7579, Factor: 1); Whole Spices (Conf: 0.7800, Lift: 1.9131, Factor: 1); Toor Dal (Conf: 0.7411, Lift: 1.9192, Factor: 1); Urad Dal (Conf: 0.7260, Lift: 2.4532, Factor: 1); Sooji & Rava (Conf: 0.7059, Lift: 2.4787, Factor: 1); Sugar (Conf: 0.6724, Lift: 1.9217, Factor: 1); Other Dals (Conf: 0.6594, Lift: 1.4368, Factor: 1); Moong Dal (Conf: 0.6471, Lift: 1.9212, Factor: 1); Brinjals (Conf: 0.5778, Lift: 1.7702, Factor: 1); Raw Peanuts (Conf: 0.4250, Lift: 2.3976, Factor: 1)"
7708176,Brinjals; Other Vegetables; Sugar; Other Dals; Cooking Paste; Mosquito Repellent; Other Vegetables,Beans; Whole Spices; Toor Dal; Root Vegetables; Moong Dal; Urad Dal; Gourd & Cucumber; Sooji & Rava; Raw Rice; Sunflower Oils,"Beans (Conf: 0.7477, Lift: 1.6815, Factor: 1); Whole Spices (Conf: 0.7215, Lift: 1.7697, Factor: 1); Toor Dal (Conf: 0.6840, Lift: 1.7714, Factor: 1); Root Vegetables (Conf: 0.6396, Lift: 1.5702, Factor: 1); Moong Dal (Conf: 0.5970, Lift: 1.7726, Factor: 1); Urad Dal (Conf: 0.5240, Lift: 1.7705, Factor: 1); Gourd & Cucumber (Conf: 0.4859, Lift: 1.5415, Factor: 1); Sooji & Rava (Conf: 0.4646, Lift: 1.6316, Factor: 1); Raw Rice (Conf: 0.3629, Lift: 1.5513, Factor: 1); Sunflower Oils (Conf: 0.3294, Lift: 1.7626, Factor: 1)"
7709440,Other Vegetables; Other Dals; Root Vegetables; Other Vegetables; Root Vegetables; Other Rice Products; Urad Dal,Beans; Whole Spices; Toor Dal; Sugar; Moong Dal; Brinjals; Sooji & Rava; Gourd & Cucumber; Raw Rice; Banana,"Beans (Conf: 0.7817, Lift: 1.7579, Factor: 1); Whole Spices (Conf: 0.7051, Lift: 1.7295, Factor: 1); Toor Dal (Conf: 0.6735, Lift: 1.7442, Factor: 1); Sugar (Conf: 0.6047, Lift: 1.7281, Factor: 1); Moong Dal (Conf: 0.5782, Lift: 1.7168, Factor: 1); Brinjals (Conf: 0.5455, Lift: 1.6711, Factor: 1); Sooji & Rava (Conf: 0.4860, Lift: 1.7067, Factor: 1); Gourd & Cucumber (Conf: 0.4859, Lift: 1.5415, Factor: 1); Raw Rice (Conf: 0.3705, Lift: 1.5840, Factor: 1); Banana (Conf: 0.3488, Lift: 1.5395, Factor: 1)"
7710637,Organic F&V; Other Dals; Other Dals; Organic F&V; Organic F&V; Gourd & Cucumber; Moong Dal; Organic F&V; Urad Dal; Urad Dal,Other Vegetables; Beans; Whole Spices; Root Vegetables; Toor Dal; Sugar; Brinjals; Sooji & Rava; Raw Rice; Banana,"Other Vegetables (Conf: 0.7551, Lift: 1.6343, Factor: 1); Beans (Conf: 0.7172, Lift: 1.6129, Factor: 1); Whole Spices (Conf: 0.6679, Lift: 1.6382, Factor: 1); Root Vegetables (Conf: 0.6641, Lift: 1.6303, Factor: 1); Toor Dal (Conf: 0.6188, Lift: 1.6026, Factor: 1); Sugar (Conf: 0.5668, Lift: 1.6199, Factor: 1); Brinjals (Conf: 0.5157, Lift: 1.5800, Factor: 1); Sooji & Rava (Conf: 0.4350, Lift: 1.5276, Factor: 1); Raw Rice (Conf: 0.3767, Lift: 1.6106, Factor: 1); Banana (Conf: 0.3488, Lift: 1.5395, Factor: 1)"
7712484,Moong Dal; Avalakki / Poha; Sugar; Other Oils; Liquid Soaps & Bars; Gourd & Cucumber; Cream Biscuits,Other Dals; Whole Spices; Beans; Other Vegetables; Toor Dal; Root Vegetables; Urad Dal; Sooji & Rava; Brinjals; Raw Rice,"Other Dals (Conf: 0.8247, Lift: 1.7970, Factor: 1); Whole Spices (Conf: 0.7800, Lift: 1.9131, Factor: 1); Beans (Conf: 0.7798, Lift: 1.7536, Factor: 1); Other Vegetables (Conf: 0.7674, Lift: 1.6608, Factor: 1); Toor Dal (Conf: 0.7203, Lift: 1.8655, Factor: 1); Root Vegetables (Conf: 0.6753, Lift: 1.6580, Factor: 1); Urad Dal (Conf: 0.5758, Lift: 1.9454, Factor: 1); Sooji & Rava (Conf: 0.5548, Lift: 1.9483, Factor: 1); Brinjals (Conf: 0.5482, Lift: 1.6795, Factor: 1); Raw Rice (Conf: 0.3903, Lift: 1.6685, Factor: 1)"
7714867,Toor Dal; Sugar; Other Dals; Sugar; Other Dals; Moong Dal; Toor Dal,Other Vegetables; Beans; Root Vegetables; Whole Spices; Brinjals; Gourd & Cucumber; Urad Dal; Raw Rice; Banana; Sunflower Oils,"Other Vegetables (Conf: 0.6594, Lift: 1.4272, Factor: 1); Beans (Conf: 0.6570, Lift: 1.4774, Factor: 1); Root Vegetables (Conf: 0.5972, Lift: 1.4661, Factor: 1); Whole Spices (Conf: 0.5951, Lift: 1.4596, Factor: 1); Brinjals (Conf: 0.4766, Lift: 1.4603, Factor: 1); Gourd & Cucumber (Conf: 0.4638, Lift: 1.4712, Factor: 1); Urad Dal (Conf: 0.4187, Lift: 1.4148, Factor: 1); Raw Rice (Conf: 0.3324, Lift: 1.4211, Factor: 1); Banana (Conf: 0.3211, Lift: 1.4170, Factor: 1); Sunflower Oils (Conf: 0.2767, Lift: 1.4803, Factor: 1)"
7717595,Other Vegetables; Organic Rice & Rice Products; Avalakki / Poha; Besan; Sooji & Rava; Other Dals; Raw Rice; Toor Dal; Organic F&V; Moong Dal; Sugar; Organic F&V,Beans; Whole Spices; Root Vegetables; Brinjals; Gourd & Cucumber; Urad Dal; Banana; Sunflower Oils; Bread; Maida,"Beans (Conf: 0.5748, Lift: 1.2924, Factor: 1); Whole Spices (Conf: 0.5565, Lift: 1.3650, Factor: 1); Root Vegetables (Conf: 0.5542, Lift: 1.3606, Factor: 1); Brinjals (Conf: 0.4412, Lift: 1.3517, Factor: 1); Gourd & Cucumber (Conf: 0.4236, Lift: 1.3439, Factor: 1); Urad Dal (Conf: 0.3842, Lift: 1.2983, Factor: 1); Banana (Conf: 0.3015, Lift: 1.3304, Factor: 1); Sunflower Oils (Conf: 0.2435, Lift: 1.3027, Factor: 1); Bread (Conf: 0.1687, Lift: 1.2834, Factor: 1); Maida (Conf: 0.1625, Lift: 1.3134, Factor: 1)"
7719372,Other Dry Fruits; Cashews; Sooji & Rava; Other Sauces; Avalakki / Poha; Organic Masalas & Spices; Moong Dal,Whole Spices; Other Dals; Beans; Toor Dal; Other Vegetables; Sugar; Root Vegetables; Urad Dal; Brinjals; Gourd & Cucumber,"Whole Spices (Conf: 0.8058, Lift: 1.9765, Factor: 1); Other Dals (Conf: 0.7981, Lift: 1.7389, Factor: 1); Beans (Conf: 0.7798, Lift: 1.7536, Factor: 1); Toor Dal (Conf: 0.7652, Lift: 1.9816, Factor: 1); Other Vegetables (Conf: 0.7636, Lift: 1.6527, Factor: 1); Sugar (Conf: 0.7073, Lift: 2.0215, Factor: 1); Root Vegetables (Conf: 0.6753, Lift: 1.6580, Factor: 1); Urad Dal (Conf: 0.5955, Lift: 2.0122, Factor: 1); Brinjals (Conf: 0.5482, Lift: 1.6795, Factor: 1); Gourd & Cucumber (Conf: 0.5283, Lift: 1.6760, Factor: 1)"
7721190,Urad Dal; Beans; Raw Rice; Organic F&V; Gourd & Cucumber; Other Vegetables; Brinjals,Other Dals; Whole Spices; Toor Dal; Root Vegetables; Sugar; Moong Dal; Sooji & Rava; Sunflower Oils; Raw Peanuts; Avalakki / Poha,"Other Dals (Conf: 0.8208, Lift: 1.7883, Factor: 1); Whole Spices (Conf: 0.7436, Lift: 1.8238, Factor: 1); Toor Dal (Conf: 0.6900, Lift: 1.7869, Factor: 1); Root Vegetables (Conf: 0.6724, Lift: 1.6508, Factor: 1); Sugar (Conf: 0.6354, Lift: 1.8159, Factor: 1); Moong Dal (Conf: 0.6143, Lift: 1.8239, Factor: 1); Sooji & Rava (Conf: 0.5224, Lift: 1.8344, Factor: 1); Sunflower Oils (Conf: 0.3382, Lift: 1.8093, Factor: 1); Raw Peanuts (Conf: 0.3259, Lift: 1.8385, Factor: 1); Avalakki / Poha (Conf: 0.2929, Lift: 1.7082, Factor: 1)"
7724198,Organic F&V; Organic F&V; Other Vegetables; Gourd & Cucumber; Other Vegetables; Gourd & Cucumber; Organic F&V,Urad Dal; Whole Spices; Toor Dal; Sugar; Moong Dal; Other Dals; Root Vegetables; Brinjals; Sooji & Rava; Beans,"Urad Dal (Conf: 0.7941, Lift: 2.6832, Factor: 1); Whole Spices (Conf: 0.7800, Lift: 1.9131, Factor: 1); Toor Dal (Conf: 0.7411, Lift: 1.9192, Factor: 1); Sugar (Conf: 0.6719, Lift: 1.9202, Factor: 1); Moong Dal (Conf: 0.6471, Lift: 1.9212, Factor: 1); Other Dals (Conf: 0.6028, Lift: 2.4636, Factor: 1); Root Vegetables (Conf: 0.5860, Lift: 1.4387, Factor: 1); Brinjals (Conf: 0.5747, Lift: 1.7606, Factor: 1); Sooji & Rava (Conf: 0.5495, Lift: 1.9296, Factor: 1); Beans (Conf: 0.5379, Lift: 1.7715, Factor: 1)"
7727449,Organic F&V; Organic F&V; Organic F&V; Organic F&V; Organic F&V; Organic F&V; Brinjals,Other Dals; Urad Dal; Whole Spices; Toor Dal; Sooji & Rava; Sugar; Moong Dal; Root Vegetables; Beans; Other Vegetables,"Other Dals (Conf: 0.8208, Lift: 1.7883, Factor: 1); Urad Dal (Conf: 0.7941, Lift: 2.6832, Factor: 1); Whole Spices (Conf: 0.7692, Lift: 1.8867, Factor: 1); Toor Dal (Conf: 0.7460, Lift: 1.9321, Factor: 1); Sooji & Rava (Conf: 0.7030, Lift: 2.4687, Factor: 1); Sugar (Conf: 0.6701, Lift: 1.9150, Factor: 1); Moong Dal (Conf: 0.6463, Lift: 1.9188, Factor: 1); Root Vegetables (Conf: 0.5845, Lift: 1.4350, Factor: 1); Beans (Conf: 0.5721, Lift: 1.8839, Factor: 1); Other Vegetables (Conf: 0.5721, Lift: 1.8839, Factor: 1)"
7728660,Organic F&V; Organic F&V; Buns & Pavs; Organic F&V; Beans; Exotic Vegetables; Other Vegetables,Urad Dal; Sooji & Rava; Whole Spices; Toor Dal; Other Dals; Sugar; Moong Dal; Gourd & Cucumber; Root Vegetables; Brinjals,"Urad Dal (Conf: 0.8020, Lift: 2.7098, Factor: 1); Sooji & Rava (Conf: 0.7545, Lift: 2.6496, Factor: 1); Whole Spices (Conf: 0.7532, Lift: 1.8473, Factor: 1); Toor Dal (Conf: 0.7411, Lift: 1.9192, Factor: 1); Other Dals (Conf: 0.6639, Lift: 1.4466, Factor: 1); Sugar (Conf: 0.6627, Lift: 1.8940, Factor: 1); Moong Dal (Conf: 0.6471, Lift: 1.9212, Factor: 1); Gourd & Cucumber (Conf: 0.5923, Lift: 1.8790, Factor: 1); Root Vegetables (Conf: 0.5855, Lift: 1.4374, Factor: 1); Brinjals (Conf: 0.5747, Lift: 1.7606, Factor: 1)"
7729749,Brinjals; Other Vegetables; Chilli & Soya Sauces; Brinjals; Root Vegetables; Gourd & Cucumber; Gourd & Cucumber,Other Dals; Whole Spices; Beans; Toor Dal; Sugar; Moong Dal; Urad Dal; Sooji & Rava; Sunflower Oils; Raw Rice,"Other Dals (Conf: 0.8208, Lift: 1.7883, Factor: 1); Whole Spices (Conf: 0.7830, Lift: 1.9205, Factor: 1); Beans (Conf: 0.7817, Lift: 1.7579, Factor: 1); Toor Dal (Conf: 0.7480, Lift: 1.9371, Factor: 1); Sugar (Conf: 0.6772, Lift: 1.9353, Factor: 1); Moong Dal (Conf: 0.6471, Lift: 1.9212, Factor: 1); Urad Dal (Conf: 0.5714, Lift: 1.9308, Factor: 1); Sooji & Rava (Conf: 0.5495, Lift: 1.9296, Factor: 1); Sunflower Oils (Conf: 0.3421, Lift: 1.8304, Factor: 1); Raw Rice (Conf: 0.3358, Lift: 1.4358, Factor: 1)"
7730836,"Exotic Vegetables; Namkeen; Namkeen; Glucose, Marie & Milk Biscuits; Root Vegetables; Other Vegetables; Exotic Vegetables; Cream Biscuits; Glucose, Marie & Milk Biscuits; Beans",Whole Spices; Toor Dal; Urad Dal; Sooji & Rava; Sugar; Other Dals; Moong Dal; Gourd & Cucumber; Brinjals; Raw Peanuts,"Whole Spices (Conf: 0.7879, Lift: 1.9325, Factor: 1); Toor Dal (Conf: 0.7411, Lift: 1.9192, Factor: 1); Urad Dal (Conf: 0.7260, Lift: 2.4532, Factor: 1); Sooji & Rava (Conf: 0.6866, Lift: 2.4109, Factor: 1); Sugar (Conf: 0.6746, Lift: 1.9280, Factor: 1); Other Dals (Conf: 0.6639, Lift: 1.4466, Factor: 1); Moong Dal (Conf: 0.6471, Lift: 1.9212, Factor: 1); Gourd & Cucumber (Conf: 0.5923, Lift: 1.8790, Factor: 1); Brinjals (Conf: 0.5778, Lift: 1.7702, Factor: 1); Raw Peanuts (Conf: 0.4250, Lift: 2.3976, Factor: 1)"
7733315,Other Rice Products; Basmati Rice; Urad Dal; Banana; Whole Spices; Exotic Vegetables; Brinjals; Boiled Rice,Other Dals; Other Vegetables; Toor Dal; Beans; Root Vegetables; Sugar; Moong Dal; Gourd & Cucumber; Sooji & Rava; Raw Rice,"Other Dals (Conf: 0.8208, Lift: 1.7883, Factor: 1); Other Vegetables (Conf: 0.7778, Lift: 1.6833, Factor: 1); Toor Dal (Conf: 0.7460, Lift: 1.9321, Factor: 1); Beans (Conf: 0.7143, Lift: 1.6062, Factor: 1); Root Vegetables (Conf: 0.6812, Lift: 1.6723, Factor: 1); Sugar (Conf: 0.6701, Lift: 1.9150, Factor: 1); Moong Dal (Conf: 0.6463, Lift: 1.9188, Factor: 1); Gourd & Cucumber (Conf: 0.6091, Lift: 1.9323, Factor: 1); Sooji & Rava (Conf: 0.5399, Lift: 1.8958, Factor: 1); Raw Rice (Conf: 0.3793, Lift: 1.6216, Factor: 1)"
7734225,Other Dals; Whole Spices; Raw Peanuts; Jaggery; Toilet Cleaners; Instant Noodles; Other Dals; Other Dals; Phenyles & Acids; Liquid Soaps & Bars; Whole Spices; Buns & Pavs; Toothpaste,Other Vegetables; Beans; Root Vegetables; Toor Dal; Sugar; Moong Dal; Brinjals; Gourd & Cucumber; Sooji & Rava; Urad Dal,"Other Vegetables (Conf: 0.7358, Lift: 1.5926, Factor: 1); Beans (Conf: 0.7042, Lift: 1.5834, Factor: 1); Root Vegetables (Conf: 0.6332, Lift: 1.5545, Factor: 1); Toor Dal (Conf: 0.6173, Lift: 1.5987, Factor: 1); Sugar (Conf: 0.5471, Lift: 1.5635, Factor: 1); Moong Dal (Conf: 0.5437, Lift: 1.6144, Factor: 1); Brinjals (Conf: 0.5159, Lift: 1.5805, Factor: 1); Gourd & Cucumber (Conf: 0.5155, Lift: 1.6354, Factor: 1); Sooji & Rava (Conf: 0.4704, Lift: 1.6518, Factor: 1); Urad Dal (Conf: 0.4667, Lift: 1.5768, Factor: 1)"
7738863,Beans; Organic F&V; Brinjals; Brinjals; Organic F&V; Organic F&V; Gourd & Cucumber; Jaggery; Organic F&V,Other Dals; Urad Dal; Whole Spices; Sooji & Rava; Toor Dal; Sugar; Other Vegetables; Moong Dal; Root Vegetables; Raw Peanuts,"Other Dals (Conf: 0.8208, Lift: 1.7883, Factor: 1); Urad Dal (Conf: 0.7941, Lift: 2.6832, Factor: 1); Whole Spices (Conf: 0.7800, Lift: 1.9131, Factor: 1); Sooji & Rava (Conf: 0.7545, Lift: 2.6496, Factor: 1); Toor Dal (Conf: 0.7480, Lift: 1.9371, Factor: 1); Sugar (Conf: 0.6701, Lift: 1.9150, Factor: 1); Other Vegetables (Conf: 0.6667, Lift: 1.4429, Factor: 1); Moong Dal (Conf: 0.6465, Lift: 1.9196, Factor: 1); Root Vegetables (Conf: 0.5845, Lift: 1.4350, Factor: 1); Raw Peanuts (Conf: 0.4663, Lift: 2.6308, Factor: 1)"
7742017,"Organic F&V; Liquid Detergent; Organic F&V; Organic F&V; Organic F&V; Organic Salt,Sugar & Jaggery; Organic Dals & Pulses",Urad Dal; Toor Dal; Sugar; Moong Dal; Sooji & Rava; Whole Spices; Other Dals; Raw Peanuts; Gourd & Cucumber; Beans,"Urad Dal (Conf: 0.7941, Lift: 2.6832, Factor: 1); Toor Dal (Conf: 0.5570, Lift: 3.1981, Factor: 1); Sugar (Conf: 0.4873, Lift: 3.1934, Factor: 1); Moong Dal (Conf: 0.4873, Lift: 3.1934, Factor: 1); Sooji & Rava (Conf: 0.3624, Lift: 3.7472, Factor: 1); Whole Spices (Conf: 0.3624, Lift: 3.7472, Factor: 1); Other Dals (Conf: 0.2790, Lift: 2.7323, Factor: 1); Raw Peanuts (Conf: 0.2536, Lift: 2.8736, Factor: 1); Gourd & Cucumber (Conf: 0.2048, Lift: 0.9226, Factor: 0.5); Beans (Conf: 0.2048, Lift: 0.9226, Factor: 0.5)"
7742018,Root Vegetables; Organic F&V; Banana; Organic F&V; Other Vegetables; Beans; Organic F&V; Avalakki / Poha,Whole Spices; Toor Dal; Sugar; Other Dals; Moong Dal; Gourd & Cucumber; Brinjals; Urad Dal; Sooji & Rava; Sunflower Oils,"Whole Spices (Conf: 0.7879, Lift: 1.9325, Factor: 1); Toor Dal (Conf: 0.7462, Lift: 1.9324, Factor: 1); Sugar (Conf: 0.6750, Lift: 1.9291, Factor: 1); Other Dals (Conf: 0.6641, Lift: 1.4469, Factor: 1); Moong Dal (Conf: 0.6471, Lift: 1.9212, Factor: 1); Gourd & Cucumber (Conf: 0.6091, Lift: 1.9323, Factor: 1); Brinjals (Conf: 0.5778, Lift: 1.7702, Factor: 1); Urad Dal (Conf: 0.5706, Lift: 1.9280, Factor: 1); Sooji & Rava (Conf: 0.5495, Lift: 1.9296, Factor: 1); Sunflower Oils (Conf: 0.3603, Lift: 1.9279, Factor: 1)"
7745973,Moong Dal; Organic F&V; Beans; Yogurt & Lassi; Organic F&V; Besan; Root Vegetables,Whole Spices; Other Dals; Other Vegetables; Toor Dal; Sugar; Urad Dal; Sooji & Rava; Gourd & Cucumber; Brinjals; Raw Rice,"Whole Spices (Conf: 0.7879, Lift: 1.9325, Factor: 1); Other Dals (Conf: 0.7664, Lift: 1.6698, Factor: 1); Other Vegetables (Conf: 0.7636, Lift: 1.6527, Factor: 1); Toor Dal (Conf: 0.7364, Lift: 1.9070, Factor: 1); Sugar (Conf: 0.6746, Lift: 1.9280, Factor: 1); Urad Dal (Conf: 0.6603, Lift: 2.2309, Factor: 1); Sooji & Rava (Conf: 0.6329, Lift: 2.2225, Factor: 1); Gourd & Cucumber (Conf: 0.5817, Lift: 1.8454, Factor: 1); Brinjals (Conf: 0.5778, Lift: 1.7702, Factor: 1); Raw Rice (Conf: 0.3903, Lift: 1.6685, Factor: 1)"
7748353,"Other Dals; Beans; Gourd & Cucumber; Namkeen; Other Vegetables; Salty Biscuits; Other Dals; Brinjals; Toor Dal; Other Vegetables; Cream Biscuits; Sugar; Beans; Glucose, Marie & Milk Biscuits; Toilet Cleaners; Banana",Root Vegetables; Whole Spices; Moong Dal; Sooji & Rava; Urad Dal; Raw Rice; Sunflower Oils; Raw Peanuts; Avalakki / Poha; Besan,"Root Vegetables (Conf: 0.6127, Lift: 1.5041, Factor: 1); Whole Spices (Conf: 0.6107, Lift: 1.4979, Factor: 1); Moong Dal (Conf: 0.4831, Lift: 1.4344, Factor: 1); Sooji & Rava (Conf: 0.4110, Lift: 1.4433, Factor: 1); Urad Dal (Conf: 0.3842, Lift: 1.2983, Factor: 1); Raw Rice (Conf: 0.3368, Lift: 1.4397, Factor: 1); Sunflower Oils (Conf: 0.2767, Lift: 1.4803, Factor: 1); Raw Peanuts (Conf: 0.2555, Lift: 1.4411, Factor: 1); Avalakki / Poha (Conf: 0.2298, Lift: 1.3399, Factor: 1); Besan (Conf: 0.1862, Lift: 1.2616, Factor: 1)"
7749985,Moong Dal; Gourd & Cucumber; Beans; Banana; Raw Rice; Sugar; Gourd & Cucumber,Other Dals; Other Vegetables; Whole Spices; Root Vegetables; Toor Dal; Brinjals; Urad Dal; Sooji & Rava; Sunflower Oils; Raw Peanuts,"Other Dals (Conf: 0.7727, Lift: 1.6837, Factor: 1); Other Vegetables (Conf: 0.7674, Lift: 1.6608, Factor: 1); Whole Spices (Conf: 0.6942, Lift: 1.7027, Factor: 1); Root Vegetables (Conf: 0.6753, Lift: 1.6580, Factor: 1); Toor Dal (Conf: 0.6615, Lift: 1.7132, Factor: 1); Brinjals (Conf: 0.5482, Lift: 1.6795, Factor: 1); Urad Dal (Conf: 0.5000, Lift: 1.6895, Factor: 1); Sooji & Rava (Conf: 0.4646, Lift: 1.6316, Factor: 1); Sunflower Oils (Conf: 0.3083, Lift: 1.6493, Factor: 1); Raw Peanuts (Conf: 0.2854, Lift: 1.6102, Factor: 1)"
7752825,Other Dals; Sugar; Urad Dal; Toor Dal; Instant Noodles; Moong Dal; Sunflower Oils; Sooji & Rava,Beans; Other Vegetables; Whole Spices; Root Vegetables; Brinjals; Gourd & Cucumber; Raw Rice; Banana; Avalakki / Poha; Organic F&V,"Beans (Conf: 0.5449, Lift: 1.2254, Factor: 1); Other Vegetables (Conf: 0.5349, Lift: 1.1577, Factor: 1); Whole Spices (Conf: 0.5074, Lift: 1.2445, Factor: 1); Root Vegetables (Conf: 0.5048, Lift: 1.2394, Factor: 1); Brinjals (Conf: 0.4018, Lift: 1.2309, Factor: 1); Gourd & Cucumber (Conf: 0.4010, Lift: 1.2720, Factor: 1); Raw Rice (Conf: 0.2973, Lift: 1.2710, Factor: 1); Banana (Conf: 0.2794, Lift: 1.2332, Factor: 1); Avalakki / Poha (Conf: 0.2140, Lift: 1.2477, Factor: 1); Organic F&V (Conf: 0.2123, Lift: 1.1874, Factor: 1)"
7753069,Organic Flours; Gourd & Cucumber; Regular Pasta; Organic F&V; Organic F&V; Organic F&V; Organic F&V; Bread; Organic F&V; Organic F&V,Urad Dal; Whole Spices; Toor Dal; Sugar; Moong Dal; Other Dals; Sooji & Rava; Raw Peanuts; Beans; Jaggery,"Urad Dal (Conf: 0.7941, Lift: 2.6832, Factor: 1); Whole Spices (Conf: 0.7800, Lift: 1.9131, Factor: 1); Toor Dal (Conf: 0.7203, Lift: 1.8655, Factor: 1); Sugar (Conf: 0.6515, Lift: 1.8620, Factor: 1); Moong Dal (Conf: 0.6404, Lift: 1.9014, Factor: 1); Other Dals (Conf: 0.5870, Lift: 2.3987, Factor: 1); Sooji & Rava (Conf: 0.5495, Lift: 1.9294, Factor: 1); Raw Peanuts (Conf: 0.4438, Lift: 2.5037, Factor: 1); Beans (Conf: 0.3929, Lift: 0.8834, Factor: 0.5); Jaggery (Conf: 0.3376, Lift: 2.7378, Factor: 1)"
7754398,Exotic Vegetables; Organic F&V; Wafers; Exotic Vegetables; Other Vegetables; Beans; Corn Snacks,Urad Dal; Sooji & Rava; Whole Spices; Toor Dal; Other Dals; Sugar; Moong Dal; Gourd & Cucumber; Root Vegetables; Brinjals,"Urad Dal (Conf: 0.8020, Lift: 2.7098, Factor: 1); Sooji & Rava (Conf: 0.7545, Lift: 2.6496, Factor: 1); Whole Spices (Conf: 0.7532, Lift: 1.8473, Factor: 1); Toor Dal (Conf: 0.7411, Lift: 1.9192, Factor: 1); Other Dals (Conf: 0.6639, Lift: 1.4466, Factor: 1); Sugar (Conf: 0.6627, Lift: 1.8940, Factor: 1); Moong Dal (Conf: 0.6471, Lift: 1.9212, Factor: 1); Gourd & Cucumber (Conf: 0.5923, Lift: 1.8790, Factor: 1); Root Vegetables (Conf: 0.5855, Lift: 1.4374, Factor: 1); Brinjals (Conf: 0.5747, Lift: 1.7606, Factor: 1)"
7756215,Organic F&V; Beans; Other Vegetables; Root Vegetables; Gourd & Cucumber; Raisins; Organic F&V; Other Vegetables; Root Vegetables,Whole Spices; Toor Dal; Other Dals; Sugar; Moong Dal; Brinjals; Urad Dal; Sooji & Rava; Sunflower Oils; Raw Rice,"Whole Spices (Conf: 0.7636, Lift: 1.8730, Factor: 1); Toor Dal (Conf: 0.7338, Lift: 1.9004, Factor: 1); Other Dals (Conf: 0.6639, Lift: 1.4466, Factor: 1); Sugar (Conf: 0.6627, Lift: 1.8940, Factor: 1); Moong Dal (Conf: 0.6404, Lift: 1.9014, Factor: 1); Brinjals (Conf: 0.5778, Lift: 1.7702, Factor: 1); Urad Dal (Conf: 0.5585, Lift: 1.8870, Factor: 1); Sooji & Rava (Conf: 0.5402, Lift: 1.8968, Factor: 1); Sunflower Oils (Conf: 0.3421, Lift: 1.8304, Factor: 1); Raw Rice (Conf: 0.3376, Lift: 1.4433, Factor: 1)"
7757206,Raw Rice; Brinjals; Besan; Gourd & Cucumber; Other Vegetables; Toor Dal; Beans; Gourd & Cucumber; Root Vegetables; Root Vegetables; Other Vegetables,Other Dals; Whole Spices; Sugar; Moong Dal; Sooji & Rava; Urad Dal; Sunflower Oils; Avalakki / Poha; Banana; Raw Peanuts,"Other Dals (Conf: 0.7782, Lift: 1.6956, Factor: 1); Whole Spices (Conf: 0.7193, Lift: 1.7643, Factor: 1); Sugar (Conf: 0.6159, Lift: 1.7603, Factor: 1); Moong Dal (Conf: 0.5930, Lift: 1.7607, Factor: 1); Sooji & Rava (Conf: 0.5022, Lift: 1.7634, Factor: 1); Urad Dal (Conf: 0.3842, Lift: 1.2983, Factor: 1); Sunflower Oils (Conf: 0.3294, Lift: 1.7626, Factor: 1); Avalakki / Poha (Conf: 0.3019, Lift: 1.7604, Factor: 1); Banana (Conf: 0.3000, Lift: 1.3240, Factor: 1); Raw Peanuts (Conf: 0.2641, Lift: 1.4898, Factor: 1)"
7757462,Brinjals; Organic F&V; Gourd & Cucumber; Organic F&V; Organic F&V; Organic F&V; Other Dals,Whole Spices; Toor Dal; Sugar; Beans; Other Vegetables; Moong Dal; Urad Dal; Root Vegetables; Sooji & Rava; Raw Rice,"Whole Spices (Conf: 0.8598, Lift: 2.1089, Factor: 1); Toor Dal (Conf: 0.7480, Lift: 1.9371, Factor: 1); Sugar (Conf: 0.7477, Lift: 2.1370, Factor: 1); Beans (Conf: 0.7477, Lift: 1.6815, Factor: 1); Other Vegetables (Conf: 0.7196, Lift: 1.5574, Factor: 1); Moong Dal (Conf: 0.6710, Lift: 1.9922, Factor: 1); Urad Dal (Conf: 0.6628, Lift: 2.2395, Factor: 1); Root Vegetables (Conf: 0.6332, Lift: 1.5545, Factor: 1); Sooji & Rava (Conf: 0.6188, Lift: 2.1727, Factor: 1); Raw Rice (Conf: 0.3563, Lift: 1.5231, Factor: 1)"
7760313,Phenyles & Acids; Liquid Soaps & Bars; Sooji & Rava; Organic F&V; Besan; Sugar; Moong Dal; Moong Dal; Organic F&V,Other Vegetables; Other Dals; Beans; Whole Spices; Root Vegetables; Toor Dal; Brinjals; Gourd & Cucumber; Urad Dal; Raw Rice,"Other Vegetables (Conf: 0.7551, Lift: 1.6343, Factor: 1); Other Dals (Conf: 0.7534, Lift: 1.6416, Factor: 1); Beans (Conf: 0.7214, Lift: 1.6223, Factor: 1); Whole Spices (Conf: 0.6679, Lift: 1.6382, Factor: 1); Root Vegetables (Conf: 0.6641, Lift: 1.6303, Factor: 1); Toor Dal (Conf: 0.6282, Lift: 1.6269, Factor: 1); Brinjals (Conf: 0.5292, Lift: 1.6213, Factor: 1); Gourd & Cucumber (Conf: 0.5171, Lift: 1.6404, Factor: 1); Urad Dal (Conf: 0.4853, Lift: 1.6398, Factor: 1); Raw Rice (Conf: 0.3767, Lift: 1.6106, Factor: 1)"
7762269,Organic F&V; Other Dry Fruits; Organic F&V; Banana; Snacky Nuts; Organic F&V; Organic F&V,Urad Dal; Toor Dal; Other Vegetables; Other Dals; Gourd & Cucumber; Whole Spices; Sugar; Moong Dal; Sooji & Rava; Sunflower Oils,"Urad Dal (Conf: 0.7941, Lift: 2.6832, Factor: 1); Toor Dal (Conf: 0.7477, Lift: 1.9363, Factor: 1); Other Vegetables (Conf: 0.6667, Lift: 1.4429, Factor: 1); Other Dals (Conf: 0.6639, Lift: 1.4465, Factor: 1); Gourd & Cucumber (Conf: 0.6091, Lift: 1.9323, Factor: 1); Whole Spices (Conf: 0.6014, Lift: 3.1787, Factor: 1); Sugar (Conf: 0.6014, Lift: 3.1787, Factor: 1); Moong Dal (Conf: 0.4873, Lift: 3.1934, Factor: 1); Sooji & Rava (Conf: 0.4615, Lift: 2.8653, Factor: 1); Sunflower Oils (Conf: 0.3603, Lift: 1.9279, Factor: 1)"
7764086,Sooji & Rava; Besan; Urad Dal; Brinjals; Whole Spices; Urad Dal; Other Dals; Whole Spices; Other Vegetables; Whole Spices,Beans; Root Vegetables; Toor Dal; Moong Dal; Sugar; Gourd & Cucumber; Raw Rice; Banana; Sunflower Oils; Organic F&V,"Beans (Conf: 0.6303, Lift: 1.4174, Factor: 1); Root Vegetables (Conf: 0.5766, Lift: 1.4157, Factor: 1); Toor Dal (Conf: 0.5479, Lift: 1.4191, Factor: 1); Moong Dal (Conf: 0.4720, Lift: 1.4013, Factor: 1); Sugar (Conf: 0.4686, Lift: 1.3392, Factor: 1); Gourd & Cucumber (Conf: 0.4444, Lift: 1.4099, Factor: 1); Raw Rice (Conf: 0.3180, Lift: 1.3595, Factor: 1); Banana (Conf: 0.3015, Lift: 1.3304, Factor: 1); Sunflower Oils (Conf: 0.2487, Lift: 1.3308, Factor: 1); Organic F&V (Conf: 0.2380, Lift: 1.3308, Factor: 1)"
7764234,Urad Dal; Organic F&V; Exotic Vegetables; Beans; Brinjals; Whole Spices; Raw Peanuts; Exotic Vegetables; Beans; Sugar,Other Vegetables; Other Dals; Root Vegetables; Toor Dal; Moong Dal; Gourd & Cucumber; Sooji & Rava; Raw Rice; Banana; Avalakki / Poha,"Other Vegetables (Conf: 0.6854, Lift: 1.4835, Factor: 1); Other Dals (Conf: 0.6785, Lift: 1.4783, Factor: 1); Root Vegetables (Conf: 0.6049, Lift: 1.4850, Factor: 1); Toor Dal (Conf: 0.5672, Lift: 1.4689, Factor: 1); Moong Dal (Conf: 0.5000, Lift: 1.4846, Factor: 1); Gourd & Cucumber (Conf: 0.4615, Lift: 1.4642, Factor: 1); Sooji & Rava (Conf: 0.4152, Lift: 1.4580, Factor: 1); Raw Rice (Conf: 0.3180, Lift: 1.3595, Factor: 1); Banana (Conf: 0.2944, Lift: 1.2993, Factor: 1); Avalakki / Poha (Conf: 0.2495, Lift: 1.4550, Factor: 1)"
7764318,Organic F&V; Beans; Beans; Avalakki / Poha; Beans; Other Vegetables; Gourd & Cucumber,Whole Spices; Toor Dal; Urad Dal; Sugar; Moong Dal; Other Dals; Root Vegetables; Brinjals; Sooji & Rava; Raw Peanuts,"Whole Spices (Conf: 0.7800, Lift: 1.9131, Factor: 1); Toor Dal (Conf: 0.7578, Lift: 1.9626, Factor: 1); Urad Dal (Conf: 0.7105, Lift: 2.4008, Factor: 1); Sugar (Conf: 0.6719, Lift: 1.9202, Factor: 1); Moong Dal (Conf: 0.6714, Lift: 1.9935, Factor: 1); Other Dals (Conf: 0.6639, Lift: 1.4466, Factor: 1); Root Vegetables (Conf: 0.5860, Lift: 1.4387, Factor: 1); Brinjals (Conf: 0.5747, Lift: 1.7606, Factor: 1); Sooji & Rava (Conf: 0.5662, Lift: 1.9883, Factor: 1); Raw Peanuts (Conf: 0.4250, Lift: 2.3976, Factor: 1)"
7764985,Aluminium Foil & Cling Wrap; Rice Flour; Raw Peanuts; Root Vegetables; Other Vegetables; Buns & Pavs; Beans; Other Vegetables; Tomato Ketchup; Sooji & Rava,Other Dals; Whole Spices; Toor Dal; Sugar; Moong Dal; Gourd & Cucumber; Brinjals; Urad Dal; Raw Rice; Sunflower Oils,"Other Dals (Conf: 0.7981, Lift: 1.7389, Factor: 1); Whole Spices (Conf: 0.7522, Lift: 1.8450, Factor: 1); Toor Dal (Conf: 0.7118, Lift: 1.8434, Factor: 1); Sugar (Conf: 0.6446, Lift: 1.8423, Factor: 1); Moong Dal (Conf: 0.6159, Lift: 1.8288, Factor: 1); Gourd & Cucumber (Conf: 0.5817, Lift: 1.8454, Factor: 1); Brinjals (Conf: 0.5778, Lift: 1.7702, Factor: 1); Urad Dal (Conf: 0.5400, Lift: 1.8245, Factor: 1); Raw Rice (Conf: 0.3961, Lift: 1.6935, Factor: 1); Sunflower Oils (Conf: 0.3421, Lift: 1.8304, Factor: 1)"
7765027,Organic F&V; Exotic Vegetables; Organic F&V; Gourd & Cucumber; Other Vegetables; Exotic Vegetables; Cream Biscuits; Exotic Vegetables,Urad Dal; Whole Spices; Toor Dal; Sugar; Moong Dal; Sooji & Rava; Other Dals; Root Vegetables; Brinjals; Beans,"Urad Dal (Conf: 0.7941, Lift: 2.6832, Factor: 1); Whole Spices (Conf: 0.7800, Lift: 1.9131, Factor: 1); Toor Dal (Conf: 0.7411, Lift: 1.9192, Factor: 1); Sugar (Conf: 0.6719, Lift: 1.9202, Factor: 1); Moong Dal (Conf: 0.6471, Lift: 1.9212, Factor: 1); Sooji & Rava (Conf: 0.6103, Lift: 3.7529, Factor: 1); Other Dals (Conf: 0.6028, Lift: 2.4636, Factor: 1); Root Vegetables (Conf: 0.5860, Lift: 1.4387, Factor: 1); Brinjals (Conf: 0.5747, Lift: 1.7606, Factor: 1); Beans (Conf: 0.5379, Lift: 1.7715, Factor: 1)"
7765977,Avalakki / Poha; Beans; Organic F&V; Beans; Exotic Vegetables; Raw Rice; Urad Dal,Whole Spices; Toor Dal; Other Vegetables; Moong Dal; Sugar; Other Dals; Root Vegetables; Sooji & Rava; Gourd & Cucumber; Brinjals,"Whole Spices (Conf: 0.8365, Lift: 2.0518, Factor: 1); Toor Dal (Conf: 0.7761, Lift: 2.0100, Factor: 1); Other Vegetables (Conf: 0.7299, Lift: 1.5798, Factor: 1); Moong Dal (Conf: 0.7273, Lift: 2.1594, Factor: 1); Sugar (Conf: 0.7207, Lift: 2.0598, Factor: 1); Other Dals (Conf: 0.7176, Lift: 1.5634, Factor: 1); Root Vegetables (Conf: 0.6724, Lift: 1.6508, Factor: 1); Sooji & Rava (Conf: 0.6122, Lift: 2.1499, Factor: 1); Gourd & Cucumber (Conf: 0.5817, Lift: 1.8454, Factor: 1); Brinjals (Conf: 0.4581, Lift: 1.4037, Factor: 1)"
7768104,Namkeen; Namkeen; Toor Dal; Namkeen; Other Dals; Other Dals; Moong Dal; Namkeen; Namkeen; Moong Dal,Other Vegetables; Beans; Whole Spices; Root Vegetables; Sugar; Brinjals; Gourd & Cucumber; Urad Dal; Sooji & Rava; Raw Rice,"Other Vegetables (Conf: 0.7551, Lift: 1.6343, Factor: 1); Beans (Conf: 0.7172, Lift: 1.6129, Factor: 1); Whole Spices (Conf: 0.6679, Lift: 1.6382, Factor: 1); Root Vegetables (Conf: 0.6641, Lift: 1.6303, Factor: 1); Sugar (Conf: 0.5637, Lift: 1.6110, Factor: 1); Brinjals (Conf: 0.5338, Lift: 1.6353, Factor: 1); Gourd & Cucumber (Conf: 0.5047, Lift: 1.6012, Factor: 1); Urad Dal (Conf: 0.4655, Lift: 1.5729, Factor: 1); Sooji & Rava (Conf: 0.4491, Lift: 1.5770, Factor: 1); Raw Rice (Conf: 0.3767, Lift: 1.6106, Factor: 1)"
7771136,Beans; Cakes; Toor Dal; Gourd & Cucumber; Mosquito Repellent; Liquid Soaps & Bars; Namkeen; Corn Snacks; Sunflower Oils,Whole Spices; Other Dals; Other Vegetables; Sugar; Moong Dal; Root Vegetables; Urad Dal; Sooji & Rava; Brinjals; Raw Rice,"Whole Spices (Conf: 0.7800, Lift: 1.9131, Factor: 1); Other Dals (Conf: 0.7782, Lift: 1.6956, Factor: 1); Other Vegetables (Conf: 0.7194, Lift: 1.5571, Factor: 1); Sugar (Conf: 0.6571, Lift: 1.8781, Factor: 1); Moong Dal (Conf: 0.6404, Lift: 1.9014, Factor: 1); Root Vegetables (Conf: 0.6127, Lift: 1.5041, Factor: 1); Urad Dal (Conf: 0.5706, Lift: 1.9280, Factor: 1); Sooji & Rava (Conf: 0.5514, Lift: 1.9361, Factor: 1); Brinjals (Conf: 0.5338, Lift: 1.6353, Factor: 1); Raw Rice (Conf: 0.3537, Lift: 1.5122, Factor: 1)"
7771245,Root Vegetables; Gourd & Cucumber; Other Vegetables; Beans; Brinjals; Beans; Brinjals,Other Dals; Whole Spices; Toor Dal; Sugar; Moong Dal; Urad Dal; Sooji & Rava; Sunflower Oils; Raw Rice; Raw Peanuts,"Other Dals (Conf: 0.8208, Lift: 1.7883, Factor: 1); Whole Spices (Conf: 0.7596, Lift: 1.8631, Factor: 1); Toor Dal (Conf: 0.7208, Lift: 1.8666, Factor: 1); Sugar (Conf: 0.6519, Lift: 1.8629, Factor: 1); Moong Dal (Conf: 0.6287, Lift: 1.8667, Factor: 1); Urad Dal (Conf: 0.5521, Lift: 1.8656, Factor: 1); Sooji & Rava (Conf: 0.5314, Lift: 1.8661, Factor: 1); Sunflower Oils (Conf: 0.3421, Lift: 1.8304, Factor: 1); Raw Rice (Conf: 0.3376, Lift: 1.4433, Factor: 1); Raw Peanuts (Conf: 0.3259, Lift: 1.8385, Factor: 1)"
7775378,Banana; Organic Flours; Sunflower Oils; Other Rice Products; Beans; Other Vegetables; Other Dals; Root Vegetables; Toor Dal,Whole Spices; Sugar; Moong Dal; Brinjals; Gourd & Cucumber; Urad Dal; Sooji & Rava; Raw Rice; Avalakki / Poha; Besan,"Whole Spices (Conf: 0.6517, Lift: 1.5985, Factor: 1); Sugar (Conf: 0.5471, Lift: 1.5635, Factor: 1); Moong Dal (Conf: 0.5337, Lift: 1.5846, Factor: 1); Brinjals (Conf: 0.5157, Lift: 1.5800, Factor: 1); Gourd & Cucumber (Conf: 0.4859, Lift: 1.5415, Factor: 1); Urad Dal (Conf: 0.4655, Lift: 1.5729, Factor: 1); Sooji & Rava (Conf: 0.4491, Lift: 1.5770, Factor: 1); Raw Rice (Conf: 0.3736, Lift: 1.5973, Factor: 1); Avalakki / Poha (Conf: 0.2693, Lift: 1.5704, Factor: 1); Besan (Conf: 0.2360, Lift: 1.5989, Factor: 1)"
7779672,Other Dals; Phenyles & Acids; Other Vegetables; Sunflower Oils; Phenyles & Acids; Cashews; Root Vegetables; Moong Dal; Liquid Detergent; Health Drinks,Beans; Whole Spices; Toor Dal; Sugar; Brinjals; Gourd & Cucumber; Urad Dal; Sooji & Rava; Raw Rice; Banana,"Beans (Conf: 0.7515, Lift: 1.6899, Factor: 1); Whole Spices (Conf: 0.6923, Lift: 1.6981, Factor: 1); Toor Dal (Conf: 0.6557, Lift: 1.6982, Factor: 1); Sugar (Conf: 0.5915, Lift: 1.6904, Factor: 1); Brinjals (Conf: 0.5482, Lift: 1.6795, Factor: 1); Gourd & Cucumber (Conf: 0.5283, Lift: 1.6760, Factor: 1); Urad Dal (Conf: 0.5029, Lift: 1.6991, Factor: 1); Sooji & Rava (Conf: 0.4802, Lift: 1.6862, Factor: 1); Raw Rice (Conf: 0.3903, Lift: 1.6685, Factor: 1); Banana (Conf: 0.3211, Lift: 1.4170, Factor: 1)"
7782046,Organic F&V; Beans; Gourd & Cucumber; Other Dals; Toor Dal; Organic F&V; Other Vegetables; Cashews; Moong Dal; Cooking Sauce,Whole Spices; Root Vegetables; Sugar; Brinjals; Urad Dal; Sooji & Rava; Raw Rice; Banana; Sunflower Oils; Avalakki / Poha,"Whole Spices (Conf: 0.6500, Lift: 1.5943, Factor: 1); Root Vegetables (Conf: 0.6481, Lift: 1.5912, Factor: 1); Sugar (Conf: 0.5471, Lift: 1.5635, Factor: 1); Brinjals (Conf: 0.5157, Lift: 1.5800, Factor: 1); Urad Dal (Conf: 0.4655, Lift: 1.5729, Factor: 1); Sooji & Rava (Conf: 0.4491, Lift: 1.5770, Factor: 1); Raw Rice (Conf: 0.3606, Lift: 1.5417, Factor: 1); Banana (Conf: 0.3211, Lift: 1.4170, Factor: 1); Sunflower Oils (Conf: 0.2974, Lift: 1.5910, Factor: 1); Avalakki / Poha (Conf: 0.2693, Lift: 1.5704, Factor: 1)"
7783137,Sugar; Brinjals; Raisins; Raw Rice; Root Vegetables; Toor Dal; Beans; Snacky Nuts; Cashews,Other Dals; Other Vegetables; Whole Spices; Moong Dal; Gourd & Cucumber; Urad Dal; Sooji & Rava; Banana; Sunflower Oils; Raw Peanuts,"Other Dals (Conf: 0.7534, Lift: 1.6416, Factor: 1); Other Vegetables (Conf: 0.7453, Lift: 1.6130, Factor: 1); Whole Spices (Conf: 0.6719, Lift: 1.6479, Factor: 1); Moong Dal (Conf: 0.5545, Lift: 1.6462, Factor: 1); Gourd & Cucumber (Conf: 0.5047, Lift: 1.6012, Factor: 1); Urad Dal (Conf: 0.4853, Lift: 1.6398, Factor: 1); Sooji & Rava (Conf: 0.4646, Lift: 1.6316, Factor: 1); Banana (Conf: 0.3668, Lift: 1.6188, Factor: 1); Sunflower Oils (Conf: 0.3062, Lift: 1.6384, Factor: 1); Raw Peanuts (Conf: 0.2854, Lift: 1.6102, Factor: 1)"
7783825,Rice Flour; Root Vegetables; Other Vegetables; Other Vegetables; Sunflower Oils; Sooji & Rava; Brinjals,Other Dals; Beans; Whole Spices; Toor Dal; Sugar; Moong Dal; Gourd & Cucumber; Urad Dal; Raw Rice; Raw Peanuts,"Other Dals (Conf: 0.8208, Lift: 1.7883, Factor: 1); Beans (Conf: 0.7817, Lift: 1.7579, Factor: 1); Whole Spices (Conf: 0.7692, Lift: 1.8867, Factor: 1); Toor Dal (Conf: 0.7215, Lift: 1.8686, Factor: 1); Sugar (Conf: 0.6592, Lift: 1.8840, Factor: 1); Moong Dal (Conf: 0.6356, Lift: 1.8872, Factor: 1); Gourd & Cucumber (Conf: 0.5600, Lift: 1.7765, Factor: 1); Urad Dal (Conf: 0.5498, Lift: 1.8576, Factor: 1); Raw Rice (Conf: 0.3961, Lift: 1.6935, Factor: 1); Raw Peanuts (Conf: 0.3259, Lift: 1.8385, Factor: 1)"
7785531,Other Dals; Other Vegetables; Exotic Vegetables; Jaggery; Other Dals; Other Dals; Root Vegetables,Beans; Whole Spices; Toor Dal; Sugar; Moong Dal; Brinjals; Urad Dal; Sooji & Rava; Gourd & Cucumber; Raw Rice,"Beans (Conf: 0.7890, Lift: 1.7743, Factor: 1); Whole Spices (Conf: 0.7719, Lift: 1.8933, Factor: 1); Toor Dal (Conf: 0.7215, Lift: 1.8686, Factor: 1); Sugar (Conf: 0.6592, Lift: 1.8840, Factor: 1); Moong Dal (Conf: 0.6257, Lift: 1.8579, Factor: 1); Brinjals (Conf: 0.5778, Lift: 1.7702, Factor: 1); Urad Dal (Conf: 0.5632, Lift: 1.9031, Factor: 1); Sooji & Rava (Conf: 0.5244, Lift: 1.8414, Factor: 1); Gourd & Cucumber (Conf: 0.4859, Lift: 1.5415, Factor: 1); Raw Rice (Conf: 0.3563, Lift: 1.5231, Factor: 1)"
7788465,Bread; Other Dals; Sunflower Oils; Banana; Tomato Ketchup; Other Rice Products; Sugar; Beans; Other Vegetables,Whole Spices; Toor Dal; Root Vegetables; Moong Dal; Brinjals; Gourd & Cucumber; Urad Dal; Sooji & Rava; Raw Rice; Raw Peanuts,"Whole Spices (Conf: 0.6807, Lift: 1.6695, Factor: 1); Toor Dal (Conf: 0.6452, Lift: 1.6709, Factor: 1); Root Vegetables (Conf: 0.6396, Lift: 1.5702, Factor: 1); Moong Dal (Conf: 0.5632, Lift: 1.6723, Factor: 1); Brinjals (Conf: 0.5267, Lift: 1.6138, Factor: 1); Gourd & Cucumber (Conf: 0.5093, Lift: 1.6156, Factor: 1); Urad Dal (Conf: 0.4881, Lift: 1.6492, Factor: 1); Sooji & Rava (Conf: 0.4646, Lift: 1.6316, Factor: 1); Raw Rice (Conf: 0.3629, Lift: 1.5513, Factor: 1); Raw Peanuts (Conf: 0.2854, Lift: 1.6102, Factor: 1)"
7788834,Toor Dal; Brinjals; Regular Pasta; Beans; Gourd & Cucumber; Namkeen; Chilli & Soya Sauces; Sugar,Other Dals; Other Vegetables; Whole Spices; Root Vegetables; Moong Dal; Urad Dal; Sooji & Rava; Banana; Raw Rice; Avalakki / Poha,"Other Dals (Conf: 0.8131, Lift: 1.7716, Factor: 1); Other Vegetables (Conf: 0.7453, Lift: 1.6130, Factor: 1); Whole Spices (Conf: 0.7255, Lift: 1.7794, Factor: 1); Root Vegetables (Conf: 0.6648, Lift: 1.6322, Factor: 1); Moong Dal (Conf: 0.5976, Lift: 1.7742, Factor: 1); Urad Dal (Conf: 0.5126, Lift: 1.7319, Factor: 1); Sooji & Rava (Conf: 0.5011, Lift: 1.7597, Factor: 1); Banana (Conf: 0.3668, Lift: 1.6188, Factor: 1); Raw Rice (Conf: 0.3629, Lift: 1.5513, Factor: 1); Avalakki / Poha (Conf: 0.3019, Lift: 1.7604, Factor: 1)"
7791568,Gourd & Cucumber; Instant Noodles; Banana; Maida; Other Vegetables; Rice Flour; Other Flours,Whole Spices; Toor Dal; Urad Dal; Sugar; Other Dals; Moong Dal; Sooji & Rava; Root Vegetables; Brinjals; Beans,"Whole Spices (Conf: 0.7800, Lift: 1.9131, Factor: 1); Toor Dal (Conf: 0.7477, Lift: 1.9363, Factor: 1); Urad Dal (Conf: 0.7093, Lift: 2.3967, Factor: 1); Sugar (Conf: 0.6746, Lift: 1.9280, Factor: 1); Other Dals (Conf: 0.6641, Lift: 1.4469, Factor: 1); Moong Dal (Conf: 0.6524, Lift: 1.9372, Factor: 1); Sooji & Rava (Conf: 0.6452, Lift: 2.2655, Factor: 1); Root Vegetables (Conf: 0.5860, Lift: 1.4387, Factor: 1); Brinjals (Conf: 0.5747, Lift: 1.7606, Factor: 1); Beans (Conf: 0.5379, Lift: 1.7715, Factor: 1)"
7793755,Other Vegetables; Beans; Yogurt & Lassi; Yogurt & Lassi; Namkeen; Namkeen; Bread; Regular Pasta; Beans; Exotic Vegetables; Exotic Vegetables,Urad Dal; Sooji & Rava; Whole Spices; Toor Dal; Sugar; Other Dals; Moong Dal; Gourd & Cucumber; Root Vegetables; Brinjals,"Urad Dal (Conf: 0.8020, Lift: 2.7098, Factor: 1); Sooji & Rava (Conf: 0.7545, Lift: 2.6496, Factor: 1); Whole Spices (Conf: 0.7532, Lift: 1.8473, Factor: 1); Toor Dal (Conf: 0.7411, Lift: 1.9192, Factor: 1); Sugar (Conf: 0.6684, Lift: 1.9104, Factor: 1); Other Dals (Conf: 0.6639, Lift: 1.4466, Factor: 1); Moong Dal (Conf: 0.6471, Lift: 1.9212, Factor: 1); Gourd & Cucumber (Conf: 0.5923, Lift: 1.8790, Factor: 1); Root Vegetables (Conf: 0.5855, Lift: 1.4374, Factor: 1); Brinjals (Conf: 0.5747, Lift: 1.7606, Factor: 1)"
7795816,Sugar; Root Vegetables; Beans; Urad Dal; Beans; Gourd & Cucumber,Other Dals; Other Vegetables; Whole Spices; Toor Dal; Moong Dal; Brinjals; Sooji & Rava; Raw Rice; Avalakki / Poha; Sunflower Oils,"Other Dals (Conf: 0.7534, Lift: 1.6416, Factor: 1); Other Vegetables (Conf: 0.7299, Lift: 1.5798, Factor: 1); Whole Spices (Conf: 0.7287, Lift: 1.7873, Factor: 1); Toor Dal (Conf: 0.6813, Lift: 1.7644, Factor: 1); Moong Dal (Conf: 0.5926, Lift: 1.7595, Factor: 1); Brinjals (Conf: 0.5778, Lift: 1.7702, Factor: 1); Sooji & Rava (Conf: 0.4860, Lift: 1.7067, Factor: 1); Raw Rice (Conf: 0.3636, Lift: 1.5546, Factor: 1); Avalakki / Poha (Conf: 0.3018, Lift: 1.7597, Factor: 1); Sunflower Oils (Conf: 0.2955, Lift: 1.5813, Factor: 1)"
7798184,Toothpaste; Regular Pasta; Maida; Namkeen; Beans; Cooking Paste,Urad Dal; Sooji & Rava; Whole Spices; Toor Dal; Other Vegetables; Sugar; Moong Dal; Other Dals; Gourd & Cucumber; Raw Peanuts,"Urad Dal (Conf: 0.8020, Lift: 2.7098, Factor: 1); Sooji & Rava (Conf: 0.7545, Lift: 2.6496, Factor: 1); Whole Spices (Conf: 0.7532, Lift: 1.8473, Factor: 1); Toor Dal (Conf: 0.7364, Lift: 1.9070, Factor: 1); Other Vegetables (Conf: 0.6641, Lift: 1.4374, Factor: 1); Sugar (Conf: 0.6571, Lift: 1.8781, Factor: 1); Moong Dal (Conf: 0.6393, Lift: 1.8983, Factor: 1); Other Dals (Conf: 0.6250, Lift: 2.7819, Factor: 1); Gourd & Cucumber (Conf: 0.5817, Lift: 1.8454, Factor: 1); Raw Peanuts (Conf: 0.4828, Lift: 2.7234, Factor: 1)"
7801245,Other Dals; Raw Rice; Jaggery; Other Dals; Toor Dal; Ghee,Beans; Other Vegetables; Whole Spices; Root Vegetables; Sugar; Moong Dal; Gourd & Cucumber; Brinjals; Urad Dal; Sooji & Rava,"Beans (Conf: 0.7477, Lift: 1.6815, Factor: 1); Other Vegetables (Conf: 0.7236, Lift: 1.5660, Factor: 1); Whole Spices (Conf: 0.6942, Lift: 1.7027, Factor: 1); Root Vegetables (Conf: 0.6481, Lift: 1.5912, Factor: 1); Sugar (Conf: 0.5951, Lift: 1.7009, Factor: 1); Moong Dal (Conf: 0.5758, Lift: 1.7095, Factor: 1); Gourd & Cucumber (Conf: 0.5361, Lift: 1.7008, Factor: 1); Brinjals (Conf: 0.5338, Lift: 1.6353, Factor: 1); Urad Dal (Conf: 0.4655, Lift: 1.5729, Factor: 1); Sooji & Rava (Conf: 0.4491, Lift: 1.5770, Factor: 1)"
7806900,Other Vegetables; Banana; Root Vegetables; Other Vegetables; Root Vegetables; Beans,Whole Spices; Toor Dal; Sugar; Other Dals; Moong Dal; Gourd & Cucumber; Brinjals; Urad Dal; Sooji & Rava; Sunflower Oils,"Whole Spices (Conf: 0.7879, Lift: 1.9325, Factor: 1); Toor Dal (Conf: 0.7477, Lift: 1.9363, Factor: 1); Sugar (Conf: 0.6750, Lift: 1.9291, Factor: 1); Other Dals (Conf: 0.6641, Lift: 1.4469, Factor: 1); Moong Dal (Conf: 0.6471, Lift: 1.9212, Factor: 1); Gourd & Cucumber (Conf: 0.6091, Lift: 1.9323, Factor: 1); Brinjals (Conf: 0.5778, Lift: 1.7702, Factor: 1); Urad Dal (Conf: 0.5706, Lift: 1.9280, Factor: 1); Sooji & Rava (Conf: 0.5514, Lift: 1.9361, Factor: 1); Sunflower Oils (Conf: 0.3603, Lift: 1.9279, Factor: 1)"
7808939,Sunflower Oils; Moong Dal; Gourd & Cucumber; Other Dals; Brinjals; Raw Rice; Instant Noodles; Maida; Beans; Toor Dal; Other Dals; Other Dals; Sooji & Rava; Other Dals,Other Vegetables; Root Vegetables; Whole Spices; Sugar; Urad Dal; Banana; Avalakki / Poha; Besan; Organic F&V; Jaggery,"Other Vegetables (Conf: 0.6641, Lift: 1.4374, Factor: 1); Root Vegetables (Conf: 0.5845, Lift: 1.4350, Factor: 1); Whole Spices (Conf: 0.5793, Lift: 1.4209, Factor: 1); Sugar (Conf: 0.4686, Lift: 1.3392, Factor: 1); Urad Dal (Conf: 0.4187, Lift: 1.4148, Factor: 1); Banana (Conf: 0.3211, Lift: 1.4170, Factor: 1); Avalakki / Poha (Conf: 0.2298, Lift: 1.3399, Factor: 1); Besan (Conf: 0.1862, Lift: 1.2616, Factor: 1); Organic F&V (Conf: 0.1846, Lift: 1.0324, Factor: 1); Jaggery (Conf: 0.1751, Lift: 1.4196, Factor: 1)"
7809643,Cream Biscuits; Other Dals; Moong Dal; Jaggery; Moong Dal; Banana; Beans; Other Dals; Cream Biscuits; Other Vegetables; Sooji & Rava; Other Dals; Beans,Whole Spices; Root Vegetables; Toor Dal; Sugar; Brinjals; Gourd & Cucumber; Urad Dal; Raw Rice; Sunflower Oils; Avalakki / Poha,"Whole Spices (Conf: 0.6618, Lift: 1.6233, Factor: 1); Root Vegetables (Conf: 0.6332, Lift: 1.5545, Factor: 1); Toor Dal (Conf: 0.6282, Lift: 1.6269, Factor: 1); Sugar (Conf: 0.5694, Lift: 1.6274, Factor: 1); Brinjals (Conf: 0.5292, Lift: 1.6213, Factor: 1); Gourd & Cucumber (Conf: 0.4859, Lift: 1.5415, Factor: 1); Urad Dal (Conf: 0.4619, Lift: 1.5606, Factor: 1); Raw Rice (Conf: 0.3767, Lift: 1.6106, Factor: 1); Sunflower Oils (Conf: 0.3000, Lift: 1.6052, Factor: 1); Avalakki / Poha (Conf: 0.2744, Lift: 1.6002, Factor: 1)"
7812284,Chinese Noodles; Other Dals; Root Vegetables; Toor Dal; Sanitary Pads; Gourd & Cucumber,Beans; Other Vegetables; Whole Spices; Sugar; Moong Dal; Brinjals; Urad Dal; Sooji & Rava; Raw Rice; Sunflower Oils,"Beans (Conf: 0.7477, Lift: 1.6815, Factor: 1); Other Vegetables (Conf: 0.7236, Lift: 1.5660, Factor: 1); Whole Spices (Conf: 0.7042, Lift: 1.7273, Factor: 1); Sugar (Conf: 0.6040, Lift: 1.7261, Factor: 1); Moong Dal (Conf: 0.5926, Lift: 1.7595, Factor: 1); Brinjals (Conf: 0.5455, Lift: 1.6711, Factor: 1); Urad Dal (Conf: 0.4655, Lift: 1.5729, Factor: 1); Sooji & Rava (Conf: 0.4491, Lift: 1.5770, Factor: 1); Raw Rice (Conf: 0.4000, Lift: 1.7100, Factor: 1); Sunflower Oils (Conf: 0.3199, Lift: 1.7114, Factor: 1)"
7813835,Toor Dal; Raisins; Other Dals; Moong Dal; Sooji & Rava; Almonds; Other Dals; Besan; Beans; Sooji & Rava,Other Vegetables; Root Vegetables; Whole Spices; Sugar; Brinjals; Gourd & Cucumber; Urad Dal; Banana; Raw Rice; Raw Peanuts,"Other Vegetables (Conf: 0.6810, Lift: 1.4740, Factor: 1); Root Vegetables (Conf: 0.5972, Lift: 1.4661, Factor: 1); Whole Spices (Conf: 0.5895, Lift: 1.4459, Factor: 1); Sugar (Conf: 0.5119, Lift: 1.4630, Factor: 1); Brinjals (Conf: 0.4766, Lift: 1.4603, Factor: 1); Gourd & Cucumber (Conf: 0.4412, Lift: 1.3996, Factor: 1); Urad Dal (Conf: 0.4187, Lift: 1.4148, Factor: 1); Banana (Conf: 0.3211, Lift: 1.4170, Factor: 1); Raw Rice (Conf: 0.3118, Lift: 1.3330, Factor: 1); Raw Peanuts (Conf: 0.2599, Lift: 1.4663, Factor: 1)"
7817216,Other Dals; Root Vegetables; Root Vegetables; Beans; Bread; Other Dals; Boiled Rice; Brinjals; Other Vegetables,Whole Spices; Toor Dal; Sugar; Moong Dal; Gourd & Cucumber; Urad Dal; Sooji & Rava; Raw Rice; Sunflower Oils; Avalakki / Poha,"Whole Spices (Conf: 0.7387, Lift: 1.8119, Factor: 1); Toor Dal (Conf: 0.6900, Lift: 1.7869, Factor: 1); Sugar (Conf: 0.6220, Lift: 1.7778, Factor: 1); Moong Dal (Conf: 0.6090, Lift: 1.8081, Factor: 1); Gourd & Cucumber (Conf: 0.5600, Lift: 1.7765, Factor: 1); Urad Dal (Conf: 0.5240, Lift: 1.7705, Factor: 1); Sooji & Rava (Conf: 0.5084, Lift: 1.7853, Factor: 1); Raw Rice (Conf: 0.3563, Lift: 1.5231, Factor: 1); Sunflower Oils (Conf: 0.3382, Lift: 1.8093, Factor: 1); Avalakki / Poha (Conf: 0.3018, Lift: 1.7597, Factor: 1)"
7819500,Sugar; Boiled Rice; Other Vegetables; Ghee; Health Drinks; Urad Dal; Toor Dal,Other Dals; Beans; Whole Spices; Root Vegetables; Moong Dal; Brinjals; Gourd & Cucumber; Raw Rice; Sooji & Rava; Banana,"Other Dals (Conf: 0.6923, Lift: 1.5084, Factor: 1); Beans (Conf: 0.6854, Lift: 1.5414, Factor: 1); Whole Spices (Conf: 0.6263, Lift: 1.5361, Factor: 1); Root Vegetables (Conf: 0.6224, Lift: 1.5280, Factor: 1); Moong Dal (Conf: 0.5149, Lift: 1.5286, Factor: 1); Brinjals (Conf: 0.4986, Lift: 1.5275, Factor: 1); Gourd & Cucumber (Conf: 0.4795, Lift: 1.5213, Factor: 1); Raw Rice (Conf: 0.3537, Lift: 1.5122, Factor: 1); Sooji & Rava (Conf: 0.3027, Lift: 1.0630, Factor: 1); Banana (Conf: 0.3000, Lift: 1.3240, Factor: 1)"
7820348,Beans; Gourd & Cucumber; Banana; Other Dry Fruits; Beans; Other Vegetables; Toor Dal,Other Dals; Whole Spices; Sugar; Root Vegetables; Moong Dal; Brinjals; Urad Dal; Sooji & Rava; Raw Rice; Sunflower Oils,"Other Dals (Conf: 0.7782, Lift: 1.6956, Factor: 1); Whole Spices (Conf: 0.7596, Lift: 1.8631, Factor: 1); Sugar (Conf: 0.6519, Lift: 1.8629, Factor: 1); Root Vegetables (Conf: 0.6127, Lift: 1.5041, Factor: 1); Moong Dal (Conf: 0.6090, Lift: 1.8081, Factor: 1); Brinjals (Conf: 0.5747, Lift: 1.7606, Factor: 1); Urad Dal (Conf: 0.5502, Lift: 1.8592, Factor: 1); Sooji & Rava (Conf: 0.5237, Lift: 1.8390, Factor: 1); Raw Rice (Conf: 0.3537, Lift: 1.5122, Factor: 1); Sunflower Oils (Conf: 0.3382, Lift: 1.8093, Factor: 1)"
7821280,Moong Dal; Raw Peanuts; Sooji & Rava; Namkeen; Moong Dal; Namkeen; Urad Dal; Sugar; Raw Rice; Toor Dal; Moong Dal; Other Dals,Beans; Other Vegetables; Whole Spices; Root Vegetables; Brinjals; Gourd & Cucumber; Banana; Sunflower Oils; Avalakki / Poha; Organic F&V,"Beans (Conf: 0.5561, Lift: 1.2504, Factor: 1); Other Vegetables (Conf: 0.5349, Lift: 1.1577, Factor: 1); Whole Spices (Conf: 0.5074, Lift: 1.2445, Factor: 1); Root Vegetables (Conf: 0.5073, Lift: 1.2455, Factor: 1); Brinjals (Conf: 0.4088, Lift: 1.2524, Factor: 1); Gourd & Cucumber (Conf: 0.3880, Lift: 1.2308, Factor: 1); Banana (Conf: 0.2794, Lift: 1.2332, Factor: 1); Sunflower Oils (Conf: 0.2346, Lift: 1.2550, Factor: 1); Avalakki / Poha (Conf: 0.2140, Lift: 1.2477, Factor: 1); Organic F&V (Conf: 0.2123, Lift: 1.1874, Factor: 1)"
7824172,Beans; Beans; Gourd & Cucumber; Root Vegetables; Brinjals; Brinjals; Root Vegetables,Other Dals; Whole Spices; Toor Dal; Sugar; Other Vegetables; Moong Dal; Sooji & Rava; Urad Dal; Sunflower Oils; Avalakki / Poha,"Other Dals (Conf: 0.8208, Lift: 1.7883, Factor: 1); Whole Spices (Conf: 0.7879, Lift: 1.9325, Factor: 1); Toor Dal (Conf: 0.7480, Lift: 1.9371, Factor: 1); Sugar (Conf: 0.6746, Lift: 1.9280, Factor: 1); Other Vegetables (Conf: 0.6667, Lift: 1.4429, Factor: 1); Moong Dal (Conf: 0.6465, Lift: 1.9196, Factor: 1); Sooji & Rava (Conf: 0.6202, Lift: 2.1777, Factor: 1); Urad Dal (Conf: 0.6202, Lift: 2.0954, Factor: 1); Sunflower Oils (Conf: 0.3620, Lift: 1.9368, Factor: 1); Avalakki / Poha (Conf: 0.3586, Lift: 2.0910, Factor: 1)"
7825117,Namkeen; Namkeen; Other Vegetables; Namkeen; Moong Dal; Root Vegetables; Other Dals; Raw Rice; Toilet Cleaners; Other Dals; Other Dals,Beans; Whole Spices; Toor Dal; Sugar; Brinjals; Gourd & Cucumber; Urad Dal; Sooji & Rava; Banana; Sunflower Oils,"Beans (Conf: 0.7477, Lift: 1.6815, Factor: 1); Whole Spices (Conf: 0.6942, Lift: 1.7027, Factor: 1); Toor Dal (Conf: 0.6557, Lift: 1.6982, Factor: 1); Sugar (Conf: 0.5965, Lift: 1.7047, Factor: 1); Brinjals (Conf: 0.5482, Lift: 1.6795, Factor: 1); Gourd & Cucumber (Conf: 0.5283, Lift: 1.6760, Factor: 1); Urad Dal (Conf: 0.5000, Lift: 1.6895, Factor: 1); Sooji & Rava (Conf: 0.4802, Lift: 1.6862, Factor: 1); Banana (Conf: 0.3551, Lift: 1.5672, Factor: 1); Sunflower Oils (Conf: 0.3191, Lift: 1.7072, Factor: 1)"
7826605,Other Vegetables; Whole Spices; Moong Dal; Liquid Detergent; Sugar; Whole Spices; Beans; Urad Dal; Gourd & Cucumber; Other Dals; Whole Spices; Other Dals; Buns & Pavs,Root Vegetables; Toor Dal; Brinjals; Sooji & Rava; Raw Rice; Banana; Raw Peanuts; Sunflower Oils; Organic F&V; Avalakki / Poha,"Root Vegetables (Conf: 0.5523, Lift: 1.3559, Factor: 1); Toor Dal (Conf: 0.5116, Lift: 1.3250, Factor: 1); Brinjals (Conf: 0.4412, Lift: 1.3517, Factor: 1); Sooji & Rava (Conf: 0.3624, Lift: 1.2725, Factor: 1); Raw Rice (Conf: 0.3095, Lift: 1.3233, Factor: 1); Banana (Conf: 0.3000, Lift: 1.3240, Factor: 1); Raw Peanuts (Conf: 0.2385, Lift: 1.3452, Factor: 1); Sunflower Oils (Conf: 0.2180, Lift: 1.1663, Factor: 1); Organic F&V (Conf: 0.2123, Lift: 1.1874, Factor: 1); Avalakki / Poha (Conf: 0.2016, Lift: 1.1756, Factor: 1)"
7826710,Instant Noodles; Instant Noodles; Sooji & Rava; Beans; Banana; Beans,Whole Spices; Urad Dal; Other Dals; Toor Dal; Sugar; Other Vegetables; Moong Dal; Root Vegetables; Gourd & Cucumber; Brinjals,"Whole Spices (Conf: 0.8058, Lift: 1.9765, Factor: 1); Urad Dal (Conf: 0.8020, Lift: 2.7098, Factor: 1); Other Dals (Conf: 0.7981, Lift: 1.7389, Factor: 1); Toor Dal (Conf: 0.7652, Lift: 1.9816, Factor: 1); Sugar (Conf: 0.7073, Lift: 2.0215, Factor: 1); Other Vegetables (Conf: 0.6758, Lift: 1.4627, Factor: 1); Moong Dal (Conf: 0.6393, Lift: 1.8983, Factor: 1); Root Vegetables (Conf: 0.6319, Lift: 1.5515, Factor: 1); Gourd & Cucumber (Conf: 0.6091, Lift: 1.9323, Factor: 1); Brinjals (Conf: 0.5292, Lift: 1.6213, Factor: 1)"
7830364,Sugar; Moong Dal; Other Vegetables; Toor Dal; Maida; Other Dals; Almonds,Beans; Root Vegetables; Whole Spices; Brinjals; Gourd & Cucumber; Urad Dal; Raw Rice; Banana; Sunflower Oils; Raw Peanuts,"Beans (Conf: 0.6542, Lift: 1.4711, Factor: 1); Root Vegetables (Conf: 0.5972, Lift: 1.4661, Factor: 1); Whole Spices (Conf: 0.5951, Lift: 1.4596, Factor: 1); Brinjals (Conf: 0.4766, Lift: 1.4603, Factor: 1); Gourd & Cucumber (Conf: 0.4638, Lift: 1.4712, Factor: 1); Urad Dal (Conf: 0.4187, Lift: 1.4148, Factor: 1); Raw Rice (Conf: 0.3324, Lift: 1.4211, Factor: 1); Banana (Conf: 0.3211, Lift: 1.4170, Factor: 1); Sunflower Oils (Conf: 0.2598, Lift: 1.3901, Factor: 1); Raw Peanuts (Conf: 0.2465, Lift: 1.3906, Factor: 1)"
7830638,Organic F&V; Sooji & Rava; Urad Dal; Other Dals; Other Vegetables; Raw Peanuts; Snacky Nuts; Toor Dal; Gourd & Cucumber; Snacky Nuts; Namkeen; Corn Snacks; Health Drinks; Namkeen,Beans; Root Vegetables; Whole Spices; Sugar; Moong Dal; Brinjals; Raw Rice; Banana; Sunflower Oils; Avalakki / Poha,"Beans (Conf: 0.6115, Lift: 1.3751, Factor: 1); Root Vegetables (Conf: 0.5603, Lift: 1.3755, Factor: 1); Whole Spices (Conf: 0.5581, Lift: 1.3690, Factor: 1); Sugar (Conf: 0.4704, Lift: 1.3444, Factor: 1); Moong Dal (Conf: 0.4495, Lift: 1.3347, Factor: 1); Brinjals (Conf: 0.4493, Lift: 1.3765, Factor: 1); Raw Rice (Conf: 0.3172, Lift: 1.3561, Factor: 1); Banana (Conf: 0.3040, Lift: 1.3418, Factor: 1); Sunflower Oils (Conf: 0.2461, Lift: 1.3168, Factor: 1); Avalakki / Poha (Conf: 0.2301, Lift: 1.3419, Factor: 1)"
7850334,Root Vegetables; Other Vegetables; Brinjals; Beans; Gourd & Cucumber; Beans; Beans,Other Dals; Whole Spices; Toor Dal; Sugar; Moong Dal; Urad Dal; Sooji & Rava; Sunflower Oils; Raw Rice; Raw Peanuts,"Other Dals (Conf: 0.8208, Lift: 1.7883, Factor: 1); Whole Spices (Conf: 0.7596, Lift: 1.8631, Factor: 1); Toor Dal (Conf: 0.7208, Lift: 1.8666, Factor: 1); Sugar (Conf: 0.6519, Lift: 1.8629, Factor: 1); Moong Dal (Conf: 0.6287, Lift: 1.8667, Factor: 1); Urad Dal (Conf: 0.5521, Lift: 1.8656, Factor: 1); Sooji & Rava (Conf: 0.5314, Lift: 1.8661, Factor: 1); Sunflower Oils (Conf: 0.3421, Lift: 1.8304, Factor: 1); Raw Rice (Conf: 0.3376, Lift: 1.4433, Factor: 1); Raw Peanuts (Conf: 0.3259, Lift: 1.8385, Factor: 1)"
7853559,Brinjals; Other Vegetables; Moong Dal; Beans; Other Dals; Toor Dal; Whole Spices; Sugar,Root Vegetables; Gourd & Cucumber; Urad Dal; Sooji & Rava; Raw Rice; Banana; Sunflower Oils; Raw Peanuts; Avalakki / Poha; Besan,"Root Vegetables (Conf: 0.5429, Lift: 1.3327, Factor: 1); Gourd & Cucumber (Conf: 0.4236, Lift: 1.3438, Factor: 1); Urad Dal (Conf: 0.3842, Lift: 1.2983, Factor: 1); Sooji & Rava (Conf: 0.3507, Lift: 1.2315, Factor: 1); Raw Rice (Conf: 0.3118, Lift: 1.3330, Factor: 1); Banana (Conf: 0.3000, Lift: 1.3240, Factor: 1); Sunflower Oils (Conf: 0.2448, Lift: 1.3098, Factor: 1); Raw Peanuts (Conf: 0.2385, Lift: 1.3452, Factor: 1); Avalakki / Poha (Conf: 0.2298, Lift: 1.3399, Factor: 1); Besan (Conf: 0.1862, Lift: 1.2616, Factor: 1)"
7862618,Other Dals; Other Dals; Basmati Rice; Avalakki / Poha; Other Rice Products; Gourd & Cucumber; Beans; Toor Dal,Other Vegetables; Whole Spices; Root Vegetables; Sugar; Moong Dal; Brinjals; Sooji & Rava; Urad Dal; Raw Rice; Sunflower Oils,"Other Vegetables (Conf: 0.7236, Lift: 1.5660, Factor: 1); Whole Spices (Conf: 0.7193, Lift: 1.7643, Factor: 1); Root Vegetables (Conf: 0.6481, Lift: 1.5912, Factor: 1); Sugar (Conf: 0.6183, Lift: 1.7671, Factor: 1); Moong Dal (Conf: 0.5930, Lift: 1.7607, Factor: 1); Brinjals (Conf: 0.5338, Lift: 1.6353, Factor: 1); Sooji & Rava (Conf: 0.5011, Lift: 1.7597, Factor: 1); Urad Dal (Conf: 0.4655, Lift: 1.5729, Factor: 1); Raw Rice (Conf: 0.4000, Lift: 1.7100, Factor: 1); Sunflower Oils (Conf: 0.3199, Lift: 1.7114, Factor: 1)"
7862826,Diapers & Wipes; Whole Spices; Urad Dal; Whole Spices; Toilet Cleaners; Toor Dal; Phenyles & Acids; Sugar; Sunflower Oils,Other Vegetables; Other Dals; Beans; Root Vegetables; Moong Dal; Brinjals; Gourd & Cucumber; Sooji & Rava; Raw Rice; Banana,"Other Vegetables (Conf: 0.6429, Lift: 1.3913, Factor: 1); Other Dals (Conf: 0.6403, Lift: 1.3951, Factor: 1); Beans (Conf: 0.6179, Lift: 1.3895, Factor: 1); Root Vegetables (Conf: 0.5664, Lift: 1.3906, Factor: 1); Moong Dal (Conf: 0.4635, Lift: 1.3763, Factor: 1); Brinjals (Conf: 0.4408, Lift: 1.3504, Factor: 1); Gourd & Cucumber (Conf: 0.4355, Lift: 1.3815, Factor: 1); Sooji & Rava (Conf: 0.3882, Lift: 1.3632, Factor: 1); Raw Rice (Conf: 0.3180, Lift: 1.3595, Factor: 1); Banana (Conf: 0.3000, Lift: 1.3240, Factor: 1)"
7863862,Other Dals; Instant Pastas; Beans; Other Vegetables; Root Vegetables; Instant Pastas,Whole Spices; Toor Dal; Sugar; Moong Dal; Brinjals; Urad Dal; Sooji & Rava; Gourd & Cucumber; Raw Rice; Sunflower Oils,"Whole Spices (Conf: 0.7484, Lift: 1.8356, Factor: 1); Toor Dal (Conf: 0.7108, Lift: 1.8408, Factor: 1); Sugar (Conf: 0.6442, Lift: 1.8412, Factor: 1); Moong Dal (Conf: 0.6203, Lift: 1.8416, Factor: 1); Brinjals (Conf: 0.5778, Lift: 1.7702, Factor: 1); Urad Dal (Conf: 0.5427, Lift: 1.8337, Factor: 1); Sooji & Rava (Conf: 0.5244, Lift: 1.8414, Factor: 1); Gourd & Cucumber (Conf: 0.4859, Lift: 1.5415, Factor: 1); Raw Rice (Conf: 0.3563, Lift: 1.5231, Factor: 1); Sunflower Oils (Conf: 0.3421, Lift: 1.8304, Factor: 1)"
8061159,Banana; Exotic Vegetables; Root Vegetables; Beans; Bread; Cooking Sauce; Exotic Vegetables,Urad Dal; Whole Spices; Sooji & Rava; Toor Dal; Sugar; Other Vegetables; Other Dals; Moong Dal; Gourd & Cucumber; Brinjals,"Urad Dal (Conf: 0.8020, Lift: 2.7098, Factor: 1); Whole Spices (Conf: 0.7879, Lift: 1.9325, Factor: 1); Sooji & Rava (Conf: 0.7545, Lift: 2.6496, Factor: 1); Toor Dal (Conf: 0.7477, Lift: 1.9363, Factor: 1); Sugar (Conf: 0.6750, Lift: 1.9291, Factor: 1); Other Vegetables (Conf: 0.6667, Lift: 1.4429, Factor: 1); Other Dals (Conf: 0.6640, Lift: 1.4468, Factor: 1); Moong Dal (Conf: 0.6393, Lift: 1.8983, Factor: 1); Gourd & Cucumber (Conf: 0.6091, Lift: 1.9323, Factor: 1); Brinjals (Conf: 0.5778, Lift: 1.7702, Factor: 1)"
8061163,Toor Dal; Jaggery; Phenyles & Acids; Avalakki / Poha; Whole Spices; Other Dals; Whole Spices; Moong Dal; Sunflower Oils; Besan; Whole Spices; Sooji & Rava; Health Drinks; Raw Peanuts; Cashews,Other Vegetables; Beans; Root Vegetables; Sugar; Brinjals; Gourd & Cucumber; Urad Dal; Raw Rice; Banana; Organic F&V,"Other Vegetables (Conf: 0.6113, Lift: 1.3230, Factor: 1); Beans (Conf: 0.5854, Lift: 1.3163, Factor: 1); Root Vegetables (Conf: 0.5306, Lift: 1.3027, Factor: 1); Sugar (Conf: 0.4652, Lift: 1.3294, Factor: 1); Brinjals (Conf: 0.4330, Lift: 1.3265, Factor: 1); Gourd & Cucumber (Conf: 0.4098, Lift: 1.2999, Factor: 1); Urad Dal (Conf: 0.3842, Lift: 1.2983, Factor: 1); Raw Rice (Conf: 0.3038, Lift: 1.2989, Factor: 1); Banana (Conf: 0.3000, Lift: 1.3240, Factor: 1); Organic F&V (Conf: 0.1846, Lift: 1.0324, Factor: 1)"
8061560,Root Vegetables; Other Vegetables; Organic F&V; Instant Pastas; Root Vegetables; Instant Noodles; Whole Spices; Chinese Noodles; Brinjals; Banana,Other Dals; Beans; Toor Dal; Sugar; Moong Dal; Gourd & Cucumber; Urad Dal; Sooji & Rava; Raw Rice; Sunflower Oils,"Other Dals (Conf: 0.8208, Lift: 1.7883, Factor: 1); Beans (Conf: 0.7817, Lift: 1.7579, Factor: 1); Toor Dal (Conf: 0.7215, Lift: 1.8686, Factor: 1); Sugar (Conf: 0.6592, Lift: 1.8840, Factor: 1); Moong Dal (Conf: 0.6356, Lift: 1.8872, Factor: 1); Gourd & Cucumber (Conf: 0.5708, Lift: 1.8106, Factor: 1); Urad Dal (Conf: 0.5498, Lift: 1.8576, Factor: 1); Sooji & Rava (Conf: 0.5224, Lift: 1.8344, Factor: 1); Raw Rice (Conf: 0.3793, Lift: 1.6216, Factor: 1); Sunflower Oils (Conf: 0.3421, Lift: 1.8304, Factor: 1)"
8061961,Beans; Moong Dal; Urad Dal; Brinjals; Beans; Root Vegetables; Boiled Rice; Banana; Other Dals; Other Vegetables; Organic Masalas & Spices; Gourd & Cucumber; Other Vegetables; Other Dals,Whole Spices; Toor Dal; Sugar; Sooji & Rava; Raw Rice; Raw Peanuts; Organic F&V; Avalakki / Poha; Sunflower Oils; Besan,"Whole Spices (Conf: 0.5909, Lift: 1.4493, Factor: 1); Toor Dal (Conf: 0.5578, Lift: 1.4447, Factor: 1); Sugar (Conf: 0.5061, Lift: 1.4464, Factor: 1); Sooji & Rava (Conf: 0.4110, Lift: 1.4433, Factor: 1); Raw Rice (Conf: 0.3392, Lift: 1.4503, Factor: 1); Raw Peanuts (Conf: 0.2555, Lift: 1.4411, Factor: 1); Organic F&V (Conf: 0.2544, Lift: 1.4227, Factor: 1); Avalakki / Poha (Conf: 0.2485, Lift: 1.4493, Factor: 1); Sunflower Oils (Conf: 0.2180, Lift: 1.1663, Factor: 1); Besan (Conf: 0.2093, Lift: 1.4178, Factor: 1)"
8063588,Other Vegetables; Toor Dal; Eggs; Sunflower Oils; Brinjals; Raw Rice,Other Dals; Whole Spices; Beans; Sugar; Moong Dal; Root Vegetables; Urad Dal; Gourd & Cucumber; Sooji & Rava; Raw Peanuts,"Other Dals (Conf: 0.8208, Lift: 1.7883, Factor: 1); Whole Spices (Conf: 0.7431, Lift: 1.8227, Factor: 1); Beans (Conf: 0.6953, Lift: 1.5635, Factor: 1); Sugar (Conf: 0.6466, Lift: 1.8478, Factor: 1); Moong Dal (Conf: 0.6143, Lift: 1.8239, Factor: 1); Root Vegetables (Conf: 0.6127, Lift: 1.5041, Factor: 1); Urad Dal (Conf: 0.5498, Lift: 1.8576, Factor: 1); Gourd & Cucumber (Conf: 0.5361, Lift: 1.7008, Factor: 1); Sooji & Rava (Conf: 0.5224, Lift: 1.8344, Factor: 1); Raw Peanuts (Conf: 0.3259, Lift: 1.8385, Factor: 1)"
8063597,Boiled Rice; Urad Dal; Moong Dal; Bread; Raw Rice; Toor Dal; Toothpaste,Other Vegetables; Other Dals; Beans; Whole Spices; Root Vegetables; Sugar; Gourd & Cucumber; Brinjals; Sooji & Rava; Banana,"Other Vegetables (Conf: 0.7409, Lift: 1.6036, Factor: 1); Other Dals (Conf: 0.7350, Lift: 1.6015, Factor: 1); Beans (Conf: 0.7121, Lift: 1.6013, Factor: 1); Whole Spices (Conf: 0.6535, Lift: 1.6030, Factor: 1); Root Vegetables (Conf: 0.6224, Lift: 1.5280, Factor: 1); Sugar (Conf: 0.5374, Lift: 1.5359, Factor: 1); Gourd & Cucumber (Conf: 0.5047, Lift: 1.6012, Factor: 1); Brinjals (Conf: 0.4986, Lift: 1.5275, Factor: 1); Sooji & Rava (Conf: 0.4491, Lift: 1.5770, Factor: 1); Banana (Conf: 0.3155, Lift: 1.3922, Factor: 1)"
8063911,"Bread; Sunflower Oils; Whole Spices; Banana; Honey; Glucose, Marie & Milk Biscuits",Other Dals; Other Vegetables; Toor Dal; Urad Dal; Sugar; Moong Dal; Beans; Sooji & Rava; Root Vegetables; Gourd & Cucumber,"Other Dals (Conf: 0.8025, Lift: 1.7485, Factor: 1); Other Vegetables (Conf: 0.7778, Lift: 1.6833, Factor: 1); Toor Dal (Conf: 0.7719, Lift: 1.9992, Factor: 1); Urad Dal (Conf: 0.7523, Lift: 2.5419, Factor: 1); Sugar (Conf: 0.7288, Lift: 2.0829, Factor: 1); Moong Dal (Conf: 0.7133, Lift: 2.1180, Factor: 1); Beans (Conf: 0.7032, Lift: 1.5813, Factor: 1); Sooji & Rava (Conf: 0.6914, Lift: 2.4277, Factor: 1); Root Vegetables (Conf: 0.6812, Lift: 1.6723, Factor: 1); Gourd & Cucumber (Conf: 0.6091, Lift: 1.9323, Factor: 1)"
8064356,Cakes; Beans; Moong Dal; Banana; Raw Peanuts; Exotic Vegetables; Buns & Pavs,Whole Spices; Other Dals; Other Vegetables; Sugar; Toor Dal; Root Vegetables; Sooji & Rava; Gourd & Cucumber; Urad Dal; Brinjals,"Whole Spices (Conf: 0.8082, Lift: 1.9824, Factor: 1); Other Dals (Conf: 0.7887, Lift: 1.7185, Factor: 1); Other Vegetables (Conf: 0.7636, Lift: 1.6527, Factor: 1); Sugar (Conf: 0.7570, Lift: 2.1635, Factor: 1); Toor Dal (Conf: 0.7533, Lift: 1.9510, Factor: 1); Root Vegetables (Conf: 0.6753, Lift: 1.6580, Factor: 1); Sooji & Rava (Conf: 0.6329, Lift: 2.2225, Factor: 1); Gourd & Cucumber (Conf: 0.6091, Lift: 1.9323, Factor: 1); Urad Dal (Conf: 0.5889, Lift: 1.9898, Factor: 1); Brinjals (Conf: 0.5482, Lift: 1.6795, Factor: 1)"
8064480,Brinjals; Sugar; Cream Biscuits; Cream Biscuits; Raisins; Root Vegetables; Moong Dal; Other Vegetables; Beans; Other Vegetables,Other Dals; Whole Spices; Toor Dal; Gourd & Cucumber; Urad Dal; Sooji & Rava; Raw Rice; Sunflower Oils; Raw Peanuts; Avalakki / Poha,"Other Dals (Conf: 0.7944, Lift: 1.7309, Factor: 1); Whole Spices (Conf: 0.7051, Lift: 1.7295, Factor: 1); Toor Dal (Conf: 0.6615, Lift: 1.7131, Factor: 1); Gourd & Cucumber (Conf: 0.5283, Lift: 1.6760, Factor: 1); Urad Dal (Conf: 0.5000, Lift: 1.6895, Factor: 1); Sooji & Rava (Conf: 0.4646, Lift: 1.6316, Factor: 1); Raw Rice (Conf: 0.3903, Lift: 1.6685, Factor: 1); Sunflower Oils (Conf: 0.3227, Lift: 1.7265, Factor: 1); Raw Peanuts (Conf: 0.2854, Lift: 1.6102, Factor: 1); Avalakki / Poha (Conf: 0.2744, Lift: 1.6002, Factor: 1)"
8064972,Raw Rice; Urad Dal; Jaggery; Whole Spices; Health Drinks; Liquid Soaps & Bars; Sunflower Oils; Toor Dal; Maida; Whole Spices; Moong Dal; Whole Spices,Other Vegetables; Other Dals; Beans; Root Vegetables; Brinjals; Gourd & Cucumber; Sugar; Sooji & Rava; Banana; Organic F&V,"Other Vegetables (Conf: 0.6707, Lift: 1.4515, Factor: 1); Other Dals (Conf: 0.6557, Lift: 1.4287, Factor: 1); Beans (Conf: 0.6218, Lift: 1.3982, Factor: 1); Root Vegetables (Conf: 0.5915, Lift: 1.4523, Factor: 1); Brinjals (Conf: 0.4664, Lift: 1.4289, Factor: 1); Gourd & Cucumber (Conf: 0.4412, Lift: 1.3996, Factor: 1); Sugar (Conf: 0.4341, Lift: 1.2406, Factor: 1); Sooji & Rava (Conf: 0.3882, Lift: 1.3632, Factor: 1); Banana (Conf: 0.3155, Lift: 1.3922, Factor: 1); Organic F&V (Conf: 0.2544, Lift: 1.4227, Factor: 1)"
8065270,Urad Dal; Avalakki / Poha; Whole Spices; Raw Peanuts; Other Rice Products; Moong Dal; Sooji & Rava; Sooji & Rava; Whole Spices,Other Vegetables; Other Dals; Beans; Root Vegetables; Toor Dal; Sugar; Brinjals; Gourd & Cucumber; Raw Rice; Banana,"Other Vegetables (Conf: 0.6463, Lift: 1.3989, Factor: 1); Other Dals (Conf: 0.6412, Lift: 1.3971, Factor: 1); Beans (Conf: 0.6218, Lift: 1.3982, Factor: 1); Root Vegetables (Conf: 0.5697, Lift: 1.3986, Factor: 1); Toor Dal (Conf: 0.5372, Lift: 1.3913, Factor: 1); Sugar (Conf: 0.4686, Lift: 1.3392, Factor: 1); Brinjals (Conf: 0.4581, Lift: 1.4037, Factor: 1); Gourd & Cucumber (Conf: 0.4412, Lift: 1.3996, Factor: 1); Raw Rice (Conf: 0.3236, Lift: 1.3834, Factor: 1); Banana (Conf: 0.2770, Lift: 1.2226, Factor: 1)"
8065395,Other Dals; Sunflower Oils; Gourd & Cucumber; Beans; Avalakki / Poha; Cooking Paste; Raw Peanuts,Whole Spices; Other Vegetables; Toor Dal; Sugar; Root Vegetables; Moong Dal; Brinjals; Sooji & Rava; Urad Dal; Raw Rice,"Whole Spices (Conf: 0.7532, Lift: 1.8473, Factor: 1); Other Vegetables (Conf: 0.7358, Lift: 1.5926, Factor: 1); Toor Dal (Conf: 0.7049, Lift: 1.8256, Factor: 1); Sugar (Conf: 0.6354, Lift: 1.8159, Factor: 1); Root Vegetables (Conf: 0.6332, Lift: 1.5545, Factor: 1); Moong Dal (Conf: 0.6203, Lift: 1.8416, Factor: 1); Brinjals (Conf: 0.5159, Lift: 1.5805, Factor: 1); Sooji & Rava (Conf: 0.4912, Lift: 1.7249, Factor: 1); Urad Dal (Conf: 0.4513, Lift: 1.5248, Factor: 1); Raw Rice (Conf: 0.3603, Lift: 1.5404, Factor: 1)"
8065400,Brinjals; Regular Pasta; Whole Spices; Root Vegetables; Other Vegetables; Sunflower Oils; Sooji & Rava,Other Dals; Beans; Toor Dal; Sugar; Moong Dal; Gourd & Cucumber; Urad Dal; Raw Rice; Avalakki / Poha; Raw Peanuts,"Other Dals (Conf: 0.7638, Lift: 1.6642, Factor: 1); Beans (Conf: 0.7059, Lift: 1.5873, Factor: 1); Toor Dal (Conf: 0.6452, Lift: 1.6709, Factor: 1); Sugar (Conf: 0.5833, Lift: 1.6671, Factor: 1); Moong Dal (Conf: 0.5479, Lift: 1.6269, Factor: 1); Gourd & Cucumber (Conf: 0.5155, Lift: 1.6354, Factor: 1); Urad Dal (Conf: 0.4619, Lift: 1.5606, Factor: 1); Raw Rice (Conf: 0.3793, Lift: 1.6216, Factor: 1); Avalakki / Poha (Conf: 0.2744, Lift: 1.6002, Factor: 1); Raw Peanuts (Conf: 0.2599, Lift: 1.4663, Factor: 1)"
8065445,Root Vegetables; Beans; Exotic Vegetables; Health Drinks; Other Vegetables; Exotic Vegetables; Exotic Vegetables; Toor Dal; Sugar,Other Dals; Whole Spices; Moong Dal; Brinjals; Gourd & Cucumber; Urad Dal; Sooji & Rava; Banana; Raw Rice; Sunflower Oils,"Other Dals (Conf: 0.7782, Lift: 1.6956, Factor: 1); Whole Spices (Conf: 0.7042, Lift: 1.7273, Factor: 1); Moong Dal (Conf: 0.5758, Lift: 1.7095, Factor: 1); Brinjals (Conf: 0.5455, Lift: 1.6711, Factor: 1); Gourd & Cucumber (Conf: 0.5361, Lift: 1.7008, Factor: 1); Urad Dal (Conf: 0.5126, Lift: 1.7319, Factor: 1); Sooji & Rava (Conf: 0.4646, Lift: 1.6316, Factor: 1); Banana (Conf: 0.3668, Lift: 1.6188, Factor: 1); Raw Rice (Conf: 0.3629, Lift: 1.5513, Factor: 1); Sunflower Oils (Conf: 0.2974, Lift: 1.5910, Factor: 1)"
8065502,Other Dals; Sooji & Rava; Other Dals; Sugar; Namkeen; Namkeen; Urad Dal; Namkeen; Toor Dal; Cooking Sauce; Whole Spices; Other Dals; Chinese Noodles,Other Vegetables; Beans; Root Vegetables; Moong Dal; Brinjals; Gourd & Cucumber; Raw Rice; Banana; Avalakki / Poha; Organic F&V,"Other Vegetables (Conf: 0.5755, Lift: 1.2456, Factor: 1); Beans (Conf: 0.5556, Lift: 1.2493, Factor: 1); Root Vegetables (Conf: 0.5048, Lift: 1.2394, Factor: 1); Moong Dal (Conf: 0.4202, Lift: 1.2477, Factor: 1); Brinjals (Conf: 0.3668, Lift: 1.1238, Factor: 1); Gourd & Cucumber (Conf: 0.3529, Lift: 1.1197, Factor: 1); Raw Rice (Conf: 0.2909, Lift: 1.2437, Factor: 1); Banana (Conf: 0.2801, Lift: 1.2361, Factor: 1); Avalakki / Poha (Conf: 0.2140, Lift: 1.2477, Factor: 1); Organic F&V (Conf: 0.2091, Lift: 1.1693, Factor: 1)"
8065871,Brinjals; Other Vegetables; Beans; Brinjals; Other Vegetables; Banana,Other Dals; Whole Spices; Toor Dal; Urad Dal; Sugar; Moong Dal; Gourd & Cucumber; Root Vegetables; Sooji & Rava; Raw Peanuts,"Other Dals (Conf: 0.8208, Lift: 1.7883, Factor: 1); Whole Spices (Conf: 0.7891, Lift: 1.9355, Factor: 1); Toor Dal (Conf: 0.7477, Lift: 1.9363, Factor: 1); Urad Dal (Conf: 0.7273, Lift: 2.4574, Factor: 1); Sugar (Conf: 0.6772, Lift: 1.9353, Factor: 1); Moong Dal (Conf: 0.6471, Lift: 1.9212, Factor: 1); Gourd & Cucumber (Conf: 0.6091, Lift: 1.9323, Factor: 1); Root Vegetables (Conf: 0.5901, Lift: 1.4488, Factor: 1); Sooji & Rava (Conf: 0.5514, Lift: 1.9361, Factor: 1); Raw Peanuts (Conf: 0.4350, Lift: 2.4537, Factor: 1)"
8066070,Cooking Paste; Namkeen; Other Rice Products; Moong Dal; Whole Spices; Other Rice Products; Other Vegetables; Whole Grains; Whole Spices; Other Dals; Sugar; Raw Rice; Sooji & Rava; Banana,Beans; Root Vegetables; Toor Dal; Brinjals; Gourd & Cucumber; Urad Dal; Sunflower Oils; Raw Peanuts; Avalakki / Poha; Besan,"Beans (Conf: 0.5974, Lift: 1.3434, Factor: 1); Root Vegetables (Conf: 0.5523, Lift: 1.3559, Factor: 1); Toor Dal (Conf: 0.5202, Lift: 1.3472, Factor: 1); Brinjals (Conf: 0.4412, Lift: 1.3517, Factor: 1); Gourd & Cucumber (Conf: 0.4245, Lift: 1.3466, Factor: 1); Urad Dal (Conf: 0.3734, Lift: 1.2616, Factor: 1); Sunflower Oils (Conf: 0.2487, Lift: 1.3308, Factor: 1); Raw Peanuts (Conf: 0.2385, Lift: 1.3452, Factor: 1); Avalakki / Poha (Conf: 0.2140, Lift: 1.2477, Factor: 1); Besan (Conf: 0.1991, Lift: 1.3489, Factor: 1)"
8067510,Toor Dal; Other Dals; Other Rice Products; Agarbatti; Whole Spices; Sooji & Rava; Other Dals; Organic Flours; Whole Spices; Whole Spices,Other Vegetables; Beans; Root Vegetables; Moong Dal; Sugar; Brinjals; Gourd & Cucumber; Urad Dal; Raw Rice; Banana,"Other Vegetables (Conf: 0.6486, Lift: 1.4039, Factor: 1); Beans (Conf: 0.6289, Lift: 1.4143, Factor: 1); Root Vegetables (Conf: 0.5766, Lift: 1.4157, Factor: 1); Moong Dal (Conf: 0.4720, Lift: 1.4013, Factor: 1); Sugar (Conf: 0.4686, Lift: 1.3392, Factor: 1); Brinjals (Conf: 0.4563, Lift: 1.3981, Factor: 1); Gourd & Cucumber (Conf: 0.4444, Lift: 1.4099, Factor: 1); Urad Dal (Conf: 0.4131, Lift: 1.3958, Factor: 1); Raw Rice (Conf: 0.3278, Lift: 1.4012, Factor: 1); Banana (Conf: 0.3015, Lift: 1.3304, Factor: 1)"
8067980,Sugar; Raw Peanuts; Other Dals; Moong Dal; Powdered Spices; Whole Spices; Whole Spices,Other Vegetables; Beans; Root Vegetables; Toor Dal; Brinjals; Gourd & Cucumber; Sooji & Rava; Urad Dal; Raw Rice; Banana,"Other Vegetables (Conf: 0.6486, Lift: 1.4039, Factor: 1); Beans (Conf: 0.6232, Lift: 1.4014, Factor: 1); Root Vegetables (Conf: 0.5660, Lift: 1.3897, Factor: 1); Toor Dal (Conf: 0.5370, Lift: 1.3906, Factor: 1); Brinjals (Conf: 0.4589, Lift: 1.4060, Factor: 1); Gourd & Cucumber (Conf: 0.4412, Lift: 1.3996, Factor: 1); Sooji & Rava (Conf: 0.3776, Lift: 1.3259, Factor: 1); Urad Dal (Conf: 0.3734, Lift: 1.2616, Factor: 1); Raw Rice (Conf: 0.3180, Lift: 1.3595, Factor: 1); Banana (Conf: 0.3175, Lift: 1.4010, Factor: 1)"
8069214,Other Dals; Whole Spices; Other Dals; Brinjals; Root Vegetables; Other Dals,Other Vegetables; Beans; Toor Dal; Sugar; Moong Dal; Gourd & Cucumber; Sooji & Rava; Urad Dal; Raw Rice; Sunflower Oils,"Other Vegetables (Conf: 0.7778, Lift: 1.6833, Factor: 1); Beans (Conf: 0.7477, Lift: 1.6815, Factor: 1); Toor Dal (Conf: 0.6743, Lift: 1.7463, Factor: 1); Sugar (Conf: 0.6196, Lift: 1.7709, Factor: 1); Moong Dal (Conf: 0.5782, Lift: 1.7168, Factor: 1); Gourd & Cucumber (Conf: 0.5155, Lift: 1.6354, Factor: 1); Sooji & Rava (Conf: 0.4704, Lift: 1.6518, Factor: 1); Urad Dal (Conf: 0.4402, Lift: 1.4873, Factor: 1); Raw Rice (Conf: 0.3793, Lift: 1.6216, Factor: 1); Sunflower Oils (Conf: 0.3199, Lift: 1.7114, Factor: 1)"
8069362,Other Vegetables; Other Dals; Banana; Root Vegetables; Sooji & Rava; Gourd & Cucumber; Raisins; Other Vegetables; Sugar; Raw Rice,Beans; Whole Spices; Toor Dal; Moong Dal; Brinjals; Urad Dal; Raw Peanuts; Besan; Avalakki / Poha; Maida,"Beans (Conf: 0.6744, Lift: 1.5166, Factor: 1); Whole Spices (Conf: 0.6202, Lift: 1.5211, Factor: 1); Toor Dal (Conf: 0.5756, Lift: 1.4907, Factor: 1); Moong Dal (Conf: 0.5149, Lift: 1.5286, Factor: 1); Brinjals (Conf: 0.4974, Lift: 1.5238, Factor: 1); Urad Dal (Conf: 0.4174, Lift: 1.4104, Factor: 1); Raw Peanuts (Conf: 0.2641, Lift: 1.4898, Factor: 1); Besan (Conf: 0.2183, Lift: 1.4789, Factor: 1); Avalakki / Poha (Conf: 0.2140, Lift: 1.2477, Factor: 1); Maida (Conf: 0.1853, Lift: 1.4983, Factor: 1)"
8069625,Whole Spices; Toor Dal; Whole Spices; Raw Rice; Moong Dal; Sugar; Sooji & Rava; Jaggery; Raisins; Ground Coffee,Other Dals; Other Vegetables; Beans; Root Vegetables; Brinjals; Gourd & Cucumber; Urad Dal; Banana; Sunflower Oils; Avalakki / Poha,"Other Dals (Conf: 0.6124, Lift: 1.3343, Factor: 1); Other Vegetables (Conf: 0.6077, Lift: 1.3152, Factor: 1); Beans (Conf: 0.6013, Lift: 1.3521, Factor: 1); Root Vegetables (Conf: 0.5429, Lift: 1.3327, Factor: 1); Brinjals (Conf: 0.4412, Lift: 1.3517, Factor: 1); Gourd & Cucumber (Conf: 0.4236, Lift: 1.3439, Factor: 1); Urad Dal (Conf: 0.3842, Lift: 1.2983, Factor: 1); Banana (Conf: 0.3000, Lift: 1.3240, Factor: 1); Sunflower Oils (Conf: 0.2448, Lift: 1.3098, Factor: 1); Avalakki / Poha (Conf: 0.2235, Lift: 1.3031, Factor: 1)"
8069966,Whole Spices; Moong Dal; Cashews; Other Dals; Beans; Bread; Whole Spices,Other Vegetables; Root Vegetables; Toor Dal; Sugar; Brinjals; Gourd & Cucumber; Urad Dal; Sooji & Rava; Raw Rice; Banana,"Other Vegetables (Conf: 0.7551, Lift: 1.6343, Factor: 1); Root Vegetables (Conf: 0.6641, Lift: 1.6303, Factor: 1); Toor Dal (Conf: 0.6222, Lift: 1.6114, Factor: 1); Sugar (Conf: 0.5471, Lift: 1.5635, Factor: 1); Brinjals (Conf: 0.5157, Lift: 1.5800, Factor: 1); Gourd & Cucumber (Conf: 0.4879, Lift: 1.5478, Factor: 1); Urad Dal (Conf: 0.4402, Lift: 1.4873, Factor: 1); Sooji & Rava (Conf: 0.4350, Lift: 1.5276, Factor: 1); Raw Rice (Conf: 0.3793, Lift: 1.6216, Factor: 1); Banana (Conf: 0.3211, Lift: 1.4170, Factor: 1)"
8070166,Boiled Rice; Sugar; Whole Spices; Cooking Paste; Urad Dal; Other Vegetables; Liquid Soaps & Bars; Other Dals; Beans,Root Vegetables; Toor Dal; Moong Dal; Brinjals; Gourd & Cucumber; Sooji & Rava; Raw Rice; Banana; Raw Peanuts; Avalakki / Poha,"Root Vegetables (Conf: 0.5694, Lift: 1.3980, Factor: 1); Toor Dal (Conf: 0.5460, Lift: 1.4140, Factor: 1); Moong Dal (Conf: 0.4656, Lift: 1.3824, Factor: 1); Brinjals (Conf: 0.4581, Lift: 1.4037, Factor: 1); Gourd & Cucumber (Conf: 0.4355, Lift: 1.3815, Factor: 1); Sooji & Rava (Conf: 0.3624, Lift: 1.2725, Factor: 1); Raw Rice (Conf: 0.3180, Lift: 1.3595, Factor: 1); Banana (Conf: 0.3000, Lift: 1.3240, Factor: 1); Raw Peanuts (Conf: 0.2385, Lift: 1.3452, Factor: 1); Avalakki / Poha (Conf: 0.2372, Lift: 1.3834, Factor: 1)"
8070264,Exotic Vegetables; Sooji & Rava; Cooking Paste; Liquid Soaps & Bars; Other Vegetables; Root Vegetables; Namkeen; Other Dals,Beans; Whole Spices; Toor Dal; Sugar; Moong Dal; Brinjals; Urad Dal; Gourd & Cucumber; Raw Rice; Sunflower Oils,"Beans (Conf: 0.7817, Lift: 1.7579, Factor: 1); Whole Spices (Conf: 0.7051, Lift: 1.7295, Factor: 1); Toor Dal (Conf: 0.6807, Lift: 1.7630, Factor: 1); Sugar (Conf: 0.6183, Lift: 1.7671, Factor: 1); Moong Dal (Conf: 0.5782, Lift: 1.7168, Factor: 1); Brinjals (Conf: 0.5747, Lift: 1.7606, Factor: 1); Urad Dal (Conf: 0.5031, Lift: 1.6998, Factor: 1); Gourd & Cucumber (Conf: 0.4859, Lift: 1.5415, Factor: 1); Raw Rice (Conf: 0.3961, Lift: 1.6935, Factor: 1); Sunflower Oils (Conf: 0.3294, Lift: 1.7626, Factor: 1)"
8070481,"Sooji & Rava; Raisins; Toothpaste; Other Dry Fruits; Other Rice Products; Whole Spices; Almonds; Maida; Raisins; Other Dry Fruits; Sunflower Oils; Shaving Cream, Foam & Gels",Other Dals; Other Vegetables; Beans; Root Vegetables; Toor Dal; Sugar; Moong Dal; Brinjals; Gourd & Cucumber; Urad Dal,"Other Dals (Conf: 0.7985, Lift: 1.7398, Factor: 1); Other Vegetables (Conf: 0.7778, Lift: 1.6833, Factor: 1); Beans (Conf: 0.7059, Lift: 1.5873, Factor: 1); Root Vegetables (Conf: 0.6812, Lift: 1.6723, Factor: 1); Toor Dal (Conf: 0.6204, Lift: 1.6068, Factor: 1); Sugar (Conf: 0.5833, Lift: 1.6671, Factor: 1); Moong Dal (Conf: 0.5479, Lift: 1.6269, Factor: 1); Brinjals (Conf: 0.5292, Lift: 1.6213, Factor: 1); Gourd & Cucumber (Conf: 0.5155, Lift: 1.6354, Factor: 1); Urad Dal (Conf: 0.5125, Lift: 1.7317, Factor: 1)"
8070710,Sugar Cubes; Other Vegetables; Gourd & Cucumber; Maida; Other Vegetables; Namkeen; Beans; Namkeen; Moong Dal; Brinjals; Gourd & Cucumber; Mango Juices; Moong Dal,Other Dals; Whole Spices; Toor Dal; Root Vegetables; Sugar; Urad Dal; Sooji & Rava; Raw Rice; Sunflower Oils; Raw Peanuts,"Other Dals (Conf: 0.8208, Lift: 1.7883, Factor: 1); Whole Spices (Conf: 0.7596, Lift: 1.8631, Factor: 1); Toor Dal (Conf: 0.7185, Lift: 1.8608, Factor: 1); Root Vegetables (Conf: 0.6753, Lift: 1.6580, Factor: 1); Sugar (Conf: 0.6519, Lift: 1.8629, Factor: 1); Urad Dal (Conf: 0.5498, Lift: 1.8576, Factor: 1); Sooji & Rava (Conf: 0.5287, Lift: 1.8567, Factor: 1); Raw Rice (Conf: 0.3903, Lift: 1.6685, Factor: 1); Sunflower Oils (Conf: 0.3382, Lift: 1.8093, Factor: 1); Raw Peanuts (Conf: 0.3259, Lift: 1.8385, Factor: 1)"
8070847,Almonds; Toothpaste; Other Oils; Raw Rice; Other Dry Fruits; Brinjals; Gourd & Cucumber; Root Vegetables; Sugar,Other Dals; Whole Spices; Toor Dal; Beans; Other Vegetables; Moong Dal; Urad Dal; Sooji & Rava; Sunflower Oils; Avalakki / Poha,"Other Dals (Conf: 0.8247, Lift: 1.7970, Factor: 1); Whole Spices (Conf: 0.7800, Lift: 1.9131, Factor: 1); Toor Dal (Conf: 0.7329, Lift: 1.8981, Factor: 1); Beans (Conf: 0.6854, Lift: 1.5414, Factor: 1); Other Vegetables (Conf: 0.6617, Lift: 1.4320, Factor: 1); Moong Dal (Conf: 0.6465, Lift: 1.9196, Factor: 1); Urad Dal (Conf: 0.5521, Lift: 1.8656, Factor: 1); Sooji & Rava (Conf: 0.5399, Lift: 1.8958, Factor: 1); Sunflower Oils (Conf: 0.3421, Lift: 1.8304, Factor: 1); Avalakki / Poha (Conf: 0.3274, Lift: 1.9094, Factor: 1)"
8071092,Exotic Vegetables; Root Vegetables; Beans; Vermicelli; Boiled Rice; Sooji & Rava; Root Vegetables; Whole Spices; Whole Spices; Other Vegetables,Other Dals; Toor Dal; Moong Dal; Sugar; Brinjals; Gourd & Cucumber; Urad Dal; Raw Rice; Sunflower Oils; Avalakki / Poha,"Other Dals (Conf: 0.8025, Lift: 1.7485, Factor: 1); Toor Dal (Conf: 0.6797, Lift: 1.7603, Factor: 1); Moong Dal (Conf: 0.5922, Lift: 1.7582, Factor: 1); Sugar (Conf: 0.5833, Lift: 1.6671, Factor: 1); Brinjals (Conf: 0.5747, Lift: 1.7606, Factor: 1); Gourd & Cucumber (Conf: 0.5155, Lift: 1.6354, Factor: 1); Urad Dal (Conf: 0.5031, Lift: 1.6998, Factor: 1); Raw Rice (Conf: 0.3961, Lift: 1.6935, Factor: 1); Sunflower Oils (Conf: 0.3294, Lift: 1.7626, Factor: 1); Avalakki / Poha (Conf: 0.3018, Lift: 1.7597, Factor: 1)"
8071210,Moong Dal; Other Dals; Whole Spices; Other Dals; Besan; Other Dals; Salty Biscuits; Other Dals; Whole Spices; Other Dals,Other Vegetables; Beans; Root Vegetables; Toor Dal; Sugar; Gourd & Cucumber; Brinjals; Urad Dal; Sooji & Rava; Raw Rice,"Other Vegetables (Conf: 0.7551, Lift: 1.6343, Factor: 1); Beans (Conf: 0.7172, Lift: 1.6129, Factor: 1); Root Vegetables (Conf: 0.6641, Lift: 1.6303, Factor: 1); Toor Dal (Conf: 0.6222, Lift: 1.6114, Factor: 1); Sugar (Conf: 0.5471, Lift: 1.5635, Factor: 1); Gourd & Cucumber (Conf: 0.5171, Lift: 1.6404, Factor: 1); Brinjals (Conf: 0.5157, Lift: 1.5800, Factor: 1); Urad Dal (Conf: 0.4402, Lift: 1.4873, Factor: 1); Sooji & Rava (Conf: 0.4350, Lift: 1.5276, Factor: 1); Raw Rice (Conf: 0.3793, Lift: 1.6216, Factor: 1)"
8071554,Other Vegetables; Health Drinks; Raw Rice; Boiled Rice; Root Vegetables; Root Vegetables,Whole Spices; Beans; Urad Dal; Toor Dal; Moong Dal; Sugar; Other Dals; Sooji & Rava; Brinjals; Gourd & Cucumber,"Whole Spices (Conf: 0.8365, Lift: 2.0518, Factor: 1); Beans (Conf: 0.7817, Lift: 1.7579, Factor: 1); Urad Dal (Conf: 0.7460, Lift: 2.5208, Factor: 1); Toor Dal (Conf: 0.7411, Lift: 1.9192, Factor: 1); Moong Dal (Conf: 0.7273, Lift: 2.1594, Factor: 1); Sugar (Conf: 0.7207, Lift: 2.0598, Factor: 1); Other Dals (Conf: 0.7176, Lift: 1.5634, Factor: 1); Sooji & Rava (Conf: 0.7059, Lift: 2.4787, Factor: 1); Brinjals (Conf: 0.5778, Lift: 1.7702, Factor: 1); Gourd & Cucumber (Conf: 0.4545, Lift: 1.4420, Factor: 1)"
8072719,Besan; Toor Dal; Other Vegetables; Avalakki / Poha; Other Vegetables; Gourd & Cucumber; Root Vegetables,Beans; Other Dals; Whole Spices; Sugar; Moong Dal; Brinjals; Urad Dal; Sooji & Rava; Raw Rice; Sunflower Oils,"Beans (Conf: 0.7817, Lift: 1.7579, Factor: 1); Other Dals (Conf: 0.7782, Lift: 1.6956, Factor: 1); Whole Spices (Conf: 0.7584, Lift: 1.8601, Factor: 1); Sugar (Conf: 0.6466, Lift: 1.8478, Factor: 1); Moong Dal (Conf: 0.6166, Lift: 1.8308, Factor: 1); Brinjals (Conf: 0.5778, Lift: 1.7702, Factor: 1); Urad Dal (Conf: 0.5498, Lift: 1.8576, Factor: 1); Sooji & Rava (Conf: 0.5224, Lift: 1.8344, Factor: 1); Raw Rice (Conf: 0.4217, Lift: 1.8028, Factor: 1); Sunflower Oils (Conf: 0.3421, Lift: 1.8304, Factor: 1)"
8073815,Other Dals; Sooji & Rava; Urad Dal; Other Dals; Toor Dal; Cashews; Urad Dal,Other Vegetables; Beans; Root Vegetables; Whole Spices; Sugar; Moong Dal; Brinjals; Gourd & Cucumber; Raw Rice; Banana,"Other Vegetables (Conf: 0.6707, Lift: 1.4515, Factor: 1); Beans (Conf: 0.6303, Lift: 1.4174, Factor: 1); Root Vegetables (Conf: 0.5778, Lift: 1.4185, Factor: 1); Whole Spices (Conf: 0.5768, Lift: 1.4148, Factor: 1); Sugar (Conf: 0.4924, Lift: 1.4072, Factor: 1); Moong Dal (Conf: 0.4717, Lift: 1.4006, Factor: 1); Brinjals (Conf: 0.4581, Lift: 1.4037, Factor: 1); Gourd & Cucumber (Conf: 0.4339, Lift: 1.3764, Factor: 1); Raw Rice (Conf: 0.3172, Lift: 1.3561, Factor: 1); Banana (Conf: 0.3015, Lift: 1.3304, Factor: 1)"
8073939,Cream Biscuits; Namkeen; Namkeen; Raw Rice; Toor Dal; Namkeen; Snacky Nuts; Namkeen; Chips; Other Dals,Beans; Other Vegetables; Whole Spices; Root Vegetables; Sugar; Moong Dal; Gourd & Cucumber; Brinjals; Urad Dal; Sooji & Rava,"Beans (Conf: 0.7477, Lift: 1.6815, Factor: 1); Other Vegetables (Conf: 0.7236, Lift: 1.5660, Factor: 1); Whole Spices (Conf: 0.6942, Lift: 1.7027, Factor: 1); Root Vegetables (Conf: 0.6481, Lift: 1.5912, Factor: 1); Sugar (Conf: 0.5951, Lift: 1.7009, Factor: 1); Moong Dal (Conf: 0.5758, Lift: 1.7095, Factor: 1); Gourd & Cucumber (Conf: 0.5361, Lift: 1.7008, Factor: 1); Brinjals (Conf: 0.5338, Lift: 1.6353, Factor: 1); Urad Dal (Conf: 0.4655, Lift: 1.5729, Factor: 1); Sooji & Rava (Conf: 0.4491, Lift: 1.5770, Factor: 1)"
8074318,Cashews; Brinjals; Other Dals; Ice Creams & Desserts; Cakes; Curd; Healthy Snacks,Whole Spices; Sugar; Beans; Toor Dal; Urad Dal; Other Vegetables; Sooji & Rava; Moong Dal; Root Vegetables; Gourd & Cucumber,"Whole Spices (Conf: 0.8598, Lift: 2.1089, Factor: 1); Sugar (Conf: 0.7477, Lift: 2.1370, Factor: 1); Beans (Conf: 0.7477, Lift: 1.6815, Factor: 1); Toor Dal (Conf: 0.7460, Lift: 1.9321, Factor: 1); Urad Dal (Conf: 0.7329, Lift: 2.4763, Factor: 1); Other Vegetables (Conf: 0.7196, Lift: 1.5574, Factor: 1); Sooji & Rava (Conf: 0.7030, Lift: 2.4687, Factor: 1); Moong Dal (Conf: 0.6710, Lift: 1.9922, Factor: 1); Root Vegetables (Conf: 0.6332, Lift: 1.5545, Factor: 1); Gourd & Cucumber (Conf: 0.4859, Lift: 1.5415, Factor: 1)"
8074454,Other Dals; Sunflower Oils; Other Dals; Buns & Pavs; Toor Dal; Beans; Other Vegetables; Sugar; Root Vegetables; Ghee; Other Dals; Raw Rice; Urad Dal; Other Dals,Whole Spices; Brinjals; Moong Dal; Gourd & Cucumber; Sooji & Rava; Banana; Avalakki / Poha; Besan; Organic F&V; Bread,"Whole Spices (Conf: 0.5768, Lift: 1.4148, Factor: 1); Brinjals (Conf: 0.4581, Lift: 1.4037, Factor: 1); Moong Dal (Conf: 0.4410, Lift: 1.3095, Factor: 1); Gourd & Cucumber (Conf: 0.4355, Lift: 1.3815, Factor: 1); Sooji & Rava (Conf: 0.3738, Lift: 1.3127, Factor: 1); Banana (Conf: 0.3000, Lift: 1.3240, Factor: 1); Avalakki / Poha (Conf: 0.2372, Lift: 1.3834, Factor: 1); Besan (Conf: 0.1978, Lift: 1.3399, Factor: 1); Organic F&V (Conf: 0.1910, Lift: 1.0682, Factor: 1); Bread (Conf: 0.1687, Lift: 1.2834, Factor: 1)"
8074475,Raisins; Moong Dal; Honey; Maida; Whole Spices; Whole Spices; Sugar; Urad Dal,Other Vegetables; Other Dals; Beans; Root Vegetables; Toor Dal; Brinjals; Gourd & Cucumber; Sooji & Rava; Raw Rice; Banana,"Other Vegetables (Conf: 0.6707, Lift: 1.4515, Factor: 1); Other Dals (Conf: 0.6667, Lift: 1.4526, Factor: 1); Beans (Conf: 0.6479, Lift: 1.4569, Factor: 1); Root Vegetables (Conf: 0.5799, Lift: 1.4236, Factor: 1); Toor Dal (Conf: 0.5372, Lift: 1.3913, Factor: 1); Brinjals (Conf: 0.4664, Lift: 1.4289, Factor: 1); Gourd & Cucumber (Conf: 0.4581, Lift: 1.4534, Factor: 1); Sooji & Rava (Conf: 0.4152, Lift: 1.4580, Factor: 1); Raw Rice (Conf: 0.3236, Lift: 1.3834, Factor: 1); Banana (Conf: 0.2944, Lift: 1.2993, Factor: 1)"
8074536,Other Dals; Whole Spices; Moong Dal; Other Vegetables; Other Dals; Whole Spices; Beans; Other Dals,Root Vegetables; Toor Dal; Sugar; Brinjals; Gourd & Cucumber; Urad Dal; Sooji & Rava; Raw Rice; Banana; Sunflower Oils,"Root Vegetables (Conf: 0.6332, Lift: 1.5545, Factor: 1); Toor Dal (Conf: 0.6173, Lift: 1.5987, Factor: 1); Sugar (Conf: 0.5471, Lift: 1.5635, Factor: 1); Brinjals (Conf: 0.5157, Lift: 1.5800, Factor: 1); Gourd & Cucumber (Conf: 0.4879, Lift: 1.5478, Factor: 1); Urad Dal (Conf: 0.4402, Lift: 1.4873, Factor: 1); Sooji & Rava (Conf: 0.4350, Lift: 1.5276, Factor: 1); Raw Rice (Conf: 0.3767, Lift: 1.6106, Factor: 1); Banana (Conf: 0.3211, Lift: 1.4170, Factor: 1); Sunflower Oils (Conf: 0.3000, Lift: 1.6052, Factor: 1)"
8074820,"Gourd & Cucumber; Instant Noodles; Glucose, Marie & Milk Biscuits; Instant Noodles; Beans; Root Vegetables; Glucose, Marie & Milk Biscuits; Ground Coffee; Mosquito Repellent; Other Vegetables",Whole Spices; Toor Dal; Other Dals; Sugar; Moong Dal; Brinjals; Urad Dal; Sooji & Rava; Sunflower Oils; Raw Rice,"Whole Spices (Conf: 0.7757, Lift: 1.9026, Factor: 1); Toor Dal (Conf: 0.7343, Lift: 1.9016, Factor: 1); Other Dals (Conf: 0.6639, Lift: 1.4466, Factor: 1); Sugar (Conf: 0.6627, Lift: 1.8940, Factor: 1); Moong Dal (Conf: 0.6405, Lift: 1.9018, Factor: 1); Brinjals (Conf: 0.5778, Lift: 1.7702, Factor: 1); Urad Dal (Conf: 0.5585, Lift: 1.8870, Factor: 1); Sooji & Rava (Conf: 0.5402, Lift: 1.8968, Factor: 1); Sunflower Oils (Conf: 0.3421, Lift: 1.8304, Factor: 1); Raw Rice (Conf: 0.3376, Lift: 1.4433, Factor: 1)"
8075344,Namkeen; Other Vegetables; Namkeen; Namkeen; Beans; Cream Biscuits; Root Vegetables,Whole Spices; Toor Dal; Urad Dal; Sooji & Rava; Sugar; Other Dals; Moong Dal; Gourd & Cucumber; Brinjals; Raw Peanuts,"Whole Spices (Conf: 0.7879, Lift: 1.9325, Factor: 1); Toor Dal (Conf: 0.7411, Lift: 1.9192, Factor: 1); Urad Dal (Conf: 0.7260, Lift: 2.4532, Factor: 1); Sooji & Rava (Conf: 0.6866, Lift: 2.4109, Factor: 1); Sugar (Conf: 0.6746, Lift: 1.9280, Factor: 1); Other Dals (Conf: 0.6639, Lift: 1.4466, Factor: 1); Moong Dal (Conf: 0.6471, Lift: 1.9212, Factor: 1); Gourd & Cucumber (Conf: 0.5923, Lift: 1.8790, Factor: 1); Brinjals (Conf: 0.5778, Lift: 1.7702, Factor: 1); Raw Peanuts (Conf: 0.4250, Lift: 2.3976, Factor: 1)"
8075370,Urad Dal; Whole Spices; Bread; Ghee; Cream Biscuits; Other Dals; Moong Dal,Other Vegetables; Beans; Root Vegetables; Toor Dal; Sugar; Brinjals; Gourd & Cucumber; Sooji & Rava; Raw Rice; Banana,"Other Vegetables (Conf: 0.6707, Lift: 1.4515, Factor: 1); Beans (Conf: 0.6265, Lift: 1.4088, Factor: 1); Root Vegetables (Conf: 0.5799, Lift: 1.4236, Factor: 1); Toor Dal (Conf: 0.5500, Lift: 1.4244, Factor: 1); Sugar (Conf: 0.4935, Lift: 1.4104, Factor: 1); Brinjals (Conf: 0.4664, Lift: 1.4289, Factor: 1); Gourd & Cucumber (Conf: 0.4412, Lift: 1.3996, Factor: 1); Sooji & Rava (Conf: 0.4138, Lift: 1.4530, Factor: 1); Raw Rice (Conf: 0.3236, Lift: 1.3834, Factor: 1); Banana (Conf: 0.3211, Lift: 1.4170, Factor: 1)"
8075456,Other Rice Products; Whole Spices; Whole Spices; Whole Spices; Other Dals; Urad Dal; Chilli & Soya Sauces; Whole Spices; Whole Spices; Whole Spices,Other Vegetables; Beans; Root Vegetables; Toor Dal; Sugar; Moong Dal; Brinjals; Gourd & Cucumber; Sooji & Rava; Raw Rice,"Other Vegetables (Conf: 0.7196, Lift: 1.5574, Factor: 1); Beans (Conf: 0.6882, Lift: 1.5475, Factor: 1); Root Vegetables (Conf: 0.6332, Lift: 1.5545, Factor: 1); Toor Dal (Conf: 0.5983, Lift: 1.5495, Factor: 1); Sugar (Conf: 0.5374, Lift: 1.5359, Factor: 1); Moong Dal (Conf: 0.5183, Lift: 1.5389, Factor: 1); Brinjals (Conf: 0.5093, Lift: 1.5602, Factor: 1); Gourd & Cucumber (Conf: 0.4879, Lift: 1.5478, Factor: 1); Sooji & Rava (Conf: 0.4350, Lift: 1.5276, Factor: 1); Raw Rice (Conf: 0.3564, Lift: 1.5237, Factor: 1)"
8075477,Other Dals; Organic Rice & Rice Products; Whole Spices; Other Dals; Other Dals; Other Dals; Organic Masalas & Spices,Other Vegetables; Toor Dal; Beans; Root Vegetables; Sugar; Moong Dal; Urad Dal; Brinjals; Gourd & Cucumber; Sooji & Rava,"Other Vegetables (Conf: 0.7778, Lift: 1.6833, Factor: 1); Toor Dal (Conf: 0.7557, Lift: 1.9572, Factor: 1); Beans (Conf: 0.7477, Lift: 1.6815, Factor: 1); Root Vegetables (Conf: 0.6812, Lift: 1.6723, Factor: 1); Sugar (Conf: 0.6790, Lift: 1.9406, Factor: 1); Moong Dal (Conf: 0.6188, Lift: 1.8372, Factor: 1); Urad Dal (Conf: 0.5789, Lift: 1.9562, Factor: 1); Brinjals (Conf: 0.5157, Lift: 1.5800, Factor: 1); Gourd & Cucumber (Conf: 0.5155, Lift: 1.6354, Factor: 1); Sooji & Rava (Conf: 0.4704, Lift: 1.6518, Factor: 1)"
8075506,Other Dals; Besan; Raw Rice; Toor Dal; Namkeen; Mustard Oils; Namkeen; Cream Biscuits,Beans; Other Vegetables; Whole Spices; Root Vegetables; Sugar; Moong Dal; Gourd & Cucumber; Brinjals; Urad Dal; Sooji & Rava,"Beans (Conf: 0.7477, Lift: 1.6815, Factor: 1); Other Vegetables (Conf: 0.7236, Lift: 1.5660, Factor: 1); Whole Spices (Conf: 0.6942, Lift: 1.7027, Factor: 1); Root Vegetables (Conf: 0.6481, Lift: 1.5912, Factor: 1); Sugar (Conf: 0.5951, Lift: 1.7009, Factor: 1); Moong Dal (Conf: 0.5758, Lift: 1.7095, Factor: 1); Gourd & Cucumber (Conf: 0.5361, Lift: 1.7008, Factor: 1); Brinjals (Conf: 0.5338, Lift: 1.6353, Factor: 1); Urad Dal (Conf: 0.4655, Lift: 1.5729, Factor: 1); Sooji & Rava (Conf: 0.4491, Lift: 1.5770, Factor: 1)"
8075791,Maida; Basmati Rice; Other Dals; Namkeen; Namkeen; Other Dals,Whole Spices; Sugar; Beans; Urad Dal; Sooji & Rava; Other Vegetables; Toor Dal; Moong Dal; Root Vegetables; Brinjals,"Whole Spices (Conf: 0.8598, Lift: 2.1089, Factor: 1); Sugar (Conf: 0.7477, Lift: 2.1370, Factor: 1); Beans (Conf: 0.7477, Lift: 1.6815, Factor: 1); Urad Dal (Conf: 0.7329, Lift: 2.4763, Factor: 1); Sooji & Rava (Conf: 0.7206, Lift: 2.5303, Factor: 1); Other Vegetables (Conf: 0.7196, Lift: 1.5574, Factor: 1); Toor Dal (Conf: 0.7049, Lift: 1.8256, Factor: 1); Moong Dal (Conf: 0.6710, Lift: 1.9922, Factor: 1); Root Vegetables (Conf: 0.6332, Lift: 1.5545, Factor: 1); Brinjals (Conf: 0.5157, Lift: 1.5800, Factor: 1)"
8076187,Other Vegetables; Gourd & Cucumber; Gourd & Cucumber; Beans; Brinjals; Raw Rice; Other Vegetables,Other Dals; Whole Spices; Toor Dal; Sugar; Moong Dal; Root Vegetables; Urad Dal; Sooji & Rava; Sunflower Oils; Raw Peanuts,"Other Dals (Conf: 0.8208, Lift: 1.7883, Factor: 1); Whole Spices (Conf: 0.7692, Lift: 1.8867, Factor: 1); Toor Dal (Conf: 0.7351, Lift: 1.9038, Factor: 1); Sugar (Conf: 0.6627, Lift: 1.8940, Factor: 1); Moong Dal (Conf: 0.6404, Lift: 1.9014, Factor: 1); Root Vegetables (Conf: 0.5901, Lift: 1.4488, Factor: 1); Urad Dal (Conf: 0.5632, Lift: 1.9031, Factor: 1); Sooji & Rava (Conf: 0.5412, Lift: 1.9003, Factor: 1); Sunflower Oils (Conf: 0.3382, Lift: 1.8093, Factor: 1); Raw Peanuts (Conf: 0.3259, Lift: 1.8385, Factor: 1)"
8076206,"Almonds; Raisins; Phenyles & Acids; Beans; Brinjals; Sugar; Other Vegetables; Besan; Sooji & Rava; Whole Spices; Cashews; Shaving Cream, Foam & Gels; Whole Spices",Other Dals; Root Vegetables; Toor Dal; Moong Dal; Gourd & Cucumber; Urad Dal; Raw Rice; Banana; Raw Peanuts; Avalakki / Poha,"Other Dals (Conf: 0.6967, Lift: 1.5180, Factor: 1); Root Vegetables (Conf: 0.6114, Lift: 1.5010, Factor: 1); Toor Dal (Conf: 0.5690, Lift: 1.4735, Factor: 1); Moong Dal (Conf: 0.5074, Lift: 1.5066, Factor: 1); Gourd & Cucumber (Conf: 0.4525, Lift: 1.4355, Factor: 1); Urad Dal (Conf: 0.4402, Lift: 1.4873, Factor: 1); Raw Rice (Conf: 0.3548, Lift: 1.5170, Factor: 1); Banana (Conf: 0.3448, Lift: 1.5218, Factor: 1); Raw Peanuts (Conf: 0.2599, Lift: 1.4663, Factor: 1); Avalakki / Poha (Conf: 0.2525, Lift: 1.4726, Factor: 1)"
8077366,Toor Dal; Toor Dal; Whole Spices; Whole Spices; Other Vegetables; Root Vegetables,Other Dals; Beans; Moong Dal; Brinjals; Gourd & Cucumber; Sugar; Sooji & Rava; Urad Dal; Raw Rice; Sunflower Oils,"Other Dals (Conf: 0.8025, Lift: 1.7485, Factor: 1); Beans (Conf: 0.7032, Lift: 1.5813, Factor: 1); Moong Dal (Conf: 0.5758, Lift: 1.7095, Factor: 1); Brinjals (Conf: 0.5455, Lift: 1.6711, Factor: 1); Gourd & Cucumber (Conf: 0.5361, Lift: 1.7008, Factor: 1); Sugar (Conf: 0.5340, Lift: 1.5261, Factor: 1); Sooji & Rava (Conf: 0.4704, Lift: 1.6518, Factor: 1); Urad Dal (Conf: 0.4402, Lift: 1.4873, Factor: 1); Raw Rice (Conf: 0.3793, Lift: 1.6216, Factor: 1); Sunflower Oils (Conf: 0.3128, Lift: 1.6739, Factor: 1)"
8077922,Whole Spices; Whole Spices; Other Dals; Whole Spices; Curd; Organic Rice & Rice Products; Toor Dal; Bread,Other Vegetables; Beans; Root Vegetables; Sugar; Moong Dal; Brinjals; Gourd & Cucumber; Urad Dal; Sooji & Rava; Raw Rice,"Other Vegetables (Conf: 0.7143, Lift: 1.5459, Factor: 1); Beans (Conf: 0.6882, Lift: 1.5475, Factor: 1); Root Vegetables (Conf: 0.6332, Lift: 1.5545, Factor: 1); Sugar (Conf: 0.5340, Lift: 1.5261, Factor: 1); Moong Dal (Conf: 0.5183, Lift: 1.5389, Factor: 1); Brinjals (Conf: 0.5060, Lift: 1.5503, Factor: 1); Gourd & Cucumber (Conf: 0.4879, Lift: 1.5478, Factor: 1); Urad Dal (Conf: 0.4402, Lift: 1.4873, Factor: 1); Sooji & Rava (Conf: 0.4350, Lift: 1.5276, Factor: 1); Raw Rice (Conf: 0.3606, Lift: 1.5417, Factor: 1)"
8078249,Other Dals; Sunflower Oils; Raw Peanuts; Mosquito Repellent; Other Rice Products; Instant Noodles; Sugar; Moong Dal; Whole Spices; Whole Spices; Rice Flour; Whole Spices; Whole Spices; Salty Biscuits,Other Vegetables; Beans; Root Vegetables; Toor Dal; Brinjals; Gourd & Cucumber; Sooji & Rava; Urad Dal; Raw Rice; Banana,"Other Vegetables (Conf: 0.6422, Lift: 1.3898, Factor: 1); Beans (Conf: 0.6220, Lift: 1.3986, Factor: 1); Root Vegetables (Conf: 0.5660, Lift: 1.3897, Factor: 1); Toor Dal (Conf: 0.5370, Lift: 1.3906, Factor: 1); Brinjals (Conf: 0.4521, Lift: 1.3852, Factor: 1); Gourd & Cucumber (Conf: 0.4412, Lift: 1.3996, Factor: 1); Sooji & Rava (Conf: 0.3776, Lift: 1.3259, Factor: 1); Urad Dal (Conf: 0.3734, Lift: 1.2616, Factor: 1); Raw Rice (Conf: 0.3180, Lift: 1.3595, Factor: 1); Banana (Conf: 0.3000, Lift: 1.3240, Factor: 1)"
8078727,Moong Dal; Other Dry Fruits; Sooji & Rava; Cashews; Raw Rice; Cooking Paste; Almonds; Raisins; Eggs; Other Dry Fruits,Whole Spices; Other Dals; Beans; Toor Dal; Other Vegetables; Sugar; Root Vegetables; Urad Dal; Brinjals; Gourd & Cucumber,"Whole Spices (Conf: 0.8058, Lift: 1.9765, Factor: 1); Other Dals (Conf: 0.7981, Lift: 1.7389, Factor: 1); Beans (Conf: 0.7798, Lift: 1.7536, Factor: 1); Toor Dal (Conf: 0.7652, Lift: 1.9816, Factor: 1); Other Vegetables (Conf: 0.7636, Lift: 1.6527, Factor: 1); Sugar (Conf: 0.6829, Lift: 1.9518, Factor: 1); Root Vegetables (Conf: 0.6753, Lift: 1.6580, Factor: 1); Urad Dal (Conf: 0.5889, Lift: 1.9898, Factor: 1); Brinjals (Conf: 0.5482, Lift: 1.6795, Factor: 1); Gourd & Cucumber (Conf: 0.5283, Lift: 1.6760, Factor: 1)"
8079264,Moong Dal; Maida; Body Wash; Tomato Ketchup; Raw Rice; Cashews; Liquid Detergent; Ghee,Whole Spices; Beans; Other Dals; Other Vegetables; Sugar; Urad Dal; Root Vegetables; Sooji & Rava; Toor Dal; Brinjals,"Whole Spices (Conf: 0.8365, Lift: 2.0518, Factor: 1); Beans (Conf: 0.7798, Lift: 1.7536, Factor: 1); Other Dals (Conf: 0.7664, Lift: 1.6698, Factor: 1); Other Vegetables (Conf: 0.7636, Lift: 1.6527, Factor: 1); Sugar (Conf: 0.7207, Lift: 2.0598, Factor: 1); Urad Dal (Conf: 0.6797, Lift: 2.2966, Factor: 1); Root Vegetables (Conf: 0.6753, Lift: 1.6580, Factor: 1); Sooji & Rava (Conf: 0.6452, Lift: 2.2655, Factor: 1); Toor Dal (Conf: 0.5756, Lift: 1.4907, Factor: 1); Brinjals (Conf: 0.5482, Lift: 1.6795, Factor: 1)"
8079315,Other Oils; Sugar; Agarbatti; Cream Biscuits; Namkeen; Raisins; Root Vegetables,Whole Spices; Other Dals; Urad Dal; Toor Dal; Sooji & Rava; Beans; Moong Dal; Other Vegetables; Brinjals; Gourd & Cucumber,"Whole Spices (Conf: 0.8469, Lift: 2.0773, Factor: 1); Other Dals (Conf: 0.8247, Lift: 1.7970, Factor: 1); Urad Dal (Conf: 0.7260, Lift: 2.4532, Factor: 1); Toor Dal (Conf: 0.7215, Lift: 1.8686, Factor: 1); Sooji & Rava (Conf: 0.7059, Lift: 2.4787, Factor: 1); Beans (Conf: 0.6854, Lift: 1.5414, Factor: 1); Moong Dal (Conf: 0.6818, Lift: 2.0244, Factor: 1); Other Vegetables (Conf: 0.6617, Lift: 1.4320, Factor: 1); Brinjals (Conf: 0.5778, Lift: 1.7702, Factor: 1); Gourd & Cucumber (Conf: 0.4545, Lift: 1.4420, Factor: 1)"
8079383,Yogurt & Lassi; Maida; Other Vegetables; Banana; Snacky Nuts; Gourd & Cucumber,Whole Spices; Toor Dal; Urad Dal; Sugar; Other Dals; Moong Dal; Sooji & Rava; Root Vegetables; Brinjals; Beans,"Whole Spices (Conf: 0.7800, Lift: 1.9131, Factor: 1); Toor Dal (Conf: 0.7477, Lift: 1.9363, Factor: 1); Urad Dal (Conf: 0.7093, Lift: 2.3967, Factor: 1); Sugar (Conf: 0.6746, Lift: 1.9280, Factor: 1); Other Dals (Conf: 0.6641, Lift: 1.4469, Factor: 1); Moong Dal (Conf: 0.6524, Lift: 1.9372, Factor: 1); Sooji & Rava (Conf: 0.6452, Lift: 2.2655, Factor: 1); Root Vegetables (Conf: 0.5860, Lift: 1.4387, Factor: 1); Brinjals (Conf: 0.5747, Lift: 1.7606, Factor: 1); Beans (Conf: 0.5379, Lift: 1.7715, Factor: 1)"
8080057,Other Vegetables; Other Vegetables; Toor Dal; Raw Peanuts; Other Dals; Other Dals; Root Vegetables,Beans; Whole Spices; Sugar; Moong Dal; Brinjals; Gourd & Cucumber; Urad Dal; Sooji & Rava; Raw Rice; Banana,"Beans (Conf: 0.7042, Lift: 1.5834, Factor: 1); Whole Spices (Conf: 0.6524, Lift: 1.6003, Factor: 1); Sugar (Conf: 0.5471, Lift: 1.5635, Factor: 1); Moong Dal (Conf: 0.5365, Lift: 1.5928, Factor: 1); Brinjals (Conf: 0.5159, Lift: 1.5805, Factor: 1); Gourd & Cucumber (Conf: 0.5000, Lift: 1.5862, Factor: 1); Urad Dal (Conf: 0.4655, Lift: 1.5729, Factor: 1); Sooji & Rava (Conf: 0.4491, Lift: 1.5770, Factor: 1); Raw Rice (Conf: 0.3736, Lift: 1.5973, Factor: 1); Banana (Conf: 0.3000, Lift: 1.3240, Factor: 1)"
8080218,Gourd & Cucumber; Avalakki / Poha; Besan; Avalakki / Poha; Other Vegetables; Beans,Whole Spices; Toor Dal; Urad Dal; Sugar; Moong Dal; Other Dals; Root Vegetables; Brinjals; Sooji & Rava; Raw Peanuts,"Whole Spices (Conf: 0.7800, Lift: 1.9131, Factor: 1); Toor Dal (Conf: 0.7578, Lift: 1.9626, Factor: 1); Urad Dal (Conf: 0.7093, Lift: 2.3967, Factor: 1); Sugar (Conf: 0.6719, Lift: 1.9202, Factor: 1); Moong Dal (Conf: 0.6714, Lift: 1.9935, Factor: 1); Other Dals (Conf: 0.6639, Lift: 1.4466, Factor: 1); Root Vegetables (Conf: 0.5860, Lift: 1.4387, Factor: 1); Brinjals (Conf: 0.5747, Lift: 1.7606, Factor: 1); Sooji & Rava (Conf: 0.5662, Lift: 1.9883, Factor: 1); Raw Peanuts (Conf: 0.4250, Lift: 2.3976, Factor: 1)"
8080311,Cooking Paste; Avalakki / Poha; Sooji & Rava; Whole Spices; Sugar; Cakes; Other Dry Fruits; Cooking Paste; Urad Dal; Other Dry Fruits; Raisins; Moong Dal,Other Vegetables; Other Dals; Beans; Root Vegetables; Toor Dal; Brinjals; Gourd & Cucumber; Raw Rice; Banana; Organic F&V,"Other Vegetables (Conf: 0.6273, Lift: 1.3576, Factor: 1); Other Dals (Conf: 0.6230, Lift: 1.3575, Factor: 1); Beans (Conf: 0.6044, Lift: 1.3591, Factor: 1); Root Vegetables (Conf: 0.5523, Lift: 1.3559, Factor: 1); Toor Dal (Conf: 0.5202, Lift: 1.3472, Factor: 1); Brinjals (Conf: 0.4412, Lift: 1.3517, Factor: 1); Gourd & Cucumber (Conf: 0.4255, Lift: 1.3499, Factor: 1); Raw Rice (Conf: 0.3180, Lift: 1.3593, Factor: 1); Banana (Conf: 0.2944, Lift: 1.2993, Factor: 1); Organic F&V (Conf: 0.2380, Lift: 1.3308, Factor: 1)"
8080319,Organic F&V; Sooji & Rava; Urad Dal; Raw Peanuts; Banana; Other Dals; Root Vegetables; Whole Spices; Beans; Sunflower Oils; Sooji & Rava; Other Dals; Whole Spices; Avalakki / Poha; Toor Dal,Other Vegetables; Sugar; Moong Dal; Brinjals; Gourd & Cucumber; Raw Rice; Besan; Bread; Maida; Cashews,"Other Vegetables (Conf: 0.5755, Lift: 1.2456, Factor: 1); Sugar (Conf: 0.4531, Lift: 1.2949, Factor: 1); Moong Dal (Conf: 0.4361, Lift: 1.2949, Factor: 1); Brinjals (Conf: 0.4088, Lift: 1.2524, Factor: 1); Gourd & Cucumber (Conf: 0.4061, Lift: 1.2884, Factor: 1); Raw Rice (Conf: 0.3033, Lift: 1.2967, Factor: 1); Besan (Conf: 0.1909, Lift: 1.2936, Factor: 1); Bread (Conf: 0.1687, Lift: 1.2834, Factor: 1); Maida (Conf: 0.1598, Lift: 1.2919, Factor: 1); Cashews (Conf: 0.1592, Lift: 1.2872, Factor: 1)"
8080596,Toor Dal; Whole Spices; Whole Spices; Avalakki / Poha; Namkeen; Other Vegetables; Other Vegetables; Namkeen; Shoe Polish; Other Dals,Beans; Root Vegetables; Sugar; Moong Dal; Brinjals; Gourd & Cucumber; Urad Dal; Sooji & Rava; Raw Rice; Banana,"Beans (Conf: 0.6882, Lift: 1.5475, Factor: 1); Root Vegetables (Conf: 0.6293, Lift: 1.5451, Factor: 1); Sugar (Conf: 0.5340, Lift: 1.5261, Factor: 1); Moong Dal (Conf: 0.5183, Lift: 1.5389, Factor: 1); Brinjals (Conf: 0.4986, Lift: 1.5275, Factor: 1); Gourd & Cucumber (Conf: 0.4879, Lift: 1.5478, Factor: 1); Urad Dal (Conf: 0.4402, Lift: 1.4873, Factor: 1); Sooji & Rava (Conf: 0.4350, Lift: 1.5276, Factor: 1); Raw Rice (Conf: 0.3606, Lift: 1.5417, Factor: 1); Banana (Conf: 0.3000, Lift: 1.3240, Factor: 1)"
8081235,Urad Dal; Raw Rice; Raw Peanuts; Sunflower Oils; Other Dals; Liquid Soaps & Bars; Snacky Nuts,Other Vegetables; Beans; Whole Spices; Root Vegetables; Toor Dal; Sugar; Moong Dal; Brinjals; Gourd & Cucumber; Sooji & Rava,"Other Vegetables (Conf: 0.7196, Lift: 1.5574, Factor: 1); Beans (Conf: 0.6882, Lift: 1.5475, Factor: 1); Whole Spices (Conf: 0.6384, Lift: 1.5658, Factor: 1); Root Vegetables (Conf: 0.6332, Lift: 1.5545, Factor: 1); Toor Dal (Conf: 0.6058, Lift: 1.5688, Factor: 1); Sugar (Conf: 0.5471, Lift: 1.5635, Factor: 1); Moong Dal (Conf: 0.5305, Lift: 1.5751, Factor: 1); Brinjals (Conf: 0.5093, Lift: 1.5602, Factor: 1); Gourd & Cucumber (Conf: 0.4929, Lift: 1.5636, Factor: 1); Sooji & Rava (Conf: 0.4414, Lift: 1.5500, Factor: 1)"
8081317,"Cashews; Sooji & Rava; Namkeen; Whole Spices; Glucose, Marie & Milk Biscuits; Other Dals; Sunflower Oils; Other Dals; Sooji & Rava; Raisins; Raw Peanuts; Whole Spices; Other Dals; Other Dals; Rice Flour; Other Dals; Moong Dal; Health Drinks",Other Vegetables; Beans; Root Vegetables; Toor Dal; Sugar; Brinjals; Gourd & Cucumber; Urad Dal; Raw Rice; Banana,"Other Vegetables (Conf: 0.6486, Lift: 1.4039, Factor: 1); Beans (Conf: 0.6257, Lift: 1.4070, Factor: 1); Root Vegetables (Conf: 0.5697, Lift: 1.3986, Factor: 1); Toor Dal (Conf: 0.5332, Lift: 1.3808, Factor: 1); Sugar (Conf: 0.4704, Lift: 1.3444, Factor: 1); Brinjals (Conf: 0.4589, Lift: 1.4060, Factor: 1); Gourd & Cucumber (Conf: 0.4412, Lift: 1.3996, Factor: 1); Urad Dal (Conf: 0.4131, Lift: 1.3958, Factor: 1); Raw Rice (Conf: 0.3180, Lift: 1.3595, Factor: 1); Banana (Conf: 0.3175, Lift: 1.4010, Factor: 1)"
8081573,"Toothpaste; Health Drinks; Brinjals; Brinjals; Other Vegetables; Glucose, Marie & Milk Biscuits; Toor Dal; Root Vegetables; Root Vegetables; Beans",Other Dals; Whole Spices; Sugar; Moong Dal; Gourd & Cucumber; Urad Dal; Sooji & Rava; Raw Rice; Sunflower Oils; Avalakki / Poha,"Other Dals (Conf: 0.8208, Lift: 1.7883, Factor: 1); Whole Spices (Conf: 0.7431, Lift: 1.8227, Factor: 1); Sugar (Conf: 0.6364, Lift: 1.8187, Factor: 1); Moong Dal (Conf: 0.6090, Lift: 1.8081, Factor: 1); Gourd & Cucumber (Conf: 0.5700, Lift: 1.8082, Factor: 1); Urad Dal (Conf: 0.5374, Lift: 1.8158, Factor: 1); Sooji & Rava (Conf: 0.5084, Lift: 1.7853, Factor: 1); Raw Rice (Conf: 0.3537, Lift: 1.5122, Factor: 1); Sunflower Oils (Conf: 0.3382, Lift: 1.8093, Factor: 1); Avalakki / Poha (Conf: 0.3019, Lift: 1.7604, Factor: 1)"
8082175,Agarbatti; Sugar; Other Vegetables; Whole Spices; Besan; Toothpaste; Boiled Rice; Toilet Cleaners; Basmati Rice,Other Dals; Beans; Toor Dal; Root Vegetables; Moong Dal; Brinjals; Gourd & Cucumber; Sooji & Rava; Urad Dal; Raw Rice,"Other Dals (Conf: 0.8247, Lift: 1.7970, Factor: 1); Beans (Conf: 0.7032, Lift: 1.5813, Factor: 1); Toor Dal (Conf: 0.6935, Lift: 1.7960, Factor: 1); Root Vegetables (Conf: 0.6812, Lift: 1.6723, Factor: 1); Moong Dal (Conf: 0.6040, Lift: 1.7933, Factor: 1); Brinjals (Conf: 0.5747, Lift: 1.7606, Factor: 1); Gourd & Cucumber (Conf: 0.5155, Lift: 1.6354, Factor: 1); Sooji & Rava (Conf: 0.5105, Lift: 1.7927, Factor: 1); Urad Dal (Conf: 0.4881, Lift: 1.6492, Factor: 1); Raw Rice (Conf: 0.3793, Lift: 1.6216, Factor: 1)"
8082912,Raw Rice; Rice Flour; Raw Peanuts; Whole Spices; Sunflower Oils; Sunflower Oils; Whole Spices,Other Dals; Other Vegetables; Toor Dal; Beans; Root Vegetables; Sugar; Moong Dal; Gourd & Cucumber; Sooji & Rava; Brinjals,"Other Dals (Conf: 0.8025, Lift: 1.7485, Factor: 1); Other Vegetables (Conf: 0.7778, Lift: 1.6833, Factor: 1); Toor Dal (Conf: 0.7719, Lift: 1.9992, Factor: 1); Beans (Conf: 0.7035, Lift: 1.5819, Factor: 1); Root Vegetables (Conf: 0.6812, Lift: 1.6723, Factor: 1); Sugar (Conf: 0.6790, Lift: 1.9406, Factor: 1); Moong Dal (Conf: 0.6584, Lift: 1.9548, Factor: 1); Gourd & Cucumber (Conf: 0.5155, Lift: 1.6354, Factor: 1); Sooji & Rava (Conf: 0.4911, Lift: 1.7246, Factor: 1); Brinjals (Conf: 0.4406, Lift: 1.3499, Factor: 1)"
8082957,Avalakki / Poha; Maida; Other Flours; Vermicelli; Almonds; Other Dals; Urad Dal; Sooji & Rava; Other Dals; Ground Coffee; Other Dals; Cashews; Raw Peanuts; Raisins; Other Dals,Other Vegetables; Beans; Whole Spices; Root Vegetables; Toor Dal; Sugar; Moong Dal; Brinjals; Gourd & Cucumber; Raw Rice,"Other Vegetables (Conf: 0.7016, Lift: 1.5185, Factor: 1); Beans (Conf: 0.6773, Lift: 1.5230, Factor: 1); Whole Spices (Conf: 0.6202, Lift: 1.5211, Factor: 1); Root Vegetables (Conf: 0.6164, Lift: 1.5134, Factor: 1); Toor Dal (Conf: 0.5829, Lift: 1.5097, Factor: 1); Sugar (Conf: 0.5297, Lift: 1.5139, Factor: 1); Moong Dal (Conf: 0.5075, Lift: 1.5067, Factor: 1); Brinjals (Conf: 0.4974, Lift: 1.5238, Factor: 1); Gourd & Cucumber (Conf: 0.4792, Lift: 1.5201, Factor: 1); Raw Rice (Conf: 0.3563, Lift: 1.5231, Factor: 1)"
8083038,Raisins; Moong Dal; Toor Dal; Sooji & Rava; Sooji & Rava; Sugar; Jaggery; Whole Spices,Other Vegetables; Other Dals; Beans; Root Vegetables; Brinjals; Gourd & Cucumber; Urad Dal; Raw Rice; Banana; Sunflower Oils,"Other Vegetables (Conf: 0.6268, Lift: 1.3565, Factor: 1); Other Dals (Conf: 0.6220, Lift: 1.3553, Factor: 1); Beans (Conf: 0.6013, Lift: 1.3521, Factor: 1); Root Vegetables (Conf: 0.5523, Lift: 1.3559, Factor: 1); Brinjals (Conf: 0.4412, Lift: 1.3517, Factor: 1); Gourd & Cucumber (Conf: 0.4236, Lift: 1.3439, Factor: 1); Urad Dal (Conf: 0.3842, Lift: 1.2983, Factor: 1); Raw Rice (Conf: 0.3165, Lift: 1.3531, Factor: 1); Banana (Conf: 0.3000, Lift: 1.3240, Factor: 1); Sunflower Oils (Conf: 0.2448, Lift: 1.3098, Factor: 1)"
8083081,Banana; Other Dals; Organic F&V; Organic F&V; Organic F&V; Other Dals; Organic F&V; Other Vegetables; Beans; Cooking Sauce,Whole Spices; Toor Dal; Sugar; Moong Dal; Root Vegetables; Gourd & Cucumber; Brinjals; Urad Dal; Sooji & Rava; Raw Rice,"Whole Spices (Conf: 0.7716, Lift: 1.8925, Factor: 1); Toor Dal (Conf: 0.7317, Lift: 1.8950, Factor: 1); Sugar (Conf: 0.6627, Lift: 1.8940, Factor: 1); Moong Dal (Conf: 0.6378, Lift: 1.8937, Factor: 1); Root Vegetables (Conf: 0.6332, Lift: 1.5545, Factor: 1); Gourd & Cucumber (Conf: 0.5923, Lift: 1.8790, Factor: 1); Brinjals (Conf: 0.5747, Lift: 1.7606, Factor: 1); Urad Dal (Conf: 0.5585, Lift: 1.8870, Factor: 1); Sooji & Rava (Conf: 0.5369, Lift: 1.8854, Factor: 1); Raw Rice (Conf: 0.3563, Lift: 1.5231, Factor: 1)"
8083255,Whole Spices; Gourd & Cucumber; Urad Dal; Other Vegetables; Toor Dal; Brinjals; Other Dals; Whole Spices; Root Vegetables,Beans; Sugar; Moong Dal; Sooji & Rava; Raw Rice; Banana; Sunflower Oils; Avalakki / Poha; Besan; Organic F&V,"Beans (Conf: 0.6115, Lift: 1.3751, Factor: 1); Sugar (Conf: 0.4652, Lift: 1.3294, Factor: 1); Moong Dal (Conf: 0.4643, Lift: 1.3785, Factor: 1); Sooji & Rava (Conf: 0.3882, Lift: 1.3632, Factor: 1); Raw Rice (Conf: 0.3278, Lift: 1.4012, Factor: 1); Banana (Conf: 0.3000, Lift: 1.3240, Factor: 1); Sunflower Oils (Conf: 0.2461, Lift: 1.3168, Factor: 1); Avalakki / Poha (Conf: 0.2382, Lift: 1.3890, Factor: 1); Besan (Conf: 0.1978, Lift: 1.3399, Factor: 1); Organic F&V (Conf: 0.1910, Lift: 1.0682, Factor: 1)"
8083357,Moong Dal; Sugar Cubes; Chilli & Soya Sauces; Sugar; Chilli & Soya Sauces; Oats; Whole Spices; Other Dals,Other Vegetables; Beans; Toor Dal; Root Vegetables; Brinjals; Gourd & Cucumber; Urad Dal; Sooji & Rava; Banana; Raw Rice,"Other Vegetables (Conf: 0.6594, Lift: 1.4272, Factor: 1); Beans (Conf: 0.6479, Lift: 1.4569, Factor: 1); Toor Dal (Conf: 0.5672, Lift: 1.4689, Factor: 1); Root Vegetables (Conf: 0.5660, Lift: 1.3897, Factor: 1); Brinjals (Conf: 0.4651, Lift: 1.4250, Factor: 1); Gourd & Cucumber (Conf: 0.4412, Lift: 1.3996, Factor: 1); Urad Dal (Conf: 0.4187, Lift: 1.4148, Factor: 1); Sooji & Rava (Conf: 0.4152, Lift: 1.4580, Factor: 1); Banana (Conf: 0.3211, Lift: 1.4170, Factor: 1); Raw Rice (Conf: 0.3180, Lift: 1.3595, Factor: 1)"
8083432,Whole Spices; Other Dals; Whole Spices; Other Dals; Other Vegetables; Whole Spices; Other Vegetables; Banana; Sugar; Whole Spices; Whole Spices; Raw Rice; Toor Dal; Brinjals; Other Dals; Whole Spices; Whole Spices,Beans; Root Vegetables; Moong Dal; Gourd & Cucumber; Sooji & Rava; Urad Dal; Sunflower Oils; Raw Peanuts; Avalakki / Poha; Besan,"Beans (Conf: 0.6179, Lift: 1.3895, Factor: 1); Root Vegetables (Conf: 0.5664, Lift: 1.3906, Factor: 1); Moong Dal (Conf: 0.4656, Lift: 1.3824, Factor: 1); Gourd & Cucumber (Conf: 0.4236, Lift: 1.3438, Factor: 1); Sooji & Rava (Conf: 0.3959, Lift: 1.3901, Factor: 1); Urad Dal (Conf: 0.3842, Lift: 1.2983, Factor: 1); Sunflower Oils (Conf: 0.2448, Lift: 1.3098, Factor: 1); Raw Peanuts (Conf: 0.2385, Lift: 1.3452, Factor: 1); Avalakki / Poha (Conf: 0.2382, Lift: 1.3890, Factor: 1); Besan (Conf: 0.1862, Lift: 1.2616, Factor: 1)"
8083700,Other Rice Products; Sooji & Rava; Liquid Soaps & Bars; Raw Peanuts; Whole Spices; Whole Spices; Toor Dal; Sooji & Rava,Other Dals; Other Vegetables; Beans; Root Vegetables; Sugar; Moong Dal; Brinjals; Gourd & Cucumber; Urad Dal; Raw Rice,"Other Dals (Conf: 0.6861, Lift: 1.4950, Factor: 1); Other Vegetables (Conf: 0.6849, Lift: 1.4823, Factor: 1); Beans (Conf: 0.6544, Lift: 1.4716, Factor: 1); Root Vegetables (Conf: 0.5972, Lift: 1.4661, Factor: 1); Sugar (Conf: 0.5119, Lift: 1.4630, Factor: 1); Moong Dal (Conf: 0.5029, Lift: 1.4930, Factor: 1); Brinjals (Conf: 0.4837, Lift: 1.4820, Factor: 1); Gourd & Cucumber (Conf: 0.4706, Lift: 1.4929, Factor: 1); Urad Dal (Conf: 0.4402, Lift: 1.4873, Factor: 1); Raw Rice (Conf: 0.3180, Lift: 1.3595, Factor: 1)"
8084238,Other Vegetables; Exotic Vegetables; Aluminium Foil & Cling Wrap; Bread; Other Dry Fruits; Other Dry Fruits; Bread; Other Vegetables; Cashews; Organic F&V; Raisins; Organic F&V,Urad Dal; Whole Spices; Toor Dal; Sooji & Rava; Sugar; Moong Dal; Other Dals; Root Vegetables; Brinjals; Beans,"Urad Dal (Conf: 0.7941, Lift: 2.6832, Factor: 1); Whole Spices (Conf: 0.7431, Lift: 1.8227, Factor: 1); Toor Dal (Conf: 0.7411, Lift: 1.9192, Factor: 1); Sooji & Rava (Conf: 0.6935, Lift: 2.4354, Factor: 1); Sugar (Conf: 0.6592, Lift: 1.8840, Factor: 1); Moong Dal (Conf: 0.6471, Lift: 1.9212, Factor: 1); Other Dals (Conf: 0.6028, Lift: 2.4636, Factor: 1); Root Vegetables (Conf: 0.5855, Lift: 1.4374, Factor: 1); Brinjals (Conf: 0.5747, Lift: 1.7606, Factor: 1); Beans (Conf: 0.5379, Lift: 1.7715, Factor: 1)"
8084306,Exotic Vegetables; Other Flours; Yogurt & Lassi; Organic Flours; Organic F&V; Organic F&V; Organic F&V; Yogurt & Lassi; Instant Pastas; Banana,Urad Dal; Toor Dal; Other Vegetables; Other Dals; Whole Spices; Sooji & Rava; Gourd & Cucumber; Sugar; Moong Dal; Sunflower Oils,"Urad Dal (Conf: 0.7941, Lift: 2.6832, Factor: 1); Toor Dal (Conf: 0.7477, Lift: 1.9363, Factor: 1); Other Vegetables (Conf: 0.6667, Lift: 1.4429, Factor: 1); Other Dals (Conf: 0.6639, Lift: 1.4465, Factor: 1); Whole Spices (Conf: 0.6103, Lift: 3.7529, Factor: 1); Sooji & Rava (Conf: 0.6103, Lift: 3.7529, Factor: 1); Gourd & Cucumber (Conf: 0.6091, Lift: 1.9323, Factor: 1); Sugar (Conf: 0.5724, Lift: 2.8731, Factor: 1); Moong Dal (Conf: 0.5155, Lift: 3.3783, Factor: 1); Sunflower Oils (Conf: 0.3603, Lift: 1.9279, Factor: 1)"
8084980,Namkeen; Other Flours; Other Rice Products; Beans; Avalakki / Poha; Root Vegetables,Urad Dal; Whole Spices; Toor Dal; Sooji & Rava; Sugar; Moong Dal; Other Vegetables; Other Dals; Gourd & Cucumber; Brinjals,"Urad Dal (Conf: 0.8020, Lift: 2.7098, Factor: 1); Whole Spices (Conf: 0.7879, Lift: 1.9325, Factor: 1); Toor Dal (Conf: 0.7578, Lift: 1.9626, Factor: 1); Sooji & Rava (Conf: 0.7545, Lift: 2.6496, Factor: 1); Sugar (Conf: 0.6746, Lift: 1.9280, Factor: 1); Moong Dal (Conf: 0.6714, Lift: 1.9935, Factor: 1); Other Vegetables (Conf: 0.6641, Lift: 1.4374, Factor: 1); Other Dals (Conf: 0.6585, Lift: 1.4348, Factor: 1); Gourd & Cucumber (Conf: 0.5817, Lift: 1.8454, Factor: 1); Brinjals (Conf: 0.5778, Lift: 1.7702, Factor: 1)"
8084987,Other Dals; Moong Dal; Other Vegetables; Other Dals; Toor Dal; Root Vegetables; Other Dals; Raw Rice,Beans; Whole Spices; Sugar; Brinjals; Gourd & Cucumber; Urad Dal; Sooji & Rava; Banana; Sunflower Oils; Avalakki / Poha,"Beans (Conf: 0.7042, Lift: 1.5834, Factor: 1); Whole Spices (Conf: 0.6390, Lift: 1.5674, Factor: 1); Sugar (Conf: 0.5471, Lift: 1.5635, Factor: 1); Brinjals (Conf: 0.5157, Lift: 1.5800, Factor: 1); Gourd & Cucumber (Conf: 0.4952, Lift: 1.5711, Factor: 1); Urad Dal (Conf: 0.4655, Lift: 1.5729, Factor: 1); Sooji & Rava (Conf: 0.4491, Lift: 1.5770, Factor: 1); Banana (Conf: 0.3551, Lift: 1.5672, Factor: 1); Sunflower Oils (Conf: 0.2924, Lift: 1.5645, Factor: 1); Avalakki / Poha (Conf: 0.2693, Lift: 1.5704, Factor: 1)"
8085270,Brinjals; Other Vegetables; Sooji & Rava; Sugar; Root Vegetables; Avalakki / Poha; Root Vegetables,Other Dals; Beans; Whole Spices; Toor Dal; Moong Dal; Gourd & Cucumber; Urad Dal; Raw Rice; Banana; Sunflower Oils,"Other Dals (Conf: 0.7981, Lift: 1.7389, Factor: 1); Beans (Conf: 0.7817, Lift: 1.7579, Factor: 1); Whole Spices (Conf: 0.7215, Lift: 1.7697, Factor: 1); Toor Dal (Conf: 0.6840, Lift: 1.7714, Factor: 1); Moong Dal (Conf: 0.5976, Lift: 1.7742, Factor: 1); Gourd & Cucumber (Conf: 0.5600, Lift: 1.7765, Factor: 1); Urad Dal (Conf: 0.5240, Lift: 1.7705, Factor: 1); Raw Rice (Conf: 0.3961, Lift: 1.6935, Factor: 1); Banana (Conf: 0.3448, Lift: 1.5218, Factor: 1); Sunflower Oils (Conf: 0.3294, Lift: 1.7626, Factor: 1)"
8085297,Other Dals; Raw Rice; Rice Flour; Boiled Rice; Avalakki / Poha; Gourd & Cucumber; Other Dals; Root Vegetables,Beans; Whole Spices; Toor Dal; Other Vegetables; Sugar; Moong Dal; Brinjals; Urad Dal; Sooji & Rava; Banana,"Beans (Conf: 0.7890, Lift: 1.7743, Factor: 1); Whole Spices (Conf: 0.7800, Lift: 1.9131, Factor: 1); Toor Dal (Conf: 0.7215, Lift: 1.8686, Factor: 1); Other Vegetables (Conf: 0.7196, Lift: 1.5574, Factor: 1); Sugar (Conf: 0.6515, Lift: 1.8620, Factor: 1); Moong Dal (Conf: 0.6405, Lift: 1.9018, Factor: 1); Brinjals (Conf: 0.5778, Lift: 1.7702, Factor: 1); Urad Dal (Conf: 0.5524, Lift: 1.8667, Factor: 1); Sooji & Rava (Conf: 0.5495, Lift: 1.9294, Factor: 1); Banana (Conf: 0.3551, Lift: 1.5672, Factor: 1)"
8085797,Beans; Other Vegetables; Other Dals; Root Vegetables; Other Dals; Other Vegetables; Urad Dal,Whole Spices; Toor Dal; Sugar; Moong Dal; Brinjals; Sooji & Rava; Gourd & Cucumber; Raw Rice; Banana; Sunflower Oils,"Whole Spices (Conf: 0.7010, Lift: 1.7193, Factor: 1); Toor Dal (Conf: 0.6452, Lift: 1.6709, Factor: 1); Sugar (Conf: 0.6013, Lift: 1.7184, Factor: 1); Moong Dal (Conf: 0.5782, Lift: 1.7168, Factor: 1); Brinjals (Conf: 0.5455, Lift: 1.6711, Factor: 1); Sooji & Rava (Conf: 0.4860, Lift: 1.7067, Factor: 1); Gourd & Cucumber (Conf: 0.4859, Lift: 1.5415, Factor: 1); Raw Rice (Conf: 0.3705, Lift: 1.5840, Factor: 1); Banana (Conf: 0.3488, Lift: 1.5395, Factor: 1); Sunflower Oils (Conf: 0.3199, Lift: 1.7114, Factor: 1)"
8086954,Other Dals; Regular Pasta; Brinjals; Moong Dal; Sugar; Toor Dal; Whole Spices,Other Vegetables; Beans; Root Vegetables; Gourd & Cucumber; Urad Dal; Sooji & Rava; Raw Rice; Banana; Sunflower Oils; Raw Peanuts,"Other Vegetables (Conf: 0.6077, Lift: 1.3152, Factor: 1); Beans (Conf: 0.5974, Lift: 1.3434, Factor: 1); Root Vegetables (Conf: 0.5429, Lift: 1.3327, Factor: 1); Gourd & Cucumber (Conf: 0.4236, Lift: 1.3438, Factor: 1); Urad Dal (Conf: 0.3842, Lift: 1.2983, Factor: 1); Sooji & Rava (Conf: 0.3507, Lift: 1.2315, Factor: 1); Raw Rice (Conf: 0.3118, Lift: 1.3330, Factor: 1); Banana (Conf: 0.3000, Lift: 1.3240, Factor: 1); Sunflower Oils (Conf: 0.2448, Lift: 1.3098, Factor: 1); Raw Peanuts (Conf: 0.2385, Lift: 1.3452, Factor: 1)"
8087273,Other Vegetables; Besan; Root Vegetables; Beans; Other Dals; Sooji & Rava; Other Dals; Maida,Whole Spices; Toor Dal; Sugar; Moong Dal; Brinjals; Urad Dal; Gourd & Cucumber; Raw Rice; Sunflower Oils; Banana,"Whole Spices (Conf: 0.7051, Lift: 1.7295, Factor: 1); Toor Dal (Conf: 0.6452, Lift: 1.6709, Factor: 1); Sugar (Conf: 0.6047, Lift: 1.7281, Factor: 1); Moong Dal (Conf: 0.5782, Lift: 1.7168, Factor: 1); Brinjals (Conf: 0.5597, Lift: 1.7147, Factor: 1); Urad Dal (Conf: 0.5125, Lift: 1.7317, Factor: 1); Gourd & Cucumber (Conf: 0.4859, Lift: 1.5415, Factor: 1); Raw Rice (Conf: 0.3961, Lift: 1.6935, Factor: 1); Sunflower Oils (Conf: 0.3258, Lift: 1.7430, Factor: 1); Banana (Conf: 0.3015, Lift: 1.3304, Factor: 1)"
8087274,Other Vegetables; Moong Dal; Urad Dal; Sugar; Root Vegetables; Toor Dal,Other Dals; Beans; Whole Spices; Brinjals; Gourd & Cucumber; Raw Rice; Banana; Sooji & Rava; Organic F&V; Avalakki / Poha,"Other Dals (Conf: 0.6667, Lift: 1.4526, Factor: 1); Beans (Conf: 0.6479, Lift: 1.4569, Factor: 1); Whole Spices (Conf: 0.5951, Lift: 1.4596, Factor: 1); Brinjals (Conf: 0.4766, Lift: 1.4603, Factor: 1); Gourd & Cucumber (Conf: 0.4593, Lift: 1.4571, Factor: 1); Raw Rice (Conf: 0.3324, Lift: 1.4211, Factor: 1); Banana (Conf: 0.3155, Lift: 1.3922, Factor: 1); Sooji & Rava (Conf: 0.3027, Lift: 1.0630, Factor: 1); Organic F&V (Conf: 0.2544, Lift: 1.4227, Factor: 1); Avalakki / Poha (Conf: 0.2417, Lift: 1.4096, Factor: 1)"
8087471,Other Dals; Brinjals; Other Vegetables; Root Vegetables; Beans; Moong Dal; Raw Rice,Whole Spices; Toor Dal; Sugar; Gourd & Cucumber; Urad Dal; Sooji & Rava; Banana; Sunflower Oils; Avalakki / Poha; Raw Peanuts,"Whole Spices (Conf: 0.6842, Lift: 1.6782, Factor: 1); Toor Dal (Conf: 0.6452, Lift: 1.6709, Factor: 1); Sugar (Conf: 0.5850, Lift: 1.6720, Factor: 1); Gourd & Cucumber (Conf: 0.5283, Lift: 1.6760, Factor: 1); Urad Dal (Conf: 0.4978, Lift: 1.6819, Factor: 1); Sooji & Rava (Conf: 0.4795, Lift: 1.6837, Factor: 1); Banana (Conf: 0.3551, Lift: 1.5672, Factor: 1); Sunflower Oils (Conf: 0.3083, Lift: 1.6493, Factor: 1); Avalakki / Poha (Conf: 0.2803, Lift: 1.6348, Factor: 1); Raw Peanuts (Conf: 0.2641, Lift: 1.4898, Factor: 1)"
8087495,Snacky Nuts; Soya Products; Sugar; Toor Dal; Raisins; Root Vegetables; Cream Biscuits; Other Dals; Other Vegetables; Sugar Cubes; Raisins; Banana; Root Vegetables; Beans,Whole Spices; Moong Dal; Brinjals; Gourd & Cucumber; Sooji & Rava; Urad Dal; Raw Rice; Sunflower Oils; Avalakki / Poha; Maida,"Whole Spices (Conf: 0.6224, Lift: 1.5265, Factor: 1); Moong Dal (Conf: 0.5149, Lift: 1.5286, Factor: 1); Brinjals (Conf: 0.4986, Lift: 1.5275, Factor: 1); Gourd & Cucumber (Conf: 0.4795, Lift: 1.5213, Factor: 1); Sooji & Rava (Conf: 0.4350, Lift: 1.5276, Factor: 1); Urad Dal (Conf: 0.3842, Lift: 1.2983, Factor: 1); Raw Rice (Conf: 0.3563, Lift: 1.5231, Factor: 1); Sunflower Oils (Conf: 0.2767, Lift: 1.4803, Factor: 1); Avalakki / Poha (Conf: 0.2298, Lift: 1.3399, Factor: 1); Maida (Conf: 0.1895, Lift: 1.5320, Factor: 1)"
8087997,Bread; Banana; Beans; Mango Juices; Raw Peanuts; Beans; Sooji & Rava,Whole Spices; Other Dals; Toor Dal; Other Vegetables; Sugar; Moong Dal; Root Vegetables; Urad Dal; Gourd & Cucumber; Brinjals,"Whole Spices (Conf: 0.8491, Lift: 2.0825, Factor: 1); Other Dals (Conf: 0.7981, Lift: 1.7389, Factor: 1); Toor Dal (Conf: 0.7652, Lift: 1.9816, Factor: 1); Other Vegetables (Conf: 0.7358, Lift: 1.5926, Factor: 1); Sugar (Conf: 0.7265, Lift: 2.0763, Factor: 1); Moong Dal (Conf: 0.6983, Lift: 2.0733, Factor: 1); Root Vegetables (Conf: 0.6319, Lift: 1.5515, Factor: 1); Urad Dal (Conf: 0.6304, Lift: 2.1302, Factor: 1); Gourd & Cucumber (Conf: 0.6091, Lift: 1.9323, Factor: 1); Brinjals (Conf: 0.5292, Lift: 1.6213, Factor: 1)"
8088038,Moong Dal; Other Dals; Toor Dal; Root Vegetables; Vermicelli; Agarbatti; Beans; Other Dals; Avalakki / Poha; Organic Masalas & Spices; Sugar; Brinjals; Organic F&V,Other Vegetables; Whole Spices; Gourd & Cucumber; Urad Dal; Raw Rice; Banana; Sunflower Oils; Raw Peanuts; Sooji & Rava; Besan,"Other Vegetables (Conf: 0.6641, Lift: 1.4374, Factor: 1); Whole Spices (Conf: 0.5895, Lift: 1.4459, Factor: 1); Gourd & Cucumber (Conf: 0.4545, Lift: 1.4420, Factor: 1); Urad Dal (Conf: 0.4187, Lift: 1.4148, Factor: 1); Raw Rice (Conf: 0.3324, Lift: 1.4211, Factor: 1); Banana (Conf: 0.3211, Lift: 1.4170, Factor: 1); Sunflower Oils (Conf: 0.2598, Lift: 1.3901, Factor: 1); Raw Peanuts (Conf: 0.2465, Lift: 1.3906, Factor: 1); Sooji & Rava (Conf: 0.2217, Lift: 1.3631, Factor: 1); Besan (Conf: 0.1862, Lift: 1.2616, Factor: 1)"
8088678,Other Rice Products; Banana; Cream Biscuits; Toor Dal; Urad Dal; Moong Dal; Corn Snacks,Other Dals; Other Vegetables; Beans; Root Vegetables; Whole Spices; Sugar; Gourd & Cucumber; Brinjals; Sooji & Rava; Raw Rice,"Other Dals (Conf: 0.7450, Lift: 1.6232, Factor: 1); Other Vegetables (Conf: 0.7425, Lift: 1.6070, Factor: 1); Beans (Conf: 0.7172, Lift: 1.6129, Factor: 1); Root Vegetables (Conf: 0.6601, Lift: 1.6205, Factor: 1); Whole Spices (Conf: 0.6535, Lift: 1.6030, Factor: 1); Sugar (Conf: 0.5668, Lift: 1.6199, Factor: 1); Gourd & Cucumber (Conf: 0.5047, Lift: 1.6012, Factor: 1); Brinjals (Conf: 0.4986, Lift: 1.5275, Factor: 1); Sooji & Rava (Conf: 0.4579, Lift: 1.6081, Factor: 1); Raw Rice (Conf: 0.3767, Lift: 1.6106, Factor: 1)"
8089109,Whole Spices; Namkeen; Namkeen; Moong Dal; Other Rice Products; Other Dals; Jaggery; Sooji & Rava,Other Vegetables; Beans; Root Vegetables; Toor Dal; Sugar; Brinjals; Gourd & Cucumber; Urad Dal; Banana; Raw Rice,"Other Vegetables (Conf: 0.6797, Lift: 1.4712, Factor: 1); Beans (Conf: 0.6508, Lift: 1.4634, Factor: 1); Root Vegetables (Conf: 0.5766, Lift: 1.4157, Factor: 1); Toor Dal (Conf: 0.5690, Lift: 1.4735, Factor: 1); Sugar (Conf: 0.4935, Lift: 1.4104, Factor: 1); Brinjals (Conf: 0.4780, Lift: 1.4645, Factor: 1); Gourd & Cucumber (Conf: 0.4444, Lift: 1.4099, Factor: 1); Urad Dal (Conf: 0.4187, Lift: 1.4148, Factor: 1); Banana (Conf: 0.3211, Lift: 1.4170, Factor: 1); Raw Rice (Conf: 0.3180, Lift: 1.3595, Factor: 1)"
8089133,Sunflower Oils; Beans; Sooji & Rava; Beans; Other Vegetables; Ground Coffee; Sugar; Moong Dal; Gourd & Cucumber; Brinjals; Root Vegetables; Beans,Other Dals; Whole Spices; Toor Dal; Urad Dal; Raw Rice; Banana; Raw Peanuts; Avalakki / Poha; Besan; Maida,"Other Dals (Conf: 0.6861, Lift: 1.4950, Factor: 1); Whole Spices (Conf: 0.6107, Lift: 1.4979, Factor: 1); Toor Dal (Conf: 0.5690, Lift: 1.4735, Factor: 1); Urad Dal (Conf: 0.4342, Lift: 1.4672, Factor: 1); Raw Rice (Conf: 0.3376, Lift: 1.4433, Factor: 1); Banana (Conf: 0.3208, Lift: 1.4158, Factor: 1); Raw Peanuts (Conf: 0.2599, Lift: 1.4663, Factor: 1); Avalakki / Poha (Conf: 0.2417, Lift: 1.4096, Factor: 1); Besan (Conf: 0.2183, Lift: 1.4789, Factor: 1); Maida (Conf: 0.1853, Lift: 1.4983, Factor: 1)"
8089178,Whole Spices; Whole Spices; Cooking Paste; Cream Biscuits; Other Dals; Whole Spices; Raw Peanuts; Sugar; Sooji & Rava; Whole Spices,Other Vegetables; Beans; Root Vegetables; Toor Dal; Moong Dal; Brinjals; Gourd & Cucumber; Urad Dal; Raw Rice; Banana,"Other Vegetables (Conf: 0.6268, Lift: 1.3565, Factor: 1); Beans (Conf: 0.5974, Lift: 1.3434, Factor: 1); Root Vegetables (Conf: 0.5437, Lift: 1.3349, Factor: 1); Toor Dal (Conf: 0.5205, Lift: 1.3479, Factor: 1); Moong Dal (Conf: 0.4543, Lift: 1.3489, Factor: 1); Brinjals (Conf: 0.4406, Lift: 1.3499, Factor: 1); Gourd & Cucumber (Conf: 0.4245, Lift: 1.3466, Factor: 1); Urad Dal (Conf: 0.3734, Lift: 1.2616, Factor: 1); Raw Rice (Conf: 0.3180, Lift: 1.3595, Factor: 1); Banana (Conf: 0.3032, Lift: 1.3381, Factor: 1)"
8089212,Root Vegetables; Healthy & Digestive Biscuits; Soya Products; Gourd & Cucumber; Other Vegetables; Other Vegetables; Almonds,Beans; Whole Spices; Toor Dal; Urad Dal; Sooji & Rava; Sugar; Other Dals; Moong Dal; Brinjals; Raw Peanuts,"Beans (Conf: 0.7817, Lift: 1.7579, Factor: 1); Whole Spices (Conf: 0.7800, Lift: 1.9131, Factor: 1); Toor Dal (Conf: 0.7411, Lift: 1.9192, Factor: 1); Urad Dal (Conf: 0.7260, Lift: 2.4532, Factor: 1); Sooji & Rava (Conf: 0.7059, Lift: 2.4787, Factor: 1); Sugar (Conf: 0.6724, Lift: 1.9217, Factor: 1); Other Dals (Conf: 0.6594, Lift: 1.4368, Factor: 1); Moong Dal (Conf: 0.6471, Lift: 1.9212, Factor: 1); Brinjals (Conf: 0.5778, Lift: 1.7702, Factor: 1); Raw Peanuts (Conf: 0.4250, Lift: 2.3976, Factor: 1)"
8089417,Powdered Spices; Whole Spices; Organic F&V; Avalakki / Poha; Other Dals; Organic F&V; Other Flours; Liquid Soaps & Bars; Namkeen; Organic F&V; Eggs; Moong Dal; Root Vegetables; Whole Spices; Organic Flours; Namkeen; Namkeen,Other Vegetables; Beans; Toor Dal; Sugar; Brinjals; Gourd & Cucumber; Urad Dal; Sooji & Rava; Raw Rice; Banana,"Other Vegetables (Conf: 0.7289, Lift: 1.5776, Factor: 1); Beans (Conf: 0.7172, Lift: 1.6129, Factor: 1); Toor Dal (Conf: 0.6222, Lift: 1.6114, Factor: 1); Sugar (Conf: 0.5471, Lift: 1.5635, Factor: 1); Brinjals (Conf: 0.5157, Lift: 1.5800, Factor: 1); Gourd & Cucumber (Conf: 0.4879, Lift: 1.5478, Factor: 1); Urad Dal (Conf: 0.4402, Lift: 1.4873, Factor: 1); Sooji & Rava (Conf: 0.4350, Lift: 1.5276, Factor: 1); Raw Rice (Conf: 0.3793, Lift: 1.6216, Factor: 1); Banana (Conf: 0.3211, Lift: 1.4170, Factor: 1)"
8089421,Whole Spices; Besan; Whole Spices; Whole Spices; Sugar; Other Dals; Moong Dal; Raw Rice; Sunflower Oils; Raw Rice; Sooji & Rava; Urad Dal; Whole Spices; Whole Spices,Beans; Other Vegetables; Root Vegetables; Toor Dal; Brinjals; Gourd & Cucumber; Banana; Avalakki / Poha; Organic F&V; Bread,"Beans (Conf: 0.5638, Lift: 1.2679, Factor: 1); Other Vegetables (Conf: 0.5566, Lift: 1.2046, Factor: 1); Root Vegetables (Conf: 0.5000, Lift: 1.2275, Factor: 1); Toor Dal (Conf: 0.4851, Lift: 1.2564, Factor: 1); Brinjals (Conf: 0.3913, Lift: 1.1989, Factor: 1); Gourd & Cucumber (Conf: 0.3741, Lift: 1.1869, Factor: 1); Banana (Conf: 0.2782, Lift: 1.2277, Factor: 1); Avalakki / Poha (Conf: 0.2140, Lift: 1.2477, Factor: 1); Organic F&V (Conf: 0.2123, Lift: 1.1874, Factor: 1); Bread (Conf: 0.1617, Lift: 1.2309, Factor: 1)"
8089497,Whole Spices; Other Dals; Urad Dal; Sooji & Rava; Whole Spices; Besan; Toor Dal; Whole Spices; Cooking Paste; Almonds; Curd; Maida,Other Vegetables; Beans; Root Vegetables; Sugar; Moong Dal; Brinjals; Gourd & Cucumber; Raw Rice; Banana; Sunflower Oils,"Other Vegetables (Conf: 0.6077, Lift: 1.3152, Factor: 1); Beans (Conf: 0.5847, Lift: 1.3149, Factor: 1); Root Vegetables (Conf: 0.5306, Lift: 1.3027, Factor: 1); Sugar (Conf: 0.4579, Lift: 1.3088, Factor: 1); Moong Dal (Conf: 0.4409, Lift: 1.3091, Factor: 1); Brinjals (Conf: 0.4292, Lift: 1.3151, Factor: 1); Gourd & Cucumber (Conf: 0.4098, Lift: 1.2999, Factor: 1); Raw Rice (Conf: 0.3038, Lift: 1.2989, Factor: 1); Banana (Conf: 0.2970, Lift: 1.3105, Factor: 1); Sunflower Oils (Conf: 0.2448, Lift: 1.3098, Factor: 1)"
8089518,Moong Dal; Whole Spices; Raisins; Other Dals; Cashews; Raw Rice; Moong Dal; Sugar; Other Dals,Other Vegetables; Beans; Root Vegetables; Toor Dal; Brinjals; Gourd & Cucumber; Urad Dal; Sooji & Rava; Banana; Sunflower Oils,"Other Vegetables (Conf: 0.6594, Lift: 1.4272, Factor: 1); Beans (Conf: 0.6265, Lift: 1.4088, Factor: 1); Root Vegetables (Conf: 0.5660, Lift: 1.3897, Factor: 1); Toor Dal (Conf: 0.5460, Lift: 1.4140, Factor: 1); Brinjals (Conf: 0.4651, Lift: 1.4250, Factor: 1); Gourd & Cucumber (Conf: 0.4412, Lift: 1.3996, Factor: 1); Urad Dal (Conf: 0.4187, Lift: 1.4148, Factor: 1); Sooji & Rava (Conf: 0.3507, Lift: 1.2315, Factor: 1); Banana (Conf: 0.3211, Lift: 1.4170, Factor: 1); Sunflower Oils (Conf: 0.2598, Lift: 1.3901, Factor: 1)"
8090614,Whole Spices; Urad Dal; Other Rice Products; Toor Dal; Beans; Banana; Maida,Other Vegetables; Other Dals; Root Vegetables; Sugar; Moong Dal; Brinjals; Gourd & Cucumber; Sooji & Rava; Raw Rice; Sunflower Oils,"Other Vegetables (Conf: 0.7054, Lift: 1.5266, Factor: 1); Other Dals (Conf: 0.6992, Lift: 1.5235, Factor: 1); Root Vegetables (Conf: 0.6127, Lift: 1.5041, Factor: 1); Sugar (Conf: 0.5340, Lift: 1.5261, Factor: 1); Moong Dal (Conf: 0.5000, Lift: 1.4846, Factor: 1); Brinjals (Conf: 0.4986, Lift: 1.5275, Factor: 1); Gourd & Cucumber (Conf: 0.4785, Lift: 1.5180, Factor: 1); Sooji & Rava (Conf: 0.4138, Lift: 1.4530, Factor: 1); Raw Rice (Conf: 0.3537, Lift: 1.5122, Factor: 1); Sunflower Oils (Conf: 0.2767, Lift: 1.4803, Factor: 1)"
8091771,"Whole Spices; Gourd & Cucumber; Beans; Maida; Other Dals; Moong Dal; Glucose, Marie & Milk Biscuits",Other Vegetables; Root Vegetables; Toor Dal; Sugar; Brinjals; Urad Dal; Sooji & Rava; Raw Rice; Banana; Sunflower Oils,"Other Vegetables (Conf: 0.7289, Lift: 1.5776, Factor: 1); Root Vegetables (Conf: 0.6332, Lift: 1.5545, Factor: 1); Toor Dal (Conf: 0.6222, Lift: 1.6114, Factor: 1); Sugar (Conf: 0.5471, Lift: 1.5635, Factor: 1); Brinjals (Conf: 0.5157, Lift: 1.5800, Factor: 1); Urad Dal (Conf: 0.4402, Lift: 1.4873, Factor: 1); Sooji & Rava (Conf: 0.4350, Lift: 1.5276, Factor: 1); Raw Rice (Conf: 0.3793, Lift: 1.6216, Factor: 1); Banana (Conf: 0.3211, Lift: 1.4170, Factor: 1); Sunflower Oils (Conf: 0.3028, Lift: 1.6203, Factor: 1)"
8091884,Urad Dal; Health Drinks; Moong Dal; Whole Spices; Boiled Rice; Whole Spices,Other Dals; Other Vegetables; Beans; Root Vegetables; Toor Dal; Sugar; Gourd & Cucumber; Brinjals; Sooji & Rava; Raw Rice,"Other Dals (Conf: 0.7424, Lift: 1.6175, Factor: 1); Other Vegetables (Conf: 0.7409, Lift: 1.6036, Factor: 1); Beans (Conf: 0.7172, Lift: 1.6129, Factor: 1); Root Vegetables (Conf: 0.6601, Lift: 1.6205, Factor: 1); Toor Dal (Conf: 0.6222, Lift: 1.6114, Factor: 1); Sugar (Conf: 0.5668, Lift: 1.6199, Factor: 1); Gourd & Cucumber (Conf: 0.4879, Lift: 1.5478, Factor: 1); Brinjals (Conf: 0.4664, Lift: 1.4289, Factor: 1); Sooji & Rava (Conf: 0.4138, Lift: 1.4530, Factor: 1); Raw Rice (Conf: 0.3793, Lift: 1.6216, Factor: 1)"
8092443,"Honey; Whole Spices; Other Dals; Other Oils; Soya Products; Glucose, Marie & Milk Biscuits; Whole Spices",Other Vegetables; Toor Dal; Beans; Root Vegetables; Sugar; Moong Dal; Urad Dal; Brinjals; Gourd & Cucumber; Sooji & Rava,"Other Vegetables (Conf: 0.7778, Lift: 1.6833, Factor: 1); Toor Dal (Conf: 0.7557, Lift: 1.9572, Factor: 1); Beans (Conf: 0.7477, Lift: 1.6815, Factor: 1); Root Vegetables (Conf: 0.6812, Lift: 1.6723, Factor: 1); Sugar (Conf: 0.6790, Lift: 1.9406, Factor: 1); Moong Dal (Conf: 0.6188, Lift: 1.8372, Factor: 1); Urad Dal (Conf: 0.5789, Lift: 1.9562, Factor: 1); Brinjals (Conf: 0.5157, Lift: 1.5800, Factor: 1); Gourd & Cucumber (Conf: 0.5155, Lift: 1.6354, Factor: 1); Sooji & Rava (Conf: 0.4704, Lift: 1.6518, Factor: 1)"
8093760,Other Dry Fruits; Whole Spices; Almonds; Root Vegetables; Root Vegetables; Raw Peanuts,Other Dals; Other Vegetables; Toor Dal; Sugar; Beans; Moong Dal; Urad Dal; Sooji & Rava; Brinjals; Gourd & Cucumber,"Other Dals (Conf: 0.8025, Lift: 1.7485, Factor: 1); Other Vegetables (Conf: 0.7778, Lift: 1.6833, Factor: 1); Toor Dal (Conf: 0.7719, Lift: 1.9992, Factor: 1); Sugar (Conf: 0.7288, Lift: 2.0829, Factor: 1); Beans (Conf: 0.7035, Lift: 1.5819, Factor: 1); Moong Dal (Conf: 0.6983, Lift: 2.0733, Factor: 1); Urad Dal (Conf: 0.6144, Lift: 2.0759, Factor: 1); Sooji & Rava (Conf: 0.5921, Lift: 2.0790, Factor: 1); Brinjals (Conf: 0.5778, Lift: 1.7702, Factor: 1); Gourd & Cucumber (Conf: 0.5155, Lift: 1.6354, Factor: 1)"
8094384,Root Vegetables; Raw Rice; Other Vegetables; Maida; Banana; Other Vegetables; Other Dals; Cooking Paste; Sugar,Beans; Whole Spices; Toor Dal; Moong Dal; Brinjals; Gourd & Cucumber; Urad Dal; Sooji & Rava; Sunflower Oils; Raw Peanuts,"Beans (Conf: 0.7042, Lift: 1.5834, Factor: 1); Whole Spices (Conf: 0.6807, Lift: 1.6695, Factor: 1); Toor Dal (Conf: 0.6452, Lift: 1.6709, Factor: 1); Moong Dal (Conf: 0.5632, Lift: 1.6723, Factor: 1); Brinjals (Conf: 0.5455, Lift: 1.6711, Factor: 1); Gourd & Cucumber (Conf: 0.4929, Lift: 1.5636, Factor: 1); Urad Dal (Conf: 0.4881, Lift: 1.6492, Factor: 1); Sooji & Rava (Conf: 0.4646, Lift: 1.6316, Factor: 1); Sunflower Oils (Conf: 0.2955, Lift: 1.5813, Factor: 1); Raw Peanuts (Conf: 0.2854, Lift: 1.6102, Factor: 1)"
8094702,Moong Dal; Other Dals; Other Dals; Other Dals; Chilli & Soya Sauces; Moong Dal; Root Vegetables; Chilli & Soya Sauces,Beans; Other Vegetables; Whole Spices; Toor Dal; Sugar; Brinjals; Gourd & Cucumber; Urad Dal; Sooji & Rava; Raw Rice,"Beans (Conf: 0.7890, Lift: 1.7743, Factor: 1); Other Vegetables (Conf: 0.7636, Lift: 1.6527, Factor: 1); Whole Spices (Conf: 0.7051, Lift: 1.7295, Factor: 1); Toor Dal (Conf: 0.7049, Lift: 1.8256, Factor: 1); Sugar (Conf: 0.6364, Lift: 1.8187, Factor: 1); Brinjals (Conf: 0.5778, Lift: 1.7702, Factor: 1); Gourd & Cucumber (Conf: 0.5283, Lift: 1.6760, Factor: 1); Urad Dal (Conf: 0.5000, Lift: 1.6895, Factor: 1); Sooji & Rava (Conf: 0.4802, Lift: 1.6862, Factor: 1); Raw Rice (Conf: 0.3903, Lift: 1.6685, Factor: 1)"
8095702,Moong Dal; Raw Rice; Other Dals; Whole Spices; Whole Spices; Raw Peanuts; Raisins; Besan; Toothpaste,Other Vegetables; Beans; Root Vegetables; Toor Dal; Sugar; Brinjals; Gourd & Cucumber; Urad Dal; Sooji & Rava; Banana,"Other Vegetables (Conf: 0.7196, Lift: 1.5574, Factor: 1); Beans (Conf: 0.6882, Lift: 1.5475, Factor: 1); Root Vegetables (Conf: 0.6332, Lift: 1.5545, Factor: 1); Toor Dal (Conf: 0.5978, Lift: 1.5481, Factor: 1); Sugar (Conf: 0.5230, Lift: 1.4947, Factor: 1); Brinjals (Conf: 0.5093, Lift: 1.5602, Factor: 1); Gourd & Cucumber (Conf: 0.4879, Lift: 1.5478, Factor: 1); Urad Dal (Conf: 0.4402, Lift: 1.4873, Factor: 1); Sooji & Rava (Conf: 0.4350, Lift: 1.5276, Factor: 1); Banana (Conf: 0.3211, Lift: 1.4170, Factor: 1)"
8096305,Whole Spices; Jaggery; Cashews; Rice Flour; Other Dals; Boiled Rice; Whole Spices; Toor Dal; Toor Dal; Ground Coffee; Sugar,Other Vegetables; Beans; Root Vegetables; Moong Dal; Brinjals; Gourd & Cucumber; Sooji & Rava; Urad Dal; Raw Rice; Banana,"Other Vegetables (Conf: 0.6468, Lift: 1.3999, Factor: 1); Beans (Conf: 0.6179, Lift: 1.3895, Factor: 1); Root Vegetables (Conf: 0.5664, Lift: 1.3906, Factor: 1); Moong Dal (Conf: 0.4656, Lift: 1.3824, Factor: 1); Brinjals (Conf: 0.4521, Lift: 1.3852, Factor: 1); Gourd & Cucumber (Conf: 0.4236, Lift: 1.3438, Factor: 1); Sooji & Rava (Conf: 0.3959, Lift: 1.3901, Factor: 1); Urad Dal (Conf: 0.3842, Lift: 1.2983, Factor: 1); Raw Rice (Conf: 0.3278, Lift: 1.4012, Factor: 1); Banana (Conf: 0.3000, Lift: 1.3240, Factor: 1)"
8096359,Other Vegetables; Cashews; Gourd & Cucumber; Brinjals; Avalakki / Poha; Basmati Rice; Cooking Paste,Other Dals; Whole Spices; Toor Dal; Urad Dal; Sooji & Rava; Sugar; Moong Dal; Root Vegetables; Beans; Raw Peanuts,"Other Dals (Conf: 0.8208, Lift: 1.7883, Factor: 1); Whole Spices (Conf: 0.7830, Lift: 1.9205, Factor: 1); Toor Dal (Conf: 0.7578, Lift: 1.9626, Factor: 1); Urad Dal (Conf: 0.7273, Lift: 2.4574, Factor: 1); Sooji & Rava (Conf: 0.7030, Lift: 2.4687, Factor: 1); Sugar (Conf: 0.6772, Lift: 1.9353, Factor: 1); Moong Dal (Conf: 0.6714, Lift: 1.9935, Factor: 1); Root Vegetables (Conf: 0.5860, Lift: 1.4387, Factor: 1); Beans (Conf: 0.5721, Lift: 1.8839, Factor: 1); Raw Peanuts (Conf: 0.4350, Lift: 2.4537, Factor: 1)"
8096457,Vermicelli; Cashews; Organic Dals & Pulses; Maida; Organic F&V; Bread; Liquid Detergent; Ice Creams & Desserts,Urad Dal; Sooji & Rava; Whole Spices; Other Dals; Toor Dal; Moong Dal; Sugar; Raw Peanuts; Sunflower Oils; Raw Rice,"Urad Dal (Conf: 0.7941, Lift: 2.6832, Factor: 1); Sooji & Rava (Conf: 0.6452, Lift: 2.2655, Factor: 1); Whole Spices (Conf: 0.5650, Lift: 2.5149, Factor: 1); Other Dals (Conf: 0.5650, Lift: 2.5149, Factor: 1); Toor Dal (Conf: 0.5570, Lift: 3.1981, Factor: 1); Moong Dal (Conf: 0.5533, Lift: 2.4296, Factor: 1); Sugar (Conf: 0.5510, Lift: 3.7728, Factor: 1); Raw Peanuts (Conf: 0.4315, Lift: 2.4343, Factor: 1); Sunflower Oils (Conf: 0.2424, Lift: 2.8084, Factor: 1); Raw Rice (Conf: 0.2190, Lift: 2.2735, Factor: 1)"
8096786,Jaggery; Root Vegetables; Sunflower Oils; Raisins; Whole Spices; Ghee; Whole Spices; Whole Spices; Whole Spices; Cashews; Beans; Whole Spices,Other Dals; Other Vegetables; Toor Dal; Sugar; Moong Dal; Gourd & Cucumber; Brinjals; Urad Dal; Sooji & Rava; Raw Rice,"Other Dals (Conf: 0.8025, Lift: 1.7485, Factor: 1); Other Vegetables (Conf: 0.7778, Lift: 1.6833, Factor: 1); Toor Dal (Conf: 0.7364, Lift: 1.9070, Factor: 1); Sugar (Conf: 0.6571, Lift: 1.8781, Factor: 1); Moong Dal (Conf: 0.6393, Lift: 1.8983, Factor: 1); Gourd & Cucumber (Conf: 0.5817, Lift: 1.8454, Factor: 1); Brinjals (Conf: 0.5778, Lift: 1.7702, Factor: 1); Urad Dal (Conf: 0.5585, Lift: 1.8870, Factor: 1); Sooji & Rava (Conf: 0.5392, Lift: 1.8933, Factor: 1); Raw Rice (Conf: 0.3793, Lift: 1.6216, Factor: 1)"
8096811,Other Vegetables; Gourd & Cucumber; Beans; Other Vegetables; Beans; Brinjals; Root Vegetables,Other Dals; Whole Spices; Toor Dal; Sugar; Moong Dal; Urad Dal; Sooji & Rava; Sunflower Oils; Raw Rice; Raw Peanuts,"Other Dals (Conf: 0.8208, Lift: 1.7883, Factor: 1); Whole Spices (Conf: 0.7596, Lift: 1.8631, Factor: 1); Toor Dal (Conf: 0.7208, Lift: 1.8666, Factor: 1); Sugar (Conf: 0.6519, Lift: 1.8629, Factor: 1); Moong Dal (Conf: 0.6287, Lift: 1.8667, Factor: 1); Urad Dal (Conf: 0.5521, Lift: 1.8656, Factor: 1); Sooji & Rava (Conf: 0.5314, Lift: 1.8661, Factor: 1); Sunflower Oils (Conf: 0.3421, Lift: 1.8304, Factor: 1); Raw Rice (Conf: 0.3376, Lift: 1.4433, Factor: 1); Raw Peanuts (Conf: 0.3259, Lift: 1.8385, Factor: 1)"
8097385,"Curd; Shaving Cream, Foam & Gels; Avalakki / Poha; Curd; Beans; Other Vegetables; Root Vegetables; Shaving Blade & Razors",Whole Spices; Toor Dal; Urad Dal; Sugar; Moong Dal; Other Dals; Sooji & Rava; Gourd & Cucumber; Brinjals; Sunflower Oils,"Whole Spices (Conf: 0.7879, Lift: 1.9325, Factor: 1); Toor Dal (Conf: 0.7578, Lift: 1.9626, Factor: 1); Urad Dal (Conf: 0.7059, Lift: 2.3851, Factor: 1); Sugar (Conf: 0.6746, Lift: 1.9280, Factor: 1); Moong Dal (Conf: 0.6714, Lift: 1.9935, Factor: 1); Other Dals (Conf: 0.6639, Lift: 1.4466, Factor: 1); Sooji & Rava (Conf: 0.6202, Lift: 2.1777, Factor: 1); Gourd & Cucumber (Conf: 0.5923, Lift: 1.8790, Factor: 1); Brinjals (Conf: 0.5778, Lift: 1.7702, Factor: 1); Sunflower Oils (Conf: 0.3922, Lift: 2.0982, Factor: 1)"
8098117,Toor Dal; Namkeen; Whole Spices; Urad Dal; Other Dals; Raisins; Maida,Other Vegetables; Beans; Root Vegetables; Sugar; Moong Dal; Brinjals; Gourd & Cucumber; Sooji & Rava; Raw Rice; Banana,"Other Vegetables (Conf: 0.6488, Lift: 1.4042, Factor: 1); Beans (Conf: 0.6115, Lift: 1.3751, Factor: 1); Root Vegetables (Conf: 0.5694, Lift: 1.3980, Factor: 1); Sugar (Conf: 0.4652, Lift: 1.3294, Factor: 1); Moong Dal (Conf: 0.4643, Lift: 1.3785, Factor: 1); Brinjals (Conf: 0.4581, Lift: 1.4037, Factor: 1); Gourd & Cucumber (Conf: 0.4339, Lift: 1.3764, Factor: 1); Sooji & Rava (Conf: 0.3882, Lift: 1.3632, Factor: 1); Raw Rice (Conf: 0.3278, Lift: 1.4012, Factor: 1); Banana (Conf: 0.3000, Lift: 1.3240, Factor: 1)"
8099163,Gourd & Cucumber; Other Dals; Moong Dal; Other Dals; Toor Dal; Moong Dal; Whole Spices; Other Dals,Other Vegetables; Beans; Root Vegetables; Sugar; Brinjals; Urad Dal; Sooji & Rava; Raw Rice; Banana; Raw Peanuts,"Other Vegetables (Conf: 0.6594, Lift: 1.4272, Factor: 1); Beans (Conf: 0.6265, Lift: 1.4088, Factor: 1); Root Vegetables (Conf: 0.5778, Lift: 1.4185, Factor: 1); Sugar (Conf: 0.4935, Lift: 1.4104, Factor: 1); Brinjals (Conf: 0.4651, Lift: 1.4250, Factor: 1); Urad Dal (Conf: 0.4187, Lift: 1.4148, Factor: 1); Sooji & Rava (Conf: 0.3882, Lift: 1.3632, Factor: 1); Raw Rice (Conf: 0.3366, Lift: 1.4391, Factor: 1); Banana (Conf: 0.3211, Lift: 1.4170, Factor: 1); Raw Peanuts (Conf: 0.2483, Lift: 1.4006, Factor: 1)"
8099217,"Glucose, Marie & Milk Biscuits; Namkeen; Bread; Sooji & Rava; Namkeen; Other Vegetables; Ghee",Whole Spices; Other Dals; Urad Dal; Toor Dal; Sugar; Beans; Moong Dal; Root Vegetables; Brinjals; Raw Peanuts,"Whole Spices (Conf: 0.8515, Lift: 2.0885, Factor: 1); Other Dals (Conf: 0.7981, Lift: 1.7389, Factor: 1); Urad Dal (Conf: 0.7757, Lift: 2.6210, Factor: 1); Toor Dal (Conf: 0.7652, Lift: 1.9816, Factor: 1); Sugar (Conf: 0.7073, Lift: 2.0215, Factor: 1); Beans (Conf: 0.7059, Lift: 1.5873, Factor: 1); Moong Dal (Conf: 0.6471, Lift: 1.9212, Factor: 1); Root Vegetables (Conf: 0.6319, Lift: 1.5515, Factor: 1); Brinjals (Conf: 0.5747, Lift: 1.7606, Factor: 1); Raw Peanuts (Conf: 0.4772, Lift: 2.6918, Factor: 1)"
8099849,Whole Spices; Almonds; Raisins; Cashews; Whole Spices; Cream Biscuits; Ghee,Other Dals; Other Vegetables; Toor Dal; Urad Dal; Sugar; Moong Dal; Beans; Sooji & Rava; Root Vegetables; Gourd & Cucumber,"Other Dals (Conf: 0.8025, Lift: 1.7485, Factor: 1); Other Vegetables (Conf: 0.7778, Lift: 1.6833, Factor: 1); Toor Dal (Conf: 0.7719, Lift: 1.9992, Factor: 1); Urad Dal (Conf: 0.7523, Lift: 2.5419, Factor: 1); Sugar (Conf: 0.7288, Lift: 2.0829, Factor: 1); Moong Dal (Conf: 0.7133, Lift: 2.1180, Factor: 1); Beans (Conf: 0.7032, Lift: 1.5813, Factor: 1); Sooji & Rava (Conf: 0.6935, Lift: 2.4354, Factor: 1); Root Vegetables (Conf: 0.6812, Lift: 1.6723, Factor: 1); Gourd & Cucumber (Conf: 0.5155, Lift: 1.6354, Factor: 1)"
8100379,Beans; Namkeen; Cream Biscuits; Exotic Vegetables; Namkeen; Snacky Nuts; Namkeen; Namkeen; Brinjals,Other Dals; Urad Dal; Sooji & Rava; Whole Spices; Toor Dal; Sugar; Other Vegetables; Moong Dal; Root Vegetables; Gourd & Cucumber,"Other Dals (Conf: 0.8208, Lift: 1.7883, Factor: 1); Urad Dal (Conf: 0.8020, Lift: 2.7098, Factor: 1); Sooji & Rava (Conf: 0.7925, Lift: 2.7827, Factor: 1); Whole Spices (Conf: 0.7692, Lift: 1.8867, Factor: 1); Toor Dal (Conf: 0.7471, Lift: 1.9349, Factor: 1); Sugar (Conf: 0.6701, Lift: 1.9150, Factor: 1); Other Vegetables (Conf: 0.6641, Lift: 1.4374, Factor: 1); Moong Dal (Conf: 0.6463, Lift: 1.9188, Factor: 1); Root Vegetables (Conf: 0.5845, Lift: 1.4350, Factor: 1); Gourd & Cucumber (Conf: 0.5817, Lift: 1.8454, Factor: 1)"
8101018,Maida; Bread; Organic F&V; Eggs; Banana; Organic F&V; Organic F&V,Urad Dal; Toor Dal; Other Vegetables; Other Dals; Sooji & Rava; Gourd & Cucumber; Sugar; Whole Spices; Moong Dal; Sunflower Oils,"Urad Dal (Conf: 0.7941, Lift: 2.6832, Factor: 1); Toor Dal (Conf: 0.7477, Lift: 1.9363, Factor: 1); Other Vegetables (Conf: 0.6667, Lift: 1.4429, Factor: 1); Other Dals (Conf: 0.6639, Lift: 1.4465, Factor: 1); Sooji & Rava (Conf: 0.6452, Lift: 2.2655, Factor: 1); Gourd & Cucumber (Conf: 0.6091, Lift: 1.9323, Factor: 1); Sugar (Conf: 0.5724, Lift: 2.8731, Factor: 1); Whole Spices (Conf: 0.5650, Lift: 2.5149, Factor: 1); Moong Dal (Conf: 0.5185, Lift: 2.2767, Factor: 1); Sunflower Oils (Conf: 0.3603, Lift: 1.9279, Factor: 1)"
8101071,"Raw Peanuts; Sooji & Rava; Root Vegetables; Other Dals; Beans; Other Dals; Bread; Salty Biscuits; Gourd & Cucumber; Glucose, Marie & Milk Biscuits",Other Vegetables; Whole Spices; Toor Dal; Sugar; Moong Dal; Brinjals; Urad Dal; Raw Rice; Banana; Organic F&V,"Other Vegetables (Conf: 0.7358, Lift: 1.5926, Factor: 1); Whole Spices (Conf: 0.6618, Lift: 1.6233, Factor: 1); Toor Dal (Conf: 0.6173, Lift: 1.5987, Factor: 1); Sugar (Conf: 0.5694, Lift: 1.6274, Factor: 1); Moong Dal (Conf: 0.5365, Lift: 1.5928, Factor: 1); Brinjals (Conf: 0.5292, Lift: 1.6213, Factor: 1); Urad Dal (Conf: 0.4619, Lift: 1.5606, Factor: 1); Raw Rice (Conf: 0.3563, Lift: 1.5231, Factor: 1); Banana (Conf: 0.3015, Lift: 1.3304, Factor: 1); Organic F&V (Conf: 0.2721, Lift: 1.5218, Factor: 1)"
8101152,Other Vegetables; Boiled Rice; Root Vegetables; Toor Dal; Brinjals; Raw Rice; Banana,Other Dals; Beans; Whole Spices; Sugar; Moong Dal; Gourd & Cucumber; Urad Dal; Sooji & Rava; Sunflower Oils; Avalakki / Poha,"Other Dals (Conf: 0.8208, Lift: 1.7883, Factor: 1); Beans (Conf: 0.7817, Lift: 1.7579, Factor: 1); Whole Spices (Conf: 0.7387, Lift: 1.8119, Factor: 1); Sugar (Conf: 0.6220, Lift: 1.7778, Factor: 1); Moong Dal (Conf: 0.6090, Lift: 1.8081, Factor: 1); Gourd & Cucumber (Conf: 0.5600, Lift: 1.7765, Factor: 1); Urad Dal (Conf: 0.5374, Lift: 1.8158, Factor: 1); Sooji & Rava (Conf: 0.5084, Lift: 1.7853, Factor: 1); Sunflower Oils (Conf: 0.3333, Lift: 1.7835, Factor: 1); Avalakki / Poha (Conf: 0.3019, Lift: 1.7604, Factor: 1)"
8101260,Other Vegetables; Toothpaste; Brinjals; Sunflower Oils; Root Vegetables; Beans,Other Dals; Whole Spices; Toor Dal; Sugar; Moong Dal; Gourd & Cucumber; Urad Dal; Sooji & Rava; Raw Rice; Raw Peanuts,"Other Dals (Conf: 0.8208, Lift: 1.7883, Factor: 1); Whole Spices (Conf: 0.7692, Lift: 1.8867, Factor: 1); Toor Dal (Conf: 0.7268, Lift: 1.8824, Factor: 1); Sugar (Conf: 0.6605, Lift: 1.8876, Factor: 1); Moong Dal (Conf: 0.6360, Lift: 1.8882, Factor: 1); Gourd & Cucumber (Conf: 0.5923, Lift: 1.8790, Factor: 1); Urad Dal (Conf: 0.5585, Lift: 1.8870, Factor: 1); Sooji & Rava (Conf: 0.5392, Lift: 1.8933, Factor: 1); Raw Rice (Conf: 0.3376, Lift: 1.4433, Factor: 1); Raw Peanuts (Conf: 0.3259, Lift: 1.8385, Factor: 1)"
8101807,Raw Rice; Urad Dal; Moong Dal; Urad Dal; Whole Spices; Toor Dal; Raw Peanuts; Other Dals; Other Dals; Avalakki / Poha,Other Vegetables; Beans; Root Vegetables; Sugar; Brinjals; Gourd & Cucumber; Sooji & Rava; Banana; Sunflower Oils; Besan,"Other Vegetables (Conf: 0.6082, Lift: 1.3162, Factor: 1); Beans (Conf: 0.5854, Lift: 1.3163, Factor: 1); Root Vegetables (Conf: 0.5371, Lift: 1.3187, Factor: 1); Sugar (Conf: 0.4341, Lift: 1.2406, Factor: 1); Brinjals (Conf: 0.4292, Lift: 1.3151, Factor: 1); Gourd & Cucumber (Conf: 0.3741, Lift: 1.1869, Factor: 1); Sooji & Rava (Conf: 0.3624, Lift: 1.2725, Factor: 1); Banana (Conf: 0.2970, Lift: 1.3105, Factor: 1); Sunflower Oils (Conf: 0.2461, Lift: 1.3168, Factor: 1); Besan (Conf: 0.1926, Lift: 1.3051, Factor: 1)"
8101813,Other Vegetables; Gourd & Cucumber; Brinjals; Brinjals; Gourd & Cucumber; Namkeen,Other Dals; Whole Spices; Toor Dal; Urad Dal; Sooji & Rava; Sugar; Moong Dal; Root Vegetables; Beans; Raw Peanuts,"Other Dals (Conf: 0.8208, Lift: 1.7883, Factor: 1); Whole Spices (Conf: 0.7830, Lift: 1.9205, Factor: 1); Toor Dal (Conf: 0.7480, Lift: 1.9371, Factor: 1); Urad Dal (Conf: 0.7273, Lift: 2.4574, Factor: 1); Sooji & Rava (Conf: 0.7030, Lift: 2.4687, Factor: 1); Sugar (Conf: 0.6772, Lift: 1.9353, Factor: 1); Moong Dal (Conf: 0.6471, Lift: 1.9212, Factor: 1); Root Vegetables (Conf: 0.5860, Lift: 1.4387, Factor: 1); Beans (Conf: 0.5721, Lift: 1.8839, Factor: 1); Raw Peanuts (Conf: 0.4453, Lift: 2.5123, Factor: 1)"
8102328,Other Vegetables; Root Vegetables; Cookies; Brinjals; Other Vegetables; Other Dals; Gourd & Cucumber,Beans; Whole Spices; Toor Dal; Sugar; Moong Dal; Urad Dal; Sooji & Rava; Raw Rice; Sunflower Oils; Avalakki / Poha,"Beans (Conf: 0.7890, Lift: 1.7743, Factor: 1); Whole Spices (Conf: 0.7289, Lift: 1.7878, Factor: 1); Toor Dal (Conf: 0.6900, Lift: 1.7869, Factor: 1); Sugar (Conf: 0.6227, Lift: 1.7797, Factor: 1); Moong Dal (Conf: 0.6018, Lift: 1.7867, Factor: 1); Urad Dal (Conf: 0.5240, Lift: 1.7705, Factor: 1); Sooji & Rava (Conf: 0.5084, Lift: 1.7853, Factor: 1); Raw Rice (Conf: 0.3563, Lift: 1.5231, Factor: 1); Sunflower Oils (Conf: 0.3333, Lift: 1.7835, Factor: 1); Avalakki / Poha (Conf: 0.3018, Lift: 1.7597, Factor: 1)"
8102389,Root Vegetables; Whole Spices; Raw Peanuts; Whole Spices; Organic F&V; Banana,Other Dals; Other Vegetables; Toor Dal; Sugar; Beans; Moong Dal; Gourd & Cucumber; Urad Dal; Sooji & Rava; Brinjals,"Other Dals (Conf: 0.8025, Lift: 1.7485, Factor: 1); Other Vegetables (Conf: 0.7778, Lift: 1.6833, Factor: 1); Toor Dal (Conf: 0.7719, Lift: 1.9992, Factor: 1); Sugar (Conf: 0.7133, Lift: 2.0385, Factor: 1); Beans (Conf: 0.7035, Lift: 1.5819, Factor: 1); Moong Dal (Conf: 0.6584, Lift: 1.9548, Factor: 1); Gourd & Cucumber (Conf: 0.6091, Lift: 1.9323, Factor: 1); Urad Dal (Conf: 0.6000, Lift: 2.0273, Factor: 1); Sooji & Rava (Conf: 0.5882, Lift: 2.0656, Factor: 1); Brinjals (Conf: 0.5778, Lift: 1.7702, Factor: 1)"
8102497,Other Dals; Gourd & Cucumber; Other Dals; Namkeen; Namkeen; Namkeen,Whole Spices; Sugar; Beans; Urad Dal; Toor Dal; Other Vegetables; Sooji & Rava; Moong Dal; Root Vegetables; Brinjals,"Whole Spices (Conf: 0.8598, Lift: 2.1089, Factor: 1); Sugar (Conf: 0.7477, Lift: 2.1370, Factor: 1); Beans (Conf: 0.7477, Lift: 1.6815, Factor: 1); Urad Dal (Conf: 0.7329, Lift: 2.4763, Factor: 1); Toor Dal (Conf: 0.7203, Lift: 1.8655, Factor: 1); Other Vegetables (Conf: 0.7196, Lift: 1.5574, Factor: 1); Sooji & Rava (Conf: 0.6842, Lift: 2.4026, Factor: 1); Moong Dal (Conf: 0.6710, Lift: 1.9922, Factor: 1); Root Vegetables (Conf: 0.6332, Lift: 1.5545, Factor: 1); Brinjals (Conf: 0.5157, Lift: 1.5800, Factor: 1)"
8104047,Rice Flour; Raw Rice; Moong Dal; Sugar; Sooji & Rava; Whole Spices; Maida; Gourd & Cucumber; Other Vegetables; Sooji & Rava; Ghee; Other Dals; Whole Spices; Root Vegetables; Raw Peanuts; Other Dals; Jaggery; Urad Dal; Beans; Other Dry Fruits,Toor Dal; Brinjals; Banana; Sunflower Oils; Avalakki / Poha; Organic F&V; Besan; Bread; Cashews; Raisins,"Toor Dal (Conf: 0.4849, Lift: 1.2557, Factor: 1); Brinjals (Conf: 0.4088, Lift: 1.2524, Factor: 1); Banana (Conf: 0.2782, Lift: 1.2277, Factor: 1); Sunflower Oils (Conf: 0.2180, Lift: 1.1663, Factor: 1); Avalakki / Poha (Conf: 0.2140, Lift: 1.2477, Factor: 1); Organic F&V (Conf: 0.2123, Lift: 1.1874, Factor: 1); Besan (Conf: 0.1796, Lift: 1.2167, Factor: 1); Bread (Conf: 0.1617, Lift: 1.2309, Factor: 1); Cashews (Conf: 0.1484, Lift: 1.2000, Factor: 1); Raisins (Conf: 0.1285, Lift: 1.1578, Factor: 1)"
8104378,Beans; Other Dals; Bread; Gourd & Cucumber; Banana; Root Vegetables; Beans,Whole Spices; Toor Dal; Other Vegetables; Sugar; Moong Dal; Brinjals; Urad Dal; Sooji & Rava; Raw Rice; Sunflower Oils,"Whole Spices (Conf: 0.7596, Lift: 1.8631, Factor: 1); Toor Dal (Conf: 0.7203, Lift: 1.8655, Factor: 1); Other Vegetables (Conf: 0.7196, Lift: 1.5574, Factor: 1); Sugar (Conf: 0.6516, Lift: 1.8623, Factor: 1); Moong Dal (Conf: 0.6203, Lift: 1.8416, Factor: 1); Brinjals (Conf: 0.5778, Lift: 1.7702, Factor: 1); Urad Dal (Conf: 0.5521, Lift: 1.8656, Factor: 1); Sooji & Rava (Conf: 0.4350, Lift: 1.5276, Factor: 1); Raw Rice (Conf: 0.3563, Lift: 1.5231, Factor: 1); Sunflower Oils (Conf: 0.3472, Lift: 1.8575, Factor: 1)"
8105118,Beans; Sooji & Rava; Whole Spices; Other Dals; Chilli & Soya Sauces; Cooking Paste; Avalakki / Poha; Other Rice Products; Toor Dal; Besan; Raw Rice; Instant Noodles; Whole Spices; Boiled Rice,Other Vegetables; Root Vegetables; Moong Dal; Sugar; Brinjals; Gourd & Cucumber; Urad Dal; Banana; Sunflower Oils; Raw Peanuts,"Other Vegetables (Conf: 0.6486, Lift: 1.4039, Factor: 1); Root Vegetables (Conf: 0.5664, Lift: 1.3906, Factor: 1); Moong Dal (Conf: 0.4720, Lift: 1.4013, Factor: 1); Sugar (Conf: 0.4686, Lift: 1.3392, Factor: 1); Brinjals (Conf: 0.4563, Lift: 1.3981, Factor: 1); Gourd & Cucumber (Conf: 0.4245, Lift: 1.3466, Factor: 1); Urad Dal (Conf: 0.4131, Lift: 1.3958, Factor: 1); Banana (Conf: 0.3015, Lift: 1.3304, Factor: 1); Sunflower Oils (Conf: 0.2487, Lift: 1.3308, Factor: 1); Raw Peanuts (Conf: 0.2309, Lift: 1.3027, Factor: 1)"
8105205,Sugar; Whole Spices; Whole Spices; Raw Rice; Sugar; Toor Dal; Health Drinks; Raw Peanuts; Banana,Other Vegetables; Other Dals; Beans; Root Vegetables; Brinjals; Gourd & Cucumber; Moong Dal; Sooji & Rava; Urad Dal; Sunflower Oils,"Other Vegetables (Conf: 0.6849, Lift: 1.4823, Factor: 1); Other Dals (Conf: 0.6762, Lift: 1.4733, Factor: 1); Beans (Conf: 0.6572, Lift: 1.4779, Factor: 1); Root Vegetables (Conf: 0.5972, Lift: 1.4661, Factor: 1); Brinjals (Conf: 0.4837, Lift: 1.4820, Factor: 1); Gourd & Cucumber (Conf: 0.4638, Lift: 1.4712, Factor: 1); Moong Dal (Conf: 0.4635, Lift: 1.3763, Factor: 1); Sooji & Rava (Conf: 0.4152, Lift: 1.4580, Factor: 1); Urad Dal (Conf: 0.3842, Lift: 1.2983, Factor: 1); Sunflower Oils (Conf: 0.2767, Lift: 1.4803, Factor: 1)"
8106023,Organic Masalas & Spices; Organic Masalas & Spices; Root Vegetables; Sooji & Rava; Other Dals; Beans; Organic F&V,Other Vegetables; Whole Spices; Toor Dal; Sugar; Moong Dal; Brinjals; Urad Dal; Gourd & Cucumber; Raw Rice; Sunflower Oils,"Other Vegetables (Conf: 0.7817, Lift: 1.6919, Factor: 1); Whole Spices (Conf: 0.7377, Lift: 1.8094, Factor: 1); Toor Dal (Conf: 0.7009, Lift: 1.8151, Factor: 1); Sugar (Conf: 0.6354, Lift: 1.8159, Factor: 1); Moong Dal (Conf: 0.6061, Lift: 1.7995, Factor: 1); Brinjals (Conf: 0.5778, Lift: 1.7702, Factor: 1); Urad Dal (Conf: 0.5031, Lift: 1.6998, Factor: 1); Gourd & Cucumber (Conf: 0.4859, Lift: 1.5415, Factor: 1); Raw Rice (Conf: 0.3961, Lift: 1.6935, Factor: 1); Sunflower Oils (Conf: 0.3382, Lift: 1.8093, Factor: 1)"
8106238,"Organic F&V; Root Vegetables; Other Rice Products; Soya Products; Whole Spices; Organic Salt,Sugar & Jaggery; Raw Peanuts; Cashews; Other Vegetables; Gourd & Cucumber; Toor Dal; Other Dals; Ghee",Beans; Sugar; Brinjals; Moong Dal; Sooji & Rava; Urad Dal; Raw Rice; Banana; Sunflower Oils; Avalakki / Poha,"Beans (Conf: 0.6507, Lift: 1.4631, Factor: 1); Sugar (Conf: 0.5061, Lift: 1.4464, Factor: 1); Brinjals (Conf: 0.4766, Lift: 1.4603, Factor: 1); Moong Dal (Conf: 0.4643, Lift: 1.3785, Factor: 1); Sooji & Rava (Conf: 0.3882, Lift: 1.3632, Factor: 1); Urad Dal (Conf: 0.3842, Lift: 1.2983, Factor: 1); Raw Rice (Conf: 0.3366, Lift: 1.4391, Factor: 1); Banana (Conf: 0.3000, Lift: 1.3240, Factor: 1); Sunflower Oils (Conf: 0.2725, Lift: 1.4578, Factor: 1); Avalakki / Poha (Conf: 0.2382, Lift: 1.3890, Factor: 1)"
8106290,Sugar; Banana; Other Dals; Other Dals; Root Vegetables; Face Wash; Almonds; Cooking Paste; Other Dals; Exotic Vegetables; Toor Dal; Cashews,Other Vegetables; Beans; Whole Spices; Moong Dal; Brinjals; Gourd & Cucumber; Sooji & Rava; Urad Dal; Raw Rice; Sunflower Oils,"Other Vegetables (Conf: 0.7196, Lift: 1.5574, Factor: 1); Beans (Conf: 0.6882, Lift: 1.5475, Factor: 1); Whole Spices (Conf: 0.6303, Lift: 1.5460, Factor: 1); Moong Dal (Conf: 0.5149, Lift: 1.5286, Factor: 1); Brinjals (Conf: 0.5093, Lift: 1.5602, Factor: 1); Gourd & Cucumber (Conf: 0.4859, Lift: 1.5415, Factor: 1); Sooji & Rava (Conf: 0.4441, Lift: 1.5596, Factor: 1); Urad Dal (Conf: 0.3842, Lift: 1.2983, Factor: 1); Raw Rice (Conf: 0.3629, Lift: 1.5513, Factor: 1); Sunflower Oils (Conf: 0.2767, Lift: 1.4803, Factor: 1)"
8106451,Other Vegetables; Cakes; Cakes; Root Vegetables; Cream Biscuits; Beans; Root Vegetables,Whole Spices; Toor Dal; Urad Dal; Sooji & Rava; Sugar; Other Dals; Moong Dal; Gourd & Cucumber; Brinjals; Raw Peanuts,"Whole Spices (Conf: 0.7879, Lift: 1.9325, Factor: 1); Toor Dal (Conf: 0.7411, Lift: 1.9192, Factor: 1); Urad Dal (Conf: 0.7260, Lift: 2.4532, Factor: 1); Sooji & Rava (Conf: 0.6866, Lift: 2.4109, Factor: 1); Sugar (Conf: 0.6746, Lift: 1.9280, Factor: 1); Other Dals (Conf: 0.6639, Lift: 1.4466, Factor: 1); Moong Dal (Conf: 0.6471, Lift: 1.9212, Factor: 1); Gourd & Cucumber (Conf: 0.5923, Lift: 1.8790, Factor: 1); Brinjals (Conf: 0.5778, Lift: 1.7702, Factor: 1); Raw Peanuts (Conf: 0.4250, Lift: 2.3976, Factor: 1)"
8106715,Yogurt & Lassi; Toor Dal; Other Dals; Other Dry Fruits; Brinjals; Almonds; Curd,Beans; Whole Spices; Other Vegetables; Root Vegetables; Sugar; Moong Dal; Gourd & Cucumber; Urad Dal; Sooji & Rava; Raw Rice,"Beans (Conf: 0.7477, Lift: 1.6815, Factor: 1); Whole Spices (Conf: 0.7255, Lift: 1.7794, Factor: 1); Other Vegetables (Conf: 0.7236, Lift: 1.5660, Factor: 1); Root Vegetables (Conf: 0.6481, Lift: 1.5912, Factor: 1); Sugar (Conf: 0.6220, Lift: 1.7778, Factor: 1); Moong Dal (Conf: 0.6024, Lift: 1.7886, Factor: 1); Gourd & Cucumber (Conf: 0.5361, Lift: 1.7008, Factor: 1); Urad Dal (Conf: 0.4655, Lift: 1.5729, Factor: 1); Sooji & Rava (Conf: 0.4491, Lift: 1.5770, Factor: 1); Raw Rice (Conf: 0.4000, Lift: 1.7100, Factor: 1)"
8106887,Beans; Other Vegetables; Raisins; Bread; Root Vegetables; Whole Spices; Raisins,Other Dals; Toor Dal; Sugar; Moong Dal; Gourd & Cucumber; Brinjals; Urad Dal; Sooji & Rava; Raw Rice; Sunflower Oils,"Other Dals (Conf: 0.8025, Lift: 1.7485, Factor: 1); Toor Dal (Conf: 0.7215, Lift: 1.8686, Factor: 1); Sugar (Conf: 0.6507, Lift: 1.8595, Factor: 1); Moong Dal (Conf: 0.6294, Lift: 1.8687, Factor: 1); Gourd & Cucumber (Conf: 0.5882, Lift: 1.8661, Factor: 1); Brinjals (Conf: 0.5778, Lift: 1.7702, Factor: 1); Urad Dal (Conf: 0.5498, Lift: 1.8576, Factor: 1); Sooji & Rava (Conf: 0.5224, Lift: 1.8344, Factor: 1); Raw Rice (Conf: 0.3793, Lift: 1.6216, Factor: 1); Sunflower Oils (Conf: 0.3421, Lift: 1.8304, Factor: 1)"
8107580,Almonds; Avalakki / Poha; Sugar; Toor Dal; Moong Dal; Whole Spices; Urad Dal; Cooking Sauce; Other Rice Products; Jaggery; Other Dry Fruits; Cream Biscuits,Other Vegetables; Other Dals; Beans; Root Vegetables; Brinjals; Gourd & Cucumber; Sooji & Rava; Raw Rice; Banana; Sunflower Oils,"Other Vegetables (Conf: 0.6082, Lift: 1.3162, Factor: 1); Other Dals (Conf: 0.6015, Lift: 1.3106, Factor: 1); Beans (Conf: 0.6014, Lift: 1.3525, Factor: 1); Root Vegetables (Conf: 0.5429, Lift: 1.3327, Factor: 1); Brinjals (Conf: 0.4412, Lift: 1.3517, Factor: 1); Gourd & Cucumber (Conf: 0.4255, Lift: 1.3499, Factor: 1); Sooji & Rava (Conf: 0.3507, Lift: 1.2315, Factor: 1); Raw Rice (Conf: 0.3022, Lift: 1.2919, Factor: 1); Banana (Conf: 0.3000, Lift: 1.3240, Factor: 1); Sunflower Oils (Conf: 0.2448, Lift: 1.3098, Factor: 1)"
8108141,Moong Dal; Namkeen; Toor Dal; Namkeen; Organic Rice & Rice Products; Yogurt & Lassi; Corn Snacks,Beans; Other Dals; Whole Spices; Other Vegetables; Sugar; Root Vegetables; Urad Dal; Sooji & Rava; Brinjals; Gourd & Cucumber,"Beans (Conf: 0.7798, Lift: 1.7536, Factor: 1); Other Dals (Conf: 0.7782, Lift: 1.6956, Factor: 1); Whole Spices (Conf: 0.7643, Lift: 1.8746, Factor: 1); Other Vegetables (Conf: 0.7636, Lift: 1.6527, Factor: 1); Sugar (Conf: 0.7101, Lift: 2.0295, Factor: 1); Root Vegetables (Conf: 0.6753, Lift: 1.6580, Factor: 1); Urad Dal (Conf: 0.5889, Lift: 1.9898, Factor: 1); Sooji & Rava (Conf: 0.5694, Lift: 1.9996, Factor: 1); Brinjals (Conf: 0.5482, Lift: 1.6795, Factor: 1); Gourd & Cucumber (Conf: 0.5361, Lift: 1.7008, Factor: 1)"
8108248,"Moong Dal; Beans; Root Vegetables; Organic Salt,Sugar & Jaggery; Organic Dals & Pulses; Organic Rice & Rice Products; Boiled Rice; Organic Dals & Pulses",Whole Spices; Other Dals; Other Vegetables; Toor Dal; Sugar; Urad Dal; Sooji & Rava; Gourd & Cucumber; Brinjals; Raw Rice,"Whole Spices (Conf: 0.7879, Lift: 1.9325, Factor: 1); Other Dals (Conf: 0.7664, Lift: 1.6698, Factor: 1); Other Vegetables (Conf: 0.7636, Lift: 1.6527, Factor: 1); Toor Dal (Conf: 0.7364, Lift: 1.9070, Factor: 1); Sugar (Conf: 0.6746, Lift: 1.9280, Factor: 1); Urad Dal (Conf: 0.6667, Lift: 2.2526, Factor: 1); Sooji & Rava (Conf: 0.6385, Lift: 2.2420, Factor: 1); Gourd & Cucumber (Conf: 0.5817, Lift: 1.8454, Factor: 1); Brinjals (Conf: 0.5778, Lift: 1.7702, Factor: 1); Raw Rice (Conf: 0.3903, Lift: 1.6685, Factor: 1)"
8108636,Beans; Root Vegetables; Brinjals; Urad Dal; Toor Dal; Gourd & Cucumber; Boiled Rice,Other Dals; Other Vegetables; Whole Spices; Sugar; Moong Dal; Sooji & Rava; Raw Rice; Banana; Sunflower Oils; Avalakki / Poha,"Other Dals (Conf: 0.7782, Lift: 1.6956, Factor: 1); Other Vegetables (Conf: 0.7425, Lift: 1.6070, Factor: 1); Whole Spices (Conf: 0.7042, Lift: 1.7273, Factor: 1); Sugar (Conf: 0.6062, Lift: 1.7325, Factor: 1); Moong Dal (Conf: 0.5758, Lift: 1.7095, Factor: 1); Sooji & Rava (Conf: 0.4860, Lift: 1.7067, Factor: 1); Raw Rice (Conf: 0.3697, Lift: 1.5805, Factor: 1); Banana (Conf: 0.3000, Lift: 1.3240, Factor: 1); Sunflower Oils (Conf: 0.2974, Lift: 1.5910, Factor: 1); Avalakki / Poha (Conf: 0.2744, Lift: 1.6001, Factor: 1)"
8108886,Other Dals; Other Dals; Other Rice Products; Raw Rice; Moong Dal; Vermicelli; Other Dals; Other Dals,Other Vegetables; Beans; Whole Spices; Root Vegetables; Toor Dal; Sugar; Brinjals; Gourd & Cucumber; Urad Dal; Sooji & Rava,"Other Vegetables (Conf: 0.7636, Lift: 1.6527, Factor: 1); Beans (Conf: 0.7477, Lift: 1.6815, Factor: 1); Whole Spices (Conf: 0.7051, Lift: 1.7295, Factor: 1); Root Vegetables (Conf: 0.6753, Lift: 1.6580, Factor: 1); Toor Dal (Conf: 0.6612, Lift: 1.7123, Factor: 1); Sugar (Conf: 0.6045, Lift: 1.7276, Factor: 1); Brinjals (Conf: 0.5482, Lift: 1.6795, Factor: 1); Gourd & Cucumber (Conf: 0.5283, Lift: 1.6760, Factor: 1); Urad Dal (Conf: 0.5000, Lift: 1.6895, Factor: 1); Sooji & Rava (Conf: 0.4880, Lift: 1.7134, Factor: 1)"
8109052,Boiled Rice; Toor Dal; Liquid Soaps & Bars; Whole Spices; Whole Spices; Liquid Soaps & Bars,Other Dals; Other Vegetables; Beans; Root Vegetables; Sugar; Urad Dal; Moong Dal; Gourd & Cucumber; Brinjals; Sooji & Rava,"Other Dals (Conf: 0.8025, Lift: 1.7485, Factor: 1); Other Vegetables (Conf: 0.7778, Lift: 1.6833, Factor: 1); Beans (Conf: 0.7032, Lift: 1.5813, Factor: 1); Root Vegetables (Conf: 0.6812, Lift: 1.6723, Factor: 1); Sugar (Conf: 0.6790, Lift: 1.9406, Factor: 1); Urad Dal (Conf: 0.5860, Lift: 1.9801, Factor: 1); Moong Dal (Conf: 0.5758, Lift: 1.7095, Factor: 1); Gourd & Cucumber (Conf: 0.5361, Lift: 1.7008, Factor: 1); Brinjals (Conf: 0.5338, Lift: 1.6353, Factor: 1); Sooji & Rava (Conf: 0.4704, Lift: 1.6518, Factor: 1)"
8109601,Sooji & Rava; Bread; Whole Grains; Whole Spices; Other Dry Fruits; Cream Biscuits; Sunflower Oils; Cream Biscuits; Ice Creams & Desserts; Whole Spices,Other Dals; Other Vegetables; Beans; Root Vegetables; Toor Dal; Sugar; Moong Dal; Brinjals; Gourd & Cucumber; Urad Dal,"Other Dals (Conf: 0.7985, Lift: 1.7398, Factor: 1); Other Vegetables (Conf: 0.7778, Lift: 1.6833, Factor: 1); Beans (Conf: 0.7059, Lift: 1.5873, Factor: 1); Root Vegetables (Conf: 0.6812, Lift: 1.6723, Factor: 1); Toor Dal (Conf: 0.6204, Lift: 1.6068, Factor: 1); Sugar (Conf: 0.5833, Lift: 1.6671, Factor: 1); Moong Dal (Conf: 0.5479, Lift: 1.6269, Factor: 1); Brinjals (Conf: 0.5292, Lift: 1.6213, Factor: 1); Gourd & Cucumber (Conf: 0.5155, Lift: 1.6354, Factor: 1); Urad Dal (Conf: 0.5031, Lift: 1.6998, Factor: 1)"
8109885,Sooji & Rava; Moong Dal; Urad Dal; Sugar; Other Rice Products; Whole Spices; Whole Spices; Raw Rice; Whole Spices,Other Vegetables; Other Dals; Beans; Root Vegetables; Toor Dal; Brinjals; Gourd & Cucumber; Banana; Organic F&V; Avalakki / Poha,"Other Vegetables (Conf: 0.6273, Lift: 1.3576, Factor: 1); Other Dals (Conf: 0.6230, Lift: 1.3575, Factor: 1); Beans (Conf: 0.6027, Lift: 1.3554, Factor: 1); Root Vegetables (Conf: 0.5523, Lift: 1.3559, Factor: 1); Toor Dal (Conf: 0.5202, Lift: 1.3472, Factor: 1); Brinjals (Conf: 0.4412, Lift: 1.3517, Factor: 1); Gourd & Cucumber (Conf: 0.4255, Lift: 1.3499, Factor: 1); Banana (Conf: 0.2944, Lift: 1.2993, Factor: 1); Organic F&V (Conf: 0.2380, Lift: 1.3308, Factor: 1); Avalakki / Poha (Conf: 0.2140, Lift: 1.2477, Factor: 1)"
8110925,Beans; Root Vegetables; Urad Dal; Gourd & Cucumber; Toor Dal; Ground Coffee; Buns & Pavs; Besan,Other Dals; Other Vegetables; Whole Spices; Sugar; Moong Dal; Brinjals; Sooji & Rava; Raw Rice; Avalakki / Poha; Banana,"Other Dals (Conf: 0.7782, Lift: 1.6956, Factor: 1); Other Vegetables (Conf: 0.7425, Lift: 1.6070, Factor: 1); Whole Spices (Conf: 0.7042, Lift: 1.7273, Factor: 1); Sugar (Conf: 0.6062, Lift: 1.7325, Factor: 1); Moong Dal (Conf: 0.5930, Lift: 1.7607, Factor: 1); Brinjals (Conf: 0.5455, Lift: 1.6711, Factor: 1); Sooji & Rava (Conf: 0.5011, Lift: 1.7597, Factor: 1); Raw Rice (Conf: 0.3697, Lift: 1.5805, Factor: 1); Avalakki / Poha (Conf: 0.3019, Lift: 1.7604, Factor: 1); Banana (Conf: 0.3000, Lift: 1.3240, Factor: 1)"
8112695,Organic F&V; Organic F&V; Organic Masalas & Spices; Organic Masalas & Spices; Organic Rice & Rice Products; Organic Dals & Pulses; Exotic Vegetables; Organic Dals & Pulses,Urad Dal; Whole Spices; Sooji & Rava; Toor Dal; Sugar; Moong Dal; Other Dals; Raw Peanuts; Gourd & Cucumber; Beans,"Urad Dal (Conf: 0.7941, Lift: 2.6832, Factor: 1); Whole Spices (Conf: 0.6103, Lift: 3.7529, Factor: 1); Sooji & Rava (Conf: 0.6103, Lift: 3.7529, Factor: 1); Toor Dal (Conf: 0.5570, Lift: 3.1981, Factor: 1); Sugar (Conf: 0.5466, Lift: 2.7541, Factor: 1); Moong Dal (Conf: 0.5155, Lift: 3.3783, Factor: 1); Other Dals (Conf: 0.4576, Lift: 2.4134, Factor: 1); Raw Peanuts (Conf: 0.2536, Lift: 2.8736, Factor: 1); Gourd & Cucumber (Conf: 0.2048, Lift: 0.9226, Factor: 0.5); Beans (Conf: 0.2048, Lift: 0.9226, Factor: 0.5)"
8112726,Sugar; Avalakki / Poha; Whole Spices; Moong Dal; Whole Spices; Cream Biscuits; Whole Spices; Rice Flour; Jaggery; Other Rice Products; Sooji & Rava; Other Dals; Sunflower Oils; Whole Spices; Other Dals; Other Dals; Maida; Besan; Toor Dal; Whole Spices; Other Dals,Beans; Other Vegetables; Root Vegetables; Brinjals; Gourd & Cucumber; Urad Dal; Raw Rice; Banana; Organic F&V; Bread,"Beans (Conf: 0.5641, Lift: 1.2685, Factor: 1); Other Vegetables (Conf: 0.5566, Lift: 1.2046, Factor: 1); Root Vegetables (Conf: 0.5143, Lift: 1.2628, Factor: 1); Brinjals (Conf: 0.4018, Lift: 1.2309, Factor: 1); Gourd & Cucumber (Conf: 0.3741, Lift: 1.1869, Factor: 1); Urad Dal (Conf: 0.3734, Lift: 1.2616, Factor: 1); Raw Rice (Conf: 0.2909, Lift: 1.2437, Factor: 1); Banana (Conf: 0.2794, Lift: 1.2332, Factor: 1); Organic F&V (Conf: 0.1846, Lift: 1.0324, Factor: 1); Bread (Conf: 0.1624, Lift: 1.2361, Factor: 1)"
8113176,Other Vegetables; Toor Dal; Banana; Yogurt & Lassi; Root Vegetables; Raw Rice; Yogurt & Lassi,Beans; Other Dals; Whole Spices; Sugar; Moong Dal; Brinjals; Urad Dal; Gourd & Cucumber; Sooji & Rava; Sunflower Oils,"Beans (Conf: 0.7817, Lift: 1.7579, Factor: 1); Other Dals (Conf: 0.7782, Lift: 1.6956, Factor: 1); Whole Spices (Conf: 0.7544, Lift: 1.8503, Factor: 1); Sugar (Conf: 0.6466, Lift: 1.8478, Factor: 1); Moong Dal (Conf: 0.6166, Lift: 1.8308, Factor: 1); Brinjals (Conf: 0.5778, Lift: 1.7702, Factor: 1); Urad Dal (Conf: 0.5498, Lift: 1.8576, Factor: 1); Gourd & Cucumber (Conf: 0.5361, Lift: 1.7008, Factor: 1); Sooji & Rava (Conf: 0.5224, Lift: 1.8344, Factor: 1); Sunflower Oils (Conf: 0.3421, Lift: 1.8304, Factor: 1)"
8114312,Sugar; Cookies; Brinjals; Cream Biscuits; Gourd & Cucumber; Beans; Banana; Toor Dal,Other Dals; Other Vegetables; Whole Spices; Root Vegetables; Moong Dal; Urad Dal; Sooji & Rava; Raw Rice; Avalakki / Poha; Sunflower Oils,"Other Dals (Conf: 0.8131, Lift: 1.7716, Factor: 1); Other Vegetables (Conf: 0.7453, Lift: 1.6130, Factor: 1); Whole Spices (Conf: 0.7193, Lift: 1.7643, Factor: 1); Root Vegetables (Conf: 0.6648, Lift: 1.6322, Factor: 1); Moong Dal (Conf: 0.5976, Lift: 1.7742, Factor: 1); Urad Dal (Conf: 0.5126, Lift: 1.7319, Factor: 1); Sooji & Rava (Conf: 0.5011, Lift: 1.7597, Factor: 1); Raw Rice (Conf: 0.3629, Lift: 1.5513, Factor: 1); Avalakki / Poha (Conf: 0.3019, Lift: 1.7604, Factor: 1); Sunflower Oils (Conf: 0.2974, Lift: 1.5910, Factor: 1)"
8114869,Root Vegetables; Beans; Instant Noodles; Sugar; Cooking Paste; Root Vegetables; Maida; Brinjals; Other Rice Products; Other Vegetables; Jaggery,Other Dals; Whole Spices; Toor Dal; Moong Dal; Gourd & Cucumber; Urad Dal; Sooji & Rava; Raw Rice; Sunflower Oils; Raw Peanuts,"Other Dals (Conf: 0.8247, Lift: 1.7970, Factor: 1); Whole Spices (Conf: 0.7431, Lift: 1.8227, Factor: 1); Toor Dal (Conf: 0.7108, Lift: 1.8408, Factor: 1); Moong Dal (Conf: 0.6159, Lift: 1.8288, Factor: 1); Gourd & Cucumber (Conf: 0.5600, Lift: 1.7765, Factor: 1); Urad Dal (Conf: 0.5400, Lift: 1.8245, Factor: 1); Sooji & Rava (Conf: 0.5224, Lift: 1.8344, Factor: 1); Raw Rice (Conf: 0.3629, Lift: 1.5513, Factor: 1); Sunflower Oils (Conf: 0.3421, Lift: 1.8304, Factor: 1); Raw Peanuts (Conf: 0.3259, Lift: 1.8385, Factor: 1)"
8115812,Honey; Root Vegetables; Banana; Beans; Other Dals; Cakes; Moong Dal,Other Vegetables; Whole Spices; Toor Dal; Sugar; Brinjals; Gourd & Cucumber; Urad Dal; Sooji & Rava; Raw Rice; Sunflower Oils,"Other Vegetables (Conf: 0.7636, Lift: 1.6527, Factor: 1); Whole Spices (Conf: 0.7051, Lift: 1.7295, Factor: 1); Toor Dal (Conf: 0.6866, Lift: 1.7781, Factor: 1); Sugar (Conf: 0.6183, Lift: 1.7671, Factor: 1); Brinjals (Conf: 0.5778, Lift: 1.7702, Factor: 1); Gourd & Cucumber (Conf: 0.5283, Lift: 1.6760, Factor: 1); Urad Dal (Conf: 0.5000, Lift: 1.6895, Factor: 1); Sooji & Rava (Conf: 0.4802, Lift: 1.6862, Factor: 1); Raw Rice (Conf: 0.3903, Lift: 1.6685, Factor: 1); Sunflower Oils (Conf: 0.3227, Lift: 1.7267, Factor: 1)"
8116158,Whole Spices; Boiled Rice; Whole Spices; Whole Spices; Sooji & Rava; Rice Flour; Other Dals; Urad Dal; Raw Rice; Other Dals; Jaggery,Other Vegetables; Beans; Root Vegetables; Toor Dal; Moong Dal; Sugar; Brinjals; Gourd & Cucumber; Banana; Sunflower Oils,"Other Vegetables (Conf: 0.6486, Lift: 1.4039, Factor: 1); Beans (Conf: 0.6303, Lift: 1.4174, Factor: 1); Root Vegetables (Conf: 0.5766, Lift: 1.4157, Factor: 1); Toor Dal (Conf: 0.5460, Lift: 1.4140, Factor: 1); Moong Dal (Conf: 0.4720, Lift: 1.4013, Factor: 1); Sugar (Conf: 0.4686, Lift: 1.3392, Factor: 1); Brinjals (Conf: 0.4581, Lift: 1.4037, Factor: 1); Gourd & Cucumber (Conf: 0.4444, Lift: 1.4099, Factor: 1); Banana (Conf: 0.3015, Lift: 1.3304, Factor: 1); Sunflower Oils (Conf: 0.2487, Lift: 1.3308, Factor: 1)"
8118745,Toor Dal; Moong Dal; Brinjals; Regular Pasta; Maida; Instant Noodles,Other Dals; Beans; Whole Spices; Other Vegetables; Root Vegetables; Sugar; Sooji & Rava; Gourd & Cucumber; Urad Dal; Raw Rice,"Other Dals (Conf: 0.8208, Lift: 1.7883, Factor: 1); Beans (Conf: 0.7798, Lift: 1.7536, Factor: 1); Whole Spices (Conf: 0.7692, Lift: 1.8867, Factor: 1); Other Vegetables (Conf: 0.7636, Lift: 1.6527, Factor: 1); Root Vegetables (Conf: 0.6753, Lift: 1.6580, Factor: 1); Sugar (Conf: 0.6319, Lift: 1.8061, Factor: 1); Sooji & Rava (Conf: 0.5399, Lift: 1.8958, Factor: 1); Gourd & Cucumber (Conf: 0.5361, Lift: 1.7008, Factor: 1); Urad Dal (Conf: 0.5125, Lift: 1.7317, Factor: 1); Raw Rice (Conf: 0.3903, Lift: 1.6685, Factor: 1)"
8119388,Brinjals; Other Vegetables; Whole Spices; Sugar; Soya Products; Raw Rice; Sunflower Oils; Other Dals,Beans; Root Vegetables; Toor Dal; Moong Dal; Gourd & Cucumber; Urad Dal; Sooji & Rava; Banana; Raw Peanuts; Avalakki / Poha,"Beans (Conf: 0.6619, Lift: 1.4883, Factor: 1); Root Vegetables (Conf: 0.6114, Lift: 1.5010, Factor: 1); Toor Dal (Conf: 0.5756, Lift: 1.4907, Factor: 1); Moong Dal (Conf: 0.4978, Lift: 1.4779, Factor: 1); Gourd & Cucumber (Conf: 0.4514, Lift: 1.4321, Factor: 1); Urad Dal (Conf: 0.4402, Lift: 1.4873, Factor: 1); Sooji & Rava (Conf: 0.4233, Lift: 1.4865, Factor: 1); Banana (Conf: 0.3000, Lift: 1.3240, Factor: 1); Raw Peanuts (Conf: 0.2641, Lift: 1.4898, Factor: 1); Avalakki / Poha (Conf: 0.2016, Lift: 1.1756, Factor: 1)"
8119882,Sugar; Gourd & Cucumber; Sunflower Oils; Whole Spices; Banana; Root Vegetables; Other Rice Products; Bread; Organic F&V; Organic Flours; Urad Dal,Other Vegetables; Other Dals; Beans; Toor Dal; Moong Dal; Brinjals; Sooji & Rava; Raw Rice; Raw Peanuts; Avalakki / Poha,"Other Vegetables (Conf: 0.6912, Lift: 1.4959, Factor: 1); Other Dals (Conf: 0.6832, Lift: 1.4885, Factor: 1); Beans (Conf: 0.6606, Lift: 1.4855, Factor: 1); Toor Dal (Conf: 0.5714, Lift: 1.4799, Factor: 1); Moong Dal (Conf: 0.5000, Lift: 1.4846, Factor: 1); Brinjals (Conf: 0.4834, Lift: 1.4811, Factor: 1); Sooji & Rava (Conf: 0.4152, Lift: 1.4580, Factor: 1); Raw Rice (Conf: 0.3180, Lift: 1.3595, Factor: 1); Raw Peanuts (Conf: 0.2640, Lift: 1.4891, Factor: 1); Avalakki / Poha (Conf: 0.2495, Lift: 1.4550, Factor: 1)"
8120159,Other Vegetables; Namkeen; Brinjals; Namkeen; Root Vegetables; Gourd & Cucumber; Gourd & Cucumber,Other Dals; Whole Spices; Beans; Toor Dal; Sugar; Moong Dal; Urad Dal; Sooji & Rava; Sunflower Oils; Raw Rice,"Other Dals (Conf: 0.8208, Lift: 1.7883, Factor: 1); Whole Spices (Conf: 0.7830, Lift: 1.9205, Factor: 1); Beans (Conf: 0.7817, Lift: 1.7579, Factor: 1); Toor Dal (Conf: 0.7480, Lift: 1.9371, Factor: 1); Sugar (Conf: 0.6772, Lift: 1.9353, Factor: 1); Moong Dal (Conf: 0.6471, Lift: 1.9212, Factor: 1); Urad Dal (Conf: 0.5714, Lift: 1.9308, Factor: 1); Sooji & Rava (Conf: 0.5495, Lift: 1.9296, Factor: 1); Sunflower Oils (Conf: 0.3421, Lift: 1.8304, Factor: 1); Raw Rice (Conf: 0.3358, Lift: 1.4358, Factor: 1)"
8120360,Root Vegetables; Raw Rice; Besan; Gourd & Cucumber; Whole Spices; Sooji & Rava; Sugar; Brinjals,Other Vegetables; Other Dals; Beans; Toor Dal; Moong Dal; Urad Dal; Banana; Raw Peanuts; Avalakki / Poha; Maida,"Other Vegetables (Conf: 0.6911, Lift: 1.4957, Factor: 1); Other Dals (Conf: 0.6867, Lift: 1.4963, Factor: 1); Beans (Conf: 0.6619, Lift: 1.4883, Factor: 1); Toor Dal (Conf: 0.5756, Lift: 1.4907, Factor: 1); Moong Dal (Conf: 0.5029, Lift: 1.4930, Factor: 1); Urad Dal (Conf: 0.4402, Lift: 1.4873, Factor: 1); Banana (Conf: 0.3208, Lift: 1.4158, Factor: 1); Raw Peanuts (Conf: 0.2641, Lift: 1.4898, Factor: 1); Avalakki / Poha (Conf: 0.2525, Lift: 1.4726, Factor: 1); Maida (Conf: 0.1853, Lift: 1.4983, Factor: 1)"
8120435,Toor Dal; Whole Spices; Urad Dal; Other Dals; Whole Spices; Raw Peanuts; Moong Dal; Whole Spices; Sugar; Other Dals,Other Vegetables; Beans; Root Vegetables; Brinjals; Gourd & Cucumber; Sooji & Rava; Raw Rice; Banana; Sunflower Oils; Organic F&V,"Other Vegetables (Conf: 0.5755, Lift: 1.2456, Factor: 1); Beans (Conf: 0.5556, Lift: 1.2493, Factor: 1); Root Vegetables (Conf: 0.5079, Lift: 1.2470, Factor: 1); Brinjals (Conf: 0.4000, Lift: 1.2255, Factor: 1); Gourd & Cucumber (Conf: 0.3741, Lift: 1.1869, Factor: 1); Sooji & Rava (Conf: 0.3507, Lift: 1.2315, Factor: 1); Raw Rice (Conf: 0.2909, Lift: 1.2437, Factor: 1); Banana (Conf: 0.2801, Lift: 1.2361, Factor: 1); Sunflower Oils (Conf: 0.2191, Lift: 1.1725, Factor: 1); Organic F&V (Conf: 0.2123, Lift: 1.1874, Factor: 1)"
8120485,Moong Dal; Banana; Raw Rice; Root Vegetables; Moong Dal; Toor Dal,Other Dals; Other Vegetables; Beans; Whole Spices; Sugar; Brinjals; Gourd & Cucumber; Urad Dal; Sooji & Rava; Sunflower Oils,"Other Dals (Conf: 0.7782, Lift: 1.6956, Factor: 1); Other Vegetables (Conf: 0.7636, Lift: 1.6527, Factor: 1); Beans (Conf: 0.7172, Lift: 1.6129, Factor: 1); Whole Spices (Conf: 0.6942, Lift: 1.7027, Factor: 1); Sugar (Conf: 0.5964, Lift: 1.7046, Factor: 1); Brinjals (Conf: 0.5482, Lift: 1.6795, Factor: 1); Gourd & Cucumber (Conf: 0.5361, Lift: 1.7008, Factor: 1); Urad Dal (Conf: 0.5000, Lift: 1.6895, Factor: 1); Sooji & Rava (Conf: 0.4491, Lift: 1.5770, Factor: 1); Sunflower Oils (Conf: 0.3083, Lift: 1.6493, Factor: 1)"
8120702,Other Dals; Other Dals; Other Rice Products; Toor Dal; Other Dals; Urad Dal; Cooking Paste,Other Vegetables; Beans; Root Vegetables; Whole Spices; Sugar; Brinjals; Moong Dal; Gourd & Cucumber; Sooji & Rava; Raw Rice,"Other Vegetables (Conf: 0.7196, Lift: 1.5574, Factor: 1); Beans (Conf: 0.6882, Lift: 1.5475, Factor: 1); Root Vegetables (Conf: 0.6332, Lift: 1.5545, Factor: 1); Whole Spices (Conf: 0.6303, Lift: 1.5460, Factor: 1); Sugar (Conf: 0.5471, Lift: 1.5635, Factor: 1); Brinjals (Conf: 0.5093, Lift: 1.5602, Factor: 1); Moong Dal (Conf: 0.5000, Lift: 1.4846, Factor: 1); Gourd & Cucumber (Conf: 0.4859, Lift: 1.5415, Factor: 1); Sooji & Rava (Conf: 0.4350, Lift: 1.5276, Factor: 1); Raw Rice (Conf: 0.3606, Lift: 1.5417, Factor: 1)"
8120853,"Organic Salt,Sugar & Jaggery; Bread; Sunflower Oils; Namkeen; Other Dry Fruits; Organic F&V",Urad Dal; Other Vegetables; Other Dals; Moong Dal; Toor Dal; Sooji & Rava; Root Vegetables; Sugar; Whole Spices; Gourd & Cucumber,"Urad Dal (Conf: 0.7941, Lift: 2.6832, Factor: 1); Other Vegetables (Conf: 0.7152, Lift: 1.5478, Factor: 1); Other Dals (Conf: 0.7112, Lift: 1.5496, Factor: 1); Moong Dal (Conf: 0.6800, Lift: 2.0190, Factor: 1); Toor Dal (Conf: 0.6204, Lift: 1.6068, Factor: 1); Sooji & Rava (Conf: 0.6028, Lift: 2.1169, Factor: 1); Root Vegetables (Conf: 0.6022, Lift: 1.4783, Factor: 1); Sugar (Conf: 0.6014, Lift: 3.1787, Factor: 1); Whole Spices (Conf: 0.6014, Lift: 3.1787, Factor: 1); Gourd & Cucumber (Conf: 0.5093, Lift: 1.6156, Factor: 1)"
8122275,Exotic Vegetables; Other Dals; Whole Spices; Whole Spices; Regular Pasta; Other Dals; Whole Spices; Soya Products,Other Vegetables; Toor Dal; Beans; Root Vegetables; Sugar; Moong Dal; Urad Dal; Brinjals; Gourd & Cucumber; Sooji & Rava,"Other Vegetables (Conf: 0.7778, Lift: 1.6833, Factor: 1); Toor Dal (Conf: 0.7557, Lift: 1.9572, Factor: 1); Beans (Conf: 0.7477, Lift: 1.6815, Factor: 1); Root Vegetables (Conf: 0.6812, Lift: 1.6723, Factor: 1); Sugar (Conf: 0.6790, Lift: 1.9406, Factor: 1); Moong Dal (Conf: 0.6188, Lift: 1.8372, Factor: 1); Urad Dal (Conf: 0.5789, Lift: 1.9562, Factor: 1); Brinjals (Conf: 0.5157, Lift: 1.5800, Factor: 1); Gourd & Cucumber (Conf: 0.5155, Lift: 1.6354, Factor: 1); Sooji & Rava (Conf: 0.4704, Lift: 1.6518, Factor: 1)"
8122344,Sugar; Ghee; Gourd & Cucumber; Whole Spices; Whole Spices; Jaggery; Raw Rice; Moong Dal; Banana; Whole Spices,Other Vegetables; Other Dals; Beans; Root Vegetables; Toor Dal; Brinjals; Urad Dal; Sooji & Rava; Sunflower Oils; Raw Peanuts,"Other Vegetables (Conf: 0.7289, Lift: 1.5776, Factor: 1); Other Dals (Conf: 0.7227, Lift: 1.5746, Factor: 1); Beans (Conf: 0.7121, Lift: 1.6013, Factor: 1); Root Vegetables (Conf: 0.6396, Lift: 1.5702, Factor: 1); Toor Dal (Conf: 0.5912, Lift: 1.5312, Factor: 1); Brinjals (Conf: 0.4946, Lift: 1.5153, Factor: 1); Urad Dal (Conf: 0.4402, Lift: 1.4873, Factor: 1); Sooji & Rava (Conf: 0.4233, Lift: 1.4865, Factor: 1); Sunflower Oils (Conf: 0.2955, Lift: 1.5813, Factor: 1); Raw Peanuts (Conf: 0.2641, Lift: 1.4898, Factor: 1)"
8122589,Urad Dal; Health Drinks; Whole Spices; Whole Spices; Boiled Rice; Sunflower Oils,Other Vegetables; Other Dals; Beans; Root Vegetables; Toor Dal; Sugar; Moong Dal; Gourd & Cucumber; Sooji & Rava; Brinjals,"Other Vegetables (Conf: 0.7778, Lift: 1.6833, Factor: 1); Other Dals (Conf: 0.7363, Lift: 1.6042, Factor: 1); Beans (Conf: 0.7143, Lift: 1.6062, Factor: 1); Root Vegetables (Conf: 0.6812, Lift: 1.6723, Factor: 1); Toor Dal (Conf: 0.6406, Lift: 1.6591, Factor: 1); Sugar (Conf: 0.5862, Lift: 1.6753, Factor: 1); Moong Dal (Conf: 0.5517, Lift: 1.6381, Factor: 1); Gourd & Cucumber (Conf: 0.5155, Lift: 1.6354, Factor: 1); Sooji & Rava (Conf: 0.4704, Lift: 1.6518, Factor: 1); Brinjals (Conf: 0.4581, Lift: 1.4037, Factor: 1)"
8123487,Ghee; Brinjals; Sugar; Beans; Whole Spices; Raw Rice; Sunflower Oils,Other Dals; Other Vegetables; Root Vegetables; Toor Dal; Moong Dal; Gourd & Cucumber; Urad Dal; Sooji & Rava; Banana; Raw Peanuts,"Other Dals (Conf: 0.7402, Lift: 1.6128, Factor: 1); Other Vegetables (Conf: 0.7289, Lift: 1.5776, Factor: 1); Root Vegetables (Conf: 0.6396, Lift: 1.5702, Factor: 1); Toor Dal (Conf: 0.6204, Lift: 1.6068, Factor: 1); Moong Dal (Conf: 0.5419, Lift: 1.6090, Factor: 1); Gourd & Cucumber (Conf: 0.4879, Lift: 1.5478, Factor: 1); Urad Dal (Conf: 0.4402, Lift: 1.4873, Factor: 1); Sooji & Rava (Conf: 0.4233, Lift: 1.4865, Factor: 1); Banana (Conf: 0.2944, Lift: 1.2993, Factor: 1); Raw Peanuts (Conf: 0.2854, Lift: 1.6102, Factor: 1)"
8123840,Namkeen; Namkeen; Namkeen; Whole Spices; Namkeen; Namkeen; Salty Biscuits,Other Dals; Other Vegetables; Toor Dal; Urad Dal; Sugar; Moong Dal; Beans; Sooji & Rava; Root Vegetables; Gourd & Cucumber,"Other Dals (Conf: 0.8025, Lift: 1.7485, Factor: 1); Other Vegetables (Conf: 0.7778, Lift: 1.6833, Factor: 1); Toor Dal (Conf: 0.7719, Lift: 1.9992, Factor: 1); Urad Dal (Conf: 0.7523, Lift: 2.5419, Factor: 1); Sugar (Conf: 0.7288, Lift: 2.0829, Factor: 1); Moong Dal (Conf: 0.7133, Lift: 2.1180, Factor: 1); Beans (Conf: 0.7032, Lift: 1.5813, Factor: 1); Sooji & Rava (Conf: 0.6914, Lift: 2.4277, Factor: 1); Root Vegetables (Conf: 0.6812, Lift: 1.6723, Factor: 1); Gourd & Cucumber (Conf: 0.5155, Lift: 1.6354, Factor: 1)"
8124069,Beans; Chilli & Soya Sauces; Banana; Ready Mix; Ice Creams & Desserts; Toor Dal; Buns & Pavs; Honey; Whole Spices; Other Dals,Other Vegetables; Root Vegetables; Sugar; Moong Dal; Brinjals; Gourd & Cucumber; Urad Dal; Sooji & Rava; Raw Rice; Sunflower Oils,"Other Vegetables (Conf: 0.7143, Lift: 1.5459, Factor: 1); Root Vegetables (Conf: 0.6293, Lift: 1.5451, Factor: 1); Sugar (Conf: 0.5340, Lift: 1.5261, Factor: 1); Moong Dal (Conf: 0.5183, Lift: 1.5389, Factor: 1); Brinjals (Conf: 0.4986, Lift: 1.5275, Factor: 1); Gourd & Cucumber (Conf: 0.4859, Lift: 1.5415, Factor: 1); Urad Dal (Conf: 0.4402, Lift: 1.4873, Factor: 1); Sooji & Rava (Conf: 0.4350, Lift: 1.5276, Factor: 1); Raw Rice (Conf: 0.3606, Lift: 1.5417, Factor: 1); Sunflower Oils (Conf: 0.2767, Lift: 1.4803, Factor: 1)"
8124751,Namkeen; Beans; Other Dals; Brinjals; Beans; Exotic Vegetables; Exotic Vegetables,Whole Spices; Sugar; Toor Dal; Other Vegetables; Moong Dal; Root Vegetables; Urad Dal; Sooji & Rava; Gourd & Cucumber; Sunflower Oils,"Whole Spices (Conf: 0.8598, Lift: 2.1089, Factor: 1); Sugar (Conf: 0.7477, Lift: 2.1370, Factor: 1); Toor Dal (Conf: 0.7471, Lift: 1.9349, Factor: 1); Other Vegetables (Conf: 0.7196, Lift: 1.5574, Factor: 1); Moong Dal (Conf: 0.6710, Lift: 1.9922, Factor: 1); Root Vegetables (Conf: 0.6332, Lift: 1.5545, Factor: 1); Urad Dal (Conf: 0.6266, Lift: 2.1172, Factor: 1); Sooji & Rava (Conf: 0.6026, Lift: 2.1161, Factor: 1); Gourd & Cucumber (Conf: 0.5817, Lift: 1.8454, Factor: 1); Sunflower Oils (Conf: 0.3620, Lift: 1.9368, Factor: 1)"
8125808,Health Drinks; Sugar; Whole Spices; Sunflower Oils; Urad Dal; Jaggery; Moong Dal; Body Wash; Urad Dal; Other Rice Products,Other Vegetables; Other Dals; Beans; Root Vegetables; Toor Dal; Brinjals; Gourd & Cucumber; Sooji & Rava; Raw Rice; Banana,"Other Vegetables (Conf: 0.6707, Lift: 1.4515, Factor: 1); Other Dals (Conf: 0.6667, Lift: 1.4526, Factor: 1); Beans (Conf: 0.6467, Lift: 1.4542, Factor: 1); Root Vegetables (Conf: 0.5915, Lift: 1.4523, Factor: 1); Toor Dal (Conf: 0.5372, Lift: 1.3913, Factor: 1); Brinjals (Conf: 0.4664, Lift: 1.4289, Factor: 1); Gourd & Cucumber (Conf: 0.4581, Lift: 1.4534, Factor: 1); Sooji & Rava (Conf: 0.4138, Lift: 1.4530, Factor: 1); Raw Rice (Conf: 0.3236, Lift: 1.3834, Factor: 1); Banana (Conf: 0.2944, Lift: 1.2993, Factor: 1)"
8126177,Whole Spices; Other Dals; Beans; Sooji & Rava; Other Vegetables; Avalakki / Poha; Vermicelli,Root Vegetables; Toor Dal; Moong Dal; Sugar; Brinjals; Gourd & Cucumber; Urad Dal; Raw Rice; Banana; Raw Peanuts,"Root Vegetables (Conf: 0.6319, Lift: 1.5515, Factor: 1); Toor Dal (Conf: 0.5978, Lift: 1.5481, Factor: 1); Moong Dal (Conf: 0.5200, Lift: 1.5439, Factor: 1); Sugar (Conf: 0.5061, Lift: 1.4464, Factor: 1); Brinjals (Conf: 0.5060, Lift: 1.5503, Factor: 1); Gourd & Cucumber (Conf: 0.4879, Lift: 1.5478, Factor: 1); Urad Dal (Conf: 0.4402, Lift: 1.4873, Factor: 1); Raw Rice (Conf: 0.3563, Lift: 1.5231, Factor: 1); Banana (Conf: 0.3015, Lift: 1.3304, Factor: 1); Raw Peanuts (Conf: 0.2599, Lift: 1.4663, Factor: 1)"
8127465,Other Dals; Root Vegetables; Whole Spices; Other Dals; Root Vegetables; Banana; Moong Dal,Other Vegetables; Beans; Toor Dal; Sugar; Brinjals; Gourd & Cucumber; Urad Dal; Sooji & Rava; Raw Rice; Sunflower Oils,"Other Vegetables (Conf: 0.7289, Lift: 1.5776, Factor: 1); Beans (Conf: 0.7172, Lift: 1.6129, Factor: 1); Toor Dal (Conf: 0.6222, Lift: 1.6114, Factor: 1); Sugar (Conf: 0.5471, Lift: 1.5635, Factor: 1); Brinjals (Conf: 0.5157, Lift: 1.5800, Factor: 1); Gourd & Cucumber (Conf: 0.4879, Lift: 1.5478, Factor: 1); Urad Dal (Conf: 0.4402, Lift: 1.4873, Factor: 1); Sooji & Rava (Conf: 0.4350, Lift: 1.5276, Factor: 1); Raw Rice (Conf: 0.3793, Lift: 1.6216, Factor: 1); Sunflower Oils (Conf: 0.3028, Lift: 1.6203, Factor: 1)"
8127819,Toor Dal; Cream Biscuits; Cashews; Almonds; Raw Rice; Moong Dal; Health Drinks; Jaggery; Liquid Soaps & Bars; Cashews; Whole Spices; Raisins,Other Dals; Other Vegetables; Beans; Root Vegetables; Sugar; Gourd & Cucumber; Brinjals; Sooji & Rava; Urad Dal; Banana,"Other Dals (Conf: 0.7350, Lift: 1.6015, Factor: 1); Other Vegetables (Conf: 0.7289, Lift: 1.5776, Factor: 1); Beans (Conf: 0.7121, Lift: 1.6013, Factor: 1); Root Vegetables (Conf: 0.6127, Lift: 1.5041, Factor: 1); Sugar (Conf: 0.5340, Lift: 1.5261, Factor: 1); Gourd & Cucumber (Conf: 0.5047, Lift: 1.6012, Factor: 1); Brinjals (Conf: 0.4986, Lift: 1.5275, Factor: 1); Sooji & Rava (Conf: 0.4491, Lift: 1.5770, Factor: 1); Urad Dal (Conf: 0.4406, Lift: 1.4887, Factor: 1); Banana (Conf: 0.3155, Lift: 1.3922, Factor: 1)"
8128430,Ghee; Gourd & Cucumber; Whole Spices; Raisins; Raw Peanuts; Sooji & Rava; Phenyles & Acids; Beans; Sugar,Other Dals; Other Vegetables; Root Vegetables; Toor Dal; Moong Dal; Brinjals; Urad Dal; Banana; Raw Rice; Avalakki / Poha,"Other Dals (Conf: 0.6861, Lift: 1.4950, Factor: 1); Other Vegetables (Conf: 0.6849, Lift: 1.4823, Factor: 1); Root Vegetables (Conf: 0.5797, Lift: 1.4232, Factor: 1); Toor Dal (Conf: 0.5690, Lift: 1.4735, Factor: 1); Moong Dal (Conf: 0.5029, Lift: 1.4930, Factor: 1); Brinjals (Conf: 0.4780, Lift: 1.4645, Factor: 1); Urad Dal (Conf: 0.4402, Lift: 1.4873, Factor: 1); Banana (Conf: 0.3208, Lift: 1.4158, Factor: 1); Raw Rice (Conf: 0.3180, Lift: 1.3595, Factor: 1); Avalakki / Poha (Conf: 0.2525, Lift: 1.4726, Factor: 1)"
8129915,Other Vegetables; Jaggery; Root Vegetables; Avalakki / Poha; Beans; Tomato Ketchup; Banana,Other Dals; Whole Spices; Toor Dal; Sugar; Moong Dal; Gourd & Cucumber; Brinjals; Urad Dal; Sooji & Rava; Sunflower Oils,"Other Dals (Conf: 0.8014, Lift: 1.7462, Factor: 1); Whole Spices (Conf: 0.7879, Lift: 1.9325, Factor: 1); Toor Dal (Conf: 0.7462, Lift: 1.9324, Factor: 1); Sugar (Conf: 0.6750, Lift: 1.9291, Factor: 1); Moong Dal (Conf: 0.6471, Lift: 1.9212, Factor: 1); Gourd & Cucumber (Conf: 0.6091, Lift: 1.9323, Factor: 1); Brinjals (Conf: 0.5778, Lift: 1.7702, Factor: 1); Urad Dal (Conf: 0.5706, Lift: 1.9280, Factor: 1); Sooji & Rava (Conf: 0.5495, Lift: 1.9296, Factor: 1); Sunflower Oils (Conf: 0.3603, Lift: 1.9279, Factor: 1)"
8130134,Other Vegetables; Whole Spices; Sooji & Rava; Root Vegetables; Beans; Beans; Beans,Other Dals; Toor Dal; Moong Dal; Sugar; Brinjals; Gourd & Cucumber; Urad Dal; Raw Rice; Sunflower Oils; Avalakki / Poha,"Other Dals (Conf: 0.8025, Lift: 1.7485, Factor: 1); Toor Dal (Conf: 0.6797, Lift: 1.7603, Factor: 1); Moong Dal (Conf: 0.5922, Lift: 1.7582, Factor: 1); Sugar (Conf: 0.5833, Lift: 1.6671, Factor: 1); Brinjals (Conf: 0.5747, Lift: 1.7606, Factor: 1); Gourd & Cucumber (Conf: 0.5155, Lift: 1.6354, Factor: 1); Urad Dal (Conf: 0.5031, Lift: 1.6998, Factor: 1); Raw Rice (Conf: 0.3961, Lift: 1.6935, Factor: 1); Sunflower Oils (Conf: 0.3294, Lift: 1.7626, Factor: 1); Avalakki / Poha (Conf: 0.3018, Lift: 1.7597, Factor: 1)"
8131353,Cookies; Besan; Other Dals; Sugar; Liquid Detergent; Sunflower Oils; Cashews,Beans; Other Vegetables; Whole Spices; Root Vegetables; Toor Dal; Moong Dal; Brinjals; Gourd & Cucumber; Urad Dal; Sooji & Rava,"Beans (Conf: 0.7477, Lift: 1.6815, Factor: 1); Other Vegetables (Conf: 0.7196, Lift: 1.5574, Factor: 1); Whole Spices (Conf: 0.6923, Lift: 1.6981, Factor: 1); Root Vegetables (Conf: 0.6396, Lift: 1.5702, Factor: 1); Toor Dal (Conf: 0.6204, Lift: 1.6068, Factor: 1); Moong Dal (Conf: 0.5668, Lift: 1.6829, Factor: 1); Brinjals (Conf: 0.5267, Lift: 1.6138, Factor: 1); Gourd & Cucumber (Conf: 0.5093, Lift: 1.6156, Factor: 1); Urad Dal (Conf: 0.5000, Lift: 1.6895, Factor: 1); Sooji & Rava (Conf: 0.4646, Lift: 1.6316, Factor: 1)"
8131359,Soya Products; Moong Dal; Brinjals; Gourd & Cucumber; Brinjals; Gourd & Cucumber; Mosquito Repellent; Ghee; Root Vegetables,Other Dals; Whole Spices; Beans; Other Vegetables; Toor Dal; Sugar; Sooji & Rava; Urad Dal; Raw Rice; Raw Peanuts,"Other Dals (Conf: 0.8208, Lift: 1.7883, Factor: 1); Whole Spices (Conf: 0.7800, Lift: 1.9131, Factor: 1); Beans (Conf: 0.7798, Lift: 1.7536, Factor: 1); Other Vegetables (Conf: 0.7636, Lift: 1.6527, Factor: 1); Toor Dal (Conf: 0.7480, Lift: 1.9371, Factor: 1); Sugar (Conf: 0.6701, Lift: 1.9150, Factor: 1); Sooji & Rava (Conf: 0.6202, Lift: 2.1777, Factor: 1); Urad Dal (Conf: 0.6202, Lift: 2.0954, Factor: 1); Raw Rice (Conf: 0.3903, Lift: 1.6685, Factor: 1); Raw Peanuts (Conf: 0.3886, Lift: 2.1924, Factor: 1)"
8131723,Other Vegetables; Beans; Whole Spices; Gourd & Cucumber; Root Vegetables; Toor Dal; Other Dals; Besan; Banana; Beans,Sugar; Moong Dal; Brinjals; Sooji & Rava; Urad Dal; Raw Rice; Sunflower Oils; Raw Peanuts; Avalakki / Poha; Bread,"Sugar (Conf: 0.5061, Lift: 1.4464, Factor: 1); Moong Dal (Conf: 0.4831, Lift: 1.4344, Factor: 1); Brinjals (Conf: 0.4766, Lift: 1.4603, Factor: 1); Sooji & Rava (Conf: 0.4110, Lift: 1.4433, Factor: 1); Urad Dal (Conf: 0.3842, Lift: 1.2983, Factor: 1); Raw Rice (Conf: 0.3382, Lift: 1.4456, Factor: 1); Sunflower Oils (Conf: 0.2725, Lift: 1.4578, Factor: 1); Raw Peanuts (Conf: 0.2577, Lift: 1.4538, Factor: 1); Avalakki / Poha (Conf: 0.2382, Lift: 1.3890, Factor: 1); Bread (Conf: 0.1687, Lift: 1.2834, Factor: 1)"
8131815,Beans; Root Vegetables; Sugar; Urad Dal; Beans; Boiled Rice; Sunflower Oils; Root Vegetables; Other Vegetables; Instant Noodles; Toor Dal,Other Dals; Whole Spices; Moong Dal; Brinjals; Gourd & Cucumber; Raw Rice; Sooji & Rava; Banana; Raw Peanuts; Organic F&V,"Other Dals (Conf: 0.6785, Lift: 1.4783, Factor: 1); Whole Spices (Conf: 0.6075, Lift: 1.4900, Factor: 1); Moong Dal (Conf: 0.5000, Lift: 1.4846, Factor: 1); Brinjals (Conf: 0.4837, Lift: 1.4820, Factor: 1); Gourd & Cucumber (Conf: 0.4706, Lift: 1.4929, Factor: 1); Raw Rice (Conf: 0.3376, Lift: 1.4433, Factor: 1); Sooji & Rava (Conf: 0.3027, Lift: 1.0630, Factor: 1); Banana (Conf: 0.3000, Lift: 1.3240, Factor: 1); Raw Peanuts (Conf: 0.2640, Lift: 1.4891, Factor: 1); Organic F&V (Conf: 0.2544, Lift: 1.4227, Factor: 1)"
8132311,Namkeen; Toor Dal; Raw Peanuts; Moong Dal; Moong Dal; Other Dals; Other Dals; Whole Spices; Namkeen; Other Vegetables; Other Vegetables; Other Dals; Root Vegetables,Beans; Sugar; Brinjals; Gourd & Cucumber; Sooji & Rava; Urad Dal; Raw Rice; Banana; Sunflower Oils; Avalakki / Poha,"Beans (Conf: 0.6220, Lift: 1.3986, Factor: 1); Sugar (Conf: 0.4704, Lift: 1.3444, Factor: 1); Brinjals (Conf: 0.4521, Lift: 1.3852, Factor: 1); Gourd & Cucumber (Conf: 0.4412, Lift: 1.3996, Factor: 1); Sooji & Rava (Conf: 0.3882, Lift: 1.3632, Factor: 1); Urad Dal (Conf: 0.3842, Lift: 1.2983, Factor: 1); Raw Rice (Conf: 0.3180, Lift: 1.3595, Factor: 1); Banana (Conf: 0.3155, Lift: 1.3922, Factor: 1); Sunflower Oils (Conf: 0.2448, Lift: 1.3098, Factor: 1); Avalakki / Poha (Conf: 0.2382, Lift: 1.3890, Factor: 1)"
8133089,Brinjals; Other Vegetables; Root Vegetables; Exotic Vegetables; Beans; Gourd & Cucumber; Banana; Other Vegetables,Other Dals; Whole Spices; Toor Dal; Sugar; Moong Dal; Urad Dal; Sooji & Rava; Sunflower Oils; Raw Rice; Raw Peanuts,"Other Dals (Conf: 0.8208, Lift: 1.7883, Factor: 1); Whole Spices (Conf: 0.7584, Lift: 1.8601, Factor: 1); Toor Dal (Conf: 0.7176, Lift: 1.8586, Factor: 1); Sugar (Conf: 0.6507, Lift: 1.8595, Factor: 1); Moong Dal (Conf: 0.6159, Lift: 1.8288, Factor: 1); Urad Dal (Conf: 0.5498, Lift: 1.8576, Factor: 1); Sooji & Rava (Conf: 0.5224, Lift: 1.8344, Factor: 1); Sunflower Oils (Conf: 0.3421, Lift: 1.8304, Factor: 1); Raw Rice (Conf: 0.3392, Lift: 1.4503, Factor: 1); Raw Peanuts (Conf: 0.3259, Lift: 1.8385, Factor: 1)"
8133653,Banana; Honey; Other Dals; Raw Rice; Other Dals; Namkeen; Moong Dal; Cream Biscuits; Sugar; Other Vegetables,Beans; Whole Spices; Root Vegetables; Toor Dal; Brinjals; Gourd & Cucumber; Sooji & Rava; Urad Dal; Sunflower Oils; Avalakki / Poha,"Beans (Conf: 0.7042, Lift: 1.5834, Factor: 1); Whole Spices (Conf: 0.6464, Lift: 1.5855, Factor: 1); Root Vegetables (Conf: 0.6396, Lift: 1.5702, Factor: 1); Toor Dal (Conf: 0.6056, Lift: 1.5685, Factor: 1); Brinjals (Conf: 0.5157, Lift: 1.5800, Factor: 1); Gourd & Cucumber (Conf: 0.4929, Lift: 1.5636, Factor: 1); Sooji & Rava (Conf: 0.4350, Lift: 1.5276, Factor: 1); Urad Dal (Conf: 0.4187, Lift: 1.4148, Factor: 1); Sunflower Oils (Conf: 0.2955, Lift: 1.5813, Factor: 1); Avalakki / Poha (Conf: 0.2693, Lift: 1.5704, Factor: 1)"
8133840,Toor Dal; Banana; Root Vegetables; Liquid Soaps & Bars; Moong Dal; Toothpaste; Cashews; Health Drinks; Boiled Rice; Other Dals,Other Vegetables; Beans; Whole Spices; Sugar; Brinjals; Gourd & Cucumber; Urad Dal; Sooji & Rava; Raw Rice; Sunflower Oils,"Other Vegetables (Conf: 0.7236, Lift: 1.5660, Factor: 1); Beans (Conf: 0.7172, Lift: 1.6129, Factor: 1); Whole Spices (Conf: 0.6535, Lift: 1.6030, Factor: 1); Sugar (Conf: 0.5637, Lift: 1.6110, Factor: 1); Brinjals (Conf: 0.5157, Lift: 1.5800, Factor: 1); Gourd & Cucumber (Conf: 0.5047, Lift: 1.6012, Factor: 1); Urad Dal (Conf: 0.4655, Lift: 1.5729, Factor: 1); Sooji & Rava (Conf: 0.4491, Lift: 1.5770, Factor: 1); Raw Rice (Conf: 0.3767, Lift: 1.6106, Factor: 1); Sunflower Oils (Conf: 0.3000, Lift: 1.6052, Factor: 1)"
8133880,Organic F&V; Banana; Organic Flours; Organic Dals & Pulses; Root Vegetables; Bread,Urad Dal; Whole Spices; Toor Dal; Sooji & Rava; Sugar; Other Vegetables; Other Dals; Moong Dal; Gourd & Cucumber; Brinjals,"Urad Dal (Conf: 0.7941, Lift: 2.6832, Factor: 1); Whole Spices (Conf: 0.7788, Lift: 1.9101, Factor: 1); Toor Dal (Conf: 0.7477, Lift: 1.9363, Factor: 1); Sooji & Rava (Conf: 0.7059, Lift: 2.4787, Factor: 1); Sugar (Conf: 0.6694, Lift: 1.9132, Factor: 1); Other Vegetables (Conf: 0.6667, Lift: 1.4429, Factor: 1); Other Dals (Conf: 0.6640, Lift: 1.4468, Factor: 1); Moong Dal (Conf: 0.6159, Lift: 1.8288, Factor: 1); Gourd & Cucumber (Conf: 0.6091, Lift: 1.9323, Factor: 1); Brinjals (Conf: 0.5778, Lift: 1.7702, Factor: 1)"
8134370,Sugar; Other Vegetables; Sooji & Rava; Whole Spices; Raw Rice; Bread; Urad Dal; Maida; Toor Dal,Other Dals; Beans; Root Vegetables; Moong Dal; Brinjals; Gourd & Cucumber; Banana; Avalakki / Poha; Organic F&V; Raw Peanuts,"Other Dals (Conf: 0.5989, Lift: 1.3049, Factor: 1); Beans (Conf: 0.5748, Lift: 1.2924, Factor: 1); Root Vegetables (Conf: 0.5306, Lift: 1.3027, Factor: 1); Moong Dal (Conf: 0.4370, Lift: 1.2974, Factor: 1); Brinjals (Conf: 0.4239, Lift: 1.2988, Factor: 1); Gourd & Cucumber (Conf: 0.4091, Lift: 1.2978, Factor: 1); Banana (Conf: 0.2944, Lift: 1.2993, Factor: 1); Avalakki / Poha (Conf: 0.2235, Lift: 1.3031, Factor: 1); Organic F&V (Conf: 0.2091, Lift: 1.1693, Factor: 1); Raw Peanuts (Conf: 0.2059, Lift: 1.1617, Factor: 1)"
8134798,Other Dals; Toor Dal; Gourd & Cucumber; Raisins; Other Vegetables; Other Dals,Beans; Whole Spices; Root Vegetables; Sugar; Moong Dal; Brinjals; Urad Dal; Sooji & Rava; Raw Rice; Sunflower Oils,"Beans (Conf: 0.7477, Lift: 1.6815, Factor: 1); Whole Spices (Conf: 0.7051, Lift: 1.7295, Factor: 1); Root Vegetables (Conf: 0.6481, Lift: 1.5912, Factor: 1); Sugar (Conf: 0.6047, Lift: 1.7281, Factor: 1); Moong Dal (Conf: 0.5782, Lift: 1.7168, Factor: 1); Brinjals (Conf: 0.5641, Lift: 1.7283, Factor: 1); Urad Dal (Conf: 0.4655, Lift: 1.5729, Factor: 1); Sooji & Rava (Conf: 0.4491, Lift: 1.5770, Factor: 1); Raw Rice (Conf: 0.4000, Lift: 1.7100, Factor: 1); Sunflower Oils (Conf: 0.3199, Lift: 1.7114, Factor: 1)"
8135835,Other Dals; Sooji & Rava; Sooji & Rava; Raw Rice; Toor Dal; Avalakki / Poha; Other Rice Products; Sugar,Other Vegetables; Beans; Root Vegetables; Whole Spices; Moong Dal; Brinjals; Gourd & Cucumber; Urad Dal; Banana; Sunflower Oils,"Other Vegetables (Conf: 0.6593, Lift: 1.4268, Factor: 1); Beans (Conf: 0.6289, Lift: 1.4143, Factor: 1); Root Vegetables (Conf: 0.5785, Lift: 1.4203, Factor: 1); Whole Spices (Conf: 0.5743, Lift: 1.4085, Factor: 1); Moong Dal (Conf: 0.4781, Lift: 1.4196, Factor: 1); Brinjals (Conf: 0.4521, Lift: 1.3852, Factor: 1); Gourd & Cucumber (Conf: 0.4236, Lift: 1.3439, Factor: 1); Urad Dal (Conf: 0.4174, Lift: 1.4104, Factor: 1); Banana (Conf: 0.3208, Lift: 1.4158, Factor: 1); Sunflower Oils (Conf: 0.2659, Lift: 1.4225, Factor: 1)"
8136393,"Whole Spices; Yogurt & Lassi; Sooji & Rava; Toothpaste; Rice Flour; Curd; Whole Spices; Raw Peanuts; Moong Dal; Cashews; Toor Dal; Snacky Nuts; Whole Spices; Glucose, Marie & Milk Biscuits; Whole Spices",Other Vegetables; Other Dals; Beans; Root Vegetables; Sugar; Brinjals; Gourd & Cucumber; Urad Dal; Raw Rice; Banana,"Other Vegetables (Conf: 0.6412, Lift: 1.3877, Factor: 1); Other Dals (Conf: 0.6403, Lift: 1.3951, Factor: 1); Beans (Conf: 0.6115, Lift: 1.3751, Factor: 1); Root Vegetables (Conf: 0.5697, Lift: 1.3986, Factor: 1); Sugar (Conf: 0.4686, Lift: 1.3392, Factor: 1); Brinjals (Conf: 0.4495, Lift: 1.3772, Factor: 1); Gourd & Cucumber (Conf: 0.4412, Lift: 1.3996, Factor: 1); Urad Dal (Conf: 0.4131, Lift: 1.3958, Factor: 1); Raw Rice (Conf: 0.3180, Lift: 1.3595, Factor: 1); Banana (Conf: 0.3155, Lift: 1.3922, Factor: 1)"
8136539,Root Vegetables; Toor Dal; Moong Dal; Other Vegetables; Exotic Vegetables; Other Vegetables; Other Dals; Root Vegetables,Beans; Whole Spices; Sugar; Brinjals; Gourd & Cucumber; Urad Dal; Sooji & Rava; Raw Rice; Banana; Sunflower Oils,"Beans (Conf: 0.7121, Lift: 1.6013, Factor: 1); Whole Spices (Conf: 0.6535, Lift: 1.6030, Factor: 1); Sugar (Conf: 0.5471, Lift: 1.5635, Factor: 1); Brinjals (Conf: 0.5157, Lift: 1.5800, Factor: 1); Gourd & Cucumber (Conf: 0.5047, Lift: 1.6012, Factor: 1); Urad Dal (Conf: 0.4655, Lift: 1.5729, Factor: 1); Sooji & Rava (Conf: 0.4491, Lift: 1.5770, Factor: 1); Raw Rice (Conf: 0.3736, Lift: 1.5973, Factor: 1); Banana (Conf: 0.3211, Lift: 1.4170, Factor: 1); Sunflower Oils (Conf: 0.2974, Lift: 1.5910, Factor: 1)"
8136707,Boiled Rice; Other Rice Products; Urad Dal; Root Vegetables; Whole Spices; Banana,Other Dals; Other Vegetables; Beans; Toor Dal; Sugar; Moong Dal; Brinjals; Gourd & Cucumber; Sooji & Rava; Raw Rice,"Other Dals (Conf: 0.8025, Lift: 1.7485, Factor: 1); Other Vegetables (Conf: 0.7778, Lift: 1.6833, Factor: 1); Beans (Conf: 0.7143, Lift: 1.6062, Factor: 1); Toor Dal (Conf: 0.7108, Lift: 1.8408, Factor: 1); Sugar (Conf: 0.6446, Lift: 1.8423, Factor: 1); Moong Dal (Conf: 0.6159, Lift: 1.8288, Factor: 1); Brinjals (Conf: 0.5778, Lift: 1.7702, Factor: 1); Gourd & Cucumber (Conf: 0.5155, Lift: 1.6354, Factor: 1); Sooji & Rava (Conf: 0.4860, Lift: 1.7067, Factor: 1); Raw Rice (Conf: 0.3793, Lift: 1.6216, Factor: 1)"
8137302,Toor Dal; Moong Dal; Maida; Vermicelli; Banana; Sooji & Rava; Root Vegetables,Other Dals; Beans; Other Vegetables; Whole Spices; Sugar; Brinjals; Gourd & Cucumber; Urad Dal; Raw Rice; Sunflower Oils,"Other Dals (Conf: 0.7455, Lift: 1.6242, Factor: 1); Beans (Conf: 0.7229, Lift: 1.6256, Factor: 1); Other Vegetables (Conf: 0.7194, Lift: 1.5571, Factor: 1); Whole Spices (Conf: 0.6618, Lift: 1.6233, Factor: 1); Sugar (Conf: 0.5694, Lift: 1.6274, Factor: 1); Brinjals (Conf: 0.5292, Lift: 1.6213, Factor: 1); Gourd & Cucumber (Conf: 0.5047, Lift: 1.6012, Factor: 1); Urad Dal (Conf: 0.4619, Lift: 1.5606, Factor: 1); Raw Rice (Conf: 0.3767, Lift: 1.6106, Factor: 1); Sunflower Oils (Conf: 0.3000, Lift: 1.6052, Factor: 1)"
8138170,Other Rice Products; Other Dals; Other Dals; Sugar; Whole Spices; Urad Dal; Namkeen; Other Dals; Whole Spices; Namkeen; Other Dals,Other Vegetables; Beans; Root Vegetables; Toor Dal; Moong Dal; Brinjals; Gourd & Cucumber; Sooji & Rava; Raw Rice; Banana,"Other Vegetables (Conf: 0.6486, Lift: 1.4039, Factor: 1); Beans (Conf: 0.6265, Lift: 1.4088, Factor: 1); Root Vegetables (Conf: 0.5694, Lift: 1.3980, Factor: 1); Toor Dal (Conf: 0.5460, Lift: 1.4140, Factor: 1); Moong Dal (Conf: 0.4656, Lift: 1.3824, Factor: 1); Brinjals (Conf: 0.4581, Lift: 1.4037, Factor: 1); Gourd & Cucumber (Conf: 0.4355, Lift: 1.3815, Factor: 1); Sooji & Rava (Conf: 0.3624, Lift: 1.2725, Factor: 1); Raw Rice (Conf: 0.3180, Lift: 1.3595, Factor: 1); Banana (Conf: 0.3000, Lift: 1.3240, Factor: 1)"
8138408,Other Dry Fruits; Urad Dal; Almonds; Whole Spices; Mosquito Repellent; Cashews; Root Vegetables,Other Dals; Other Vegetables; Toor Dal; Beans; Sugar; Moong Dal; Brinjals; Gourd & Cucumber; Sooji & Rava; Raw Rice,"Other Dals (Conf: 0.8025, Lift: 1.7485, Factor: 1); Other Vegetables (Conf: 0.7778, Lift: 1.6833, Factor: 1); Toor Dal (Conf: 0.7215, Lift: 1.8686, Factor: 1); Beans (Conf: 0.7143, Lift: 1.6062, Factor: 1); Sugar (Conf: 0.6446, Lift: 1.8423, Factor: 1); Moong Dal (Conf: 0.6159, Lift: 1.8288, Factor: 1); Brinjals (Conf: 0.5778, Lift: 1.7702, Factor: 1); Gourd & Cucumber (Conf: 0.5155, Lift: 1.6354, Factor: 1); Sooji & Rava (Conf: 0.4860, Lift: 1.7067, Factor: 1); Raw Rice (Conf: 0.3793, Lift: 1.6216, Factor: 1)"
8138811,Brinjals; Gourd & Cucumber; Besan; Curd; Other Sweets; Other Vegetables; Beans; Root Vegetables; Other Vegetables,Other Dals; Whole Spices; Toor Dal; Sugar; Moong Dal; Urad Dal; Sooji & Rava; Sunflower Oils; Raw Rice; Raw Peanuts,"Other Dals (Conf: 0.8208, Lift: 1.7883, Factor: 1); Whole Spices (Conf: 0.7596, Lift: 1.8631, Factor: 1); Toor Dal (Conf: 0.7203, Lift: 1.8655, Factor: 1); Sugar (Conf: 0.6519, Lift: 1.8629, Factor: 1); Moong Dal (Conf: 0.6159, Lift: 1.8288, Factor: 1); Urad Dal (Conf: 0.5521, Lift: 1.8656, Factor: 1); Sooji & Rava (Conf: 0.5311, Lift: 1.8651, Factor: 1); Sunflower Oils (Conf: 0.3421, Lift: 1.8304, Factor: 1); Raw Rice (Conf: 0.3376, Lift: 1.4433, Factor: 1); Raw Peanuts (Conf: 0.3259, Lift: 1.8385, Factor: 1)"
8139620,Maida; Gourd & Cucumber; Gourd & Cucumber; Brinjals; Beans; Exotic Vegetables; Root Vegetables,Other Dals; Whole Spices; Toor Dal; Sugar; Other Vegetables; Moong Dal; Sooji & Rava; Urad Dal; Sunflower Oils; Avalakki / Poha,"Other Dals (Conf: 0.8208, Lift: 1.7883, Factor: 1); Whole Spices (Conf: 0.7879, Lift: 1.9325, Factor: 1); Toor Dal (Conf: 0.7480, Lift: 1.9371, Factor: 1); Sugar (Conf: 0.6746, Lift: 1.9280, Factor: 1); Other Vegetables (Conf: 0.6667, Lift: 1.4429, Factor: 1); Moong Dal (Conf: 0.6465, Lift: 1.9196, Factor: 1); Sooji & Rava (Conf: 0.6452, Lift: 2.2655, Factor: 1); Urad Dal (Conf: 0.6202, Lift: 2.0954, Factor: 1); Sunflower Oils (Conf: 0.3620, Lift: 1.9368, Factor: 1); Avalakki / Poha (Conf: 0.3586, Lift: 2.0910, Factor: 1)"
8139913,Raw Peanuts; Shaving Blade & Razors; Moong Dal; Toor Dal; Rice Flour; Other Rice Products; Whole Spices,Other Vegetables; Other Dals; Beans; Root Vegetables; Sugar; Brinjals; Gourd & Cucumber; Urad Dal; Sooji & Rava; Raw Rice,"Other Vegetables (Conf: 0.7194, Lift: 1.5571, Factor: 1); Other Dals (Conf: 0.6992, Lift: 1.5234, Factor: 1); Beans (Conf: 0.6867, Lift: 1.5442, Factor: 1); Root Vegetables (Conf: 0.6164, Lift: 1.5134, Factor: 1); Sugar (Conf: 0.5340, Lift: 1.5261, Factor: 1); Brinjals (Conf: 0.4986, Lift: 1.5275, Factor: 1); Gourd & Cucumber (Conf: 0.4879, Lift: 1.5478, Factor: 1); Urad Dal (Conf: 0.4402, Lift: 1.4873, Factor: 1); Sooji & Rava (Conf: 0.3882, Lift: 1.3632, Factor: 1); Raw Rice (Conf: 0.3537, Lift: 1.5122, Factor: 1)"
8140923,Toor Dal; Besan; Whole Spices; Moong Dal; Raw Rice; Raw Rice; Whole Spices; Whole Spices,Other Dals; Other Vegetables; Beans; Root Vegetables; Sugar; Gourd & Cucumber; Brinjals; Sooji & Rava; Urad Dal; Banana,"Other Dals (Conf: 0.7350, Lift: 1.6015, Factor: 1); Other Vegetables (Conf: 0.7289, Lift: 1.5776, Factor: 1); Beans (Conf: 0.7121, Lift: 1.6013, Factor: 1); Root Vegetables (Conf: 0.6127, Lift: 1.5041, Factor: 1); Sugar (Conf: 0.5340, Lift: 1.5261, Factor: 1); Gourd & Cucumber (Conf: 0.5047, Lift: 1.6012, Factor: 1); Brinjals (Conf: 0.4986, Lift: 1.5275, Factor: 1); Sooji & Rava (Conf: 0.4491, Lift: 1.5770, Factor: 1); Urad Dal (Conf: 0.4406, Lift: 1.4887, Factor: 1); Banana (Conf: 0.3155, Lift: 1.3922, Factor: 1)"
8141158,Other Dals; Other Vegetables; Other Dals; Other Dals; Banana; Eggs; Basmati Rice; Other Dry Fruits; Toor Dal,Beans; Whole Spices; Root Vegetables; Sugar; Moong Dal; Brinjals; Gourd & Cucumber; Urad Dal; Sooji & Rava; Raw Rice,"Beans (Conf: 0.7477, Lift: 1.6815, Factor: 1); Whole Spices (Conf: 0.7051, Lift: 1.7295, Factor: 1); Root Vegetables (Conf: 0.6481, Lift: 1.5912, Factor: 1); Sugar (Conf: 0.6047, Lift: 1.7281, Factor: 1); Moong Dal (Conf: 0.5782, Lift: 1.7168, Factor: 1); Brinjals (Conf: 0.5641, Lift: 1.7283, Factor: 1); Gourd & Cucumber (Conf: 0.5361, Lift: 1.7008, Factor: 1); Urad Dal (Conf: 0.4655, Lift: 1.5729, Factor: 1); Sooji & Rava (Conf: 0.4491, Lift: 1.5770, Factor: 1); Raw Rice (Conf: 0.4000, Lift: 1.7100, Factor: 1)"
8141498,Other Dals; Buns & Pavs; Raw Peanuts; Sugar; Avalakki / Poha; Rice Flour; Sunflower Oils; Whole Spices; Cooking Paste; Other Dals; Jaggery; Whole Spices; Besan; Whole Spices,Other Vegetables; Beans; Root Vegetables; Toor Dal; Moong Dal; Brinjals; Gourd & Cucumber; Urad Dal; Sooji & Rava; Raw Rice,"Other Vegetables (Conf: 0.6849, Lift: 1.4823, Factor: 1); Beans (Conf: 0.6606, Lift: 1.4855, Factor: 1); Root Vegetables (Conf: 0.6022, Lift: 1.4783, Factor: 1); Toor Dal (Conf: 0.5672, Lift: 1.4689, Factor: 1); Moong Dal (Conf: 0.4978, Lift: 1.4779, Factor: 1); Brinjals (Conf: 0.4834, Lift: 1.4811, Factor: 1); Gourd & Cucumber (Conf: 0.4499, Lift: 1.4271, Factor: 1); Urad Dal (Conf: 0.4402, Lift: 1.4873, Factor: 1); Sooji & Rava (Conf: 0.4152, Lift: 1.4580, Factor: 1); Raw Rice (Conf: 0.3180, Lift: 1.3595, Factor: 1)"
8141684,Whole Spices; Other Dals; Other Dry Fruits; Whole Spices; Besan; Whole Spices; Ghee,Other Vegetables; Beans; Toor Dal; Root Vegetables; Sugar; Moong Dal; Brinjals; Gourd & Cucumber; Sooji & Rava; Urad Dal,"Other Vegetables (Conf: 0.7778, Lift: 1.6833, Factor: 1); Beans (Conf: 0.7477, Lift: 1.6815, Factor: 1); Toor Dal (Conf: 0.7049, Lift: 1.8256, Factor: 1); Root Vegetables (Conf: 0.6812, Lift: 1.6723, Factor: 1); Sugar (Conf: 0.6299, Lift: 1.8003, Factor: 1); Moong Dal (Conf: 0.6188, Lift: 1.8372, Factor: 1); Brinjals (Conf: 0.5880, Lift: 1.8014, Factor: 1); Gourd & Cucumber (Conf: 0.5155, Lift: 1.6354, Factor: 1); Sooji & Rava (Conf: 0.5105, Lift: 1.7927, Factor: 1); Urad Dal (Conf: 0.4402, Lift: 1.4873, Factor: 1)"
8141867,Other Dals; Namkeen; Maida; Powdered Spices; Namkeen; Sugar; Other Dals,Beans; Other Vegetables; Toor Dal; Whole Spices; Root Vegetables; Moong Dal; Urad Dal; Brinjals; Gourd & Cucumber; Sooji & Rava,"Beans (Conf: 0.7477, Lift: 1.6815, Factor: 1); Other Vegetables (Conf: 0.7196, Lift: 1.5574, Factor: 1); Toor Dal (Conf: 0.7049, Lift: 1.8256, Factor: 1); Whole Spices (Conf: 0.6807, Lift: 1.6695, Factor: 1); Root Vegetables (Conf: 0.6396, Lift: 1.5702, Factor: 1); Moong Dal (Conf: 0.6188, Lift: 1.8372, Factor: 1); Urad Dal (Conf: 0.5789, Lift: 1.9562, Factor: 1); Brinjals (Conf: 0.5267, Lift: 1.6138, Factor: 1); Gourd & Cucumber (Conf: 0.4859, Lift: 1.5415, Factor: 1); Sooji & Rava (Conf: 0.4646, Lift: 1.6316, Factor: 1)"
8142419,Almonds; Whole Spices; Other Dry Fruits; Other Dals; Organic Flours; Organic Masalas & Spices; Sugar Cubes; Other Dals; Raisins,Other Vegetables; Toor Dal; Beans; Root Vegetables; Sugar; Moong Dal; Urad Dal; Brinjals; Gourd & Cucumber; Sooji & Rava,"Other Vegetables (Conf: 0.7778, Lift: 1.6833, Factor: 1); Toor Dal (Conf: 0.7557, Lift: 1.9572, Factor: 1); Beans (Conf: 0.7477, Lift: 1.6815, Factor: 1); Root Vegetables (Conf: 0.6812, Lift: 1.6723, Factor: 1); Sugar (Conf: 0.6790, Lift: 1.9406, Factor: 1); Moong Dal (Conf: 0.6188, Lift: 1.8372, Factor: 1); Urad Dal (Conf: 0.5789, Lift: 1.9562, Factor: 1); Brinjals (Conf: 0.5157, Lift: 1.5800, Factor: 1); Gourd & Cucumber (Conf: 0.5155, Lift: 1.6354, Factor: 1); Sooji & Rava (Conf: 0.4704, Lift: 1.6518, Factor: 1)"
8143429,Other Dals; Raw Rice; Whole Spices; Urad Dal; Raw Peanuts; Avalakki / Poha; Sooji & Rava; Rice Flour; Toor Dal; Sunflower Oils,Other Vegetables; Beans; Root Vegetables; Sugar; Moong Dal; Brinjals; Gourd & Cucumber; Banana; Organic F&V; Besan,"Other Vegetables (Conf: 0.5755, Lift: 1.2456, Factor: 1); Beans (Conf: 0.5717, Lift: 1.2857, Factor: 1); Root Vegetables (Conf: 0.5258, Lift: 1.2909, Factor: 1); Sugar (Conf: 0.4531, Lift: 1.2949, Factor: 1); Moong Dal (Conf: 0.4361, Lift: 1.2949, Factor: 1); Brinjals (Conf: 0.4088, Lift: 1.2524, Factor: 1); Gourd & Cucumber (Conf: 0.4061, Lift: 1.2884, Factor: 1); Banana (Conf: 0.2801, Lift: 1.2361, Factor: 1); Organic F&V (Conf: 0.2091, Lift: 1.1693, Factor: 1); Besan (Conf: 0.1909, Lift: 1.2936, Factor: 1)"
8143536,Sugar; Urad Dal; Whole Spices; Whole Spices; Toor Dal; Cashews; Whole Spices,Other Vegetables; Other Dals; Beans; Root Vegetables; Moong Dal; Brinjals; Gourd & Cucumber; Sooji & Rava; Raw Rice; Banana,"Other Vegetables (Conf: 0.6488, Lift: 1.4042, Factor: 1); Other Dals (Conf: 0.6403, Lift: 1.3951, Factor: 1); Beans (Conf: 0.6179, Lift: 1.3895, Factor: 1); Root Vegetables (Conf: 0.5664, Lift: 1.3906, Factor: 1); Moong Dal (Conf: 0.4635, Lift: 1.3763, Factor: 1); Brinjals (Conf: 0.4581, Lift: 1.4037, Factor: 1); Gourd & Cucumber (Conf: 0.4355, Lift: 1.3815, Factor: 1); Sooji & Rava (Conf: 0.3882, Lift: 1.3632, Factor: 1); Raw Rice (Conf: 0.3180, Lift: 1.3595, Factor: 1); Banana (Conf: 0.3000, Lift: 1.3240, Factor: 1)"
8144965,Organic F&V; Whole Spices; Whole Spices; Other Dals; Raw Peanuts; Jaggery; Rice Flour; Ice Creams & Desserts; Cream Biscuits; Sooji & Rava,Other Vegetables; Beans; Root Vegetables; Toor Dal; Moong Dal; Brinjals; Sugar; Gourd & Cucumber; Urad Dal; Raw Rice,"Other Vegetables (Conf: 0.7001, Lift: 1.5153, Factor: 1); Beans (Conf: 0.6684, Lift: 1.5031, Factor: 1); Root Vegetables (Conf: 0.6164, Lift: 1.5134, Factor: 1); Toor Dal (Conf: 0.5690, Lift: 1.4735, Factor: 1); Moong Dal (Conf: 0.5075, Lift: 1.5067, Factor: 1); Brinjals (Conf: 0.4932, Lift: 1.5111, Factor: 1); Sugar (Conf: 0.4704, Lift: 1.3444, Factor: 1); Gourd & Cucumber (Conf: 0.4499, Lift: 1.4271, Factor: 1); Urad Dal (Conf: 0.4402, Lift: 1.4873, Factor: 1); Raw Rice (Conf: 0.3537, Lift: 1.5119, Factor: 1)"
8145266,Sunflower Oils; Other Dals; Whole Spices; Sugar; Other Rice Products; Whole Spices; Other Vegetables; Toor Dal; Sooji & Rava; Brinjals; Other Vegetables; Urad Dal; Avalakki / Poha; Urad Dal; Health Drinks,Beans; Root Vegetables; Moong Dal; Gourd & Cucumber; Raw Rice; Banana; Organic F&V; Raw Peanuts; Besan; Bread,"Beans (Conf: 0.5556, Lift: 1.2493, Factor: 1); Root Vegetables (Conf: 0.5048, Lift: 1.2394, Factor: 1); Moong Dal (Conf: 0.4202, Lift: 1.2477, Factor: 1); Gourd & Cucumber (Conf: 0.3529, Lift: 1.1197, Factor: 1); Raw Rice (Conf: 0.2909, Lift: 1.2437, Factor: 1); Banana (Conf: 0.2801, Lift: 1.2361, Factor: 1); Organic F&V (Conf: 0.2091, Lift: 1.1693, Factor: 1); Raw Peanuts (Conf: 0.2059, Lift: 1.1617, Factor: 1); Besan (Conf: 0.1796, Lift: 1.2167, Factor: 1); Bread (Conf: 0.1624, Lift: 1.2361, Factor: 1)"
8145688,Other Dals; Beans; Namkeen; Moong Dal; Toor Dal; Urad Dal; Namkeen; Moong Dal; Namkeen,Other Vegetables; Whole Spices; Root Vegetables; Brinjals; Sugar; Gourd & Cucumber; Banana; Raw Rice; Sooji & Rava; Organic F&V,"Other Vegetables (Conf: 0.6707, Lift: 1.4515, Factor: 1); Whole Spices (Conf: 0.5895, Lift: 1.4459, Factor: 1); Root Vegetables (Conf: 0.5778, Lift: 1.4185, Factor: 1); Brinjals (Conf: 0.4766, Lift: 1.4603, Factor: 1); Sugar (Conf: 0.4652, Lift: 1.3294, Factor: 1); Gourd & Cucumber (Conf: 0.4412, Lift: 1.3996, Factor: 1); Banana (Conf: 0.3211, Lift: 1.4170, Factor: 1); Raw Rice (Conf: 0.3172, Lift: 1.3561, Factor: 1); Sooji & Rava (Conf: 0.3027, Lift: 1.0630, Factor: 1); Organic F&V (Conf: 0.2544, Lift: 1.4227, Factor: 1)"
8146703,Whole Spices; Sooji & Rava; Whole Spices; Whole Spices; Whole Spices; Bread,Other Dals; Other Vegetables; Toor Dal; Sugar; Beans; Root Vegetables; Urad Dal; Moong Dal; Brinjals; Gourd & Cucumber,"Other Dals (Conf: 0.8025, Lift: 1.7485, Factor: 1); Other Vegetables (Conf: 0.7778, Lift: 1.6833, Factor: 1); Toor Dal (Conf: 0.7719, Lift: 1.9992, Factor: 1); Sugar (Conf: 0.7073, Lift: 2.0215, Factor: 1); Beans (Conf: 0.7059, Lift: 1.5873, Factor: 1); Root Vegetables (Conf: 0.6812, Lift: 1.6723, Factor: 1); Urad Dal (Conf: 0.6000, Lift: 2.0273, Factor: 1); Moong Dal (Conf: 0.5437, Lift: 1.6144, Factor: 1); Brinjals (Conf: 0.5292, Lift: 1.6213, Factor: 1); Gourd & Cucumber (Conf: 0.5155, Lift: 1.6354, Factor: 1)"
8148898,"Urad Dal; Toor Dal; Sunflower Oils; Organic Salt,Sugar & Jaggery; Other Dals; Root Vegetables; Beans; Moong Dal; Raw Rice; Whole Spices; Moong Dal; Other Vegetables; Urad Dal; Root Vegetables; Other Dals; Other Dals; Other Dals; Other Dals",Sugar; Brinjals; Gourd & Cucumber; Sooji & Rava; Banana; Avalakki / Poha; Besan; Organic F&V; Bread; Maida,"Sugar (Conf: 0.4652, Lift: 1.3294, Factor: 1); Brinjals (Conf: 0.4406, Lift: 1.3499, Factor: 1); Gourd & Cucumber (Conf: 0.3741, Lift: 1.1869, Factor: 1); Sooji & Rava (Conf: 0.3624, Lift: 1.2725, Factor: 1); Banana (Conf: 0.3000, Lift: 1.3240, Factor: 1); Avalakki / Poha (Conf: 0.2298, Lift: 1.3399, Factor: 1); Besan (Conf: 0.1978, Lift: 1.3399, Factor: 1); Organic F&V (Conf: 0.1910, Lift: 1.0682, Factor: 1); Bread (Conf: 0.1687, Lift: 1.2834, Factor: 1); Maida (Conf: 0.1645, Lift: 1.3295, Factor: 1)"
8149114,Cookies; Cream Biscuits; Cookies; Agarbatti; Cream Biscuits; Cookies; Hand Wash; Toothpaste,,
8149245,"Sugar; Toor Dal; Toor Dal; Whole Spices; Besan; Other Dals; Glucose, Marie & Milk Biscuits; Moong Dal; Urad Dal; Liquid Soaps & Bars; Raw Peanuts; Ghee",Other Vegetables; Beans; Root Vegetables; Brinjals; Gourd & Cucumber; Sooji & Rava; Raw Rice; Banana; Sunflower Oils; Organic F&V,"Other Vegetables (Conf: 0.5755, Lift: 1.2456, Factor: 1); Beans (Conf: 0.5556, Lift: 1.2493, Factor: 1); Root Vegetables (Conf: 0.5079, Lift: 1.2470, Factor: 1); Brinjals (Conf: 0.4000, Lift: 1.2255, Factor: 1); Gourd & Cucumber (Conf: 0.3741, Lift: 1.1869, Factor: 1); Sooji & Rava (Conf: 0.3507, Lift: 1.2315, Factor: 1); Raw Rice (Conf: 0.2909, Lift: 1.2437, Factor: 1); Banana (Conf: 0.2801, Lift: 1.2361, Factor: 1); Sunflower Oils (Conf: 0.2191, Lift: 1.1725, Factor: 1); Organic F&V (Conf: 0.2123, Lift: 1.1874, Factor: 1)"
8150141,Basmati Rice; Whole Spices; Whole Spices; Toor Dal; Maida; Moong Dal; Whole Spices; Besan; Moong Dal; Moong Dal,Other Dals; Other Vegetables; Beans; Root Vegetables; Sugar; Gourd & Cucumber; Brinjals; Sooji & Rava; Urad Dal; Raw Rice,"Other Dals (Conf: 0.7424, Lift: 1.6175, Factor: 1); Other Vegetables (Conf: 0.7289, Lift: 1.5776, Factor: 1); Beans (Conf: 0.7172, Lift: 1.6129, Factor: 1); Root Vegetables (Conf: 0.6541, Lift: 1.6058, Factor: 1); Sugar (Conf: 0.5637, Lift: 1.6110, Factor: 1); Gourd & Cucumber (Conf: 0.5047, Lift: 1.6012, Factor: 1); Brinjals (Conf: 0.4986, Lift: 1.5275, Factor: 1); Sooji & Rava (Conf: 0.4491, Lift: 1.5770, Factor: 1); Urad Dal (Conf: 0.4402, Lift: 1.4873, Factor: 1); Raw Rice (Conf: 0.3793, Lift: 1.6216, Factor: 1)"
8150875,Ghee; Gourd & Cucumber; Urad Dal; Urad Dal; Brinjals; Other Vegetables; Rice Flour; Beans; Maida,Other Dals; Whole Spices; Toor Dal; Root Vegetables; Sugar; Moong Dal; Sooji & Rava; Sunflower Oils; Raw Rice; Raw Peanuts,"Other Dals (Conf: 0.8208, Lift: 1.7883, Factor: 1); Whole Spices (Conf: 0.7619, Lift: 1.8688, Factor: 1); Toor Dal (Conf: 0.7208, Lift: 1.8666, Factor: 1); Root Vegetables (Conf: 0.6724, Lift: 1.6508, Factor: 1); Sugar (Conf: 0.6519, Lift: 1.8629, Factor: 1); Moong Dal (Conf: 0.6299, Lift: 1.8703, Factor: 1); Sooji & Rava (Conf: 0.5311, Lift: 1.8651, Factor: 1); Sunflower Oils (Conf: 0.3382, Lift: 1.8093, Factor: 1); Raw Rice (Conf: 0.3363, Lift: 1.4378, Factor: 1); Raw Peanuts (Conf: 0.3259, Lift: 1.8385, Factor: 1)"
8151550,Raisins; Toor Dal; Raisins; Cashews; Cashews; Almonds; Raw Rice; Raisins,Whole Spices; Other Dals; Moong Dal; Sugar; Other Vegetables; Urad Dal; Beans; Sooji & Rava; Root Vegetables; Gourd & Cucumber,"Whole Spices (Conf: 0.8365, Lift: 2.0518, Factor: 1); Other Dals (Conf: 0.7782, Lift: 1.6956, Factor: 1); Moong Dal (Conf: 0.7273, Lift: 2.1594, Factor: 1); Sugar (Conf: 0.7207, Lift: 2.0598, Factor: 1); Other Vegetables (Conf: 0.7194, Lift: 1.5571, Factor: 1); Urad Dal (Conf: 0.7181, Lift: 2.4265, Factor: 1); Beans (Conf: 0.6953, Lift: 1.5635, Factor: 1); Sooji & Rava (Conf: 0.6911, Lift: 2.4266, Factor: 1); Root Vegetables (Conf: 0.6127, Lift: 1.5041, Factor: 1); Gourd & Cucumber (Conf: 0.5361, Lift: 1.7008, Factor: 1)"
8152370,Other Vegetables; Cooking Paste; Bread; Raw Peanuts; Sunflower Oils; Whole Spices; Cooking Paste,Other Dals; Toor Dal; Beans; Root Vegetables; Sugar; Moong Dal; Brinjals; Gourd & Cucumber; Urad Dal; Sooji & Rava,"Other Dals (Conf: 0.8025, Lift: 1.7485, Factor: 1); Toor Dal (Conf: 0.7411, Lift: 1.9192, Factor: 1); Beans (Conf: 0.7035, Lift: 1.5819, Factor: 1); Root Vegetables (Conf: 0.6812, Lift: 1.6723, Factor: 1); Sugar (Conf: 0.6790, Lift: 1.9406, Factor: 1); Moong Dal (Conf: 0.6471, Lift: 1.9212, Factor: 1); Brinjals (Conf: 0.5747, Lift: 1.7606, Factor: 1); Gourd & Cucumber (Conf: 0.5708, Lift: 1.8106, Factor: 1); Urad Dal (Conf: 0.5632, Lift: 1.9031, Factor: 1); Sooji & Rava (Conf: 0.5495, Lift: 1.9296, Factor: 1)"
8152500,Raw Peanuts; Cream Biscuits; Whole Spices; Mosquito Repellent; Namkeen; Besan; Health Supplements,Other Dals; Other Vegetables; Toor Dal; Sugar; Moong Dal; Beans; Urad Dal; Root Vegetables; Sooji & Rava; Gourd & Cucumber,"Other Dals (Conf: 0.8025, Lift: 1.7485, Factor: 1); Other Vegetables (Conf: 0.7778, Lift: 1.6833, Factor: 1); Toor Dal (Conf: 0.7719, Lift: 1.9992, Factor: 1); Sugar (Conf: 0.7570, Lift: 2.1635, Factor: 1); Moong Dal (Conf: 0.7133, Lift: 2.1180, Factor: 1); Beans (Conf: 0.7035, Lift: 1.5819, Factor: 1); Urad Dal (Conf: 0.6875, Lift: 2.3230, Factor: 1); Root Vegetables (Conf: 0.6812, Lift: 1.6723, Factor: 1); Sooji & Rava (Conf: 0.6091, Lift: 2.1388, Factor: 1); Gourd & Cucumber (Conf: 0.5155, Lift: 1.6354, Factor: 1)"
8152823,Whole Spices; Sooji & Rava; Agarbatti; Toor Dal; Besan; Raw Rice; Cashews; Raw Peanuts; Root Vegetables; Sugar Cubes; Sugar,Other Vegetables; Other Dals; Beans; Moong Dal; Brinjals; Gourd & Cucumber; Urad Dal; Banana; Namkeen; Sunflower Oils,"Other Vegetables (Conf: 0.6199, Lift: 1.3416, Factor: 1); Other Dals (Conf: 0.6174, Lift: 1.3452, Factor: 1); Beans (Conf: 0.5974, Lift: 1.3434, Factor: 1); Moong Dal (Conf: 0.4527, Lift: 1.3440, Factor: 1); Brinjals (Conf: 0.4330, Lift: 1.3265, Factor: 1); Gourd & Cucumber (Conf: 0.4236, Lift: 1.3439, Factor: 1); Urad Dal (Conf: 0.3842, Lift: 1.2983, Factor: 1); Banana (Conf: 0.3000, Lift: 1.3240, Factor: 1); Namkeen (Conf: 0.2463, Lift: 1.3458, Factor: 1); Sunflower Oils (Conf: 0.2448, Lift: 1.3098, Factor: 1)"
8153266,"Moong Dal; Glucose, Marie & Milk Biscuits; Banana; Basmati Rice; Glucose, Marie & Milk Biscuits; Other Dals",Whole Spices; Beans; Other Vegetables; Toor Dal; Sugar; Root Vegetables; Gourd & Cucumber; Urad Dal; Brinjals; Sooji & Rava,"Whole Spices (Conf: 0.8095, Lift: 1.9856, Factor: 1); Beans (Conf: 0.7798, Lift: 1.7536, Factor: 1); Other Vegetables (Conf: 0.7636, Lift: 1.6527, Factor: 1); Toor Dal (Conf: 0.7477, Lift: 1.9363, Factor: 1); Sugar (Conf: 0.6903, Lift: 1.9727, Factor: 1); Root Vegetables (Conf: 0.6753, Lift: 1.6580, Factor: 1); Gourd & Cucumber (Conf: 0.6091, Lift: 1.9323, Factor: 1); Urad Dal (Conf: 0.5856, Lift: 1.9788, Factor: 1); Brinjals (Conf: 0.5482, Lift: 1.6795, Factor: 1); Sooji & Rava (Conf: 0.4802, Lift: 1.6862, Factor: 1)"
8153361,Other Vegetables; Other Dals; Other Dals; Moong Dal; Other Dals; Whole Spices; Whole Spices; Toor Dal; Other Vegetables; Brinjals,Beans; Root Vegetables; Sugar; Gourd & Cucumber; Urad Dal; Sooji & Rava; Raw Rice; Banana; Raw Peanuts; Sunflower Oils,"Beans (Conf: 0.6265, Lift: 1.4088, Factor: 1); Root Vegetables (Conf: 0.5855, Lift: 1.4374, Factor: 1); Sugar (Conf: 0.4935, Lift: 1.4104, Factor: 1); Gourd & Cucumber (Conf: 0.4514, Lift: 1.4321, Factor: 1); Urad Dal (Conf: 0.4187, Lift: 1.4148, Factor: 1); Sooji & Rava (Conf: 0.3882, Lift: 1.3632, Factor: 1); Raw Rice (Conf: 0.3278, Lift: 1.4012, Factor: 1); Banana (Conf: 0.3211, Lift: 1.4170, Factor: 1); Raw Peanuts (Conf: 0.2483, Lift: 1.4006, Factor: 1); Sunflower Oils (Conf: 0.2448, Lift: 1.3098, Factor: 1)"
8153963,Other Dals; Other Dry Fruits; Root Vegetables; Gourd & Cucumber; Almonds; Other Vegetables; Beans; Beans,Whole Spices; Toor Dal; Sugar; Moong Dal; Brinjals; Urad Dal; Sooji & Rava; Raw Rice; Sunflower Oils; Avalakki / Poha,"Whole Spices (Conf: 0.7299, Lift: 1.7903, Factor: 1); Toor Dal (Conf: 0.6866, Lift: 1.7781, Factor: 1); Sugar (Conf: 0.6259, Lift: 1.7886, Factor: 1); Moong Dal (Conf: 0.6061, Lift: 1.7995, Factor: 1); Brinjals (Conf: 0.5778, Lift: 1.7702, Factor: 1); Urad Dal (Conf: 0.5297, Lift: 1.7898, Factor: 1); Sooji & Rava (Conf: 0.5084, Lift: 1.7853, Factor: 1); Raw Rice (Conf: 0.3563, Lift: 1.5231, Factor: 1); Sunflower Oils (Conf: 0.3353, Lift: 1.7941, Factor: 1); Avalakki / Poha (Conf: 0.3018, Lift: 1.7597, Factor: 1)"
8154900,Urad Dal; Beans; Sooji & Rava; Beans; Toor Dal; Root Vegetables; Boiled Rice; Urad Dal; Other Rice Products,Other Vegetables; Other Dals; Whole Spices; Sugar; Moong Dal; Brinjals; Gourd & Cucumber; Raw Rice; Banana; Sunflower Oils,"Other Vegetables (Conf: 0.7097, Lift: 1.5360, Factor: 1); Other Dals (Conf: 0.6967, Lift: 1.5180, Factor: 1); Whole Spices (Conf: 0.6203, Lift: 1.5215, Factor: 1); Sugar (Conf: 0.5374, Lift: 1.5359, Factor: 1); Moong Dal (Conf: 0.5029, Lift: 1.4930, Factor: 1); Brinjals (Conf: 0.4986, Lift: 1.5275, Factor: 1); Gourd & Cucumber (Conf: 0.4785, Lift: 1.5180, Factor: 1); Raw Rice (Conf: 0.3537, Lift: 1.5122, Factor: 1); Banana (Conf: 0.3000, Lift: 1.3240, Factor: 1); Sunflower Oils (Conf: 0.2767, Lift: 1.4803, Factor: 1)"
8156893,Organic F&V; Beans; Brinjals; Banana; Root Vegetables; Sooji & Rava; Sugar,Other Dals; Whole Spices; Other Vegetables; Toor Dal; Moong Dal; Gourd & Cucumber; Urad Dal; Raw Rice; Sunflower Oils; Avalakki / Poha,"Other Dals (Conf: 0.8247, Lift: 1.7970, Factor: 1); Whole Spices (Conf: 0.7279, Lift: 1.7853, Factor: 1); Other Vegetables (Conf: 0.7202, Lift: 1.5588, Factor: 1); Toor Dal (Conf: 0.6900, Lift: 1.7869, Factor: 1); Moong Dal (Conf: 0.5976, Lift: 1.7742, Factor: 1); Gourd & Cucumber (Conf: 0.5600, Lift: 1.7765, Factor: 1); Urad Dal (Conf: 0.5031, Lift: 1.6998, Factor: 1); Raw Rice (Conf: 0.3961, Lift: 1.6935, Factor: 1); Sunflower Oils (Conf: 0.3258, Lift: 1.7430, Factor: 1); Avalakki / Poha (Conf: 0.3018, Lift: 1.7597, Factor: 1)"
8156983,Whole Spices; Urad Dal; Organic Dals & Pulses; Organic Dals & Pulses; Other Dals; Other Dals; Other Vegetables; Organic Masalas & Spices; Other Dals; Whole Spices; Whole Spices; Moong Dal,Beans; Root Vegetables; Toor Dal; Sugar; Brinjals; Gourd & Cucumber; Sooji & Rava; Raw Rice; Banana; Organic F&V,"Beans (Conf: 0.6265, Lift: 1.4088, Factor: 1); Root Vegetables (Conf: 0.5855, Lift: 1.4374, Factor: 1); Toor Dal (Conf: 0.5500, Lift: 1.4244, Factor: 1); Sugar (Conf: 0.5061, Lift: 1.4464, Factor: 1); Brinjals (Conf: 0.4664, Lift: 1.4289, Factor: 1); Gourd & Cucumber (Conf: 0.4514, Lift: 1.4321, Factor: 1); Sooji & Rava (Conf: 0.3624, Lift: 1.2725, Factor: 1); Raw Rice (Conf: 0.3236, Lift: 1.3834, Factor: 1); Banana (Conf: 0.3211, Lift: 1.4170, Factor: 1); Organic F&V (Conf: 0.2544, Lift: 1.4227, Factor: 1)"
8157592,Raw Peanuts; Moong Dal; Whole Spices; Honey; Sugar; Avalakki / Poha; Other Oils; Toor Dal; Whole Spices; Almonds; Sooji & Rava; Whole Spices; Whole Spices; Other Dals; Whole Spices; Urad Dal; Jaggery; Sooji & Rava,Other Vegetables; Beans; Root Vegetables; Brinjals; Gourd & Cucumber; Raw Rice; Banana; Sunflower Oils; Organic F&V; Besan,"Other Vegetables (Conf: 0.5455, Lift: 1.1805, Factor: 1); Beans (Conf: 0.5280, Lift: 1.1874, Factor: 1); Root Vegetables (Conf: 0.4811, Lift: 1.1812, Factor: 1); Brinjals (Conf: 0.3895, Lift: 1.1932, Factor: 1); Gourd & Cucumber (Conf: 0.3741, Lift: 1.1869, Factor: 1); Raw Rice (Conf: 0.2755, Lift: 1.1778, Factor: 1); Banana (Conf: 0.2704, Lift: 1.1932, Factor: 1); Sunflower Oils (Conf: 0.2191, Lift: 1.1725, Factor: 1); Organic F&V (Conf: 0.2123, Lift: 1.1874, Factor: 1); Besan (Conf: 0.1691, Lift: 1.1455, Factor: 1)"
8158290,Whole Spices; Raw Peanuts; Toor Dal; Sooji & Rava; Whole Spices; Cashews; Urad Dal,Other Vegetables; Other Dals; Beans; Root Vegetables; Sugar; Moong Dal; Brinjals; Gourd & Cucumber; Raw Rice; Banana,"Other Vegetables (Conf: 0.6199, Lift: 1.3416, Factor: 1); Other Dals (Conf: 0.6174, Lift: 1.3452, Factor: 1); Beans (Conf: 0.5974, Lift: 1.3434, Factor: 1); Root Vegetables (Conf: 0.5429, Lift: 1.3327, Factor: 1); Sugar (Conf: 0.4686, Lift: 1.3392, Factor: 1); Moong Dal (Conf: 0.4495, Lift: 1.3347, Factor: 1); Brinjals (Conf: 0.4407, Lift: 1.3501, Factor: 1); Gourd & Cucumber (Conf: 0.4255, Lift: 1.3499, Factor: 1); Raw Rice (Conf: 0.3125, Lift: 1.3360, Factor: 1); Banana (Conf: 0.3040, Lift: 1.3418, Factor: 1)"
8158818,Whole Spices; Whole Spices; Bread; Other Vegetables; Banana; Sunflower Oils; Other Dals; Boiled Rice; Gourd & Cucumber; Liquid Detergent; Exotic Vegetables; Moong Dal; Other Vegetables; Whole Spices,Beans; Root Vegetables; Toor Dal; Sugar; Brinjals; Urad Dal; Sooji & Rava; Raw Rice; Avalakki / Poha; Raw Peanuts,"Beans (Conf: 0.6882, Lift: 1.5475, Factor: 1); Root Vegetables (Conf: 0.6332, Lift: 1.5545, Factor: 1); Toor Dal (Conf: 0.5978, Lift: 1.5481, Factor: 1); Sugar (Conf: 0.5471, Lift: 1.5635, Factor: 1); Brinjals (Conf: 0.5093, Lift: 1.5602, Factor: 1); Urad Dal (Conf: 0.4513, Lift: 1.5248, Factor: 1); Sooji & Rava (Conf: 0.4414, Lift: 1.5500, Factor: 1); Raw Rice (Conf: 0.3603, Lift: 1.5404, Factor: 1); Avalakki / Poha (Conf: 0.2682, Lift: 1.5641, Factor: 1); Raw Peanuts (Conf: 0.2599, Lift: 1.4660, Factor: 1)"
8159383,Yogurt & Lassi; Cakes; Avalakki / Poha; Milk Drinks; Corn Snacks; Sooji & Rava; Toor Dal,Whole Spices; Other Dals; Other Vegetables; Beans; Sugar; Moong Dal; Root Vegetables; Urad Dal; Gourd & Cucumber; Brinjals,"Whole Spices (Conf: 0.8058, Lift: 1.9765, Factor: 1); Other Dals (Conf: 0.7981, Lift: 1.7389, Factor: 1); Other Vegetables (Conf: 0.7194, Lift: 1.5571, Factor: 1); Beans (Conf: 0.7059, Lift: 1.5873, Factor: 1); Sugar (Conf: 0.6829, Lift: 1.9518, Factor: 1); Moong Dal (Conf: 0.6570, Lift: 1.9506, Factor: 1); Root Vegetables (Conf: 0.6319, Lift: 1.5515, Factor: 1); Urad Dal (Conf: 0.5813, Lift: 1.9640, Factor: 1); Gourd & Cucumber (Conf: 0.5361, Lift: 1.7008, Factor: 1); Brinjals (Conf: 0.5338, Lift: 1.6353, Factor: 1)"
8159930,Namkeen; Instant Noodles; Other Dals; Namkeen; Toor Dal; Other Dals; Sugar,Other Vegetables; Beans; Whole Spices; Root Vegetables; Moong Dal; Brinjals; Gourd & Cucumber; Sooji & Rava; Urad Dal; Raw Rice,"Other Vegetables (Conf: 0.7236, Lift: 1.5660, Factor: 1); Beans (Conf: 0.6882, Lift: 1.5475, Factor: 1); Whole Spices (Conf: 0.6384, Lift: 1.5658, Factor: 1); Root Vegetables (Conf: 0.6332, Lift: 1.5545, Factor: 1); Moong Dal (Conf: 0.5149, Lift: 1.5286, Factor: 1); Brinjals (Conf: 0.5093, Lift: 1.5602, Factor: 1); Gourd & Cucumber (Conf: 0.4859, Lift: 1.5415, Factor: 1); Sooji & Rava (Conf: 0.4441, Lift: 1.5596, Factor: 1); Urad Dal (Conf: 0.3842, Lift: 1.2983, Factor: 1); Raw Rice (Conf: 0.3629, Lift: 1.5513, Factor: 1)"
8162986,Other Dals; Urad Dal; Raisins; Honey; Other Rice Products; Cakes; Cakes; Namkeen; Hair Colors & Dyes; Toor Dal; Whole Spices; Moong Dal; Namkeen; Sooji & Rava,Other Vegetables; Beans; Root Vegetables; Sugar; Brinjals; Gourd & Cucumber; Raw Rice; Banana; Sunflower Oils; Avalakki / Poha,"Other Vegetables (Conf: 0.5755, Lift: 1.2456, Factor: 1); Beans (Conf: 0.5581, Lift: 1.2551, Factor: 1); Root Vegetables (Conf: 0.5143, Lift: 1.2628, Factor: 1); Sugar (Conf: 0.4341, Lift: 1.2406, Factor: 1); Brinjals (Conf: 0.4000, Lift: 1.2255, Factor: 1); Gourd & Cucumber (Conf: 0.3741, Lift: 1.1869, Factor: 1); Raw Rice (Conf: 0.2860, Lift: 1.2229, Factor: 1); Banana (Conf: 0.2801, Lift: 1.2361, Factor: 1); Sunflower Oils (Conf: 0.2191, Lift: 1.1725, Factor: 1); Avalakki / Poha (Conf: 0.2173, Lift: 1.2673, Factor: 1)"
8163444,Other Dals; Moong Dal; Brinjals; Moong Dal; Ghee; Other Vegetables,Beans; Whole Spices; Toor Dal; Root Vegetables; Sugar; Gourd & Cucumber; Urad Dal; Sooji & Rava; Raw Rice; Sunflower Oils,"Beans (Conf: 0.7798, Lift: 1.7536, Factor: 1); Whole Spices (Conf: 0.7215, Lift: 1.7697, Factor: 1); Toor Dal (Conf: 0.6840, Lift: 1.7714, Factor: 1); Root Vegetables (Conf: 0.6753, Lift: 1.6580, Factor: 1); Sugar (Conf: 0.6209, Lift: 1.7745, Factor: 1); Gourd & Cucumber (Conf: 0.5283, Lift: 1.6760, Factor: 1); Urad Dal (Conf: 0.5240, Lift: 1.7705, Factor: 1); Sooji & Rava (Conf: 0.4802, Lift: 1.6862, Factor: 1); Raw Rice (Conf: 0.4139, Lift: 1.7696, Factor: 1); Sunflower Oils (Conf: 0.3294, Lift: 1.7626, Factor: 1)"
8165327,Banana; Beans; Curd; Bread; Brinjals; Root Vegetables,Other Dals; Whole Spices; Toor Dal; Urad Dal; Sooji & Rava; Sugar; Other Vegetables; Moong Dal; Gourd & Cucumber; Raw Peanuts,"Other Dals (Conf: 0.8208, Lift: 1.7883, Factor: 1); Whole Spices (Conf: 0.7879, Lift: 1.9325, Factor: 1); Toor Dal (Conf: 0.7477, Lift: 1.9363, Factor: 1); Urad Dal (Conf: 0.7273, Lift: 2.4574, Factor: 1); Sooji & Rava (Conf: 0.7059, Lift: 2.4787, Factor: 1); Sugar (Conf: 0.6750, Lift: 1.9291, Factor: 1); Other Vegetables (Conf: 0.6667, Lift: 1.4429, Factor: 1); Moong Dal (Conf: 0.6463, Lift: 1.9188, Factor: 1); Gourd & Cucumber (Conf: 0.6091, Lift: 1.9323, Factor: 1); Raw Peanuts (Conf: 0.4350, Lift: 2.4537, Factor: 1)"
8166326,Cooking Paste; Banana; Brinjals; Root Vegetables; Namkeen; Cooking Sauce,Other Dals; Whole Spices; Toor Dal; Urad Dal; Sooji & Rava; Sugar; Other Vegetables; Moong Dal; Gourd & Cucumber; Beans,"Other Dals (Conf: 0.8208, Lift: 1.7883, Factor: 1); Whole Spices (Conf: 0.7692, Lift: 1.8867, Factor: 1); Toor Dal (Conf: 0.7477, Lift: 1.9363, Factor: 1); Urad Dal (Conf: 0.7273, Lift: 2.4574, Factor: 1); Sooji & Rava (Conf: 0.7059, Lift: 2.4787, Factor: 1); Sugar (Conf: 0.6701, Lift: 1.9150, Factor: 1); Other Vegetables (Conf: 0.6667, Lift: 1.4429, Factor: 1); Moong Dal (Conf: 0.6463, Lift: 1.9188, Factor: 1); Gourd & Cucumber (Conf: 0.6091, Lift: 1.9323, Factor: 1); Beans (Conf: 0.5721, Lift: 1.8839, Factor: 1)"
8166910,Root Vegetables; Organic F&V; Root Vegetables; Organic F&V; Other Dry Fruits; Organic F&V,Urad Dal; Whole Spices; Toor Dal; Sooji & Rava; Other Vegetables; Other Dals; Sugar; Moong Dal; Brinjals; Beans,"Urad Dal (Conf: 0.7941, Lift: 2.6832, Factor: 1); Whole Spices (Conf: 0.7544, Lift: 1.8503, Factor: 1); Toor Dal (Conf: 0.7215, Lift: 1.8686, Factor: 1); Sooji & Rava (Conf: 0.7059, Lift: 2.4787, Factor: 1); Other Vegetables (Conf: 0.6617, Lift: 1.4320, Factor: 1); Other Dals (Conf: 0.6585, Lift: 1.4348, Factor: 1); Sugar (Conf: 0.6446, Lift: 1.8423, Factor: 1); Moong Dal (Conf: 0.6159, Lift: 1.8288, Factor: 1); Brinjals (Conf: 0.5778, Lift: 1.7702, Factor: 1); Beans (Conf: 0.5500, Lift: 1.8112, Factor: 1)"
8169684,Other Vegetables; Other Dals; Other Dals; Organic F&V; Cooking Paste; Cooking Paste; Toor Dal; Gourd & Cucumber; Beans; Gourd & Cucumber,Whole Spices; Root Vegetables; Sugar; Moong Dal; Brinjals; Urad Dal; Sooji & Rava; Raw Rice; Sunflower Oils; Banana,"Whole Spices (Conf: 0.6524, Lift: 1.6003, Factor: 1); Root Vegetables (Conf: 0.6481, Lift: 1.5912, Factor: 1); Sugar (Conf: 0.5951, Lift: 1.7009, Factor: 1); Moong Dal (Conf: 0.5758, Lift: 1.7095, Factor: 1); Brinjals (Conf: 0.5338, Lift: 1.6353, Factor: 1); Urad Dal (Conf: 0.4655, Lift: 1.5729, Factor: 1); Sooji & Rava (Conf: 0.4491, Lift: 1.5770, Factor: 1); Raw Rice (Conf: 0.4000, Lift: 1.7100, Factor: 1); Sunflower Oils (Conf: 0.3199, Lift: 1.7114, Factor: 1); Banana (Conf: 0.3000, Lift: 1.3240, Factor: 1)"
8170027,"Basmati Rice; Exotic Vegetables; Gourd & Cucumber; Root Vegetables; Sugar; Glucose, Marie & Milk Biscuits; Exotic Vegetables; Other Vegetables; Sunflower Oils; Root Vegetables; Whole Spices; Instant Noodles; Exotic Vegetables",Other Dals; Beans; Toor Dal; Moong Dal; Brinjals; Urad Dal; Sooji & Rava; Raw Rice; Banana; Raw Peanuts,"Other Dals (Conf: 0.7414, Lift: 1.6153, Factor: 1); Beans (Conf: 0.7179, Lift: 1.6145, Factor: 1); Toor Dal (Conf: 0.6204, Lift: 1.6068, Factor: 1); Moong Dal (Conf: 0.5478, Lift: 1.6266, Factor: 1); Brinjals (Conf: 0.5267, Lift: 1.6138, Factor: 1); Urad Dal (Conf: 0.4402, Lift: 1.4873, Factor: 1); Sooji & Rava (Conf: 0.4152, Lift: 1.4580, Factor: 1); Raw Rice (Conf: 0.3793, Lift: 1.6216, Factor: 1); Banana (Conf: 0.2944, Lift: 1.2993, Factor: 1); Raw Peanuts (Conf: 0.2854, Lift: 1.6102, Factor: 1)"
8170383,Soya Products; Sunflower Oils; Moong Dal; Rice Flour; Urad Dal; Avalakki / Poha; Toor Dal; Sooji & Rava,Other Vegetables; Other Dals; Beans; Root Vegetables; Whole Spices; Sugar; Brinjals; Gourd & Cucumber; Raw Rice; Banana,"Other Vegetables (Conf: 0.6758, Lift: 1.4627, Factor: 1); Other Dals (Conf: 0.6667, Lift: 1.4526, Factor: 1); Beans (Conf: 0.6289, Lift: 1.4143, Factor: 1); Root Vegetables (Conf: 0.5957, Lift: 1.4626, Factor: 1); Whole Spices (Conf: 0.5954, Lift: 1.4604, Factor: 1); Sugar (Conf: 0.5119, Lift: 1.4630, Factor: 1); Brinjals (Conf: 0.4766, Lift: 1.4603, Factor: 1); Gourd & Cucumber (Conf: 0.4615, Lift: 1.4642, Factor: 1); Raw Rice (Conf: 0.3172, Lift: 1.3561, Factor: 1); Banana (Conf: 0.3155, Lift: 1.3922, Factor: 1)"
8172528,Brinjals; Yogurt & Lassi; Root Vegetables; Gourd & Cucumber; Buns & Pavs; Banana; Beans,Other Dals; Whole Spices; Toor Dal; Sugar; Other Vegetables; Moong Dal; Urad Dal; Sooji & Rava; Sunflower Oils; Avalakki / Poha,"Other Dals (Conf: 0.8208, Lift: 1.7883, Factor: 1); Whole Spices (Conf: 0.7800, Lift: 1.9131, Factor: 1); Toor Dal (Conf: 0.7364, Lift: 1.9070, Factor: 1); Sugar (Conf: 0.6746, Lift: 1.9280, Factor: 1); Other Vegetables (Conf: 0.6667, Lift: 1.4429, Factor: 1); Moong Dal (Conf: 0.6465, Lift: 1.9196, Factor: 1); Urad Dal (Conf: 0.5706, Lift: 1.9280, Factor: 1); Sooji & Rava (Conf: 0.5412, Lift: 1.9003, Factor: 1); Sunflower Oils (Conf: 0.3603, Lift: 1.9279, Factor: 1); Avalakki / Poha (Conf: 0.3288, Lift: 1.9172, Factor: 1)"
8172842,Sunflower Oils; Raw Rice; Root Vegetables; Gourd & Cucumber; Urad Dal; Sooji & Rava; Toor Dal,Other Dals; Other Vegetables; Beans; Whole Spices; Sugar; Moong Dal; Brinjals; Banana; Raw Peanuts; Organic F&V,"Other Dals (Conf: 0.6853, Lift: 1.4931, Factor: 1); Other Vegetables (Conf: 0.6842, Lift: 1.4808, Factor: 1); Beans (Conf: 0.6629, Lift: 1.4906, Factor: 1); Whole Spices (Conf: 0.6075, Lift: 1.4900, Factor: 1); Sugar (Conf: 0.5140, Lift: 1.4689, Factor: 1); Moong Dal (Conf: 0.5030, Lift: 1.4936, Factor: 1); Brinjals (Conf: 0.4837, Lift: 1.4820, Factor: 1); Banana (Conf: 0.3319, Lift: 1.4648, Factor: 1); Raw Peanuts (Conf: 0.2641, Lift: 1.4898, Factor: 1); Organic F&V (Conf: 0.2544, Lift: 1.4227, Factor: 1)"
8173709,Cookies; Moong Dal; Sunflower Oils; Toor Dal; Other Dals; Sooji & Rava; Other Dals; Other Dals; Moong Dal; Raisins,Other Vegetables; Beans; Root Vegetables; Whole Spices; Sugar; Brinjals; Gourd & Cucumber; Urad Dal; Banana; Raw Rice,"Other Vegetables (Conf: 0.6772, Lift: 1.4658, Factor: 1); Beans (Conf: 0.6289, Lift: 1.4143, Factor: 1); Root Vegetables (Conf: 0.5972, Lift: 1.4661, Factor: 1); Whole Spices (Conf: 0.5793, Lift: 1.4209, Factor: 1); Sugar (Conf: 0.5119, Lift: 1.4630, Factor: 1); Brinjals (Conf: 0.4766, Lift: 1.4603, Factor: 1); Gourd & Cucumber (Conf: 0.4412, Lift: 1.3996, Factor: 1); Urad Dal (Conf: 0.4187, Lift: 1.4148, Factor: 1); Banana (Conf: 0.3211, Lift: 1.4170, Factor: 1); Raw Rice (Conf: 0.3118, Lift: 1.3330, Factor: 1)"
8176127,Exotic Vegetables; Moong Dal; Other Vegetables; Other Vegetables; Namkeen; Whole Spices; Moong Dal,Other Dals; Beans; Root Vegetables; Toor Dal; Sugar; Brinjals; Gourd & Cucumber; Urad Dal; Sooji & Rava; Raw Rice,"Other Dals (Conf: 0.8025, Lift: 1.7485, Factor: 1); Beans (Conf: 0.7798, Lift: 1.7536, Factor: 1); Root Vegetables (Conf: 0.6812, Lift: 1.6723, Factor: 1); Toor Dal (Conf: 0.6743, Lift: 1.7463, Factor: 1); Sugar (Conf: 0.6464, Lift: 1.8474, Factor: 1); Brinjals (Conf: 0.5747, Lift: 1.7606, Factor: 1); Gourd & Cucumber (Conf: 0.5708, Lift: 1.8106, Factor: 1); Urad Dal (Conf: 0.5498, Lift: 1.8576, Factor: 1); Sooji & Rava (Conf: 0.5224, Lift: 1.8344, Factor: 1); Raw Rice (Conf: 0.3903, Lift: 1.6685, Factor: 1)"
8176714,Root Vegetables; Brinjals; Boiled Rice; Other Vegetables; Toor Dal; Other Vegetables; Whole Spices,Other Dals; Beans; Moong Dal; Gourd & Cucumber; Sugar; Sooji & Rava; Urad Dal; Raw Rice; Sunflower Oils; Banana,"Other Dals (Conf: 0.7782, Lift: 1.6956, Factor: 1); Beans (Conf: 0.7032, Lift: 1.5813, Factor: 1); Moong Dal (Conf: 0.5758, Lift: 1.7095, Factor: 1); Gourd & Cucumber (Conf: 0.5361, Lift: 1.7008, Factor: 1); Sugar (Conf: 0.5340, Lift: 1.5261, Factor: 1); Sooji & Rava (Conf: 0.4704, Lift: 1.6518, Factor: 1); Urad Dal (Conf: 0.4402, Lift: 1.4873, Factor: 1); Raw Rice (Conf: 0.3793, Lift: 1.6216, Factor: 1); Sunflower Oils (Conf: 0.3128, Lift: 1.6739, Factor: 1); Banana (Conf: 0.3000, Lift: 1.3240, Factor: 1)"
8176873,"Namkeen; Glucose, Marie & Milk Biscuits; Snacky Nuts; Namkeen; Namkeen; Namkeen; Namkeen; Snacky Nuts; Healthy Snacks; Namkeen; Namkeen; Namkeen; Namkeen; Namkeen; Namkeen; Namkeen; Namkeen; Namkeen",Sooji & Rava; Other Dals; Sugar; Whole Spices; Raw Peanuts; Urad Dal; Moong Dal; Toor Dal; Other Vegetables; Beans,"Sooji & Rava (Conf: 0.5556, Lift: 3.4490, Factor: 1); Other Dals (Conf: 0.5556, Lift: 3.4490, Factor: 1); Sugar (Conf: 0.2544, Lift: 1.3445, Factor: 0.5); Whole Spices (Conf: 0.2544, Lift: 1.3445, Factor: 0.5); Raw Peanuts (Conf: 0.2386, Lift: 1.3459, Factor: 0.5); Urad Dal (Conf: 0.2000, Lift: 1.3694, Factor: 0.5); Moong Dal (Conf: 0.1795, Lift: 1.1305, Factor: 0.5); Toor Dal (Conf: 0.1555, Lift: 1.0935, Factor: 0.5); Other Vegetables (Conf: 0.1555, Lift: 1.0935, Factor: 0.5); Beans (Conf: 0.1402, Lift: 1.0929, Factor: 0.5)"
8177589,Other Rice Products; Gourd & Cucumber; Banana; Root Vegetables; Beans; Raw Peanuts; Sunflower Oils; Brinjals; Other Vegetables; Sooji & Rava; Sooji & Rava,Other Dals; Whole Spices; Toor Dal; Sugar; Moong Dal; Urad Dal; Raw Rice; Avalakki / Poha; Organic F&V; Besan,"Other Dals (Conf: 0.7638, Lift: 1.6642, Factor: 1); Whole Spices (Conf: 0.6638, Lift: 1.6280, Factor: 1); Toor Dal (Conf: 0.6204, Lift: 1.6068, Factor: 1); Sugar (Conf: 0.5694, Lift: 1.6274, Factor: 1); Moong Dal (Conf: 0.5479, Lift: 1.6269, Factor: 1); Urad Dal (Conf: 0.4619, Lift: 1.5606, Factor: 1); Raw Rice (Conf: 0.3392, Lift: 1.4503, Factor: 1); Avalakki / Poha (Conf: 0.2744, Lift: 1.6002, Factor: 1); Organic F&V (Conf: 0.2721, Lift: 1.5218, Factor: 1); Besan (Conf: 0.2360, Lift: 1.5989, Factor: 1)"
8179077,Toor Dal; Whole Spices; Gourd & Cucumber; Besan; Raw Rice; Other Dals,Other Vegetables; Beans; Root Vegetables; Sugar; Brinjals; Moong Dal; Urad Dal; Sooji & Rava; Banana; Sunflower Oils,"Other Vegetables (Conf: 0.7080, Lift: 1.5323, Factor: 1); Beans (Conf: 0.6544, Lift: 1.4716, Factor: 1); Root Vegetables (Conf: 0.6243, Lift: 1.5326, Factor: 1); Sugar (Conf: 0.5340, Lift: 1.5261, Factor: 1); Brinjals (Conf: 0.4986, Lift: 1.5275, Factor: 1); Moong Dal (Conf: 0.4643, Lift: 1.3785, Factor: 1); Urad Dal (Conf: 0.4406, Lift: 1.4887, Factor: 1); Sooji & Rava (Conf: 0.4350, Lift: 1.5276, Factor: 1); Banana (Conf: 0.3000, Lift: 1.3240, Factor: 1); Sunflower Oils (Conf: 0.2767, Lift: 1.4803, Factor: 1)"
8179797,Beans; Brinjals; Gourd & Cucumber; Brinjals; Other Vegetables; Organic F&V; Root Vegetables; Brinjals; Other Vegetables,Other Dals; Whole Spices; Toor Dal; Sugar; Moong Dal; Urad Dal; Sooji & Rava; Sunflower Oils; Raw Rice; Raw Peanuts,"Other Dals (Conf: 0.8208, Lift: 1.7883, Factor: 1); Whole Spices (Conf: 0.7596, Lift: 1.8631, Factor: 1); Toor Dal (Conf: 0.7203, Lift: 1.8655, Factor: 1); Sugar (Conf: 0.6519, Lift: 1.8629, Factor: 1); Moong Dal (Conf: 0.6159, Lift: 1.8288, Factor: 1); Urad Dal (Conf: 0.5521, Lift: 1.8656, Factor: 1); Sooji & Rava (Conf: 0.5311, Lift: 1.8651, Factor: 1); Sunflower Oils (Conf: 0.3421, Lift: 1.8304, Factor: 1); Raw Rice (Conf: 0.3376, Lift: 1.4433, Factor: 1); Raw Peanuts (Conf: 0.3259, Lift: 1.8385, Factor: 1)"
8179947,Other Dals; Root Vegetables; Sugar; Gourd & Cucumber; Whole Spices; Beans; Beans; Root Vegetables; Whole Spices,Other Vegetables; Toor Dal; Moong Dal; Brinjals; Urad Dal; Sooji & Rava; Raw Rice; Banana; Raw Peanuts; Avalakki / Poha,"Other Vegetables (Conf: 0.7080, Lift: 1.5323, Factor: 1); Toor Dal (Conf: 0.5912, Lift: 1.5312, Factor: 1); Moong Dal (Conf: 0.5149, Lift: 1.5286, Factor: 1); Brinjals (Conf: 0.4974, Lift: 1.5238, Factor: 1); Urad Dal (Conf: 0.4402, Lift: 1.4873, Factor: 1); Sooji & Rava (Conf: 0.4350, Lift: 1.5276, Factor: 1); Raw Rice (Conf: 0.3563, Lift: 1.5231, Factor: 1); Banana (Conf: 0.3000, Lift: 1.3240, Factor: 1); Raw Peanuts (Conf: 0.2577, Lift: 1.4538, Factor: 1); Avalakki / Poha (Conf: 0.2016, Lift: 1.1756, Factor: 1)"
8180759,Other Dals; Toor Dal; Beans; Moong Dal; Other Dals; Sugar; Raw Peanuts; Root Vegetables,Other Vegetables; Whole Spices; Brinjals; Gourd & Cucumber; Urad Dal; Sooji & Rava; Banana; Raw Rice; Sunflower Oils; Avalakki / Poha,"Other Vegetables (Conf: 0.6486, Lift: 1.4039, Factor: 1); Whole Spices (Conf: 0.5670, Lift: 1.3908, Factor: 1); Brinjals (Conf: 0.4589, Lift: 1.4060, Factor: 1); Gourd & Cucumber (Conf: 0.4412, Lift: 1.3996, Factor: 1); Urad Dal (Conf: 0.4187, Lift: 1.4148, Factor: 1); Sooji & Rava (Conf: 0.3776, Lift: 1.3259, Factor: 1); Banana (Conf: 0.3211, Lift: 1.4170, Factor: 1); Raw Rice (Conf: 0.3165, Lift: 1.3531, Factor: 1); Sunflower Oils (Conf: 0.2598, Lift: 1.3901, Factor: 1); Avalakki / Poha (Conf: 0.2417, Lift: 1.4096, Factor: 1)"
8181093,Other Dals; Whole Spices; Gourd & Cucumber; Brinjals; Exotic Vegetables; Banana; Toor Dal; Salty Biscuits; Sugar; Root Vegetables,Other Vegetables; Beans; Moong Dal; Sooji & Rava; Urad Dal; Raw Rice; Sunflower Oils; Raw Peanuts; Avalakki / Poha; Besan,"Other Vegetables (Conf: 0.6468, Lift: 1.3999, Factor: 1); Beans (Conf: 0.6179, Lift: 1.3895, Factor: 1); Moong Dal (Conf: 0.4656, Lift: 1.3824, Factor: 1); Sooji & Rava (Conf: 0.3959, Lift: 1.3901, Factor: 1); Urad Dal (Conf: 0.3842, Lift: 1.2983, Factor: 1); Raw Rice (Conf: 0.3278, Lift: 1.4012, Factor: 1); Sunflower Oils (Conf: 0.2448, Lift: 1.3098, Factor: 1); Raw Peanuts (Conf: 0.2385, Lift: 1.3452, Factor: 1); Avalakki / Poha (Conf: 0.2382, Lift: 1.3890, Factor: 1); Besan (Conf: 0.1862, Lift: 1.2616, Factor: 1)"
8182610,Whole Spices; Sooji & Rava; Other Dals; Avalakki / Poha; Sooji & Rava; Sugar; Raw Rice; Boiled Rice,Other Vegetables; Beans; Root Vegetables; Toor Dal; Moong Dal; Brinjals; Gourd & Cucumber; Urad Dal; Banana; Sunflower Oils,"Other Vegetables (Conf: 0.6486, Lift: 1.4039, Factor: 1); Beans (Conf: 0.6289, Lift: 1.4143, Factor: 1); Root Vegetables (Conf: 0.5603, Lift: 1.3755, Factor: 1); Toor Dal (Conf: 0.5460, Lift: 1.4140, Factor: 1); Moong Dal (Conf: 0.4720, Lift: 1.4013, Factor: 1); Brinjals (Conf: 0.4563, Lift: 1.3981, Factor: 1); Gourd & Cucumber (Conf: 0.4444, Lift: 1.4099, Factor: 1); Urad Dal (Conf: 0.4174, Lift: 1.4104, Factor: 1); Banana (Conf: 0.3015, Lift: 1.3304, Factor: 1); Sunflower Oils (Conf: 0.2487, Lift: 1.3308, Factor: 1)"
8182845,Beans; Root Vegetables; Toor Dal; Boiled Rice; Organic F&V; Exotic Vegetables; Banana; Eggs,Whole Spices; Other Dals; Other Vegetables; Sugar; Moong Dal; Gourd & Cucumber; Brinjals; Urad Dal; Sooji & Rava; Sunflower Oils,"Whole Spices (Conf: 0.7879, Lift: 1.9325, Factor: 1); Other Dals (Conf: 0.7782, Lift: 1.6956, Factor: 1); Other Vegetables (Conf: 0.7194, Lift: 1.5571, Factor: 1); Sugar (Conf: 0.6750, Lift: 1.9291, Factor: 1); Moong Dal (Conf: 0.6393, Lift: 1.8983, Factor: 1); Gourd & Cucumber (Conf: 0.6091, Lift: 1.9323, Factor: 1); Brinjals (Conf: 0.5778, Lift: 1.7702, Factor: 1); Urad Dal (Conf: 0.5706, Lift: 1.9280, Factor: 1); Sooji & Rava (Conf: 0.5392, Lift: 1.8933, Factor: 1); Sunflower Oils (Conf: 0.3603, Lift: 1.9279, Factor: 1)"
8183211,Toffee & Candy; Moong Dal; Gourd & Cucumber; Cooking Paste; Other Vegetables; Agarbatti; Brinjals; Gourd & Cucumber; Salty Biscuits,Other Dals; Beans; Whole Spices; Toor Dal; Root Vegetables; Sugar; Urad Dal; Sooji & Rava; Raw Rice; Sunflower Oils,"Other Dals (Conf: 0.8208, Lift: 1.7883, Factor: 1); Beans (Conf: 0.7857, Lift: 1.7668, Factor: 1); Whole Spices (Conf: 0.7830, Lift: 1.9205, Factor: 1); Toor Dal (Conf: 0.7411, Lift: 1.9192, Factor: 1); Root Vegetables (Conf: 0.6753, Lift: 1.6580, Factor: 1); Sugar (Conf: 0.6719, Lift: 1.9202, Factor: 1); Urad Dal (Conf: 0.5632, Lift: 1.9031, Factor: 1); Sooji & Rava (Conf: 0.5399, Lift: 1.8958, Factor: 1); Raw Rice (Conf: 0.3903, Lift: 1.6685, Factor: 1); Sunflower Oils (Conf: 0.3333, Lift: 1.7835, Factor: 1)"
8188075,Other Dals; Raw Peanuts; Urad Dal; Root Vegetables; Other Dals; Avalakki / Poha; Raw Rice,Other Vegetables; Beans; Whole Spices; Toor Dal; Sugar; Moong Dal; Brinjals; Gourd & Cucumber; Sooji & Rava; Banana,"Other Vegetables (Conf: 0.7358, Lift: 1.5926, Factor: 1); Beans (Conf: 0.7042, Lift: 1.5834, Factor: 1); Whole Spices (Conf: 0.6464, Lift: 1.5855, Factor: 1); Toor Dal (Conf: 0.6127, Lift: 1.5867, Factor: 1); Sugar (Conf: 0.5471, Lift: 1.5635, Factor: 1); Moong Dal (Conf: 0.5365, Lift: 1.5928, Factor: 1); Brinjals (Conf: 0.5159, Lift: 1.5805, Factor: 1); Gourd & Cucumber (Conf: 0.5000, Lift: 1.5862, Factor: 1); Sooji & Rava (Conf: 0.4528, Lift: 1.5901, Factor: 1); Banana (Conf: 0.3551, Lift: 1.5672, Factor: 1)"
8189678,Liquid Soaps & Bars; Toor Dal; Cream Biscuits; Moong Dal; Sooji & Rava; Gourd & Cucumber; Other Vegetables; Rice Flour; Basmati Rice; Sooji & Rava,Other Dals; Beans; Whole Spices; Root Vegetables; Sugar; Brinjals; Urad Dal; Raw Rice; Banana; Sunflower Oils,"Other Dals (Conf: 0.7455, Lift: 1.6242, Factor: 1); Beans (Conf: 0.7229, Lift: 1.6256, Factor: 1); Whole Spices (Conf: 0.6618, Lift: 1.6233, Factor: 1); Root Vegetables (Conf: 0.6541, Lift: 1.6058, Factor: 1); Sugar (Conf: 0.5637, Lift: 1.6110, Factor: 1); Brinjals (Conf: 0.5292, Lift: 1.6213, Factor: 1); Urad Dal (Conf: 0.4619, Lift: 1.5606, Factor: 1); Raw Rice (Conf: 0.3767, Lift: 1.6106, Factor: 1); Banana (Conf: 0.3155, Lift: 1.3922, Factor: 1); Sunflower Oils (Conf: 0.3000, Lift: 1.6052, Factor: 1)"
8190023,"Other Vegetables; Cream Biscuits; Other Flours; Organic F&V; Root Vegetables; Organic F&V; Regular Pasta; Shaving Cream, Foam & Gels",Urad Dal; Beans; Whole Spices; Toor Dal; Sooji & Rava; Sugar; Other Dals; Moong Dal; Brinjals; Raw Peanuts,"Urad Dal (Conf: 0.7941, Lift: 2.6832, Factor: 1); Beans (Conf: 0.7817, Lift: 1.7579, Factor: 1); Whole Spices (Conf: 0.7544, Lift: 1.8503, Factor: 1); Toor Dal (Conf: 0.7411, Lift: 1.9192, Factor: 1); Sooji & Rava (Conf: 0.7059, Lift: 2.4787, Factor: 1); Sugar (Conf: 0.6724, Lift: 1.9217, Factor: 1); Other Dals (Conf: 0.6585, Lift: 1.4348, Factor: 1); Moong Dal (Conf: 0.6471, Lift: 1.9212, Factor: 1); Brinjals (Conf: 0.5778, Lift: 1.7702, Factor: 1); Raw Peanuts (Conf: 0.4757, Lift: 2.6837, Factor: 1)"
8191090,Whole Spices; Besan; Organic F&V; Beans; Gourd & Cucumber; Root Vegetables; Other Vegetables; Beans,Other Dals; Toor Dal; Sugar; Moong Dal; Brinjals; Urad Dal; Sooji & Rava; Raw Rice; Sunflower Oils; Avalakki / Poha,"Other Dals (Conf: 0.8025, Lift: 1.7485, Factor: 1); Toor Dal (Conf: 0.7009, Lift: 1.8151, Factor: 1); Sugar (Conf: 0.6364, Lift: 1.8187, Factor: 1); Moong Dal (Conf: 0.6090, Lift: 1.8081, Factor: 1); Brinjals (Conf: 0.5778, Lift: 1.7702, Factor: 1); Urad Dal (Conf: 0.5400, Lift: 1.8245, Factor: 1); Sooji & Rava (Conf: 0.5105, Lift: 1.7927, Factor: 1); Raw Rice (Conf: 0.3793, Lift: 1.6216, Factor: 1); Sunflower Oils (Conf: 0.3385, Lift: 1.8111, Factor: 1); Avalakki / Poha (Conf: 0.3018, Lift: 1.7597, Factor: 1)"
8191841,Mosquito Repellent; Sugar; Namkeen; Namkeen; Sugar; Moong Dal,Whole Spices; Other Dals; Beans; Other Vegetables; Root Vegetables; Toor Dal; Urad Dal; Sooji & Rava; Brinjals; Gourd & Cucumber,"Whole Spices (Conf: 0.8469, Lift: 2.0773, Factor: 1); Other Dals (Conf: 0.8247, Lift: 1.7970, Factor: 1); Beans (Conf: 0.7798, Lift: 1.7536, Factor: 1); Other Vegetables (Conf: 0.7674, Lift: 1.6608, Factor: 1); Root Vegetables (Conf: 0.6753, Lift: 1.6580, Factor: 1); Toor Dal (Conf: 0.6615, Lift: 1.7131, Factor: 1); Urad Dal (Conf: 0.6277, Lift: 2.1211, Factor: 1); Sooji & Rava (Conf: 0.5894, Lift: 2.0696, Factor: 1); Brinjals (Conf: 0.5482, Lift: 1.6795, Factor: 1); Gourd & Cucumber (Conf: 0.5283, Lift: 1.6760, Factor: 1)"
8192504,Avalakki / Poha; Yogurt & Lassi; Sooji & Rava; Root Vegetables; Sunflower Oils; Moong Dal; Toothpaste; Health Drinks; Toor Dal; Moong Dal,Other Dals; Other Vegetables; Beans; Whole Spices; Sugar; Gourd & Cucumber; Brinjals; Urad Dal; Raw Rice; Banana,"Other Dals (Conf: 0.7350, Lift: 1.6015, Factor: 1); Other Vegetables (Conf: 0.7194, Lift: 1.5571, Factor: 1); Beans (Conf: 0.7121, Lift: 1.6013, Factor: 1); Whole Spices (Conf: 0.6535, Lift: 1.6030, Factor: 1); Sugar (Conf: 0.5560, Lift: 1.5890, Factor: 1); Gourd & Cucumber (Conf: 0.5055, Lift: 1.6036, Factor: 1); Brinjals (Conf: 0.5054, Lift: 1.5483, Factor: 1); Urad Dal (Conf: 0.4619, Lift: 1.5606, Factor: 1); Raw Rice (Conf: 0.3537, Lift: 1.5122, Factor: 1); Banana (Conf: 0.3155, Lift: 1.3922, Factor: 1)"
8192688,Jaggery; Moong Dal; Raisins; Beans; Gourd & Cucumber; Cashews,Other Dals; Whole Spices; Other Vegetables; Toor Dal; Urad Dal; Root Vegetables; Sugar; Sooji & Rava; Brinjals; Raw Rice,"Other Dals (Conf: 0.8014, Lift: 1.7462, Factor: 1); Whole Spices (Conf: 0.7800, Lift: 1.9131, Factor: 1); Other Vegetables (Conf: 0.7636, Lift: 1.6527, Factor: 1); Toor Dal (Conf: 0.7364, Lift: 1.9070, Factor: 1); Urad Dal (Conf: 0.6829, Lift: 2.3075, Factor: 1); Root Vegetables (Conf: 0.6753, Lift: 1.6580, Factor: 1); Sugar (Conf: 0.6571, Lift: 1.8781, Factor: 1); Sooji & Rava (Conf: 0.6385, Lift: 2.2420, Factor: 1); Brinjals (Conf: 0.5482, Lift: 1.6795, Factor: 1); Raw Rice (Conf: 0.3903, Lift: 1.6685, Factor: 1)"
8192768,Whole Spices; Beans; Root Vegetables; Other Vegetables; Whole Spices; Moong Dal; Cooking Paste; Whole Spices; Other Dals,Toor Dal; Sugar; Brinjals; Gourd & Cucumber; Urad Dal; Sooji & Rava; Raw Rice; Banana; Avalakki / Poha; Raw Peanuts,"Toor Dal (Conf: 0.6158, Lift: 1.5948, Factor: 1); Sugar (Conf: 0.5471, Lift: 1.5635, Factor: 1); Brinjals (Conf: 0.5157, Lift: 1.5800, Factor: 1); Gourd & Cucumber (Conf: 0.4879, Lift: 1.5478, Factor: 1); Urad Dal (Conf: 0.4402, Lift: 1.4873, Factor: 1); Sooji & Rava (Conf: 0.4350, Lift: 1.5276, Factor: 1); Raw Rice (Conf: 0.3563, Lift: 1.5231, Factor: 1); Banana (Conf: 0.3211, Lift: 1.4170, Factor: 1); Avalakki / Poha (Conf: 0.2693, Lift: 1.5704, Factor: 1); Raw Peanuts (Conf: 0.2577, Lift: 1.4538, Factor: 1)"
8192783,Whole Spices; Whole Spices; Whole Spices; Toor Dal; Moong Dal; Whole Spices; Raw Rice; Gourd & Cucumber; Sunflower Oils,Other Vegetables; Other Dals; Beans; Root Vegetables; Sugar; Brinjals; Urad Dal; Sooji & Rava; Banana; Raw Peanuts,"Other Vegetables (Conf: 0.7129, Lift: 1.5429, Factor: 1); Other Dals (Conf: 0.6992, Lift: 1.5234, Factor: 1); Beans (Conf: 0.6867, Lift: 1.5442, Factor: 1); Root Vegetables (Conf: 0.6127, Lift: 1.5041, Factor: 1); Sugar (Conf: 0.5386, Lift: 1.5393, Factor: 1); Brinjals (Conf: 0.4986, Lift: 1.5275, Factor: 1); Urad Dal (Conf: 0.4406, Lift: 1.4887, Factor: 1); Sooji & Rava (Conf: 0.3882, Lift: 1.3632, Factor: 1); Banana (Conf: 0.3155, Lift: 1.3922, Factor: 1); Raw Peanuts (Conf: 0.2641, Lift: 1.4898, Factor: 1)"
8193965,Whole Spices; Other Dals; Whole Spices; Maida; Whole Spices; Raw Peanuts; Other Dals; Health Drinks; Toor Dal; Sugar,Other Vegetables; Beans; Root Vegetables; Moong Dal; Brinjals; Gourd & Cucumber; Urad Dal; Sooji & Rava; Raw Rice; Banana,"Other Vegetables (Conf: 0.6137, Lift: 1.3283, Factor: 1); Beans (Conf: 0.5974, Lift: 1.3434, Factor: 1); Root Vegetables (Conf: 0.5437, Lift: 1.3349, Factor: 1); Moong Dal (Conf: 0.4527, Lift: 1.3440, Factor: 1); Brinjals (Conf: 0.4330, Lift: 1.3265, Factor: 1); Gourd & Cucumber (Conf: 0.4236, Lift: 1.3438, Factor: 1); Urad Dal (Conf: 0.3842, Lift: 1.2983, Factor: 1); Sooji & Rava (Conf: 0.3776, Lift: 1.3259, Factor: 1); Raw Rice (Conf: 0.3118, Lift: 1.3330, Factor: 1); Banana (Conf: 0.3000, Lift: 1.3240, Factor: 1)"
8194178,Exotic Vegetables; Brinjals; Exotic Vegetables; Toor Dal; Organic Dals & Pulses; Organic F&V; Beans; Almonds,Other Dals; Whole Spices; Other Vegetables; Sugar; Moong Dal; Root Vegetables; Urad Dal; Gourd & Cucumber; Sooji & Rava; Sunflower Oils,"Other Dals (Conf: 0.8208, Lift: 1.7883, Factor: 1); Whole Spices (Conf: 0.7705, Lift: 1.8898, Factor: 1); Other Vegetables (Conf: 0.7194, Lift: 1.5571, Factor: 1); Sugar (Conf: 0.7101, Lift: 2.0295, Factor: 1); Moong Dal (Conf: 0.6949, Lift: 2.0633, Factor: 1); Root Vegetables (Conf: 0.6127, Lift: 1.5041, Factor: 1); Urad Dal (Conf: 0.5860, Lift: 1.9801, Factor: 1); Gourd & Cucumber (Conf: 0.5817, Lift: 1.8454, Factor: 1); Sooji & Rava (Conf: 0.5694, Lift: 1.9996, Factor: 1); Sunflower Oils (Conf: 0.3620, Lift: 1.9368, Factor: 1)"
8195870,Namkeen; Namkeen; Whole Spices; Beans; Root Vegetables; Gourd & Cucumber,Other Dals; Other Vegetables; Toor Dal; Sugar; Moong Dal; Brinjals; Urad Dal; Sooji & Rava; Raw Rice; Sunflower Oils,"Other Dals (Conf: 0.8025, Lift: 1.7485, Factor: 1); Other Vegetables (Conf: 0.7778, Lift: 1.6833, Factor: 1); Toor Dal (Conf: 0.7364, Lift: 1.9070, Factor: 1); Sugar (Conf: 0.6571, Lift: 1.8781, Factor: 1); Moong Dal (Conf: 0.6405, Lift: 1.9018, Factor: 1); Brinjals (Conf: 0.5778, Lift: 1.7702, Factor: 1); Urad Dal (Conf: 0.5585, Lift: 1.8870, Factor: 1); Sooji & Rava (Conf: 0.5392, Lift: 1.8933, Factor: 1); Raw Rice (Conf: 0.3793, Lift: 1.6216, Factor: 1); Sunflower Oils (Conf: 0.3569, Lift: 1.9098, Factor: 1)"
8195898,Organic F&V; Organic F&V; Organic F&V; Ghee; Root Vegetables; Organic F&V; Brinjals; Organic F&V,Other Dals; Urad Dal; Whole Spices; Toor Dal; Sooji & Rava; Sugar; Other Vegetables; Moong Dal; Beans; Gourd & Cucumber,"Other Dals (Conf: 0.8208, Lift: 1.7883, Factor: 1); Urad Dal (Conf: 0.7941, Lift: 2.6832, Factor: 1); Whole Spices (Conf: 0.7692, Lift: 1.8867, Factor: 1); Toor Dal (Conf: 0.7460, Lift: 1.9321, Factor: 1); Sooji & Rava (Conf: 0.7059, Lift: 2.4787, Factor: 1); Sugar (Conf: 0.6701, Lift: 1.9150, Factor: 1); Other Vegetables (Conf: 0.6617, Lift: 1.4320, Factor: 1); Moong Dal (Conf: 0.6463, Lift: 1.9188, Factor: 1); Beans (Conf: 0.5721, Lift: 1.8839, Factor: 1); Gourd & Cucumber (Conf: 0.5600, Lift: 1.7765, Factor: 1)"
8195996,Whole Spices; Namkeen; Namkeen; Moong Dal; Cooking Paste; Whole Spices; Whole Spices; Whole Spices,Other Dals; Beans; Other Vegetables; Toor Dal; Sugar; Root Vegetables; Sooji & Rava; Urad Dal; Brinjals; Gourd & Cucumber,"Other Dals (Conf: 0.8025, Lift: 1.7485, Factor: 1); Beans (Conf: 0.7798, Lift: 1.7536, Factor: 1); Other Vegetables (Conf: 0.7778, Lift: 1.6833, Factor: 1); Toor Dal (Conf: 0.7719, Lift: 1.9992, Factor: 1); Sugar (Conf: 0.7288, Lift: 2.0829, Factor: 1); Root Vegetables (Conf: 0.6812, Lift: 1.6723, Factor: 1); Sooji & Rava (Conf: 0.6008, Lift: 2.1096, Factor: 1); Urad Dal (Conf: 0.6000, Lift: 2.0273, Factor: 1); Brinjals (Conf: 0.5482, Lift: 1.6795, Factor: 1); Gourd & Cucumber (Conf: 0.5283, Lift: 1.6760, Factor: 1)"
8198030,Whole Spices; Raw Rice; Toor Dal; Whole Spices; Other Rice Products; Root Vegetables; Sunflower Oils,Other Vegetables; Other Dals; Beans; Sugar; Moong Dal; Gourd & Cucumber; Brinjals; Sooji & Rava; Urad Dal; Banana,"Other Vegetables (Conf: 0.7289, Lift: 1.5776, Factor: 1); Other Dals (Conf: 0.7195, Lift: 1.5677, Factor: 1); Beans (Conf: 0.7032, Lift: 1.5813, Factor: 1); Sugar (Conf: 0.5386, Lift: 1.5393, Factor: 1); Moong Dal (Conf: 0.5337, Lift: 1.5846, Factor: 1); Gourd & Cucumber (Conf: 0.5061, Lift: 1.6055, Factor: 1); Brinjals (Conf: 0.4986, Lift: 1.5275, Factor: 1); Sooji & Rava (Conf: 0.4491, Lift: 1.5770, Factor: 1); Urad Dal (Conf: 0.4406, Lift: 1.4887, Factor: 1); Banana (Conf: 0.3000, Lift: 1.3240, Factor: 1)"
8198721,Sugar; Sooji & Rava; Other Rice Products; Other Vegetables; Banana; Sugar; Urad Dal; Root Vegetables,Other Dals; Beans; Whole Spices; Toor Dal; Moong Dal; Brinjals; Gourd & Cucumber; Raw Rice; Raw Peanuts; Organic F&V,"Other Dals (Conf: 0.6967, Lift: 1.5180, Factor: 1); Beans (Conf: 0.6861, Lift: 1.5429, Factor: 1); Whole Spices (Conf: 0.6263, Lift: 1.5361, Factor: 1); Toor Dal (Conf: 0.5829, Lift: 1.5097, Factor: 1); Moong Dal (Conf: 0.5149, Lift: 1.5286, Factor: 1); Brinjals (Conf: 0.4957, Lift: 1.5188, Factor: 1); Gourd & Cucumber (Conf: 0.4785, Lift: 1.5180, Factor: 1); Raw Rice (Conf: 0.3450, Lift: 1.4751, Factor: 1); Raw Peanuts (Conf: 0.2640, Lift: 1.4891, Factor: 1); Organic F&V (Conf: 0.2544, Lift: 1.4227, Factor: 1)"
8199996,Other Dals; Whole Spices; Organic Masalas & Spices; Toor Dal; Sooji & Rava; Whole Spices; Mosquito Repellent; Organic Masalas & Spices; Other Dals; Whole Spices,Other Vegetables; Beans; Root Vegetables; Moong Dal; Sugar; Brinjals; Gourd & Cucumber; Urad Dal; Raw Rice; Banana,"Other Vegetables (Conf: 0.6486, Lift: 1.4039, Factor: 1); Beans (Conf: 0.6289, Lift: 1.4143, Factor: 1); Root Vegetables (Conf: 0.5766, Lift: 1.4157, Factor: 1); Moong Dal (Conf: 0.4720, Lift: 1.4013, Factor: 1); Sugar (Conf: 0.4686, Lift: 1.3392, Factor: 1); Brinjals (Conf: 0.4563, Lift: 1.3981, Factor: 1); Gourd & Cucumber (Conf: 0.4444, Lift: 1.4099, Factor: 1); Urad Dal (Conf: 0.4131, Lift: 1.3958, Factor: 1); Raw Rice (Conf: 0.3278, Lift: 1.4012, Factor: 1); Banana (Conf: 0.3015, Lift: 1.3304, Factor: 1)"
8200309,Cashews; Almonds; Avalakki / Poha; Other Dry Fruits; Whole Spices; Whole Spices; Whole Spices; Sugar; Raw Peanuts; Avalakki / Poha; Namkeen; Sooji & Rava,Other Vegetables; Other Dals; Beans; Root Vegetables; Toor Dal; Moong Dal; Brinjals; Gourd & Cucumber; Urad Dal; Banana,"Other Vegetables (Conf: 0.6911, Lift: 1.4957, Factor: 1); Other Dals (Conf: 0.6861, Lift: 1.4950, Factor: 1); Beans (Conf: 0.6606, Lift: 1.4855, Factor: 1); Root Vegetables (Conf: 0.5797, Lift: 1.4232, Factor: 1); Toor Dal (Conf: 0.5690, Lift: 1.4735, Factor: 1); Moong Dal (Conf: 0.5051, Lift: 1.4997, Factor: 1); Brinjals (Conf: 0.4780, Lift: 1.4645, Factor: 1); Gourd & Cucumber (Conf: 0.4499, Lift: 1.4271, Factor: 1); Urad Dal (Conf: 0.4402, Lift: 1.4873, Factor: 1); Banana (Conf: 0.3208, Lift: 1.4158, Factor: 1)"
8201012,Other Dry Fruits; Almonds; Other Vegetables; Banana; Beans; Other Dry Fruits; Jaggery,Urad Dal; Other Dals; Sooji & Rava; Whole Spices; Toor Dal; Sugar; Moong Dal; Gourd & Cucumber; Root Vegetables; Brinjals,"Urad Dal (Conf: 0.8020, Lift: 2.7098, Factor: 1); Other Dals (Conf: 0.8014, Lift: 1.7462, Factor: 1); Sooji & Rava (Conf: 0.7545, Lift: 2.6496, Factor: 1); Whole Spices (Conf: 0.7532, Lift: 1.8473, Factor: 1); Toor Dal (Conf: 0.7477, Lift: 1.9363, Factor: 1); Sugar (Conf: 0.6742, Lift: 1.9267, Factor: 1); Moong Dal (Conf: 0.6471, Lift: 1.9212, Factor: 1); Gourd & Cucumber (Conf: 0.6091, Lift: 1.9323, Factor: 1); Root Vegetables (Conf: 0.5855, Lift: 1.4374, Factor: 1); Brinjals (Conf: 0.5747, Lift: 1.7606, Factor: 1)"
8201626,Whole Spices; Cashews; Raw Peanuts; Other Dals; Toor Dal; Other Dals; Other Dals; Whole Spices; Other Dals; Root Vegetables,Other Vegetables; Beans; Moong Dal; Brinjals; Gourd & Cucumber; Sugar; Urad Dal; Sooji & Rava; Raw Rice; Banana,"Other Vegetables (Conf: 0.6849, Lift: 1.4823, Factor: 1); Beans (Conf: 0.6684, Lift: 1.5031, Factor: 1); Moong Dal (Conf: 0.5051, Lift: 1.4997, Factor: 1); Brinjals (Conf: 0.4837, Lift: 1.4820, Factor: 1); Gourd & Cucumber (Conf: 0.4706, Lift: 1.4929, Factor: 1); Sugar (Conf: 0.4704, Lift: 1.3444, Factor: 1); Urad Dal (Conf: 0.4402, Lift: 1.4873, Factor: 1); Sooji & Rava (Conf: 0.3882, Lift: 1.3632, Factor: 1); Raw Rice (Conf: 0.3511, Lift: 1.5010, Factor: 1); Banana (Conf: 0.3000, Lift: 1.3240, Factor: 1)"
8202458,Organic F&V; Root Vegetables; Whole Spices; Root Vegetables; Whole Spices; Whole Spices; Exotic Vegetables,Other Dals; Other Vegetables; Toor Dal; Urad Dal; Sugar; Moong Dal; Sooji & Rava; Beans; Brinjals; Gourd & Cucumber,"Other Dals (Conf: 0.8025, Lift: 1.7485, Factor: 1); Other Vegetables (Conf: 0.7778, Lift: 1.6833, Factor: 1); Toor Dal (Conf: 0.7719, Lift: 1.9992, Factor: 1); Urad Dal (Conf: 0.7523, Lift: 2.5419, Factor: 1); Sugar (Conf: 0.7288, Lift: 2.0829, Factor: 1); Moong Dal (Conf: 0.7133, Lift: 2.1180, Factor: 1); Sooji & Rava (Conf: 0.7059, Lift: 2.4787, Factor: 1); Beans (Conf: 0.7032, Lift: 1.5813, Factor: 1); Brinjals (Conf: 0.5778, Lift: 1.7702, Factor: 1); Gourd & Cucumber (Conf: 0.5155, Lift: 1.6354, Factor: 1)"
8203156,Other Dals; Other Dals; Toor Dal; Raw Rice; Other Dals; Avalakki / Poha,Beans; Other Vegetables; Whole Spices; Root Vegetables; Sugar; Moong Dal; Gourd & Cucumber; Brinjals; Urad Dal; Sooji & Rava,"Beans (Conf: 0.7477, Lift: 1.6815, Factor: 1); Other Vegetables (Conf: 0.7236, Lift: 1.5660, Factor: 1); Whole Spices (Conf: 0.6942, Lift: 1.7027, Factor: 1); Root Vegetables (Conf: 0.6481, Lift: 1.5912, Factor: 1); Sugar (Conf: 0.5951, Lift: 1.7009, Factor: 1); Moong Dal (Conf: 0.5758, Lift: 1.7095, Factor: 1); Gourd & Cucumber (Conf: 0.5361, Lift: 1.7008, Factor: 1); Brinjals (Conf: 0.5338, Lift: 1.6353, Factor: 1); Urad Dal (Conf: 0.4655, Lift: 1.5729, Factor: 1); Sooji & Rava (Conf: 0.4491, Lift: 1.5770, Factor: 1)"
8204185,Sugar; Whole Spices; Whole Spices; Avalakki / Poha; Sunflower Oils; Raw Rice; Other Flours; Raw Peanuts; Toor Dal; Other Rice Products,Other Vegetables; Other Dals; Beans; Root Vegetables; Brinjals; Moong Dal; Gourd & Cucumber; Sooji & Rava; Urad Dal; Banana,"Other Vegetables (Conf: 0.6772, Lift: 1.4658, Factor: 1); Other Dals (Conf: 0.6720, Lift: 1.4642, Factor: 1); Beans (Conf: 0.6507, Lift: 1.4631, Factor: 1); Root Vegetables (Conf: 0.5952, Lift: 1.4612, Factor: 1); Brinjals (Conf: 0.4766, Lift: 1.4603, Factor: 1); Moong Dal (Conf: 0.4635, Lift: 1.3763, Factor: 1); Gourd & Cucumber (Conf: 0.4593, Lift: 1.4571, Factor: 1); Sooji & Rava (Conf: 0.4152, Lift: 1.4580, Factor: 1); Urad Dal (Conf: 0.3842, Lift: 1.2983, Factor: 1); Banana (Conf: 0.3000, Lift: 1.3240, Factor: 1)"
8204496,"Raisins; Moong Dal; Cashews; Liquid Soaps & Bars; Other Dals; Other Dals; Whole Spices; Glucose, Marie & Milk Biscuits; Basmati Rice",Other Vegetables; Beans; Root Vegetables; Toor Dal; Sugar; Gourd & Cucumber; Brinjals; Urad Dal; Sooji & Rava; Raw Rice,"Other Vegetables (Conf: 0.7551, Lift: 1.6343, Factor: 1); Beans (Conf: 0.7172, Lift: 1.6129, Factor: 1); Root Vegetables (Conf: 0.6641, Lift: 1.6303, Factor: 1); Toor Dal (Conf: 0.6222, Lift: 1.6114, Factor: 1); Sugar (Conf: 0.5471, Lift: 1.5635, Factor: 1); Gourd & Cucumber (Conf: 0.5171, Lift: 1.6404, Factor: 1); Brinjals (Conf: 0.5157, Lift: 1.5800, Factor: 1); Urad Dal (Conf: 0.4402, Lift: 1.4873, Factor: 1); Sooji & Rava (Conf: 0.4350, Lift: 1.5276, Factor: 1); Raw Rice (Conf: 0.3793, Lift: 1.6216, Factor: 1)"
8205042,Sugar; Root Vegetables; Toor Dal; Other Dals; Other Vegetables; Other Vegetables; Raw Rice; Moong Dal,Beans; Whole Spices; Brinjals; Gourd & Cucumber; Urad Dal; Sooji & Rava; Banana; Sunflower Oils; Raw Peanuts; Avalakki / Poha,"Beans (Conf: 0.6115, Lift: 1.3751, Factor: 1); Whole Spices (Conf: 0.5793, Lift: 1.4209, Factor: 1); Brinjals (Conf: 0.4649, Lift: 1.4244, Factor: 1); Gourd & Cucumber (Conf: 0.4545, Lift: 1.4420, Factor: 1); Urad Dal (Conf: 0.4187, Lift: 1.4148, Factor: 1); Sooji & Rava (Conf: 0.3738, Lift: 1.3127, Factor: 1); Banana (Conf: 0.3211, Lift: 1.4170, Factor: 1); Sunflower Oils (Conf: 0.2598, Lift: 1.3901, Factor: 1); Raw Peanuts (Conf: 0.2465, Lift: 1.3906, Factor: 1); Avalakki / Poha (Conf: 0.2417, Lift: 1.4096, Factor: 1)"
8205178,"Sooji & Rava; Sunflower Oils; Jaggery; Whole Spices; Toor Dal; Agarbatti; Whole Spices; Namkeen; Mosquito Repellent; Other Rice Products; Maida; Glucose, Marie & Milk Biscuits; Avalakki / Poha; Sunflower Oils",Other Dals; Other Vegetables; Beans; Root Vegetables; Sugar; Moong Dal; Brinjals; Gourd & Cucumber; Urad Dal; Raw Rice,"Other Dals (Conf: 0.6928, Lift: 1.5095, Factor: 1); Other Vegetables (Conf: 0.6923, Lift: 1.4984, Factor: 1); Beans (Conf: 0.6544, Lift: 1.4716, Factor: 1); Root Vegetables (Conf: 0.6127, Lift: 1.5041, Factor: 1); Sugar (Conf: 0.5172, Lift: 1.4782, Factor: 1); Moong Dal (Conf: 0.5029, Lift: 1.4930, Factor: 1); Brinjals (Conf: 0.4932, Lift: 1.5111, Factor: 1); Gourd & Cucumber (Conf: 0.4706, Lift: 1.4929, Factor: 1); Urad Dal (Conf: 0.4402, Lift: 1.4873, Factor: 1); Raw Rice (Conf: 0.3511, Lift: 1.5010, Factor: 1)"
8206519,Whole Spices; Beans; Beans; Brinjals; Gourd & Cucumber; Toor Dal; Sunflower Oils; Raw Rice; Sugar; Banana,Other Vegetables; Other Dals; Root Vegetables; Moong Dal; Sooji & Rava; Urad Dal; Raw Peanuts; Besan; Bread; Cashews,"Other Vegetables (Conf: 0.6806, Lift: 1.4729, Factor: 1); Other Dals (Conf: 0.6783, Lift: 1.4778, Factor: 1); Root Vegetables (Conf: 0.5972, Lift: 1.4661, Factor: 1); Moong Dal (Conf: 0.4978, Lift: 1.4779, Factor: 1); Sooji & Rava (Conf: 0.4152, Lift: 1.4580, Factor: 1); Urad Dal (Conf: 0.3842, Lift: 1.2983, Factor: 1); Raw Peanuts (Conf: 0.2599, Lift: 1.4660, Factor: 1); Besan (Conf: 0.1862, Lift: 1.2616, Factor: 1); Bread (Conf: 0.1687, Lift: 1.2834, Factor: 1); Cashews (Conf: 0.1624, Lift: 1.3127, Factor: 1)"
8209386,Sugar; Banana; Other Vegetables; Other Dals; Other Dals; Sooji & Rava; Other Dals,Beans; Whole Spices; Root Vegetables; Toor Dal; Moong Dal; Brinjals; Gourd & Cucumber; Urad Dal; Raw Rice; Raw Peanuts,"Beans (Conf: 0.6942, Lift: 1.5611, Factor: 1); Whole Spices (Conf: 0.6384, Lift: 1.5658, Factor: 1); Root Vegetables (Conf: 0.6332, Lift: 1.5545, Factor: 1); Toor Dal (Conf: 0.5690, Lift: 1.4735, Factor: 1); Moong Dal (Conf: 0.5256, Lift: 1.5607, Factor: 1); Brinjals (Conf: 0.5093, Lift: 1.5602, Factor: 1); Gourd & Cucumber (Conf: 0.4859, Lift: 1.5415, Factor: 1); Urad Dal (Conf: 0.4619, Lift: 1.5606, Factor: 1); Raw Rice (Conf: 0.3629, Lift: 1.5513, Factor: 1); Raw Peanuts (Conf: 0.2768, Lift: 1.5613, Factor: 1)"
8209695,Toor Dal; Urad Dal; Boiled Rice; Raw Rice; Banana; Diapers & Wipes; Root Vegetables; Beans; Other Rice Products,Other Dals; Other Vegetables; Whole Spices; Sugar; Moong Dal; Brinjals; Gourd & Cucumber; Sooji & Rava; Sunflower Oils; Avalakki / Poha,"Other Dals (Conf: 0.7450, Lift: 1.6232, Factor: 1); Other Vegetables (Conf: 0.7425, Lift: 1.6070, Factor: 1); Whole Spices (Conf: 0.6750, Lift: 1.6556, Factor: 1); Sugar (Conf: 0.5668, Lift: 1.6199, Factor: 1); Moong Dal (Conf: 0.5545, Lift: 1.6462, Factor: 1); Brinjals (Conf: 0.5338, Lift: 1.6353, Factor: 1); Gourd & Cucumber (Conf: 0.5047, Lift: 1.6012, Factor: 1); Sooji & Rava (Conf: 0.4667, Lift: 1.6387, Factor: 1); Sunflower Oils (Conf: 0.3062, Lift: 1.6384, Factor: 1); Avalakki / Poha (Conf: 0.2744, Lift: 1.6001, Factor: 1)"
8209866,Other Vegetables; Beans; Sooji & Rava; Sooji & Rava; Other Rice Products; Other Rice Products; Vermicelli,Whole Spices; Other Dals; Toor Dal; Sugar; Moong Dal; Urad Dal; Root Vegetables; Gourd & Cucumber; Brinjals; Raw Rice,"Whole Spices (Conf: 0.8515, Lift: 2.0885, Factor: 1); Other Dals (Conf: 0.7981, Lift: 1.7389, Factor: 1); Toor Dal (Conf: 0.7652, Lift: 1.9816, Factor: 1); Sugar (Conf: 0.7073, Lift: 2.0215, Factor: 1); Moong Dal (Conf: 0.6471, Lift: 1.9212, Factor: 1); Urad Dal (Conf: 0.6418, Lift: 2.1686, Factor: 1); Root Vegetables (Conf: 0.6319, Lift: 1.5515, Factor: 1); Gourd & Cucumber (Conf: 0.5923, Lift: 1.8790, Factor: 1); Brinjals (Conf: 0.5747, Lift: 1.7606, Factor: 1); Raw Rice (Conf: 0.3961, Lift: 1.6935, Factor: 1)"
8210933,Other Dals; Other Dals; Toor Dal; Gourd & Cucumber; Banana; Moong Dal; Exotic Vegetables,Other Vegetables; Beans; Root Vegetables; Whole Spices; Sugar; Brinjals; Urad Dal; Sooji & Rava; Raw Rice; Sunflower Oils,"Other Vegetables (Conf: 0.7236, Lift: 1.5660, Factor: 1); Beans (Conf: 0.7172, Lift: 1.6129, Factor: 1); Root Vegetables (Conf: 0.6641, Lift: 1.6303, Factor: 1); Whole Spices (Conf: 0.6535, Lift: 1.6030, Factor: 1); Sugar (Conf: 0.5637, Lift: 1.6110, Factor: 1); Brinjals (Conf: 0.5157, Lift: 1.5800, Factor: 1); Urad Dal (Conf: 0.4655, Lift: 1.5729, Factor: 1); Sooji & Rava (Conf: 0.4491, Lift: 1.5770, Factor: 1); Raw Rice (Conf: 0.3767, Lift: 1.6106, Factor: 1); Sunflower Oils (Conf: 0.3000, Lift: 1.6052, Factor: 1)"
8212584,Toor Dal; Ghee; Sugar; Raisins; Shaving Blade & Razors; Besan; Cashews,Other Dals; Other Vegetables; Whole Spices; Beans; Root Vegetables; Moong Dal; Urad Dal; Gourd & Cucumber; Brinjals; Sooji & Rava,"Other Dals (Conf: 0.8247, Lift: 1.7970, Factor: 1); Other Vegetables (Conf: 0.7453, Lift: 1.6130, Factor: 1); Whole Spices (Conf: 0.7329, Lift: 1.7977, Factor: 1); Beans (Conf: 0.6854, Lift: 1.5414, Factor: 1); Root Vegetables (Conf: 0.6648, Lift: 1.6322, Factor: 1); Moong Dal (Conf: 0.6565, Lift: 1.9493, Factor: 1); Urad Dal (Conf: 0.5758, Lift: 1.9454, Factor: 1); Gourd & Cucumber (Conf: 0.5361, Lift: 1.7008, Factor: 1); Brinjals (Conf: 0.5338, Lift: 1.6353, Factor: 1); Sooji & Rava (Conf: 0.5112, Lift: 1.7951, Factor: 1)"
8213552,Moong Dal; Sugar; Other Dals; Toor Dal; Other Dals; Whole Spices; Other Dals,Other Vegetables; Beans; Root Vegetables; Brinjals; Gourd & Cucumber; Urad Dal; Sooji & Rava; Raw Rice; Banana; Sunflower Oils,"Other Vegetables (Conf: 0.6077, Lift: 1.3152, Factor: 1); Beans (Conf: 0.5974, Lift: 1.3434, Factor: 1); Root Vegetables (Conf: 0.5429, Lift: 1.3327, Factor: 1); Brinjals (Conf: 0.4406, Lift: 1.3499, Factor: 1); Gourd & Cucumber (Conf: 0.4236, Lift: 1.3438, Factor: 1); Urad Dal (Conf: 0.3842, Lift: 1.2983, Factor: 1); Sooji & Rava (Conf: 0.3507, Lift: 1.2315, Factor: 1); Raw Rice (Conf: 0.3118, Lift: 1.3330, Factor: 1); Banana (Conf: 0.3000, Lift: 1.3240, Factor: 1); Sunflower Oils (Conf: 0.2448, Lift: 1.3098, Factor: 1)"
8213861,Raw Rice; Sugar; Sooji & Rava; Raw Peanuts; Sooji & Rava; Urad Dal; Whole Spices; Cream Biscuits; Cashews; Whole Spices; Whole Spices; Sooji & Rava,Other Dals; Other Vegetables; Beans; Root Vegetables; Toor Dal; Moong Dal; Brinjals; Gourd & Cucumber; Banana; Namkeen,"Other Dals (Conf: 0.6220, Lift: 1.3553, Factor: 1); Other Vegetables (Conf: 0.6199, Lift: 1.3416, Factor: 1); Beans (Conf: 0.6027, Lift: 1.3554, Factor: 1); Root Vegetables (Conf: 0.5402, Lift: 1.3263, Factor: 1); Toor Dal (Conf: 0.5205, Lift: 1.3479, Factor: 1); Moong Dal (Conf: 0.4527, Lift: 1.3440, Factor: 1); Brinjals (Conf: 0.4408, Lift: 1.3504, Factor: 1); Gourd & Cucumber (Conf: 0.4255, Lift: 1.3499, Factor: 1); Banana (Conf: 0.2944, Lift: 1.2993, Factor: 1); Namkeen (Conf: 0.2463, Lift: 1.3458, Factor: 1)"
8213907,Whole Spices; Sooji & Rava; Powdered Spices; Avalakki / Poha; Urad Dal; Moong Dal; Rice Flour; Maida; Whole Spices; Whole Spices; Other Dals,Other Vegetables; Beans; Root Vegetables; Toor Dal; Sugar; Brinjals; Gourd & Cucumber; Raw Rice; Banana; Sunflower Oils,"Other Vegetables (Conf: 0.6273, Lift: 1.3576, Factor: 1); Beans (Conf: 0.6044, Lift: 1.3591, Factor: 1); Root Vegetables (Conf: 0.5523, Lift: 1.3559, Factor: 1); Toor Dal (Conf: 0.5116, Lift: 1.3250, Factor: 1); Sugar (Conf: 0.4686, Lift: 1.3392, Factor: 1); Brinjals (Conf: 0.4406, Lift: 1.3499, Factor: 1); Gourd & Cucumber (Conf: 0.4255, Lift: 1.3499, Factor: 1); Raw Rice (Conf: 0.3180, Lift: 1.3595, Factor: 1); Banana (Conf: 0.3015, Lift: 1.3304, Factor: 1); Sunflower Oils (Conf: 0.2487, Lift: 1.3308, Factor: 1)"
8214422,Organic F&V; Exotic Vegetables; Cooking Paste; Exotic Vegetables; Toor Dal; Root Vegetables; Other Dals; Eggs; Organic F&V; Exotic Vegetables; Sugar; Other Dals; Other Vegetables,Beans; Whole Spices; Moong Dal; Brinjals; Gourd & Cucumber; Sooji & Rava; Urad Dal; Raw Rice; Banana; Sunflower Oils,"Beans (Conf: 0.6882, Lift: 1.5475, Factor: 1); Whole Spices (Conf: 0.6303, Lift: 1.5460, Factor: 1); Moong Dal (Conf: 0.5149, Lift: 1.5286, Factor: 1); Brinjals (Conf: 0.5060, Lift: 1.5503, Factor: 1); Gourd & Cucumber (Conf: 0.4859, Lift: 1.5415, Factor: 1); Sooji & Rava (Conf: 0.4350, Lift: 1.5276, Factor: 1); Urad Dal (Conf: 0.3842, Lift: 1.2983, Factor: 1); Raw Rice (Conf: 0.3629, Lift: 1.5513, Factor: 1); Banana (Conf: 0.3000, Lift: 1.3240, Factor: 1); Sunflower Oils (Conf: 0.2767, Lift: 1.4803, Factor: 1)"
8215172,Gourd & Cucumber; Other Vegetables; Urad Dal; Whole Spices; Beans; Beans; Raw Peanuts; Root Vegetables; Avalakki / Poha; Other Dry Fruits,Other Dals; Toor Dal; Sugar; Moong Dal; Brinjals; Sooji & Rava; Raw Rice; Organic F&V; Banana; Cashews,"Other Dals (Conf: 0.7232, Lift: 1.5758, Factor: 1); Toor Dal (Conf: 0.6058, Lift: 1.5688, Factor: 1); Sugar (Conf: 0.5374, Lift: 1.5359, Factor: 1); Moong Dal (Conf: 0.5305, Lift: 1.5751, Factor: 1); Brinjals (Conf: 0.4680, Lift: 1.4338, Factor: 1); Sooji & Rava (Conf: 0.4138, Lift: 1.4530, Factor: 1); Raw Rice (Conf: 0.3537, Lift: 1.5119, Factor: 1); Organic F&V (Conf: 0.2544, Lift: 1.4227, Factor: 1); Banana (Conf: 0.2275, Lift: 1.0040, Factor: 1); Cashews (Conf: 0.1949, Lift: 1.5759, Factor: 1)"
8216673,Other Rice Products; Whole Spices; Other Vegetables; Whole Spices; Other Dals; Moong Dal; Gourd & Cucumber,Beans; Root Vegetables; Toor Dal; Sugar; Brinjals; Urad Dal; Sooji & Rava; Raw Rice; Banana; Sunflower Oils,"Beans (Conf: 0.7172, Lift: 1.6129, Factor: 1); Root Vegetables (Conf: 0.6332, Lift: 1.5545, Factor: 1); Toor Dal (Conf: 0.6222, Lift: 1.6114, Factor: 1); Sugar (Conf: 0.5471, Lift: 1.5635, Factor: 1); Brinjals (Conf: 0.5157, Lift: 1.5800, Factor: 1); Urad Dal (Conf: 0.4402, Lift: 1.4873, Factor: 1); Sooji & Rava (Conf: 0.4350, Lift: 1.5276, Factor: 1); Raw Rice (Conf: 0.3767, Lift: 1.6106, Factor: 1); Banana (Conf: 0.3211, Lift: 1.4170, Factor: 1); Sunflower Oils (Conf: 0.3000, Lift: 1.6052, Factor: 1)"
8218184,Beans; Gourd & Cucumber; Raw Rice; Namkeen; Jaggery; Cooking Paste; Whole Spices; Moong Dal; Namkeen; Almonds,Other Dals; Other Vegetables; Root Vegetables; Toor Dal; Sugar; Brinjals; Urad Dal; Sooji & Rava; Sunflower Oils; Avalakki / Poha,"Other Dals (Conf: 0.7823, Lift: 1.7044, Factor: 1); Other Vegetables (Conf: 0.7778, Lift: 1.6833, Factor: 1); Root Vegetables (Conf: 0.6812, Lift: 1.6723, Factor: 1); Toor Dal (Conf: 0.6589, Lift: 1.7065, Factor: 1); Sugar (Conf: 0.6045, Lift: 1.7276, Factor: 1); Brinjals (Conf: 0.5482, Lift: 1.6795, Factor: 1); Urad Dal (Conf: 0.5000, Lift: 1.6895, Factor: 1); Sooji & Rava (Conf: 0.4891, Lift: 1.7176, Factor: 1); Sunflower Oils (Conf: 0.3227, Lift: 1.7265, Factor: 1); Avalakki / Poha (Conf: 0.2803, Lift: 1.6348, Factor: 1)"
8218426,Namkeen; Moong Dal; Namkeen; Other Dals; Namkeen; Namkeen,Whole Spices; Beans; Toor Dal; Other Vegetables; Sugar; Root Vegetables; Urad Dal; Sooji & Rava; Brinjals; Gourd & Cucumber,"Whole Spices (Conf: 0.8095, Lift: 1.9856, Factor: 1); Beans (Conf: 0.7798, Lift: 1.7536, Factor: 1); Toor Dal (Conf: 0.7680, Lift: 1.9890, Factor: 1); Other Vegetables (Conf: 0.7636, Lift: 1.6527, Factor: 1); Sugar (Conf: 0.6903, Lift: 1.9727, Factor: 1); Root Vegetables (Conf: 0.6753, Lift: 1.6580, Factor: 1); Urad Dal (Conf: 0.5889, Lift: 1.9898, Factor: 1); Sooji & Rava (Conf: 0.5668, Lift: 1.9905, Factor: 1); Brinjals (Conf: 0.5482, Lift: 1.6795, Factor: 1); Gourd & Cucumber (Conf: 0.5283, Lift: 1.6760, Factor: 1)"
8219465,Brinjals; Beans; Organic F&V; Other Vegetables; Root Vegetables; Banana; Brinjals,Other Dals; Whole Spices; Toor Dal; Sugar; Moong Dal; Gourd & Cucumber; Urad Dal; Sooji & Rava; Sunflower Oils; Raw Rice,"Other Dals (Conf: 0.8208, Lift: 1.7883, Factor: 1); Whole Spices (Conf: 0.7692, Lift: 1.8867, Factor: 1); Toor Dal (Conf: 0.7312, Lift: 1.8938, Factor: 1); Sugar (Conf: 0.6627, Lift: 1.8940, Factor: 1); Moong Dal (Conf: 0.6378, Lift: 1.8937, Factor: 1); Gourd & Cucumber (Conf: 0.5923, Lift: 1.8790, Factor: 1); Urad Dal (Conf: 0.5585, Lift: 1.8870, Factor: 1); Sooji & Rava (Conf: 0.5392, Lift: 1.8933, Factor: 1); Sunflower Oils (Conf: 0.3421, Lift: 1.8304, Factor: 1); Raw Rice (Conf: 0.3392, Lift: 1.4503, Factor: 1)"
8220172,Cakes; Root Vegetables; Banana; Brinjals; Ghee; Moong Dal; Raw Rice; Sunflower Oils; Toor Dal,Other Vegetables; Other Dals; Beans; Whole Spices; Sugar; Gourd & Cucumber; Sooji & Rava; Urad Dal; Organic F&V; Raw Peanuts,"Other Vegetables (Conf: 0.7636, Lift: 1.6527, Factor: 1); Other Dals (Conf: 0.7574, Lift: 1.6502, Factor: 1); Beans (Conf: 0.7172, Lift: 1.6129, Factor: 1); Whole Spices (Conf: 0.6719, Lift: 1.6479, Factor: 1); Sugar (Conf: 0.5637, Lift: 1.6110, Factor: 1); Gourd & Cucumber (Conf: 0.5171, Lift: 1.6404, Factor: 1); Sooji & Rava (Conf: 0.4491, Lift: 1.5770, Factor: 1); Urad Dal (Conf: 0.4187, Lift: 1.4148, Factor: 1); Organic F&V (Conf: 0.2957, Lift: 1.6536, Factor: 1); Raw Peanuts (Conf: 0.2849, Lift: 1.6073, Factor: 1)"
8223433,Namkeen; Organic F&V; Root Vegetables; Organic F&V; Toor Dal; Bread; Organic F&V,Whole Spices; Other Dals; Urad Dal; Other Vegetables; Sugar; Moong Dal; Sooji & Rava; Beans; Brinjals; Gourd & Cucumber,"Whole Spices (Conf: 0.7788, Lift: 1.9101, Factor: 1); Other Dals (Conf: 0.7782, Lift: 1.6956, Factor: 1); Urad Dal (Conf: 0.7260, Lift: 2.4532, Factor: 1); Other Vegetables (Conf: 0.7194, Lift: 1.5571, Factor: 1); Sugar (Conf: 0.7101, Lift: 2.0295, Factor: 1); Moong Dal (Conf: 0.6949, Lift: 2.0633, Factor: 1); Sooji & Rava (Conf: 0.6866, Lift: 2.4109, Factor: 1); Beans (Conf: 0.6542, Lift: 1.4711, Factor: 1); Brinjals (Conf: 0.5778, Lift: 1.7702, Factor: 1); Gourd & Cucumber (Conf: 0.5361, Lift: 1.7008, Factor: 1)"
8226177,Root Vegetables; Whole Spices; Sugar; Other Dals; Cream Biscuits; Brinjals; Other Vegetables; Other Dals,Beans; Toor Dal; Moong Dal; Gourd & Cucumber; Urad Dal; Sooji & Rava; Raw Rice; Banana; Raw Peanuts; Besan,"Beans (Conf: 0.6854, Lift: 1.5414, Factor: 1); Toor Dal (Conf: 0.5912, Lift: 1.5312, Factor: 1); Moong Dal (Conf: 0.5183, Lift: 1.5389, Factor: 1); Gourd & Cucumber (Conf: 0.4859, Lift: 1.5415, Factor: 1); Urad Dal (Conf: 0.4402, Lift: 1.4873, Factor: 1); Sooji & Rava (Conf: 0.4350, Lift: 1.5276, Factor: 1); Raw Rice (Conf: 0.3563, Lift: 1.5231, Factor: 1); Banana (Conf: 0.3000, Lift: 1.3240, Factor: 1); Raw Peanuts (Conf: 0.2577, Lift: 1.4538, Factor: 1); Besan (Conf: 0.2272, Lift: 1.5393, Factor: 1)"
8226188,Raw Rice; Sugar; Whole Spices; Other Flours; Besan; Gourd & Cucumber; Gourd & Cucumber; Root Vegetables,Other Vegetables; Other Dals; Beans; Toor Dal; Moong Dal; Brinjals; Urad Dal; Sooji & Rava; Sunflower Oils; Banana,"Other Vegetables (Conf: 0.7580, Lift: 1.6406, Factor: 1); Other Dals (Conf: 0.7534, Lift: 1.6416, Factor: 1); Beans (Conf: 0.7032, Lift: 1.5813, Factor: 1); Toor Dal (Conf: 0.5912, Lift: 1.5312, Factor: 1); Moong Dal (Conf: 0.5533, Lift: 1.6429, Factor: 1); Brinjals (Conf: 0.5455, Lift: 1.6711, Factor: 1); Urad Dal (Conf: 0.4881, Lift: 1.6492, Factor: 1); Sooji & Rava (Conf: 0.4704, Lift: 1.6518, Factor: 1); Sunflower Oils (Conf: 0.3128, Lift: 1.6739, Factor: 1); Banana (Conf: 0.2944, Lift: 1.2993, Factor: 1)"
8226852,Toor Dal; Whole Spices; Sooji & Rava; Moong Dal; Sunflower Oils; Ground Coffee,Other Vegetables; Other Dals; Beans; Root Vegetables; Sugar; Brinjals; Gourd & Cucumber; Urad Dal; Raw Rice; Banana,"Other Vegetables (Conf: 0.6715, Lift: 1.4533, Factor: 1); Other Dals (Conf: 0.6667, Lift: 1.4526, Factor: 1); Beans (Conf: 0.6289, Lift: 1.4143, Factor: 1); Root Vegetables (Conf: 0.5915, Lift: 1.4523, Factor: 1); Sugar (Conf: 0.5101, Lift: 1.4580, Factor: 1); Brinjals (Conf: 0.4766, Lift: 1.4603, Factor: 1); Gourd & Cucumber (Conf: 0.4412, Lift: 1.3996, Factor: 1); Urad Dal (Conf: 0.4187, Lift: 1.4148, Factor: 1); Raw Rice (Conf: 0.3180, Lift: 1.3595, Factor: 1); Banana (Conf: 0.3155, Lift: 1.3922, Factor: 1)"
8226887,"Cream Biscuits; Instant Noodles; Other Vegetables; Curd; Root Vegetables; Brinjals; Bread; Other Vegetables; Beans; Glucose, Marie & Milk Biscuits",Other Dals; Whole Spices; Toor Dal; Sugar; Moong Dal; Gourd & Cucumber; Urad Dal; Sooji & Rava; Sunflower Oils; Raw Rice,"Other Dals (Conf: 0.8208, Lift: 1.7883, Factor: 1); Whole Spices (Conf: 0.7692, Lift: 1.8867, Factor: 1); Toor Dal (Conf: 0.7364, Lift: 1.9070, Factor: 1); Sugar (Conf: 0.6667, Lift: 1.9053, Factor: 1); Moong Dal (Conf: 0.6422, Lift: 1.9067, Factor: 1); Gourd & Cucumber (Conf: 0.5923, Lift: 1.8790, Factor: 1); Urad Dal (Conf: 0.5632, Lift: 1.9031, Factor: 1); Sooji & Rava (Conf: 0.5412, Lift: 1.9003, Factor: 1); Sunflower Oils (Conf: 0.3421, Lift: 1.8304, Factor: 1); Raw Rice (Conf: 0.3376, Lift: 1.4433, Factor: 1)"
8227029,Bread; Raisins; Whole Spices; Raw Peanuts; Rice Flour; Toor Dal; Aluminium Foil & Cling Wrap; Almonds; Whole Spices; Basmati Rice; Urad Dal; Jaggery,Other Vegetables; Other Dals; Beans; Root Vegetables; Sugar; Moong Dal; Brinjals; Gourd & Cucumber; Sooji & Rava; Raw Rice,"Other Vegetables (Conf: 0.6854, Lift: 1.4835, Factor: 1); Other Dals (Conf: 0.6785, Lift: 1.4783, Factor: 1); Beans (Conf: 0.6544, Lift: 1.4716, Factor: 1); Root Vegetables (Conf: 0.5972, Lift: 1.4661, Factor: 1); Sugar (Conf: 0.5140, Lift: 1.4689, Factor: 1); Moong Dal (Conf: 0.5000, Lift: 1.4846, Factor: 1); Brinjals (Conf: 0.4837, Lift: 1.4820, Factor: 1); Gourd & Cucumber (Conf: 0.4673, Lift: 1.4824, Factor: 1); Sooji & Rava (Conf: 0.4138, Lift: 1.4530, Factor: 1); Raw Rice (Conf: 0.3180, Lift: 1.3595, Factor: 1)"
8227204,Raw Rice; Other Vegetables; Other Vegetables; Root Vegetables; Banana; Yogurt & Lassi,Whole Spices; Beans; Toor Dal; Urad Dal; Moong Dal; Sugar; Other Dals; Sooji & Rava; Gourd & Cucumber; Brinjals,"Whole Spices (Conf: 0.8365, Lift: 2.0518, Factor: 1); Beans (Conf: 0.7817, Lift: 1.7579, Factor: 1); Toor Dal (Conf: 0.7477, Lift: 1.9363, Factor: 1); Urad Dal (Conf: 0.7279, Lift: 2.4595, Factor: 1); Moong Dal (Conf: 0.7273, Lift: 2.1594, Factor: 1); Sugar (Conf: 0.7207, Lift: 2.0598, Factor: 1); Other Dals (Conf: 0.7176, Lift: 1.5634, Factor: 1); Sooji & Rava (Conf: 0.7059, Lift: 2.4787, Factor: 1); Gourd & Cucumber (Conf: 0.6091, Lift: 1.9323, Factor: 1); Brinjals (Conf: 0.5778, Lift: 1.7702, Factor: 1)"
8228490,Moong Dal; Banana; Other Dals; Other Vegetables; Urad Dal; Other Dals; Brinjals,Beans; Whole Spices; Root Vegetables; Toor Dal; Sugar; Gourd & Cucumber; Sooji & Rava; Raw Rice; Sunflower Oils; Avalakki / Poha,"Beans (Conf: 0.7172, Lift: 1.6129, Factor: 1); Whole Spices (Conf: 0.6535, Lift: 1.6030, Factor: 1); Root Vegetables (Conf: 0.6332, Lift: 1.5545, Factor: 1); Toor Dal (Conf: 0.6188, Lift: 1.6026, Factor: 1); Sugar (Conf: 0.5471, Lift: 1.5635, Factor: 1); Gourd & Cucumber (Conf: 0.4859, Lift: 1.5415, Factor: 1); Sooji & Rava (Conf: 0.4350, Lift: 1.5276, Factor: 1); Raw Rice (Conf: 0.3767, Lift: 1.6106, Factor: 1); Sunflower Oils (Conf: 0.3000, Lift: 1.6052, Factor: 1); Avalakki / Poha (Conf: 0.2744, Lift: 1.6002, Factor: 1)"
8228587,Banana; Other Vegetables; Gourd & Cucumber; Other Dry Fruits; Almonds; Root Vegetables; Health Supplements,Beans; Whole Spices; Toor Dal; Urad Dal; Sugar; Other Dals; Moong Dal; Sooji & Rava; Brinjals; Raw Peanuts,"Beans (Conf: 0.7817, Lift: 1.7579, Factor: 1); Whole Spices (Conf: 0.7800, Lift: 1.9131, Factor: 1); Toor Dal (Conf: 0.7477, Lift: 1.9363, Factor: 1); Urad Dal (Conf: 0.7059, Lift: 2.3851, Factor: 1); Sugar (Conf: 0.6746, Lift: 1.9280, Factor: 1); Other Dals (Conf: 0.6641, Lift: 1.4469, Factor: 1); Moong Dal (Conf: 0.6524, Lift: 1.9372, Factor: 1); Sooji & Rava (Conf: 0.6202, Lift: 2.1777, Factor: 1); Brinjals (Conf: 0.5778, Lift: 1.7702, Factor: 1); Raw Peanuts (Conf: 0.4225, Lift: 2.3832, Factor: 1)"
8230221,Root Vegetables; Whole Spices; Other Flours; Raw Peanuts; Cooking Paste; Brinjals; Whole Spices; Sugar; Sooji & Rava; Mustard Oils; Chinese Noodles; Other Vegetables; Beans,Other Dals; Toor Dal; Moong Dal; Gourd & Cucumber; Urad Dal; Raw Rice; Banana; Namkeen; Avalakki / Poha; Besan,"Other Dals (Conf: 0.6742, Lift: 1.4691, Factor: 1); Toor Dal (Conf: 0.5676, Lift: 1.4699, Factor: 1); Moong Dal (Conf: 0.4781, Lift: 1.4196, Factor: 1); Gourd & Cucumber (Conf: 0.4545, Lift: 1.4420, Factor: 1); Urad Dal (Conf: 0.4131, Lift: 1.3958, Factor: 1); Raw Rice (Conf: 0.3376, Lift: 1.4433, Factor: 1); Banana (Conf: 0.3208, Lift: 1.4158, Factor: 1); Namkeen (Conf: 0.2463, Lift: 1.3458, Factor: 1); Avalakki / Poha (Conf: 0.2280, Lift: 1.3294, Factor: 1); Besan (Conf: 0.1796, Lift: 1.2167, Factor: 1)"
8230241,Other Vegetables; Bread; Organic Dals & Pulses; Organic F&V; Other Vegetables; Gourd & Cucumber; Brinjals,Other Dals; Whole Spices; Toor Dal; Urad Dal; Sooji & Rava; Sugar; Moong Dal; Root Vegetables; Beans; Raw Peanuts,"Other Dals (Conf: 0.8208, Lift: 1.7883, Factor: 1); Whole Spices (Conf: 0.7830, Lift: 1.9205, Factor: 1); Toor Dal (Conf: 0.7480, Lift: 1.9371, Factor: 1); Urad Dal (Conf: 0.7345, Lift: 2.4819, Factor: 1); Sooji & Rava (Conf: 0.7030, Lift: 2.4687, Factor: 1); Sugar (Conf: 0.6772, Lift: 1.9353, Factor: 1); Moong Dal (Conf: 0.6471, Lift: 1.9212, Factor: 1); Root Vegetables (Conf: 0.5860, Lift: 1.4387, Factor: 1); Beans (Conf: 0.5721, Lift: 1.8839, Factor: 1); Raw Peanuts (Conf: 0.4453, Lift: 2.5123, Factor: 1)"
8230690,Urad Dal; Moong Dal; Toor Dal; Basmati Rice; Moong Dal; Sugar; Moong Dal; Aluminium Foil & Cling Wrap; Other Dals; Whole Spices,Other Vegetables; Beans; Root Vegetables; Brinjals; Gourd & Cucumber; Sooji & Rava; Raw Rice; Banana; Sunflower Oils; Organic F&V,"Other Vegetables (Conf: 0.5755, Lift: 1.2456, Factor: 1); Beans (Conf: 0.5616, Lift: 1.2630, Factor: 1); Root Vegetables (Conf: 0.5143, Lift: 1.2628, Factor: 1); Brinjals (Conf: 0.4000, Lift: 1.2255, Factor: 1); Gourd & Cucumber (Conf: 0.3741, Lift: 1.1869, Factor: 1); Sooji & Rava (Conf: 0.3507, Lift: 1.2315, Factor: 1); Raw Rice (Conf: 0.2909, Lift: 1.2437, Factor: 1); Banana (Conf: 0.2801, Lift: 1.2361, Factor: 1); Sunflower Oils (Conf: 0.2191, Lift: 1.1725, Factor: 1); Organic F&V (Conf: 0.2123, Lift: 1.1874, Factor: 1)"
8232216,Toor Dal; Other Dals; Urad Dal; Boiled Rice; Whole Spices; Liquid Soaps & Bars,Other Vegetables; Beans; Root Vegetables; Sugar; Moong Dal; Brinjals; Gourd & Cucumber; Sooji & Rava; Raw Rice; Banana,"Other Vegetables (Conf: 0.6488, Lift: 1.4042, Factor: 1); Beans (Conf: 0.6115, Lift: 1.3751, Factor: 1); Root Vegetables (Conf: 0.5694, Lift: 1.3980, Factor: 1); Sugar (Conf: 0.4652, Lift: 1.3294, Factor: 1); Moong Dal (Conf: 0.4643, Lift: 1.3785, Factor: 1); Brinjals (Conf: 0.4581, Lift: 1.4037, Factor: 1); Gourd & Cucumber (Conf: 0.4339, Lift: 1.3764, Factor: 1); Sooji & Rava (Conf: 0.3882, Lift: 1.3632, Factor: 1); Raw Rice (Conf: 0.3278, Lift: 1.4012, Factor: 1); Banana (Conf: 0.3000, Lift: 1.3240, Factor: 1)"
8236542,Whole Spices; Organic F&V; Whole Spices; Whole Spices; Whole Spices; Whole Spices; Whole Spices; Other Vegetables,Other Dals; Toor Dal; Urad Dal; Sugar; Moong Dal; Beans; Sooji & Rava; Root Vegetables; Brinjals; Gourd & Cucumber,"Other Dals (Conf: 0.8025, Lift: 1.7485, Factor: 1); Toor Dal (Conf: 0.7719, Lift: 1.9992, Factor: 1); Urad Dal (Conf: 0.7345, Lift: 2.4819, Factor: 1); Sugar (Conf: 0.7288, Lift: 2.0829, Factor: 1); Moong Dal (Conf: 0.7133, Lift: 2.1180, Factor: 1); Beans (Conf: 0.7032, Lift: 1.5813, Factor: 1); Sooji & Rava (Conf: 0.6914, Lift: 2.4277, Factor: 1); Root Vegetables (Conf: 0.6812, Lift: 1.6723, Factor: 1); Brinjals (Conf: 0.5747, Lift: 1.7606, Factor: 1); Gourd & Cucumber (Conf: 0.5708, Lift: 1.8106, Factor: 1)"
8236676,Moong Dal; Other Dals; Whole Spices; Other Dals; Other Dals; Raisins; Whole Spices,Other Vegetables; Beans; Root Vegetables; Toor Dal; Sugar; Gourd & Cucumber; Brinjals; Urad Dal; Sooji & Rava; Raw Rice,"Other Vegetables (Conf: 0.7551, Lift: 1.6343, Factor: 1); Beans (Conf: 0.7172, Lift: 1.6129, Factor: 1); Root Vegetables (Conf: 0.6641, Lift: 1.6303, Factor: 1); Toor Dal (Conf: 0.6222, Lift: 1.6114, Factor: 1); Sugar (Conf: 0.5471, Lift: 1.5635, Factor: 1); Gourd & Cucumber (Conf: 0.5171, Lift: 1.6404, Factor: 1); Brinjals (Conf: 0.5157, Lift: 1.5800, Factor: 1); Urad Dal (Conf: 0.4402, Lift: 1.4873, Factor: 1); Sooji & Rava (Conf: 0.4350, Lift: 1.5276, Factor: 1); Raw Rice (Conf: 0.3793, Lift: 1.6216, Factor: 1)"
8237822,Raw Rice; Brinjals; Gourd & Cucumber; Root Vegetables; Sunflower Oils; Other Vegetables; Whole Spices,Other Dals; Beans; Toor Dal; Sugar; Moong Dal; Urad Dal; Sooji & Rava; Avalakki / Poha; Raw Peanuts; Besan,"Other Dals (Conf: 0.8025, Lift: 1.7485, Factor: 1); Beans (Conf: 0.7817, Lift: 1.7579, Factor: 1); Toor Dal (Conf: 0.6840, Lift: 1.7714, Factor: 1); Sugar (Conf: 0.6196, Lift: 1.7709, Factor: 1); Moong Dal (Conf: 0.5976, Lift: 1.7742, Factor: 1); Urad Dal (Conf: 0.5240, Lift: 1.7705, Factor: 1); Sooji & Rava (Conf: 0.5044, Lift: 1.7713, Factor: 1); Avalakki / Poha (Conf: 0.3018, Lift: 1.7597, Factor: 1); Raw Peanuts (Conf: 0.2641, Lift: 1.4898, Factor: 1); Besan (Conf: 0.2515, Lift: 1.7038, Factor: 1)"
8241466,Other Dals; Other Vegetables; Gourd & Cucumber; Other Vegetables; Maida; Raw Rice; Other Dals,Whole Spices; Beans; Toor Dal; Sugar; Root Vegetables; Moong Dal; Brinjals; Urad Dal; Sooji & Rava; Banana,"Whole Spices (Conf: 0.7636, Lift: 1.8730, Factor: 1); Beans (Conf: 0.7477, Lift: 1.6815, Factor: 1); Toor Dal (Conf: 0.7203, Lift: 1.8655, Factor: 1); Sugar (Conf: 0.6552, Lift: 1.8724, Factor: 1); Root Vegetables (Conf: 0.6332, Lift: 1.5545, Factor: 1); Moong Dal (Conf: 0.6299, Lift: 1.8703, Factor: 1); Brinjals (Conf: 0.5747, Lift: 1.7606, Factor: 1); Urad Dal (Conf: 0.5524, Lift: 1.8667, Factor: 1); Sooji & Rava (Conf: 0.5311, Lift: 1.8651, Factor: 1); Banana (Conf: 0.3551, Lift: 1.5672, Factor: 1)"
8243363,Moong Dal; Other Dry Fruits; Sugar; Namkeen; Cookies; Cashews; Toor Dal; Moong Dal,Other Dals; Other Vegetables; Beans; Whole Spices; Root Vegetables; Brinjals; Gourd & Cucumber; Sooji & Rava; Urad Dal; Raw Rice,"Other Dals (Conf: 0.7477, Lift: 1.6290, Factor: 1); Other Vegetables (Conf: 0.7453, Lift: 1.6130, Factor: 1); Beans (Conf: 0.7172, Lift: 1.6129, Factor: 1); Whole Spices (Conf: 0.6640, Lift: 1.6285, Factor: 1); Root Vegetables (Conf: 0.6541, Lift: 1.6058, Factor: 1); Brinjals (Conf: 0.5267, Lift: 1.6138, Factor: 1); Gourd & Cucumber (Conf: 0.5047, Lift: 1.6012, Factor: 1); Sooji & Rava (Conf: 0.4595, Lift: 1.6134, Factor: 1); Urad Dal (Conf: 0.4187, Lift: 1.4148, Factor: 1); Raw Rice (Conf: 0.3767, Lift: 1.6106, Factor: 1)"
8245100,Gourd & Cucumber; Brinjals; Cream Biscuits; Beans; Organic F&V; Organic F&V; Namkeen,Other Dals; Urad Dal; Whole Spices; Sooji & Rava; Toor Dal; Sugar; Other Vegetables; Moong Dal; Root Vegetables; Raw Peanuts,"Other Dals (Conf: 0.8208, Lift: 1.7883, Factor: 1); Urad Dal (Conf: 0.8020, Lift: 2.7098, Factor: 1); Whole Spices (Conf: 0.7800, Lift: 1.9131, Factor: 1); Sooji & Rava (Conf: 0.7545, Lift: 2.6496, Factor: 1); Toor Dal (Conf: 0.7480, Lift: 1.9371, Factor: 1); Sugar (Conf: 0.6701, Lift: 1.9150, Factor: 1); Other Vegetables (Conf: 0.6667, Lift: 1.4429, Factor: 1); Moong Dal (Conf: 0.6465, Lift: 1.9196, Factor: 1); Root Vegetables (Conf: 0.5845, Lift: 1.4350, Factor: 1); Raw Peanuts (Conf: 0.4828, Lift: 2.7234, Factor: 1)"
8245697,Other Vegetables; Sugar; Other Vegetables; Gourd & Cucumber; Whole Spices; Banana,Other Dals; Beans; Root Vegetables; Toor Dal; Moong Dal; Brinjals; Sooji & Rava; Urad Dal; Raw Rice; Sunflower Oils,"Other Dals (Conf: 0.8025, Lift: 1.7485, Factor: 1); Beans (Conf: 0.7032, Lift: 1.5813, Factor: 1); Root Vegetables (Conf: 0.6812, Lift: 1.6723, Factor: 1); Toor Dal (Conf: 0.6788, Lift: 1.7579, Factor: 1); Moong Dal (Conf: 0.5926, Lift: 1.7595, Factor: 1); Brinjals (Conf: 0.5747, Lift: 1.7606, Factor: 1); Sooji & Rava (Conf: 0.5022, Lift: 1.7634, Factor: 1); Urad Dal (Conf: 0.4881, Lift: 1.6492, Factor: 1); Raw Rice (Conf: 0.3793, Lift: 1.6216, Factor: 1); Sunflower Oils (Conf: 0.3294, Lift: 1.7626, Factor: 1)"
8246331,Raw Rice; Avalakki / Poha; Root Vegetables; Beans; Exotic Vegetables; Other Rice Products; Beans; Exotic Vegetables; Whole Spices; Exotic Vegetables; Gourd & Cucumber; Other Vegetables,Other Dals; Toor Dal; Sugar; Moong Dal; Brinjals; Urad Dal; Sooji & Rava; Sunflower Oils; Raw Peanuts; Besan,"Other Dals (Conf: 0.8025, Lift: 1.7485, Factor: 1); Toor Dal (Conf: 0.6813, Lift: 1.7644, Factor: 1); Sugar (Conf: 0.6299, Lift: 1.8003, Factor: 1); Moong Dal (Conf: 0.6090, Lift: 1.8081, Factor: 1); Brinjals (Conf: 0.5778, Lift: 1.7702, Factor: 1); Urad Dal (Conf: 0.5357, Lift: 1.8101, Factor: 1); Sooji & Rava (Conf: 0.5084, Lift: 1.7853, Factor: 1); Sunflower Oils (Conf: 0.3382, Lift: 1.8093, Factor: 1); Raw Peanuts (Conf: 0.2641, Lift: 1.4898, Factor: 1); Besan (Conf: 0.2515, Lift: 1.7038, Factor: 1)"
8246335,Raw Rice; Other Rice Products; Whole Spices; Moong Dal; Health Supplements; Liquid Soaps & Bars; Honey,Other Dals; Beans; Other Vegetables; Root Vegetables; Toor Dal; Sugar; Brinjals; Gourd & Cucumber; Urad Dal; Sooji & Rava,"Other Dals (Conf: 0.8025, Lift: 1.7485, Factor: 1); Beans (Conf: 0.7798, Lift: 1.7536, Factor: 1); Other Vegetables (Conf: 0.7778, Lift: 1.6833, Factor: 1); Root Vegetables (Conf: 0.6812, Lift: 1.6723, Factor: 1); Toor Dal (Conf: 0.6743, Lift: 1.7463, Factor: 1); Sugar (Conf: 0.6045, Lift: 1.7276, Factor: 1); Brinjals (Conf: 0.5482, Lift: 1.6795, Factor: 1); Gourd & Cucumber (Conf: 0.5283, Lift: 1.6760, Factor: 1); Urad Dal (Conf: 0.5000, Lift: 1.6895, Factor: 1); Sooji & Rava (Conf: 0.4891, Lift: 1.7176, Factor: 1)"
8247009,Sooji & Rava; Cooking Paste; Gourd & Cucumber; Banana; Brinjals; Other Dals; Besan,Other Vegetables; Beans; Whole Spices; Toor Dal; Root Vegetables; Sugar; Moong Dal; Urad Dal; Raw Rice; Sunflower Oils,"Other Vegetables (Conf: 0.7817, Lift: 1.6919, Factor: 1); Beans (Conf: 0.7477, Lift: 1.6815, Factor: 1); Whole Spices (Conf: 0.7289, Lift: 1.7878, Factor: 1); Toor Dal (Conf: 0.6900, Lift: 1.7869, Factor: 1); Root Vegetables (Conf: 0.6332, Lift: 1.5545, Factor: 1); Sugar (Conf: 0.6259, Lift: 1.7886, Factor: 1); Moong Dal (Conf: 0.6024, Lift: 1.7886, Factor: 1); Urad Dal (Conf: 0.5031, Lift: 1.6998, Factor: 1); Raw Rice (Conf: 0.3961, Lift: 1.6935, Factor: 1); Sunflower Oils (Conf: 0.3258, Lift: 1.7430, Factor: 1)"
8247161,Beans; Other Dals; Raw Peanuts; Other Vegetables; Whole Spices; Chilli & Soya Sauces; Brinjals; Other Dals; Chilli & Soya Sauces; Whole Spices; Whole Spices; Whole Spices,Root Vegetables; Toor Dal; Sugar; Moong Dal; Gourd & Cucumber; Urad Dal; Sooji & Rava; Raw Rice; Banana; Avalakki / Poha,"Root Vegetables (Conf: 0.6332, Lift: 1.5545, Factor: 1); Toor Dal (Conf: 0.6127, Lift: 1.5867, Factor: 1); Sugar (Conf: 0.5471, Lift: 1.5635, Factor: 1); Moong Dal (Conf: 0.5349, Lift: 1.5881, Factor: 1); Gourd & Cucumber (Conf: 0.5000, Lift: 1.5862, Factor: 1); Urad Dal (Conf: 0.4667, Lift: 1.5768, Factor: 1); Sooji & Rava (Conf: 0.4350, Lift: 1.5276, Factor: 1); Raw Rice (Conf: 0.3563, Lift: 1.5231, Factor: 1); Banana (Conf: 0.3000, Lift: 1.3240, Factor: 1); Avalakki / Poha (Conf: 0.2693, Lift: 1.5704, Factor: 1)"
8247472,Gourd & Cucumber; Namkeen; Other Vegetables; Namkeen; Avalakki / Poha; Whole Spices; Beans; Maida,Other Dals; Toor Dal; Root Vegetables; Sugar; Moong Dal; Brinjals; Urad Dal; Sooji & Rava; Raw Rice; Sunflower Oils,"Other Dals (Conf: 0.8025, Lift: 1.7485, Factor: 1); Toor Dal (Conf: 0.7244, Lift: 1.8761, Factor: 1); Root Vegetables (Conf: 0.6812, Lift: 1.6723, Factor: 1); Sugar (Conf: 0.6592, Lift: 1.8840, Factor: 1); Moong Dal (Conf: 0.6299, Lift: 1.8703, Factor: 1); Brinjals (Conf: 0.5747, Lift: 1.7606, Factor: 1); Urad Dal (Conf: 0.5585, Lift: 1.8870, Factor: 1); Sooji & Rava (Conf: 0.5369, Lift: 1.8854, Factor: 1); Raw Rice (Conf: 0.3793, Lift: 1.6216, Factor: 1); Sunflower Oils (Conf: 0.3516, Lift: 1.8810, Factor: 1)"
8249884,Ice Creams & Desserts; Sooji & Rava; Whole Spices; Other Dals; Other Dals; Health Drinks; Avalakki / Poha; Raw Rice; Toor Dal,Other Vegetables; Beans; Root Vegetables; Moong Dal; Sugar; Brinjals; Gourd & Cucumber; Urad Dal; Banana; Sunflower Oils,"Other Vegetables (Conf: 0.6486, Lift: 1.4039, Factor: 1); Beans (Conf: 0.6241, Lift: 1.4033, Factor: 1); Root Vegetables (Conf: 0.5664, Lift: 1.3906, Factor: 1); Moong Dal (Conf: 0.4720, Lift: 1.4013, Factor: 1); Sugar (Conf: 0.4686, Lift: 1.3392, Factor: 1); Brinjals (Conf: 0.4563, Lift: 1.3981, Factor: 1); Gourd & Cucumber (Conf: 0.4245, Lift: 1.3466, Factor: 1); Urad Dal (Conf: 0.4131, Lift: 1.3958, Factor: 1); Banana (Conf: 0.3015, Lift: 1.3304, Factor: 1); Sunflower Oils (Conf: 0.2487, Lift: 1.3308, Factor: 1)"
8250106,Ghee; Buns & Pavs; Raw Peanuts; Namkeen; Brinjals; Root Vegetables; Cooking Paste; Raisins; Namkeen,Other Dals; Whole Spices; Sugar; Toor Dal; Other Vegetables; Urad Dal; Sooji & Rava; Moong Dal; Beans; Gourd & Cucumber,"Other Dals (Conf: 0.8208, Lift: 1.7883, Factor: 1); Whole Spices (Conf: 0.8082, Lift: 1.9824, Factor: 1); Sugar (Conf: 0.7570, Lift: 2.1635, Factor: 1); Toor Dal (Conf: 0.7533, Lift: 1.9510, Factor: 1); Other Vegetables (Conf: 0.7358, Lift: 1.5926, Factor: 1); Urad Dal (Conf: 0.7273, Lift: 2.4574, Factor: 1); Sooji & Rava (Conf: 0.7059, Lift: 2.4787, Factor: 1); Moong Dal (Conf: 0.6983, Lift: 2.0733, Factor: 1); Beans (Conf: 0.5721, Lift: 1.8839, Factor: 1); Gourd & Cucumber (Conf: 0.5600, Lift: 1.7765, Factor: 1)"
8250969,Health Drinks; Avalakki / Poha; Organic Dals & Pulses; Sooji & Rava; Beans; Root Vegetables,Whole Spices; Other Dals; Toor Dal; Sugar; Moong Dal; Other Vegetables; Urad Dal; Gourd & Cucumber; Brinjals; Raw Rice,"Whole Spices (Conf: 0.8058, Lift: 1.9765, Factor: 1); Other Dals (Conf: 0.7981, Lift: 1.7389, Factor: 1); Toor Dal (Conf: 0.7652, Lift: 1.9816, Factor: 1); Sugar (Conf: 0.7073, Lift: 2.0215, Factor: 1); Moong Dal (Conf: 0.7062, Lift: 2.0968, Factor: 1); Other Vegetables (Conf: 0.6758, Lift: 1.4627, Factor: 1); Urad Dal (Conf: 0.6418, Lift: 2.1686, Factor: 1); Gourd & Cucumber (Conf: 0.5817, Lift: 1.8454, Factor: 1); Brinjals (Conf: 0.5778, Lift: 1.7702, Factor: 1); Raw Rice (Conf: 0.3961, Lift: 1.6935, Factor: 1)"
8253846,Cooking Paste; Sugar; Other Dals; Jaggery; Other Dals; Moong Dal; Almonds,Other Vegetables; Beans; Whole Spices; Root Vegetables; Toor Dal; Brinjals; Gourd & Cucumber; Urad Dal; Sooji & Rava; Raw Rice,"Other Vegetables (Conf: 0.7613, Lift: 1.6476, Factor: 1); Beans (Conf: 0.7172, Lift: 1.6129, Factor: 1); Whole Spices (Conf: 0.6728, Lift: 1.6502, Factor: 1); Root Vegetables (Conf: 0.6641, Lift: 1.6303, Factor: 1); Toor Dal (Conf: 0.6253, Lift: 1.6194, Factor: 1); Brinjals (Conf: 0.5267, Lift: 1.6138, Factor: 1); Gourd & Cucumber (Conf: 0.5171, Lift: 1.6404, Factor: 1); Urad Dal (Conf: 0.4881, Lift: 1.6492, Factor: 1); Sooji & Rava (Conf: 0.4646, Lift: 1.6316, Factor: 1); Raw Rice (Conf: 0.3767, Lift: 1.6106, Factor: 1)"
8254821,Sunflower Oils; Root Vegetables; Moong Dal; Other Flours; Banana; Bread; Shaving Blade & Razors; Beans,Whole Spices; Other Vegetables; Other Dals; Toor Dal; Sugar; Gourd & Cucumber; Brinjals; Urad Dal; Sooji & Rava; Raw Rice,"Whole Spices (Conf: 0.7788, Lift: 1.9103, Factor: 1); Other Vegetables (Conf: 0.7756, Lift: 1.6786, Factor: 1); Other Dals (Conf: 0.7664, Lift: 1.6698, Factor: 1); Toor Dal (Conf: 0.7364, Lift: 1.9070, Factor: 1); Sugar (Conf: 0.6694, Lift: 1.9132, Factor: 1); Gourd & Cucumber (Conf: 0.5817, Lift: 1.8454, Factor: 1); Brinjals (Conf: 0.5778, Lift: 1.7702, Factor: 1); Urad Dal (Conf: 0.5668, Lift: 1.9153, Factor: 1); Sooji & Rava (Conf: 0.5392, Lift: 1.8933, Factor: 1); Raw Rice (Conf: 0.3903, Lift: 1.6685, Factor: 1)"
8255466,Root Vegetables; Other Vegetables; Other Dals; Sugar; Other Vegetables; Banana; Other Rice Products; Brinjals,Beans; Whole Spices; Toor Dal; Moong Dal; Urad Dal; Gourd & Cucumber; Sooji & Rava; Raw Rice; Sunflower Oils; Raw Peanuts,"Beans (Conf: 0.7477, Lift: 1.6815, Factor: 1); Whole Spices (Conf: 0.6807, Lift: 1.6695, Factor: 1); Toor Dal (Conf: 0.6452, Lift: 1.6709, Factor: 1); Moong Dal (Conf: 0.5782, Lift: 1.7168, Factor: 1); Urad Dal (Conf: 0.5000, Lift: 1.6895, Factor: 1); Gourd & Cucumber (Conf: 0.4859, Lift: 1.5415, Factor: 1); Sooji & Rava (Conf: 0.4646, Lift: 1.6316, Factor: 1); Raw Rice (Conf: 0.3629, Lift: 1.5513, Factor: 1); Sunflower Oils (Conf: 0.3199, Lift: 1.7114, Factor: 1); Raw Peanuts (Conf: 0.2854, Lift: 1.6102, Factor: 1)"
8256932,Avalakki / Poha; Whole Spices; Exotic Vegetables; Sugar; Bread; Sooji & Rava; Avalakki / Poha,Other Vegetables; Other Dals; Beans; Root Vegetables; Toor Dal; Moong Dal; Brinjals; Gourd & Cucumber; Urad Dal; Raw Rice,"Other Vegetables (Conf: 0.7129, Lift: 1.5429, Factor: 1); Other Dals (Conf: 0.6967, Lift: 1.5180, Factor: 1); Beans (Conf: 0.6867, Lift: 1.5442, Factor: 1); Root Vegetables (Conf: 0.6319, Lift: 1.5515, Factor: 1); Toor Dal (Conf: 0.5912, Lift: 1.5312, Factor: 1); Moong Dal (Conf: 0.5200, Lift: 1.5439, Factor: 1); Brinjals (Conf: 0.4946, Lift: 1.5153, Factor: 1); Gourd & Cucumber (Conf: 0.4879, Lift: 1.5478, Factor: 1); Urad Dal (Conf: 0.4402, Lift: 1.4873, Factor: 1); Raw Rice (Conf: 0.3629, Lift: 1.5513, Factor: 1)"
8256944,Gourd & Cucumber; Raw Rice; Sugar; Raw Peanuts; Jaggery; Ghee; Organic Rice & Rice Products; Toor Dal; Urad Dal; Other Dals; Moong Dal,Other Vegetables; Beans; Whole Spices; Root Vegetables; Brinjals; Sooji & Rava; Banana; Sunflower Oils; Organic F&V; Avalakki / Poha,"Other Vegetables (Conf: 0.6003, Lift: 1.2993, Factor: 1); Beans (Conf: 0.5882, Lift: 1.3228, Factor: 1); Whole Spices (Conf: 0.5417, Lift: 1.3286, Factor: 1); Root Vegetables (Conf: 0.5402, Lift: 1.3263, Factor: 1); Brinjals (Conf: 0.4292, Lift: 1.3151, Factor: 1); Sooji & Rava (Conf: 0.3776, Lift: 1.3259, Factor: 1); Banana (Conf: 0.3000, Lift: 1.3240, Factor: 1); Sunflower Oils (Conf: 0.2461, Lift: 1.3168, Factor: 1); Organic F&V (Conf: 0.2123, Lift: 1.1874, Factor: 1); Avalakki / Poha (Conf: 0.2106, Lift: 1.2283, Factor: 1)"
8256966,Namkeen; Snacky Nuts; Jaggery; Whole Spices; Sugar; Mosquito Repellent; Healthy & Digestive Biscuits; Organic Rice & Rice Products; Honey; Liquid Soaps & Bars,Other Dals; Other Vegetables; Beans; Root Vegetables; Toor Dal; Moong Dal; Brinjals; Gourd & Cucumber; Urad Dal; Sooji & Rava,"Other Dals (Conf: 0.8247, Lift: 1.7970, Factor: 1); Other Vegetables (Conf: 0.7778, Lift: 1.6833, Factor: 1); Beans (Conf: 0.7032, Lift: 1.5813, Factor: 1); Root Vegetables (Conf: 0.6812, Lift: 1.6723, Factor: 1); Toor Dal (Conf: 0.6773, Lift: 1.7541, Factor: 1); Moong Dal (Conf: 0.5867, Lift: 1.7420, Factor: 1); Brinjals (Conf: 0.5681, Lift: 1.7404, Factor: 1); Gourd & Cucumber (Conf: 0.5155, Lift: 1.6354, Factor: 1); Urad Dal (Conf: 0.4881, Lift: 1.6492, Factor: 1); Sooji & Rava (Conf: 0.4704, Lift: 1.6518, Factor: 1)"
8258691,Sooji & Rava; Cookies; Beans; Other Dals; Moong Dal; Raw Rice; Toor Dal,Other Vegetables; Root Vegetables; Whole Spices; Sugar; Brinjals; Gourd & Cucumber; Urad Dal; Banana; Raw Peanuts; Sunflower Oils,"Other Vegetables (Conf: 0.6772, Lift: 1.4656, Factor: 1); Root Vegetables (Conf: 0.5972, Lift: 1.4661, Factor: 1); Whole Spices (Conf: 0.5895, Lift: 1.4459, Factor: 1); Sugar (Conf: 0.5119, Lift: 1.4630, Factor: 1); Brinjals (Conf: 0.4766, Lift: 1.4603, Factor: 1); Gourd & Cucumber (Conf: 0.4412, Lift: 1.3996, Factor: 1); Urad Dal (Conf: 0.4187, Lift: 1.4148, Factor: 1); Banana (Conf: 0.3211, Lift: 1.4170, Factor: 1); Raw Peanuts (Conf: 0.2599, Lift: 1.4663, Factor: 1); Sunflower Oils (Conf: 0.2435, Lift: 1.3027, Factor: 1)"
8261883,Liquid Detergent; Sunflower Oils; Sugar; Sooji & Rava; Toor Dal; Liquid Soaps & Bars; Avalakki / Poha,Other Dals; Other Vegetables; Beans; Whole Spices; Root Vegetables; Moong Dal; Brinjals; Gourd & Cucumber; Urad Dal; Raw Rice,"Other Dals (Conf: 0.6967, Lift: 1.5180, Factor: 1); Other Vegetables (Conf: 0.6923, Lift: 1.4984, Factor: 1); Beans (Conf: 0.6744, Lift: 1.5166, Factor: 1); Whole Spices (Conf: 0.6202, Lift: 1.5211, Factor: 1); Root Vegetables (Conf: 0.6127, Lift: 1.5041, Factor: 1); Moong Dal (Conf: 0.5074, Lift: 1.5066, Factor: 1); Brinjals (Conf: 0.4946, Lift: 1.5153, Factor: 1); Gourd & Cucumber (Conf: 0.4795, Lift: 1.5213, Factor: 1); Urad Dal (Conf: 0.4342, Lift: 1.4672, Factor: 1); Raw Rice (Conf: 0.3537, Lift: 1.5122, Factor: 1)"
8262498,"Namkeen; Other Rice Products; Moong Dal; Cookies; Toor Dal; Namkeen; Sooji & Rava; Other Dals; Glucose, Marie & Milk Biscuits",Other Vegetables; Beans; Whole Spices; Root Vegetables; Sugar; Brinjals; Gourd & Cucumber; Urad Dal; Banana; Raw Rice,"Other Vegetables (Conf: 0.6842, Lift: 1.4808, Factor: 1); Beans (Conf: 0.6542, Lift: 1.4711, Factor: 1); Whole Spices (Conf: 0.6037, Lift: 1.4806, Factor: 1); Root Vegetables (Conf: 0.5972, Lift: 1.4661, Factor: 1); Sugar (Conf: 0.5119, Lift: 1.4630, Factor: 1); Brinjals (Conf: 0.4837, Lift: 1.4820, Factor: 1); Gourd & Cucumber (Conf: 0.4412, Lift: 1.3996, Factor: 1); Urad Dal (Conf: 0.4187, Lift: 1.4148, Factor: 1); Banana (Conf: 0.3211, Lift: 1.4170, Factor: 1); Raw Rice (Conf: 0.3118, Lift: 1.3330, Factor: 1)"
8263472,Whole Spices; Other Vegetables; Mosquito Repellent; Urad Dal; Cookies; Whole Spices; Other Vegetables,Other Dals; Beans; Root Vegetables; Toor Dal; Sugar; Moong Dal; Brinjals; Gourd & Cucumber; Sooji & Rava; Raw Rice,"Other Dals (Conf: 0.8025, Lift: 1.7485, Factor: 1); Beans (Conf: 0.7143, Lift: 1.6062, Factor: 1); Root Vegetables (Conf: 0.6812, Lift: 1.6723, Factor: 1); Toor Dal (Conf: 0.6743, Lift: 1.7463, Factor: 1); Sugar (Conf: 0.6299, Lift: 1.8003, Factor: 1); Moong Dal (Conf: 0.6090, Lift: 1.8081, Factor: 1); Brinjals (Conf: 0.5747, Lift: 1.7606, Factor: 1); Gourd & Cucumber (Conf: 0.5708, Lift: 1.8106, Factor: 1); Sooji & Rava (Conf: 0.5224, Lift: 1.8344, Factor: 1); Raw Rice (Conf: 0.3793, Lift: 1.6216, Factor: 1)"
8265380,Cookies; Other Vegetables; Raw Rice; Sooji & Rava; Other Dals; Liquid Soaps & Bars; Sunflower Oils,Beans; Whole Spices; Root Vegetables; Toor Dal; Sugar; Moong Dal; Brinjals; Gourd & Cucumber; Urad Dal; Banana,"Beans (Conf: 0.7059, Lift: 1.5873, Factor: 1); Whole Spices (Conf: 0.6638, Lift: 1.6280, Factor: 1); Root Vegetables (Conf: 0.6332, Lift: 1.5545, Factor: 1); Toor Dal (Conf: 0.6204, Lift: 1.6068, Factor: 1); Sugar (Conf: 0.5694, Lift: 1.6274, Factor: 1); Moong Dal (Conf: 0.5533, Lift: 1.6429, Factor: 1); Brinjals (Conf: 0.5292, Lift: 1.6213, Factor: 1); Gourd & Cucumber (Conf: 0.5093, Lift: 1.6156, Factor: 1); Urad Dal (Conf: 0.4619, Lift: 1.5606, Factor: 1); Banana (Conf: 0.3551, Lift: 1.5672, Factor: 1)"
8265392,Cookies; Raw Peanuts; Boiled Rice; Gourd & Cucumber; Chilli & Soya Sauces; Cookies; Beans; Toor Dal; Gourd & Cucumber,Other Dals; Whole Spices; Other Vegetables; Sugar; Moong Dal; Root Vegetables; Urad Dal; Sooji & Rava; Brinjals; Raw Rice,"Other Dals (Conf: 0.7887, Lift: 1.7185, Factor: 1); Whole Spices (Conf: 0.7705, Lift: 1.8898, Factor: 1); Other Vegetables (Conf: 0.7358, Lift: 1.5926, Factor: 1); Sugar (Conf: 0.6571, Lift: 1.8781, Factor: 1); Moong Dal (Conf: 0.6393, Lift: 1.8983, Factor: 1); Root Vegetables (Conf: 0.6164, Lift: 1.5134, Factor: 1); Urad Dal (Conf: 0.5585, Lift: 1.8870, Factor: 1); Sooji & Rava (Conf: 0.5345, Lift: 1.8768, Factor: 1); Brinjals (Conf: 0.5338, Lift: 1.6353, Factor: 1); Raw Rice (Conf: 0.3537, Lift: 1.5122, Factor: 1)"
8265546,Cookies; Shaving Blade & Razors; Other Vegetables; Namkeen; Honey; Exotic Vegetables; Other Sauces; Cooking Sauce; Maida; Toor Dal,Other Dals; Whole Spices; Sugar; Moong Dal; Urad Dal; Beans; Sooji & Rava; Root Vegetables; Brinjals; Gourd & Cucumber,"Other Dals (Conf: 0.7782, Lift: 1.6956, Factor: 1); Whole Spices (Conf: 0.7431, Lift: 1.8227, Factor: 1); Sugar (Conf: 0.7101, Lift: 2.0295, Factor: 1); Moong Dal (Conf: 0.6949, Lift: 2.0633, Factor: 1); Urad Dal (Conf: 0.6797, Lift: 2.2966, Factor: 1); Beans (Conf: 0.6542, Lift: 1.4711, Factor: 1); Sooji & Rava (Conf: 0.6524, Lift: 2.2910, Factor: 1); Root Vegetables (Conf: 0.6127, Lift: 1.5041, Factor: 1); Brinjals (Conf: 0.5747, Lift: 1.7606, Factor: 1); Gourd & Cucumber (Conf: 0.5361, Lift: 1.7008, Factor: 1)"
8268096,Other Dry Fruits; Cookies; Almonds; Cashews; Ghee; Raisins,Urad Dal; Sooji & Rava; Sugar; Whole Spices; Other Dals; Moong Dal; Toor Dal; Raw Peanuts; Avalakki / Poha; Beans,"Urad Dal (Conf: 0.7181, Lift: 2.4265, Factor: 1); Sooji & Rava (Conf: 0.6935, Lift: 2.4354, Factor: 1); Sugar (Conf: 0.6014, Lift: 3.1787, Factor: 1); Whole Spices (Conf: 0.6014, Lift: 3.1787, Factor: 1); Other Dals (Conf: 0.5533, Lift: 2.4296, Factor: 1); Moong Dal (Conf: 0.5533, Lift: 2.4296, Factor: 1); Toor Dal (Conf: 0.5123, Lift: 3.4178, Factor: 1); Raw Peanuts (Conf: 0.4413, Lift: 4.0327, Factor: 1); Avalakki / Poha (Conf: 0.2111, Lift: 2.1736, Factor: 1); Beans (Conf: 0.1977, Lift: 1.2159, Factor: 0.5)"
8268678,Cookies; Other Dals; Ghee; Namkeen; Toor Dal; Moong Dal; Boiled Rice; Sooji & Rava; Raw Rice; Whole Spices; Maida,Other Vegetables; Beans; Root Vegetables; Sugar; Brinjals; Gourd & Cucumber; Urad Dal; Banana; Sunflower Oils; Raw Peanuts,"Other Vegetables (Conf: 0.6180, Lift: 1.3376, Factor: 1); Beans (Conf: 0.5974, Lift: 1.3434, Factor: 1); Root Vegetables (Conf: 0.5429, Lift: 1.3327, Factor: 1); Sugar (Conf: 0.4686, Lift: 1.3392, Factor: 1); Brinjals (Conf: 0.4409, Lift: 1.3508, Factor: 1); Gourd & Cucumber (Conf: 0.4245, Lift: 1.3466, Factor: 1); Urad Dal (Conf: 0.3842, Lift: 1.2983, Factor: 1); Banana (Conf: 0.3015, Lift: 1.3304, Factor: 1); Sunflower Oils (Conf: 0.2487, Lift: 1.3308, Factor: 1); Raw Peanuts (Conf: 0.2309, Lift: 1.3027, Factor: 1)"
8269031,Organic F&V; Face Wash; Basmati Rice; Ice Creams & Desserts; Organic Dals & Pulses; Regular Pasta; Root Vegetables; Exotic Vegetables; Brinjals; Organic F&V; Organic F&V; Cashews,Other Dals; Urad Dal; Whole Spices; Toor Dal; Sooji & Rava; Sugar; Other Vegetables; Moong Dal; Beans; Gourd & Cucumber,"Other Dals (Conf: 0.8208, Lift: 1.7883, Factor: 1); Urad Dal (Conf: 0.7941, Lift: 2.6832, Factor: 1); Whole Spices (Conf: 0.7692, Lift: 1.8867, Factor: 1); Toor Dal (Conf: 0.7460, Lift: 1.9321, Factor: 1); Sooji & Rava (Conf: 0.7059, Lift: 2.4787, Factor: 1); Sugar (Conf: 0.6701, Lift: 1.9150, Factor: 1); Other Vegetables (Conf: 0.6617, Lift: 1.4320, Factor: 1); Moong Dal (Conf: 0.6463, Lift: 1.9188, Factor: 1); Beans (Conf: 0.5721, Lift: 1.8839, Factor: 1); Gourd & Cucumber (Conf: 0.5600, Lift: 1.7765, Factor: 1)"
8269205,Bread; Cooking Paste; Honey; Other Oils; Organic Rice & Rice Products; Whole Spices; Sugar,Other Dals; Other Vegetables; Toor Dal; Beans; Root Vegetables; Urad Dal; Moong Dal; Brinjals; Gourd & Cucumber; Sooji & Rava,"Other Dals (Conf: 0.8247, Lift: 1.7970, Factor: 1); Other Vegetables (Conf: 0.7778, Lift: 1.6833, Factor: 1); Toor Dal (Conf: 0.7719, Lift: 1.9992, Factor: 1); Beans (Conf: 0.7032, Lift: 1.5813, Factor: 1); Root Vegetables (Conf: 0.6812, Lift: 1.6723, Factor: 1); Urad Dal (Conf: 0.5934, Lift: 2.0051, Factor: 1); Moong Dal (Conf: 0.5670, Lift: 1.6834, Factor: 1); Brinjals (Conf: 0.5267, Lift: 1.6138, Factor: 1); Gourd & Cucumber (Conf: 0.5155, Lift: 1.6354, Factor: 1); Sooji & Rava (Conf: 0.4704, Lift: 1.6518, Factor: 1)"
8269393,Urad Dal; Whole Spices; Whole Spices; Cookies; Toor Dal; Other Dals; Cashews; Whole Spices; Whole Spices,Other Vegetables; Beans; Root Vegetables; Sugar; Moong Dal; Brinjals; Gourd & Cucumber; Sooji & Rava; Raw Rice; Banana,"Other Vegetables (Conf: 0.6488, Lift: 1.4042, Factor: 1); Beans (Conf: 0.6115, Lift: 1.3751, Factor: 1); Root Vegetables (Conf: 0.5694, Lift: 1.3980, Factor: 1); Sugar (Conf: 0.4652, Lift: 1.3294, Factor: 1); Moong Dal (Conf: 0.4643, Lift: 1.3785, Factor: 1); Brinjals (Conf: 0.4581, Lift: 1.4037, Factor: 1); Gourd & Cucumber (Conf: 0.4339, Lift: 1.3764, Factor: 1); Sooji & Rava (Conf: 0.3882, Lift: 1.3632, Factor: 1); Raw Rice (Conf: 0.3278, Lift: 1.4012, Factor: 1); Banana (Conf: 0.3000, Lift: 1.3240, Factor: 1)"
8269483,Cookies; Toor Dal; Other Dals; Cream Biscuits; Sugar; Other Dals; Other Dals; Avalakki / Poha,Other Vegetables; Beans; Whole Spices; Root Vegetables; Moong Dal; Brinjals; Gourd & Cucumber; Sooji & Rava; Urad Dal; Raw Rice,"Other Vegetables (Conf: 0.7236, Lift: 1.5660, Factor: 1); Beans (Conf: 0.6882, Lift: 1.5475, Factor: 1); Whole Spices (Conf: 0.6384, Lift: 1.5658, Factor: 1); Root Vegetables (Conf: 0.6332, Lift: 1.5545, Factor: 1); Moong Dal (Conf: 0.5149, Lift: 1.5286, Factor: 1); Brinjals (Conf: 0.5093, Lift: 1.5602, Factor: 1); Gourd & Cucumber (Conf: 0.4859, Lift: 1.5415, Factor: 1); Sooji & Rava (Conf: 0.4441, Lift: 1.5596, Factor: 1); Urad Dal (Conf: 0.3842, Lift: 1.2983, Factor: 1); Raw Rice (Conf: 0.3629, Lift: 1.5513, Factor: 1)"
8269882,Exotic Vegetables; Other Vegetables; Sunflower Oils; Banana; Mango Juices; Cookies; Beans,Sooji & Rava; Whole Spices; Toor Dal; Other Dals; Urad Dal; Moong Dal; Sugar; Gourd & Cucumber; Root Vegetables; Brinjals,"Sooji & Rava (Conf: 0.7545, Lift: 2.6496, Factor: 1); Whole Spices (Conf: 0.7532, Lift: 1.8473, Factor: 1); Toor Dal (Conf: 0.7477, Lift: 1.9363, Factor: 1); Other Dals (Conf: 0.7112, Lift: 1.5496, Factor: 1); Urad Dal (Conf: 0.7059, Lift: 2.3851, Factor: 1); Moong Dal (Conf: 0.6800, Lift: 2.0190, Factor: 1); Sugar (Conf: 0.6742, Lift: 1.9267, Factor: 1); Gourd & Cucumber (Conf: 0.6091, Lift: 1.9323, Factor: 1); Root Vegetables (Conf: 0.6022, Lift: 1.4783, Factor: 1); Brinjals (Conf: 0.5747, Lift: 1.7606, Factor: 1)"
8270508,Cookies; Instant Noodles; Raw Rice; Whole Spices; Sugar; Ground Coffee,Other Dals; Other Vegetables; Beans; Root Vegetables; Toor Dal; Moong Dal; Brinjals; Gourd & Cucumber; Urad Dal; Sooji & Rava,"Other Dals (Conf: 0.7823, Lift: 1.7044, Factor: 1); Other Vegetables (Conf: 0.7778, Lift: 1.6833, Factor: 1); Beans (Conf: 0.7032, Lift: 1.5813, Factor: 1); Root Vegetables (Conf: 0.6812, Lift: 1.6723, Factor: 1); Toor Dal (Conf: 0.5912, Lift: 1.5312, Factor: 1); Moong Dal (Conf: 0.5670, Lift: 1.6834, Factor: 1); Brinjals (Conf: 0.5267, Lift: 1.6138, Factor: 1); Gourd & Cucumber (Conf: 0.5155, Lift: 1.6354, Factor: 1); Urad Dal (Conf: 0.4881, Lift: 1.6492, Factor: 1); Sooji & Rava (Conf: 0.4704, Lift: 1.6518, Factor: 1)"
8271902,Namkeen; Salty Biscuits; Other Vegetables; Maida; Raw Rice; Other Dals; Namkeen; Other Vegetables; Besan; Whole Spices,Beans; Root Vegetables; Toor Dal; Moong Dal; Sugar; Brinjals; Gourd & Cucumber; Sooji & Rava; Urad Dal; Banana,"Beans (Conf: 0.7477, Lift: 1.6815, Factor: 1); Root Vegetables (Conf: 0.6812, Lift: 1.6723, Factor: 1); Toor Dal (Conf: 0.6452, Lift: 1.6709, Factor: 1); Moong Dal (Conf: 0.5668, Lift: 1.6829, Factor: 1); Sugar (Conf: 0.5471, Lift: 1.5635, Factor: 1); Brinjals (Conf: 0.5157, Lift: 1.5800, Factor: 1); Gourd & Cucumber (Conf: 0.5155, Lift: 1.6354, Factor: 1); Sooji & Rava (Conf: 0.4704, Lift: 1.6518, Factor: 1); Urad Dal (Conf: 0.4402, Lift: 1.4873, Factor: 1); Banana (Conf: 0.3551, Lift: 1.5672, Factor: 1)"
8273082,Brinjals; Other Vegetables; Organic Rice & Rice Products; Organic F&V; Organic Flours; Organic Juices,Other Dals; Urad Dal; Whole Spices; Toor Dal; Sooji & Rava; Sugar; Moong Dal; Root Vegetables; Beans; Raw Peanuts,"Other Dals (Conf: 0.8208, Lift: 1.7883, Factor: 1); Urad Dal (Conf: 0.7941, Lift: 2.6832, Factor: 1); Whole Spices (Conf: 0.7692, Lift: 1.8867, Factor: 1); Toor Dal (Conf: 0.7460, Lift: 1.9321, Factor: 1); Sooji & Rava (Conf: 0.7030, Lift: 2.4687, Factor: 1); Sugar (Conf: 0.6772, Lift: 1.9353, Factor: 1); Moong Dal (Conf: 0.6471, Lift: 1.9212, Factor: 1); Root Vegetables (Conf: 0.5855, Lift: 1.4374, Factor: 1); Beans (Conf: 0.5721, Lift: 1.8839, Factor: 1); Raw Peanuts (Conf: 0.5061, Lift: 2.8551, Factor: 1)"
8273464,Urad Dal; Ground Coffee; Health Drinks; Whole Spices; Sugar; Whole Spices; Moong Dal; Whole Spices; Sooji & Rava; Jaggery; Boiled Rice; Sooji & Rava; Whole Spices; Whole Spices,Other Vegetables; Other Dals; Beans; Root Vegetables; Toor Dal; Brinjals; Gourd & Cucumber; Raw Rice; Banana; Organic F&V,"Other Vegetables (Conf: 0.6273, Lift: 1.3576, Factor: 1); Other Dals (Conf: 0.6230, Lift: 1.3575, Factor: 1); Beans (Conf: 0.6044, Lift: 1.3591, Factor: 1); Root Vegetables (Conf: 0.5523, Lift: 1.3559, Factor: 1); Toor Dal (Conf: 0.5202, Lift: 1.3472, Factor: 1); Brinjals (Conf: 0.4412, Lift: 1.3517, Factor: 1); Gourd & Cucumber (Conf: 0.4255, Lift: 1.3499, Factor: 1); Raw Rice (Conf: 0.3180, Lift: 1.3593, Factor: 1); Banana (Conf: 0.2944, Lift: 1.2993, Factor: 1); Organic F&V (Conf: 0.2380, Lift: 1.3308, Factor: 1)"
8273657,Maida; Whole Spices; Cream Biscuits; Urad Dal; Sooji & Rava; Raw Rice; Whole Spices; Sugar; Sunflower Oils; Toor Dal; Jaggery; Other Dals,Other Vegetables; Beans; Root Vegetables; Moong Dal; Brinjals; Gourd & Cucumber; Banana; Avalakki / Poha; Organic F&V; Raw Peanuts,"Other Vegetables (Conf: 0.5755, Lift: 1.2456, Factor: 1); Beans (Conf: 0.5556, Lift: 1.2493, Factor: 1); Root Vegetables (Conf: 0.5048, Lift: 1.2394, Factor: 1); Moong Dal (Conf: 0.4202, Lift: 1.2477, Factor: 1); Brinjals (Conf: 0.3668, Lift: 1.1238, Factor: 1); Gourd & Cucumber (Conf: 0.3529, Lift: 1.1197, Factor: 1); Banana (Conf: 0.2801, Lift: 1.2361, Factor: 1); Avalakki / Poha (Conf: 0.2140, Lift: 1.2477, Factor: 1); Organic F&V (Conf: 0.2091, Lift: 1.1693, Factor: 1); Raw Peanuts (Conf: 0.2059, Lift: 1.1617, Factor: 1)"
8273931,Sugar; Other Dals; Moong Dal; Bread; Whole Spices; Sunflower Oils; Toor Dal; Health Drinks; Urad Dal; Boiled Rice,Other Vegetables; Beans; Root Vegetables; Brinjals; Gourd & Cucumber; Sooji & Rava; Raw Rice; Banana; Organic F&V; Avalakki / Poha,"Other Vegetables (Conf: 0.5755, Lift: 1.2456, Factor: 1); Beans (Conf: 0.5616, Lift: 1.2630, Factor: 1); Root Vegetables (Conf: 0.5143, Lift: 1.2628, Factor: 1); Brinjals (Conf: 0.4000, Lift: 1.2255, Factor: 1); Gourd & Cucumber (Conf: 0.3741, Lift: 1.1869, Factor: 1); Sooji & Rava (Conf: 0.3507, Lift: 1.2315, Factor: 1); Raw Rice (Conf: 0.2909, Lift: 1.2437, Factor: 1); Banana (Conf: 0.2801, Lift: 1.2361, Factor: 1); Organic F&V (Conf: 0.2123, Lift: 1.1874, Factor: 1); Avalakki / Poha (Conf: 0.2106, Lift: 1.2283, Factor: 1)"
8274447,Whole Spices; Root Vegetables; Moong Dal; Sunflower Oils; Instant Pastas; Organic F&V; Whole Spices,Other Vegetables; Other Dals; Beans; Toor Dal; Sugar; Brinjals; Gourd & Cucumber; Urad Dal; Sooji & Rava; Raw Rice,"Other Vegetables (Conf: 0.7778, Lift: 1.6833, Factor: 1); Other Dals (Conf: 0.7664, Lift: 1.6698, Factor: 1); Beans (Conf: 0.7515, Lift: 1.6899, Factor: 1); Toor Dal (Conf: 0.6222, Lift: 1.6114, Factor: 1); Sugar (Conf: 0.6045, Lift: 1.7276, Factor: 1); Brinjals (Conf: 0.5482, Lift: 1.6795, Factor: 1); Gourd & Cucumber (Conf: 0.5283, Lift: 1.6760, Factor: 1); Urad Dal (Conf: 0.5000, Lift: 1.6895, Factor: 1); Sooji & Rava (Conf: 0.4891, Lift: 1.7176, Factor: 1); Raw Rice (Conf: 0.3903, Lift: 1.6685, Factor: 1)"
8275185,Other Oils; Yogurt & Lassi; Root Vegetables; Brinjals; Ground Coffee; Root Vegetables,Other Dals; Whole Spices; Toor Dal; Urad Dal; Sooji & Rava; Sugar; Other Vegetables; Moong Dal; Raw Peanuts; Beans,"Other Dals (Conf: 0.8208, Lift: 1.7883, Factor: 1); Whole Spices (Conf: 0.7692, Lift: 1.8867, Factor: 1); Toor Dal (Conf: 0.7460, Lift: 1.9321, Factor: 1); Urad Dal (Conf: 0.7273, Lift: 2.4574, Factor: 1); Sooji & Rava (Conf: 0.7059, Lift: 2.4787, Factor: 1); Sugar (Conf: 0.6701, Lift: 1.9150, Factor: 1); Other Vegetables (Conf: 0.6617, Lift: 1.4320, Factor: 1); Moong Dal (Conf: 0.6463, Lift: 1.9188, Factor: 1); Raw Peanuts (Conf: 0.5852, Lift: 3.3012, Factor: 1); Beans (Conf: 0.5721, Lift: 1.8839, Factor: 1)"
8275225,Whole Spices; Raw Peanuts; Urad Dal; Other Dals; Sunflower Oils; Whole Spices; Cooking Paste; Whole Spices,Other Vegetables; Beans; Root Vegetables; Toor Dal; Sugar; Moong Dal; Brinjals; Gourd & Cucumber; Sooji & Rava; Raw Rice,"Other Vegetables (Conf: 0.6849, Lift: 1.4823, Factor: 1); Beans (Conf: 0.6508, Lift: 1.4634, Factor: 1); Root Vegetables (Conf: 0.6022, Lift: 1.4783, Factor: 1); Toor Dal (Conf: 0.5500, Lift: 1.4244, Factor: 1); Sugar (Conf: 0.5140, Lift: 1.4689, Factor: 1); Moong Dal (Conf: 0.4962, Lift: 1.4733, Factor: 1); Brinjals (Conf: 0.4649, Lift: 1.4243, Factor: 1); Gourd & Cucumber (Conf: 0.4618, Lift: 1.4649, Factor: 1); Sooji & Rava (Conf: 0.4138, Lift: 1.4530, Factor: 1); Raw Rice (Conf: 0.3180, Lift: 1.3595, Factor: 1)"
8276422,Maida; Beans; Organic Masalas & Spices; Honey; Exotic Vegetables; Shaving Blade & Razors,Urad Dal; Sooji & Rava; Whole Spices; Toor Dal; Other Vegetables; Sugar; Moong Dal; Other Dals; Gourd & Cucumber; Raw Peanuts,"Urad Dal (Conf: 0.8020, Lift: 2.7098, Factor: 1); Sooji & Rava (Conf: 0.7545, Lift: 2.6496, Factor: 1); Whole Spices (Conf: 0.7532, Lift: 1.8473, Factor: 1); Toor Dal (Conf: 0.7364, Lift: 1.9070, Factor: 1); Other Vegetables (Conf: 0.6641, Lift: 1.4374, Factor: 1); Sugar (Conf: 0.6571, Lift: 1.8781, Factor: 1); Moong Dal (Conf: 0.6393, Lift: 1.8983, Factor: 1); Other Dals (Conf: 0.6250, Lift: 2.7819, Factor: 1); Gourd & Cucumber (Conf: 0.5817, Lift: 1.8454, Factor: 1); Raw Peanuts (Conf: 0.4828, Lift: 2.7234, Factor: 1)"
8276533,Whole Spices; Organic Masalas & Spices; Ghee; Bread; Toor Dal; Root Vegetables; Whole Spices; Health Drinks,Other Dals; Other Vegetables; Beans; Sugar; Moong Dal; Brinjals; Gourd & Cucumber; Sooji & Rava; Urad Dal; Raw Rice,"Other Dals (Conf: 0.8025, Lift: 1.7485, Factor: 1); Other Vegetables (Conf: 0.7778, Lift: 1.6833, Factor: 1); Beans (Conf: 0.7032, Lift: 1.5813, Factor: 1); Sugar (Conf: 0.6299, Lift: 1.8003, Factor: 1); Moong Dal (Conf: 0.5927, Lift: 1.7598, Factor: 1); Brinjals (Conf: 0.5778, Lift: 1.7702, Factor: 1); Gourd & Cucumber (Conf: 0.5361, Lift: 1.7008, Factor: 1); Sooji & Rava (Conf: 0.4704, Lift: 1.6518, Factor: 1); Urad Dal (Conf: 0.4402, Lift: 1.4873, Factor: 1); Raw Rice (Conf: 0.3793, Lift: 1.6216, Factor: 1)"
8277630,Beans; Other Vegetables; Other Vegetables; Cooking Paste; Whole Spices; Brinjals; Beans,Other Dals; Toor Dal; Root Vegetables; Sugar; Moong Dal; Gourd & Cucumber; Urad Dal; Sooji & Rava; Raw Rice; Sunflower Oils,"Other Dals (Conf: 0.8208, Lift: 1.7883, Factor: 1); Toor Dal (Conf: 0.7329, Lift: 1.8981, Factor: 1); Root Vegetables (Conf: 0.6812, Lift: 1.6723, Factor: 1); Sugar (Conf: 0.6627, Lift: 1.8940, Factor: 1); Moong Dal (Conf: 0.6378, Lift: 1.8937, Factor: 1); Gourd & Cucumber (Conf: 0.5923, Lift: 1.8790, Factor: 1); Urad Dal (Conf: 0.5585, Lift: 1.8870, Factor: 1); Sooji & Rava (Conf: 0.5402, Lift: 1.8968, Factor: 1); Raw Rice (Conf: 0.3793, Lift: 1.6216, Factor: 1); Sunflower Oils (Conf: 0.3516, Lift: 1.8810, Factor: 1)"
8279511,Whole Spices; Shaving Blade & Razors; Whole Spices; Other Dals; Honey; Sooji & Rava; Other Dals; Whole Spices; Whole Spices; Almonds; Whole Spices; Shaving Blade & Razors,Other Vegetables; Beans; Root Vegetables; Toor Dal; Sugar; Moong Dal; Brinjals; Gourd & Cucumber; Urad Dal; Raw Rice,"Other Vegetables (Conf: 0.7196, Lift: 1.5574, Factor: 1); Beans (Conf: 0.6942, Lift: 1.5611, Factor: 1); Root Vegetables (Conf: 0.6332, Lift: 1.5545, Factor: 1); Toor Dal (Conf: 0.5978, Lift: 1.5481, Factor: 1); Sugar (Conf: 0.5471, Lift: 1.5635, Factor: 1); Moong Dal (Conf: 0.5200, Lift: 1.5439, Factor: 1); Brinjals (Conf: 0.5093, Lift: 1.5602, Factor: 1); Gourd & Cucumber (Conf: 0.4879, Lift: 1.5478, Factor: 1); Urad Dal (Conf: 0.4619, Lift: 1.5606, Factor: 1); Raw Rice (Conf: 0.3563, Lift: 1.5231, Factor: 1)"
8279743,Moong Dal; Bread; Other Dals; Root Vegetables; Whole Spices; Whole Spices; Toor Dal; Other Vegetables; Other Rice Products; Other Dals,Beans; Sugar; Brinjals; Gourd & Cucumber; Urad Dal; Sooji & Rava; Raw Rice; Banana; Raw Peanuts; Sunflower Oils,"Beans (Conf: 0.6265, Lift: 1.4088, Factor: 1); Sugar (Conf: 0.4935, Lift: 1.4104, Factor: 1); Brinjals (Conf: 0.4651, Lift: 1.4250, Factor: 1); Gourd & Cucumber (Conf: 0.4514, Lift: 1.4321, Factor: 1); Urad Dal (Conf: 0.4187, Lift: 1.4148, Factor: 1); Sooji & Rava (Conf: 0.3882, Lift: 1.3632, Factor: 1); Raw Rice (Conf: 0.3278, Lift: 1.4012, Factor: 1); Banana (Conf: 0.3211, Lift: 1.4170, Factor: 1); Raw Peanuts (Conf: 0.2483, Lift: 1.4006, Factor: 1); Sunflower Oils (Conf: 0.2448, Lift: 1.3098, Factor: 1)"
8279863,Moong Dal; Other Dals; Raw Rice; Other Dals; Raw Peanuts; Banana; Moong Dal,Other Vegetables; Beans; Whole Spices; Root Vegetables; Toor Dal; Sugar; Brinjals; Gourd & Cucumber; Urad Dal; Sooji & Rava,"Other Vegetables (Conf: 0.7636, Lift: 1.6527, Factor: 1); Beans (Conf: 0.7477, Lift: 1.6815, Factor: 1); Whole Spices (Conf: 0.6871, Lift: 1.6852, Factor: 1); Root Vegetables (Conf: 0.6753, Lift: 1.6580, Factor: 1); Toor Dal (Conf: 0.6404, Lift: 1.6585, Factor: 1); Sugar (Conf: 0.5904, Lift: 1.6872, Factor: 1); Brinjals (Conf: 0.5482, Lift: 1.6795, Factor: 1); Gourd & Cucumber (Conf: 0.5283, Lift: 1.6760, Factor: 1); Urad Dal (Conf: 0.4978, Lift: 1.6819, Factor: 1); Sooji & Rava (Conf: 0.4802, Lift: 1.6862, Factor: 1)"
8280275,Other Dals; Other Dry Fruits; Raisins; Boiled Rice; Sugar; Other Rice Products; Cashews; Raw Peanuts; Avalakki / Poha; Urad Dal,Other Vegetables; Beans; Whole Spices; Root Vegetables; Toor Dal; Moong Dal; Brinjals; Gourd & Cucumber; Sooji & Rava; Raw Rice,"Other Vegetables (Conf: 0.7001, Lift: 1.5153, Factor: 1); Beans (Conf: 0.6773, Lift: 1.5230, Factor: 1); Whole Spices (Conf: 0.6198, Lift: 1.5202, Factor: 1); Root Vegetables (Conf: 0.6164, Lift: 1.5134, Factor: 1); Toor Dal (Conf: 0.5672, Lift: 1.4689, Factor: 1); Moong Dal (Conf: 0.5075, Lift: 1.5067, Factor: 1); Brinjals (Conf: 0.4974, Lift: 1.5238, Factor: 1); Gourd & Cucumber (Conf: 0.4785, Lift: 1.5180, Factor: 1); Sooji & Rava (Conf: 0.4350, Lift: 1.5276, Factor: 1); Raw Rice (Conf: 0.3563, Lift: 1.5231, Factor: 1)"
8282341,Other Vegetables; Root Vegetables; Gourd & Cucumber; Other Sweets; Beans; Ghee; Other Rice Products,Whole Spices; Toor Dal; Other Dals; Sugar; Moong Dal; Brinjals; Urad Dal; Sooji & Rava; Sunflower Oils; Raw Rice,"Whole Spices (Conf: 0.7757, Lift: 1.9026, Factor: 1); Toor Dal (Conf: 0.7343, Lift: 1.9016, Factor: 1); Other Dals (Conf: 0.6639, Lift: 1.4466, Factor: 1); Sugar (Conf: 0.6627, Lift: 1.8940, Factor: 1); Moong Dal (Conf: 0.6405, Lift: 1.9018, Factor: 1); Brinjals (Conf: 0.5778, Lift: 1.7702, Factor: 1); Urad Dal (Conf: 0.5585, Lift: 1.8870, Factor: 1); Sooji & Rava (Conf: 0.5402, Lift: 1.8968, Factor: 1); Sunflower Oils (Conf: 0.3421, Lift: 1.8304, Factor: 1); Raw Rice (Conf: 0.3376, Lift: 1.4433, Factor: 1)"
8282484,Other Dals; Whole Spices; Whole Spices; Jaggery; Whole Spices; Liquid Detergent; Sugar; Moong Dal; Raw Peanuts; Rice Flour; Ghee; Other Dals; Liquid Soaps & Bars; Urad Dal; Moong Dal; Whole Spices,Other Vegetables; Beans; Root Vegetables; Toor Dal; Brinjals; Gourd & Cucumber; Sooji & Rava; Raw Rice; Banana; Sunflower Oils,"Other Vegetables (Conf: 0.6113, Lift: 1.3230, Factor: 1); Beans (Conf: 0.5882, Lift: 1.3228, Factor: 1); Root Vegetables (Conf: 0.5381, Lift: 1.3211, Factor: 1); Toor Dal (Conf: 0.5109, Lift: 1.3231, Factor: 1); Brinjals (Conf: 0.4320, Lift: 1.3235, Factor: 1); Gourd & Cucumber (Conf: 0.4164, Lift: 1.3211, Factor: 1); Sooji & Rava (Conf: 0.3624, Lift: 1.2725, Factor: 1); Raw Rice (Conf: 0.3095, Lift: 1.3233, Factor: 1); Banana (Conf: 0.3000, Lift: 1.3240, Factor: 1); Sunflower Oils (Conf: 0.2180, Lift: 1.1663, Factor: 1)"
8283042,Exotic Vegetables; Banana; Other Dals; Raw Rice; Moong Dal; Whole Spices; Maida; Besan; Other Dals; Ghee; Other Dals,Other Vegetables; Beans; Root Vegetables; Toor Dal; Sugar; Brinjals; Gourd & Cucumber; Urad Dal; Sooji & Rava; Avalakki / Poha,"Other Vegetables (Conf: 0.7289, Lift: 1.5776, Factor: 1); Beans (Conf: 0.7121, Lift: 1.6013, Factor: 1); Root Vegetables (Conf: 0.6332, Lift: 1.5545, Factor: 1); Toor Dal (Conf: 0.6173, Lift: 1.5987, Factor: 1); Sugar (Conf: 0.5471, Lift: 1.5635, Factor: 1); Brinjals (Conf: 0.5157, Lift: 1.5800, Factor: 1); Gourd & Cucumber (Conf: 0.4929, Lift: 1.5636, Factor: 1); Urad Dal (Conf: 0.4402, Lift: 1.4873, Factor: 1); Sooji & Rava (Conf: 0.4350, Lift: 1.5276, Factor: 1); Avalakki / Poha (Conf: 0.2693, Lift: 1.5704, Factor: 1)"
8283998,Banana; Sooji & Rava; Whole Spices; Beans; Besan; Raw Rice; Maida; Urad Dal; Sooji & Rava; Other Dry Fruits,Other Dals; Other Vegetables; Root Vegetables; Toor Dal; Sugar; Moong Dal; Brinjals; Gourd & Cucumber; Raw Peanuts; Avalakki / Poha,"Other Dals (Conf: 0.6928, Lift: 1.5095, Factor: 1); Other Vegetables (Conf: 0.6912, Lift: 1.4959, Factor: 1); Root Vegetables (Conf: 0.6063, Lift: 1.4885, Factor: 1); Toor Dal (Conf: 0.5829, Lift: 1.5097, Factor: 1); Sugar (Conf: 0.5230, Lift: 1.4947, Factor: 1); Moong Dal (Conf: 0.5030, Lift: 1.4936, Factor: 1); Brinjals (Conf: 0.4932, Lift: 1.5111, Factor: 1); Gourd & Cucumber (Conf: 0.4615, Lift: 1.4642, Factor: 1); Raw Peanuts (Conf: 0.2641, Lift: 1.4898, Factor: 1); Avalakki / Poha (Conf: 0.2573, Lift: 1.5003, Factor: 1)"
8284234,"Organic Flours; Other Dry Fruits; Other Vegetables; Organic Salt,Sugar & Jaggery; Other Dry Fruits; Organic Dals & Pulses; Whole Spices; Organic Dals & Pulses; Phenyles & Acids; Whole Spices",Other Dals; Toor Dal; Urad Dal; Sugar; Moong Dal; Beans; Sooji & Rava; Root Vegetables; Brinjals; Gourd & Cucumber,"Other Dals (Conf: 0.8025, Lift: 1.7485, Factor: 1); Toor Dal (Conf: 0.7719, Lift: 1.9992, Factor: 1); Urad Dal (Conf: 0.7523, Lift: 2.5419, Factor: 1); Sugar (Conf: 0.7288, Lift: 2.0829, Factor: 1); Moong Dal (Conf: 0.7133, Lift: 2.1180, Factor: 1); Beans (Conf: 0.7032, Lift: 1.5813, Factor: 1); Sooji & Rava (Conf: 0.6914, Lift: 2.4277, Factor: 1); Root Vegetables (Conf: 0.6812, Lift: 1.6723, Factor: 1); Brinjals (Conf: 0.5747, Lift: 1.7606, Factor: 1); Gourd & Cucumber (Conf: 0.5708, Lift: 1.8106, Factor: 1)"
8284427,Jaggery; Other Dals; Other Dals; Other Dals; Mustard Oils; Moong Dal; Sugar; Namkeen; Namkeen; Other Dals; Besan; Raisins,Other Vegetables; Beans; Whole Spices; Root Vegetables; Toor Dal; Brinjals; Gourd & Cucumber; Urad Dal; Sooji & Rava; Raw Rice,"Other Vegetables (Conf: 0.7613, Lift: 1.6476, Factor: 1); Beans (Conf: 0.7172, Lift: 1.6129, Factor: 1); Whole Spices (Conf: 0.6728, Lift: 1.6502, Factor: 1); Root Vegetables (Conf: 0.6641, Lift: 1.6303, Factor: 1); Toor Dal (Conf: 0.6253, Lift: 1.6194, Factor: 1); Brinjals (Conf: 0.5267, Lift: 1.6138, Factor: 1); Gourd & Cucumber (Conf: 0.5171, Lift: 1.6404, Factor: 1); Urad Dal (Conf: 0.4881, Lift: 1.6492, Factor: 1); Sooji & Rava (Conf: 0.4646, Lift: 1.6316, Factor: 1); Raw Rice (Conf: 0.3767, Lift: 1.6106, Factor: 1)"
8285181,Sugar; Urad Dal; Other Dals; Health Drinks; Other Dals; Toor Dal; Other Dals,Other Vegetables; Beans; Root Vegetables; Whole Spices; Brinjals; Moong Dal; Gourd & Cucumber; Raw Rice; Sooji & Rava; Banana,"Other Vegetables (Conf: 0.6707, Lift: 1.4515, Factor: 1); Beans (Conf: 0.6195, Lift: 1.3931, Factor: 1); Root Vegetables (Conf: 0.5785, Lift: 1.4203, Factor: 1); Whole Spices (Conf: 0.5768, Lift: 1.4148, Factor: 1); Brinjals (Conf: 0.4581, Lift: 1.4037, Factor: 1); Moong Dal (Conf: 0.4410, Lift: 1.3095, Factor: 1); Gourd & Cucumber (Conf: 0.4355, Lift: 1.3815, Factor: 1); Raw Rice (Conf: 0.3172, Lift: 1.3561, Factor: 1); Sooji & Rava (Conf: 0.3027, Lift: 1.0630, Factor: 1); Banana (Conf: 0.3000, Lift: 1.3240, Factor: 1)"
8285456,Almonds; Whole Spices; Chilli & Soya Sauces; Powdered Spices; Namkeen; Whole Spices; Besan; Namkeen; Hand Wash; Namkeen; Whole Spices; Whole Spices,Other Dals; Other Vegetables; Toor Dal; Urad Dal; Sugar; Sooji & Rava; Moong Dal; Beans; Root Vegetables; Cashews,"Other Dals (Conf: 0.8025, Lift: 1.7485, Factor: 1); Other Vegetables (Conf: 0.7778, Lift: 1.6833, Factor: 1); Toor Dal (Conf: 0.7719, Lift: 1.9992, Factor: 1); Urad Dal (Conf: 0.7523, Lift: 2.5419, Factor: 1); Sugar (Conf: 0.7288, Lift: 2.0829, Factor: 1); Sooji & Rava (Conf: 0.7232, Lift: 2.5396, Factor: 1); Moong Dal (Conf: 0.7133, Lift: 2.1180, Factor: 1); Beans (Conf: 0.7032, Lift: 1.5813, Factor: 1); Root Vegetables (Conf: 0.6812, Lift: 1.6723, Factor: 1); Cashews (Conf: 0.5667, Lift: 4.5810, Factor: 1)"
8286457,Namkeen; Other Dals; Namkeen; Sugar; Other Dals; Moong Dal; Namkeen,Other Vegetables; Beans; Whole Spices; Root Vegetables; Toor Dal; Brinjals; Gourd & Cucumber; Urad Dal; Sooji & Rava; Raw Rice,"Other Vegetables (Conf: 0.7613, Lift: 1.6476, Factor: 1); Beans (Conf: 0.7172, Lift: 1.6129, Factor: 1); Whole Spices (Conf: 0.6728, Lift: 1.6502, Factor: 1); Root Vegetables (Conf: 0.6641, Lift: 1.6303, Factor: 1); Toor Dal (Conf: 0.6253, Lift: 1.6194, Factor: 1); Brinjals (Conf: 0.5267, Lift: 1.6138, Factor: 1); Gourd & Cucumber (Conf: 0.5171, Lift: 1.6404, Factor: 1); Urad Dal (Conf: 0.4881, Lift: 1.6492, Factor: 1); Sooji & Rava (Conf: 0.4646, Lift: 1.6316, Factor: 1); Raw Rice (Conf: 0.3767, Lift: 1.6106, Factor: 1)"
8287030,Whole Spices; Sugar; Sooji & Rava; Toor Dal; Whole Spices; Basmati Rice; Sooji & Rava; Urad Dal; Whole Spices; Whole Spices; Moong Dal,Other Vegetables; Other Dals; Beans; Root Vegetables; Brinjals; Gourd & Cucumber; Raw Rice; Banana; Sunflower Oils; Avalakki / Poha,"Other Vegetables (Conf: 0.5755, Lift: 1.2456, Factor: 1); Other Dals (Conf: 0.5724, Lift: 1.2471, Factor: 1); Beans (Conf: 0.5556, Lift: 1.2493, Factor: 1); Root Vegetables (Conf: 0.5048, Lift: 1.2394, Factor: 1); Brinjals (Conf: 0.4000, Lift: 1.2255, Factor: 1); Gourd & Cucumber (Conf: 0.3880, Lift: 1.2308, Factor: 1); Raw Rice (Conf: 0.2909, Lift: 1.2437, Factor: 1); Banana (Conf: 0.2801, Lift: 1.2361, Factor: 1); Sunflower Oils (Conf: 0.2141, Lift: 1.1455, Factor: 1); Avalakki / Poha (Conf: 0.2140, Lift: 1.2477, Factor: 1)"
8287522,Other Dals; Health Drinks; Organic F&V; Sugar; Boiled Rice; Raisins; Cookies,Beans; Other Vegetables; Toor Dal; Whole Spices; Root Vegetables; Moong Dal; Urad Dal; Brinjals; Gourd & Cucumber; Sooji & Rava,"Beans (Conf: 0.7477, Lift: 1.6815, Factor: 1); Other Vegetables (Conf: 0.7196, Lift: 1.5574, Factor: 1); Toor Dal (Conf: 0.7049, Lift: 1.8256, Factor: 1); Whole Spices (Conf: 0.6807, Lift: 1.6695, Factor: 1); Root Vegetables (Conf: 0.6396, Lift: 1.5702, Factor: 1); Moong Dal (Conf: 0.6188, Lift: 1.8372, Factor: 1); Urad Dal (Conf: 0.5856, Lift: 1.9788, Factor: 1); Brinjals (Conf: 0.5267, Lift: 1.6138, Factor: 1); Gourd & Cucumber (Conf: 0.4859, Lift: 1.5415, Factor: 1); Sooji & Rava (Conf: 0.4646, Lift: 1.6316, Factor: 1)"
8288803,Brinjals; Beans; Root Vegetables; Mosquito Repellent; Brinjals; Beans; Maida,Other Dals; Whole Spices; Sooji & Rava; Toor Dal; Urad Dal; Sugar; Other Vegetables; Moong Dal; Gourd & Cucumber; Raw Peanuts,"Other Dals (Conf: 0.8208, Lift: 1.7883, Factor: 1); Whole Spices (Conf: 0.7879, Lift: 1.9325, Factor: 1); Sooji & Rava (Conf: 0.7545, Lift: 2.6496, Factor: 1); Toor Dal (Conf: 0.7471, Lift: 1.9349, Factor: 1); Urad Dal (Conf: 0.7273, Lift: 2.4574, Factor: 1); Sugar (Conf: 0.6746, Lift: 1.9280, Factor: 1); Other Vegetables (Conf: 0.6641, Lift: 1.4374, Factor: 1); Moong Dal (Conf: 0.6463, Lift: 1.9188, Factor: 1); Gourd & Cucumber (Conf: 0.5817, Lift: 1.8454, Factor: 1); Raw Peanuts (Conf: 0.4663, Lift: 2.6308, Factor: 1)"
8288927,Root Vegetables; Sunflower Oils; Gourd & Cucumber; Brinjals; Other Vegetables; Namkeen; Exotic Vegetables; Ghee; Namkeen,Other Dals; Beans; Whole Spices; Toor Dal; Sugar; Moong Dal; Urad Dal; Sooji & Rava; Raw Rice; Avalakki / Poha,"Other Dals (Conf: 0.8208, Lift: 1.7883, Factor: 1); Beans (Conf: 0.7817, Lift: 1.7579, Factor: 1); Whole Spices (Conf: 0.7800, Lift: 1.9131, Factor: 1); Toor Dal (Conf: 0.7329, Lift: 1.8981, Factor: 1); Sugar (Conf: 0.6667, Lift: 1.9053, Factor: 1); Moong Dal (Conf: 0.6405, Lift: 1.9018, Factor: 1); Urad Dal (Conf: 0.5663, Lift: 1.9134, Factor: 1); Sooji & Rava (Conf: 0.5399, Lift: 1.8958, Factor: 1); Raw Rice (Conf: 0.3358, Lift: 1.4358, Factor: 1); Avalakki / Poha (Conf: 0.3274, Lift: 1.9094, Factor: 1)"
8288966,Beans; Sugar; Mango Juices; Brinjals; Other Vegetables; Root Vegetables; Banana,Other Dals; Whole Spices; Toor Dal; Moong Dal; Gourd & Cucumber; Urad Dal; Sooji & Rava; Raw Rice; Sunflower Oils; Avalakki / Poha,"Other Dals (Conf: 0.8247, Lift: 1.7970, Factor: 1); Whole Spices (Conf: 0.7431, Lift: 1.8227, Factor: 1); Toor Dal (Conf: 0.7009, Lift: 1.8151, Factor: 1); Moong Dal (Conf: 0.6159, Lift: 1.8288, Factor: 1); Gourd & Cucumber (Conf: 0.5600, Lift: 1.7765, Factor: 1); Urad Dal (Conf: 0.5400, Lift: 1.8245, Factor: 1); Sooji & Rava (Conf: 0.5224, Lift: 1.8344, Factor: 1); Raw Rice (Conf: 0.3629, Lift: 1.5513, Factor: 1); Sunflower Oils (Conf: 0.3421, Lift: 1.8304, Factor: 1); Avalakki / Poha (Conf: 0.3018, Lift: 1.7597, Factor: 1)"
8289377,Beans; Organic F&V; Beans; Other Vegetables; Brinjals; Toor Dal; Basmati Rice; Whole Spices,Other Dals; Root Vegetables; Moong Dal; Gourd & Cucumber; Sugar; Sooji & Rava; Urad Dal; Raw Rice; Sunflower Oils; Banana,"Other Dals (Conf: 0.7985, Lift: 1.7398, Factor: 1); Root Vegetables (Conf: 0.6812, Lift: 1.6723, Factor: 1); Moong Dal (Conf: 0.5758, Lift: 1.7095, Factor: 1); Gourd & Cucumber (Conf: 0.5361, Lift: 1.7008, Factor: 1); Sugar (Conf: 0.5340, Lift: 1.5261, Factor: 1); Sooji & Rava (Conf: 0.4704, Lift: 1.6518, Factor: 1); Urad Dal (Conf: 0.4402, Lift: 1.4873, Factor: 1); Raw Rice (Conf: 0.3793, Lift: 1.6216, Factor: 1); Sunflower Oils (Conf: 0.3128, Lift: 1.6739, Factor: 1); Banana (Conf: 0.3000, Lift: 1.3240, Factor: 1)"
8289409,Health Drinks; Raw Peanuts; Health Drinks; Ground Coffee; Sooji & Rava; Instant Pastas; Jaggery; Other Rice Products; Urad Dal; Avalakki / Poha,Other Dals; Other Vegetables; Beans; Whole Spices; Root Vegetables; Toor Dal; Sugar; Moong Dal; Brinjals; Gourd & Cucumber,"Other Dals (Conf: 0.7638, Lift: 1.6642, Factor: 1); Other Vegetables (Conf: 0.7358, Lift: 1.5926, Factor: 1); Beans (Conf: 0.7143, Lift: 1.6062, Factor: 1); Whole Spices (Conf: 0.6750, Lift: 1.6556, Factor: 1); Root Vegetables (Conf: 0.6724, Lift: 1.6508, Factor: 1); Toor Dal (Conf: 0.6406, Lift: 1.6591, Factor: 1); Sugar (Conf: 0.5833, Lift: 1.6671, Factor: 1); Moong Dal (Conf: 0.5563, Lift: 1.6518, Factor: 1); Brinjals (Conf: 0.5292, Lift: 1.6213, Factor: 1); Gourd & Cucumber (Conf: 0.4991, Lift: 1.5834, Factor: 1)"
8289460,Maida; Whole Spices; Besan; Beans; Other Vegetables; Rice Flour; Gourd & Cucumber; Jaggery; Other Vegetables; Raw Peanuts; Organic F&V; Other Flours,Other Dals; Toor Dal; Root Vegetables; Sugar; Moong Dal; Brinjals; Urad Dal; Sooji & Rava; Raw Rice; Sunflower Oils,"Other Dals (Conf: 0.8025, Lift: 1.7485, Factor: 1); Toor Dal (Conf: 0.6918, Lift: 1.7916, Factor: 1); Root Vegetables (Conf: 0.6812, Lift: 1.6723, Factor: 1); Sugar (Conf: 0.6299, Lift: 1.8003, Factor: 1); Moong Dal (Conf: 0.6090, Lift: 1.8081, Factor: 1); Brinjals (Conf: 0.5747, Lift: 1.7606, Factor: 1); Urad Dal (Conf: 0.5357, Lift: 1.8101, Factor: 1); Sooji & Rava (Conf: 0.5105, Lift: 1.7927, Factor: 1); Raw Rice (Conf: 0.3793, Lift: 1.6216, Factor: 1); Sunflower Oils (Conf: 0.3382, Lift: 1.8093, Factor: 1)"
8289766,Organic Masalas & Spices; Other Dals; Toor Dal; Root Vegetables; Other Flours; Whole Spices; Other Dals; Besan; Maida; Other Vegetables,Beans; Sugar; Moong Dal; Brinjals; Gourd & Cucumber; Urad Dal; Sooji & Rava; Raw Rice; Banana; Sunflower Oils,"Beans (Conf: 0.6867, Lift: 1.5442, Factor: 1); Sugar (Conf: 0.5340, Lift: 1.5261, Factor: 1); Moong Dal (Conf: 0.5183, Lift: 1.5389, Factor: 1); Brinjals (Conf: 0.4986, Lift: 1.5275, Factor: 1); Gourd & Cucumber (Conf: 0.4859, Lift: 1.5415, Factor: 1); Urad Dal (Conf: 0.4402, Lift: 1.4873, Factor: 1); Sooji & Rava (Conf: 0.4350, Lift: 1.5276, Factor: 1); Raw Rice (Conf: 0.3606, Lift: 1.5417, Factor: 1); Banana (Conf: 0.3000, Lift: 1.3240, Factor: 1); Sunflower Oils (Conf: 0.2767, Lift: 1.4803, Factor: 1)"
8296564,Other Dals; Other Dals; Urad Dal; Sunflower Oils; Toor Dal; Rice Flour; Mosquito Repellent; Avalakki / Poha,Other Vegetables; Beans; Root Vegetables; Whole Spices; Sugar; Moong Dal; Brinjals; Gourd & Cucumber; Sooji & Rava; Raw Rice,"Other Vegetables (Conf: 0.7097, Lift: 1.5360, Factor: 1); Beans (Conf: 0.6773, Lift: 1.5230, Factor: 1); Root Vegetables (Conf: 0.6261, Lift: 1.5370, Factor: 1); Whole Spices (Conf: 0.6230, Lift: 1.5281, Factor: 1); Sugar (Conf: 0.5374, Lift: 1.5359, Factor: 1); Moong Dal (Conf: 0.5000, Lift: 1.4846, Factor: 1); Brinjals (Conf: 0.4986, Lift: 1.5275, Factor: 1); Gourd & Cucumber (Conf: 0.4785, Lift: 1.5180, Factor: 1); Sooji & Rava (Conf: 0.4350, Lift: 1.5276, Factor: 1); Raw Rice (Conf: 0.3563, Lift: 1.5231, Factor: 1)"
8304435,Moong Dal; Chinese Noodles; Moong Dal; Other Vegetables; Toothpaste; Other Dals; Beans; Gourd & Cucumber; Avalakki / Poha,Whole Spices; Root Vegetables; Toor Dal; Sugar; Brinjals; Urad Dal; Sooji & Rava; Raw Rice; Sunflower Oils; Banana,"Whole Spices (Conf: 0.7051, Lift: 1.7295, Factor: 1); Root Vegetables (Conf: 0.6753, Lift: 1.6580, Factor: 1); Toor Dal (Conf: 0.6557, Lift: 1.6982, Factor: 1); Sugar (Conf: 0.6047, Lift: 1.7281, Factor: 1); Brinjals (Conf: 0.5482, Lift: 1.6795, Factor: 1); Urad Dal (Conf: 0.5000, Lift: 1.6895, Factor: 1); Sooji & Rava (Conf: 0.4802, Lift: 1.6862, Factor: 1); Raw Rice (Conf: 0.3903, Lift: 1.6685, Factor: 1); Sunflower Oils (Conf: 0.3227, Lift: 1.7267, Factor: 1); Banana (Conf: 0.3211, Lift: 1.4170, Factor: 1)"
8308098,Urad Dal; Beans; Aluminium Foil & Cling Wrap; Beans; Brinjals; Gourd & Cucumber; Namkeen; Bread,Whole Spices; Other Dals; Toor Dal; Other Vegetables; Sugar; Moong Dal; Root Vegetables; Sooji & Rava; Sunflower Oils; Raw Peanuts,"Whole Spices (Conf: 0.8252, Lift: 2.0241, Factor: 1); Other Dals (Conf: 0.8208, Lift: 1.7883, Factor: 1); Toor Dal (Conf: 0.7761, Lift: 2.0100, Factor: 1); Other Vegetables (Conf: 0.7299, Lift: 1.5798, Factor: 1); Sugar (Conf: 0.7000, Lift: 2.0006, Factor: 1); Moong Dal (Conf: 0.6806, Lift: 2.0209, Factor: 1); Root Vegetables (Conf: 0.6724, Lift: 1.6508, Factor: 1); Sooji & Rava (Conf: 0.5514, Lift: 1.9361, Factor: 1); Sunflower Oils (Conf: 0.3620, Lift: 1.9368, Factor: 1); Raw Peanuts (Conf: 0.3242, Lift: 1.8288, Factor: 1)"
8309697,Other Vegetables; Brinjals; Rice Flour; Beans; Gourd & Cucumber; Gourd & Cucumber; Brinjals,Other Dals; Whole Spices; Toor Dal; Sugar; Moong Dal; Root Vegetables; Urad Dal; Sooji & Rava; Sunflower Oils; Raw Rice,"Other Dals (Conf: 0.8208, Lift: 1.7883, Factor: 1); Whole Spices (Conf: 0.7830, Lift: 1.9205, Factor: 1); Toor Dal (Conf: 0.7411, Lift: 1.9192, Factor: 1); Sugar (Conf: 0.6719, Lift: 1.9202, Factor: 1); Moong Dal (Conf: 0.6471, Lift: 1.9212, Factor: 1); Root Vegetables (Conf: 0.5901, Lift: 1.4488, Factor: 1); Urad Dal (Conf: 0.5706, Lift: 1.9280, Factor: 1); Sooji & Rava (Conf: 0.5412, Lift: 1.9003, Factor: 1); Sunflower Oils (Conf: 0.3569, Lift: 1.9098, Factor: 1); Raw Rice (Conf: 0.3363, Lift: 1.4378, Factor: 1)"
8314193,Whole Spices; Sunflower Oils; Raisins; Urad Dal; Cashews; Exotic Vegetables; Toor Dal; Whole Spices; Other Rice Products; Basmati Rice,Other Vegetables; Other Dals; Beans; Root Vegetables; Sugar; Moong Dal; Brinjals; Gourd & Cucumber; Sooji & Rava; Raw Rice,"Other Vegetables (Conf: 0.6912, Lift: 1.4959, Factor: 1); Other Dals (Conf: 0.6882, Lift: 1.4996, Factor: 1); Beans (Conf: 0.6544, Lift: 1.4716, Factor: 1); Root Vegetables (Conf: 0.6033, Lift: 1.4810, Factor: 1); Sugar (Conf: 0.5140, Lift: 1.4689, Factor: 1); Moong Dal (Conf: 0.5000, Lift: 1.4846, Factor: 1); Brinjals (Conf: 0.4837, Lift: 1.4820, Factor: 1); Gourd & Cucumber (Conf: 0.4706, Lift: 1.4929, Factor: 1); Sooji & Rava (Conf: 0.4138, Lift: 1.4530, Factor: 1); Raw Rice (Conf: 0.3511, Lift: 1.5010, Factor: 1)"
8315583,Whole Spices; Brinjals; Whole Spices; Whole Spices; Basmati Rice; Raw Rice; Ghee; Whole Spices,Other Dals; Other Vegetables; Toor Dal; Sugar; Moong Dal; Beans; Root Vegetables; Sooji & Rava; Urad Dal; Gourd & Cucumber,"Other Dals (Conf: 0.8208, Lift: 1.7883, Factor: 1); Other Vegetables (Conf: 0.7778, Lift: 1.6833, Factor: 1); Toor Dal (Conf: 0.7719, Lift: 1.9992, Factor: 1); Sugar (Conf: 0.7288, Lift: 2.0829, Factor: 1); Moong Dal (Conf: 0.7273, Lift: 2.1594, Factor: 1); Beans (Conf: 0.7032, Lift: 1.5813, Factor: 1); Root Vegetables (Conf: 0.6812, Lift: 1.6723, Factor: 1); Sooji & Rava (Conf: 0.6640, Lift: 2.3316, Factor: 1); Urad Dal (Conf: 0.6397, Lift: 2.1615, Factor: 1); Gourd & Cucumber (Conf: 0.5155, Lift: 1.6354, Factor: 1)"
8316970,Toor Dal; Other Vegetables; Beans; Moong Dal; Other Vegetables; Gourd & Cucumber,Other Dals; Whole Spices; Root Vegetables; Sugar; Brinjals; Sooji & Rava; Urad Dal; Raw Rice; Sunflower Oils; Banana,"Other Dals (Conf: 0.7941, Lift: 1.7303, Factor: 1); Whole Spices (Conf: 0.7184, Lift: 1.7620, Factor: 1); Root Vegetables (Conf: 0.6753, Lift: 1.6580, Factor: 1); Sugar (Conf: 0.6045, Lift: 1.7276, Factor: 1); Brinjals (Conf: 0.5747, Lift: 1.7606, Factor: 1); Sooji & Rava (Conf: 0.5011, Lift: 1.7597, Factor: 1); Urad Dal (Conf: 0.5000, Lift: 1.6895, Factor: 1); Raw Rice (Conf: 0.3903, Lift: 1.6685, Factor: 1); Sunflower Oils (Conf: 0.3227, Lift: 1.7265, Factor: 1); Banana (Conf: 0.3155, Lift: 1.3922, Factor: 1)"
8317527,Cooking Paste; Namkeen; Cream Biscuits; Health Drinks; Avalakki / Poha; Cream Biscuits; Namkeen; Namkeen; Liquid Soaps & Bars,Toor Dal; Moong Dal; Whole Spices; Urad Dal; Other Dals; Sugar; Sooji & Rava; Other Vegetables; Gourd & Cucumber; Raisins,"Toor Dal (Conf: 0.7578, Lift: 1.9626, Factor: 1); Moong Dal (Conf: 0.6714, Lift: 1.9935, Factor: 1); Whole Spices (Conf: 0.6045, Lift: 3.0577, Factor: 1); Urad Dal (Conf: 0.5867, Lift: 1.9823, Factor: 1); Other Dals (Conf: 0.5804, Lift: 2.9133, Factor: 1); Sugar (Conf: 0.5804, Lift: 2.9133, Factor: 1); Sooji & Rava (Conf: 0.5662, Lift: 1.9883, Factor: 1); Other Vegetables (Conf: 0.4490, Lift: 1.9916, Factor: 1); Gourd & Cucumber (Conf: 0.4490, Lift: 1.9916, Factor: 1); Raisins (Conf: 0.4359, Lift: 3.9276, Factor: 1)"
8320908,Banana; Root Vegetables; Bread; Brinjals; Other Rice Products; Cookies; Mosquito Repellent,Other Dals; Whole Spices; Toor Dal; Urad Dal; Sooji & Rava; Sugar; Other Vegetables; Moong Dal; Gourd & Cucumber; Beans,"Other Dals (Conf: 0.8208, Lift: 1.7883, Factor: 1); Whole Spices (Conf: 0.7788, Lift: 1.9101, Factor: 1); Toor Dal (Conf: 0.7477, Lift: 1.9363, Factor: 1); Urad Dal (Conf: 0.7273, Lift: 2.4574, Factor: 1); Sooji & Rava (Conf: 0.7059, Lift: 2.4787, Factor: 1); Sugar (Conf: 0.6701, Lift: 1.9150, Factor: 1); Other Vegetables (Conf: 0.6667, Lift: 1.4429, Factor: 1); Moong Dal (Conf: 0.6463, Lift: 1.9188, Factor: 1); Gourd & Cucumber (Conf: 0.6091, Lift: 1.9323, Factor: 1); Beans (Conf: 0.5721, Lift: 1.8839, Factor: 1)"
8321717,Maida; Other Dals; Other Dals; Moong Dal; Cookies; Other Dry Fruits; Raw Rice,Other Vegetables; Beans; Whole Spices; Root Vegetables; Toor Dal; Sugar; Brinjals; Gourd & Cucumber; Urad Dal; Sooji & Rava,"Other Vegetables (Conf: 0.7636, Lift: 1.6527, Factor: 1); Beans (Conf: 0.7477, Lift: 1.6815, Factor: 1); Whole Spices (Conf: 0.7051, Lift: 1.7295, Factor: 1); Root Vegetables (Conf: 0.6753, Lift: 1.6580, Factor: 1); Toor Dal (Conf: 0.6612, Lift: 1.7123, Factor: 1); Sugar (Conf: 0.6045, Lift: 1.7276, Factor: 1); Brinjals (Conf: 0.5482, Lift: 1.6795, Factor: 1); Gourd & Cucumber (Conf: 0.5283, Lift: 1.6760, Factor: 1); Urad Dal (Conf: 0.5125, Lift: 1.7317, Factor: 1); Sooji & Rava (Conf: 0.4880, Lift: 1.7134, Factor: 1)"
8322799,Namkeen; Other Dry Fruits; Namkeen; Namkeen; Namkeen; Other Dals; Namkeen; Moong Dal; Cookies; Jaggery; Aluminium Foil & Cling Wrap,Beans; Whole Spices; Other Vegetables; Toor Dal; Sugar; Root Vegetables; Urad Dal; Brinjals; Gourd & Cucumber; Sooji & Rava,"Beans (Conf: 0.7798, Lift: 1.7536, Factor: 1); Whole Spices (Conf: 0.7643, Lift: 1.8746, Factor: 1); Other Vegetables (Conf: 0.7636, Lift: 1.6527, Factor: 1); Toor Dal (Conf: 0.7049, Lift: 1.8256, Factor: 1); Sugar (Conf: 0.6903, Lift: 1.9727, Factor: 1); Root Vegetables (Conf: 0.6753, Lift: 1.6580, Factor: 1); Urad Dal (Conf: 0.5856, Lift: 1.9788, Factor: 1); Brinjals (Conf: 0.5482, Lift: 1.6795, Factor: 1); Gourd & Cucumber (Conf: 0.5283, Lift: 1.6760, Factor: 1); Sooji & Rava (Conf: 0.4802, Lift: 1.6862, Factor: 1)"
8328427,Toor Dal; Cream Biscuits; Maida; Sunflower Oils; Cooking Paste; Other Dals; Whole Spices,Other Vegetables; Beans; Root Vegetables; Sugar; Brinjals; Gourd & Cucumber; Moong Dal; Urad Dal; Sooji & Rava; Raw Rice,"Other Vegetables (Conf: 0.7054, Lift: 1.5266, Factor: 1); Beans (Conf: 0.6544, Lift: 1.4716, Factor: 1); Root Vegetables (Conf: 0.6127, Lift: 1.5041, Factor: 1); Sugar (Conf: 0.5340, Lift: 1.5261, Factor: 1); Brinjals (Conf: 0.4986, Lift: 1.5275, Factor: 1); Gourd & Cucumber (Conf: 0.4807, Lift: 1.5249, Factor: 1); Moong Dal (Conf: 0.4643, Lift: 1.3785, Factor: 1); Urad Dal (Conf: 0.4513, Lift: 1.5248, Factor: 1); Sooji & Rava (Conf: 0.4350, Lift: 1.5276, Factor: 1); Raw Rice (Conf: 0.3563, Lift: 1.5231, Factor: 1)"
8330753,Other Dals; Moong Dal; Banana; Exotic Vegetables; Raw Peanuts; Brinjals; Whole Spices,Other Vegetables; Beans; Root Vegetables; Toor Dal; Sugar; Gourd & Cucumber; Urad Dal; Sooji & Rava; Raw Rice; Avalakki / Poha,"Other Vegetables (Conf: 0.7196, Lift: 1.5574, Factor: 1); Beans (Conf: 0.6882, Lift: 1.5475, Factor: 1); Root Vegetables (Conf: 0.6332, Lift: 1.5545, Factor: 1); Toor Dal (Conf: 0.5978, Lift: 1.5481, Factor: 1); Sugar (Conf: 0.5471, Lift: 1.5635, Factor: 1); Gourd & Cucumber (Conf: 0.4879, Lift: 1.5478, Factor: 1); Urad Dal (Conf: 0.4402, Lift: 1.4873, Factor: 1); Sooji & Rava (Conf: 0.4350, Lift: 1.5276, Factor: 1); Raw Rice (Conf: 0.3563, Lift: 1.5231, Factor: 1); Avalakki / Poha (Conf: 0.2693, Lift: 1.5704, Factor: 1)"
8331278,Namkeen; Bread; Moong Dal; Other Vegetables; Other Dals; Banana; Sooji & Rava; Other Dals,Beans; Whole Spices; Root Vegetables; Toor Dal; Sugar; Brinjals; Gourd & Cucumber; Urad Dal; Raw Rice; Sunflower Oils,"Beans (Conf: 0.7214, Lift: 1.6223, Factor: 1); Whole Spices (Conf: 0.6679, Lift: 1.6382, Factor: 1); Root Vegetables (Conf: 0.6641, Lift: 1.6303, Factor: 1); Toor Dal (Conf: 0.6282, Lift: 1.6269, Factor: 1); Sugar (Conf: 0.5694, Lift: 1.6274, Factor: 1); Brinjals (Conf: 0.5292, Lift: 1.6213, Factor: 1); Gourd & Cucumber (Conf: 0.5171, Lift: 1.6404, Factor: 1); Urad Dal (Conf: 0.4619, Lift: 1.5606, Factor: 1); Raw Rice (Conf: 0.3767, Lift: 1.6106, Factor: 1); Sunflower Oils (Conf: 0.3000, Lift: 1.6052, Factor: 1)"
8331712,Other Vegetables; Whole Spices; Sugar; Sunflower Oils; Powdered Spices; Whole Spices; Gourd & Cucumber; Moong Dal,Other Dals; Beans; Root Vegetables; Toor Dal; Brinjals; Urad Dal; Sooji & Rava; Raw Rice; Banana; Raw Peanuts,"Other Dals (Conf: 0.7195, Lift: 1.5677, Factor: 1); Beans (Conf: 0.6867, Lift: 1.5442, Factor: 1); Root Vegetables (Conf: 0.6396, Lift: 1.5702, Factor: 1); Toor Dal (Conf: 0.5912, Lift: 1.5312, Factor: 1); Brinjals (Conf: 0.4946, Lift: 1.5153, Factor: 1); Urad Dal (Conf: 0.4402, Lift: 1.4873, Factor: 1); Sooji & Rava (Conf: 0.4152, Lift: 1.4580, Factor: 1); Raw Rice (Conf: 0.3629, Lift: 1.5513, Factor: 1); Banana (Conf: 0.2944, Lift: 1.2993, Factor: 1); Raw Peanuts (Conf: 0.2599, Lift: 1.4660, Factor: 1)"
8333457,Root Vegetables; Raisins; Sugar; Brinjals; Other Vegetables; Beans; Bread; Other Dry Fruits; Gourd & Cucumber; Beans; Almonds,Other Dals; Whole Spices; Toor Dal; Moong Dal; Urad Dal; Sooji & Rava; Raw Rice; Sunflower Oils; Avalakki / Poha; Raw Peanuts,"Other Dals (Conf: 0.8247, Lift: 1.7970, Factor: 1); Whole Spices (Conf: 0.7287, Lift: 1.7873, Factor: 1); Toor Dal (Conf: 0.6900, Lift: 1.7869, Factor: 1); Moong Dal (Conf: 0.6090, Lift: 1.8081, Factor: 1); Urad Dal (Conf: 0.5297, Lift: 1.7898, Factor: 1); Sooji & Rava (Conf: 0.5084, Lift: 1.7853, Factor: 1); Raw Rice (Conf: 0.3629, Lift: 1.5513, Factor: 1); Sunflower Oils (Conf: 0.3382, Lift: 1.8093, Factor: 1); Avalakki / Poha (Conf: 0.3018, Lift: 1.7597, Factor: 1); Raw Peanuts (Conf: 0.2854, Lift: 1.6102, Factor: 1)"
8335367,Banana; Yogurt & Lassi; Brinjals; Urad Dal; Sugar; Beans; Bread; Sooji & Rava,Other Dals; Other Vegetables; Whole Spices; Root Vegetables; Toor Dal; Moong Dal; Gourd & Cucumber; Raw Rice; Raw Peanuts; Organic F&V,"Other Dals (Conf: 0.6967, Lift: 1.5180, Factor: 1); Other Vegetables (Conf: 0.6936, Lift: 1.5013, Factor: 1); Whole Spices (Conf: 0.6263, Lift: 1.5361, Factor: 1); Root Vegetables (Conf: 0.6114, Lift: 1.5010, Factor: 1); Toor Dal (Conf: 0.5983, Lift: 1.5495, Factor: 1); Moong Dal (Conf: 0.5149, Lift: 1.5286, Factor: 1); Gourd & Cucumber (Conf: 0.4785, Lift: 1.5180, Factor: 1); Raw Rice (Conf: 0.3450, Lift: 1.4751, Factor: 1); Raw Peanuts (Conf: 0.2640, Lift: 1.4891, Factor: 1); Organic F&V (Conf: 0.2544, Lift: 1.4227, Factor: 1)"
8336250,Whole Spices; Sugar; Moong Dal; Raw Peanuts; Urad Dal; Sooji & Rava; Whole Spices; Whole Spices; Avalakki / Poha,Other Dals; Beans; Other Vegetables; Root Vegetables; Toor Dal; Brinjals; Gourd & Cucumber; Raw Rice; Banana; Organic F&V,"Other Dals (Conf: 0.6015, Lift: 1.3106, Factor: 1); Beans (Conf: 0.5847, Lift: 1.3149, Factor: 1); Other Vegetables (Conf: 0.5566, Lift: 1.2046, Factor: 1); Root Vegetables (Conf: 0.5381, Lift: 1.3211, Factor: 1); Toor Dal (Conf: 0.5109, Lift: 1.3231, Factor: 1); Brinjals (Conf: 0.4309, Lift: 1.3200, Factor: 1); Gourd & Cucumber (Conf: 0.4164, Lift: 1.3211, Factor: 1); Raw Rice (Conf: 0.3033, Lift: 1.2967, Factor: 1); Banana (Conf: 0.2944, Lift: 1.2993, Factor: 1); Organic F&V (Conf: 0.2123, Lift: 1.1874, Factor: 1)"
8336683,Sugar; Root Vegetables; Whole Spices; Cooking Paste; Exotic Vegetables; Cooking Paste; Other Dals; Other Vegetables; Other Dals; Chilli & Soya Sauces,Beans; Toor Dal; Moong Dal; Brinjals; Gourd & Cucumber; Urad Dal; Sooji & Rava; Raw Rice; Banana; Raw Peanuts,"Beans (Conf: 0.6882, Lift: 1.5475, Factor: 1); Toor Dal (Conf: 0.5978, Lift: 1.5481, Factor: 1); Moong Dal (Conf: 0.5183, Lift: 1.5389, Factor: 1); Brinjals (Conf: 0.4974, Lift: 1.5238, Factor: 1); Gourd & Cucumber (Conf: 0.4879, Lift: 1.5478, Factor: 1); Urad Dal (Conf: 0.4402, Lift: 1.4873, Factor: 1); Sooji & Rava (Conf: 0.4350, Lift: 1.5276, Factor: 1); Raw Rice (Conf: 0.3563, Lift: 1.5231, Factor: 1); Banana (Conf: 0.3000, Lift: 1.3240, Factor: 1); Raw Peanuts (Conf: 0.2577, Lift: 1.4538, Factor: 1)"
8337624,Other Dals; Beans; Other Dals; Beans; Toor Dal; Gourd & Cucumber; Other Vegetables,Whole Spices; Root Vegetables; Sugar; Moong Dal; Brinjals; Urad Dal; Sooji & Rava; Raw Rice; Sunflower Oils; Banana,"Whole Spices (Conf: 0.6524, Lift: 1.6003, Factor: 1); Root Vegetables (Conf: 0.6481, Lift: 1.5912, Factor: 1); Sugar (Conf: 0.5951, Lift: 1.7009, Factor: 1); Moong Dal (Conf: 0.5758, Lift: 1.7095, Factor: 1); Brinjals (Conf: 0.5338, Lift: 1.6353, Factor: 1); Urad Dal (Conf: 0.4655, Lift: 1.5729, Factor: 1); Sooji & Rava (Conf: 0.4491, Lift: 1.5770, Factor: 1); Raw Rice (Conf: 0.4000, Lift: 1.7100, Factor: 1); Sunflower Oils (Conf: 0.3199, Lift: 1.7114, Factor: 1); Banana (Conf: 0.3000, Lift: 1.3240, Factor: 1)"
8338252,Namkeen; Toor Dal; Raw Rice; Liquid Detergent; Whole Spices; Moong Dal; Organic Rice & Rice Products; Whole Spices; Bread,Other Dals; Other Vegetables; Beans; Root Vegetables; Sugar; Gourd & Cucumber; Brinjals; Sooji & Rava; Urad Dal; Banana,"Other Dals (Conf: 0.7350, Lift: 1.6015, Factor: 1); Other Vegetables (Conf: 0.7289, Lift: 1.5776, Factor: 1); Beans (Conf: 0.7121, Lift: 1.6013, Factor: 1); Root Vegetables (Conf: 0.6127, Lift: 1.5041, Factor: 1); Sugar (Conf: 0.5340, Lift: 1.5261, Factor: 1); Gourd & Cucumber (Conf: 0.5047, Lift: 1.6012, Factor: 1); Brinjals (Conf: 0.4986, Lift: 1.5275, Factor: 1); Sooji & Rava (Conf: 0.4491, Lift: 1.5770, Factor: 1); Urad Dal (Conf: 0.4406, Lift: 1.4887, Factor: 1); Banana (Conf: 0.3155, Lift: 1.3922, Factor: 1)"
8339302,Beans; Beans; Beans; Root Vegetables; Whole Spices; Sugar; Moong Dal; Brinjals; Root Vegetables,Other Dals; Other Vegetables; Toor Dal; Gourd & Cucumber; Urad Dal; Sooji & Rava; Raw Rice; Sunflower Oils; Banana; Raw Peanuts,"Other Dals (Conf: 0.7402, Lift: 1.6128, Factor: 1); Other Vegetables (Conf: 0.7289, Lift: 1.5776, Factor: 1); Toor Dal (Conf: 0.6222, Lift: 1.6114, Factor: 1); Gourd & Cucumber (Conf: 0.4879, Lift: 1.5478, Factor: 1); Urad Dal (Conf: 0.4402, Lift: 1.4873, Factor: 1); Sooji & Rava (Conf: 0.4152, Lift: 1.4580, Factor: 1); Raw Rice (Conf: 0.3767, Lift: 1.6106, Factor: 1); Sunflower Oils (Conf: 0.3000, Lift: 1.6052, Factor: 1); Banana (Conf: 0.2944, Lift: 1.2993, Factor: 1); Raw Peanuts (Conf: 0.2854, Lift: 1.6102, Factor: 1)"
8339940,Raw Rice; Other Dals; Whole Spices; Other Dals; Urad Dal; Raw Rice; Maida,Other Vegetables; Beans; Root Vegetables; Toor Dal; Sugar; Moong Dal; Brinjals; Gourd & Cucumber; Sooji & Rava; Banana,"Other Vegetables (Conf: 0.7129, Lift: 1.5429, Factor: 1); Beans (Conf: 0.6773, Lift: 1.5230, Factor: 1); Root Vegetables (Conf: 0.6235, Lift: 1.5307, Factor: 1); Toor Dal (Conf: 0.5882, Lift: 1.5234, Factor: 1); Sugar (Conf: 0.5374, Lift: 1.5359, Factor: 1); Moong Dal (Conf: 0.5183, Lift: 1.5389, Factor: 1); Brinjals (Conf: 0.4974, Lift: 1.5238, Factor: 1); Gourd & Cucumber (Conf: 0.4859, Lift: 1.5415, Factor: 1); Sooji & Rava (Conf: 0.4350, Lift: 1.5276, Factor: 1); Banana (Conf: 0.3488, Lift: 1.5395, Factor: 1)"
8341901,Urad Dal; Urad Dal; Cooking Paste; Toor Dal; Beans; Instant Pastas,Other Dals; Whole Spices; Other Vegetables; Root Vegetables; Sugar; Gourd & Cucumber; Moong Dal; Brinjals; Sooji & Rava; Raw Rice,"Other Dals (Conf: 0.7782, Lift: 1.6956, Factor: 1); Whole Spices (Conf: 0.7532, Lift: 1.8473, Factor: 1); Other Vegetables (Conf: 0.7425, Lift: 1.6070, Factor: 1); Root Vegetables (Conf: 0.6724, Lift: 1.6508, Factor: 1); Sugar (Conf: 0.6354, Lift: 1.8159, Factor: 1); Gourd & Cucumber (Conf: 0.5817, Lift: 1.8454, Factor: 1); Moong Dal (Conf: 0.5758, Lift: 1.7095, Factor: 1); Brinjals (Conf: 0.5338, Lift: 1.6353, Factor: 1); Sooji & Rava (Conf: 0.5237, Lift: 1.8390, Factor: 1); Raw Rice (Conf: 0.3697, Lift: 1.5805, Factor: 1)"
8342609,Other Dals; Root Vegetables; Other Dals; Beans; Sooji & Rava; Toor Dal; Other Dals; Banana; Mango Juices,Other Vegetables; Whole Spices; Sugar; Brinjals; Moong Dal; Gourd & Cucumber; Urad Dal; Raw Rice; Sunflower Oils; Raw Peanuts,"Other Vegetables (Conf: 0.7143, Lift: 1.5459, Factor: 1); Whole Spices (Conf: 0.6324, Lift: 1.5511, Factor: 1); Sugar (Conf: 0.5340, Lift: 1.5261, Factor: 1); Brinjals (Conf: 0.5060, Lift: 1.5503, Factor: 1); Moong Dal (Conf: 0.5029, Lift: 1.4930, Factor: 1); Gourd & Cucumber (Conf: 0.4859, Lift: 1.5415, Factor: 1); Urad Dal (Conf: 0.4579, Lift: 1.5472, Factor: 1); Raw Rice (Conf: 0.3606, Lift: 1.5417, Factor: 1); Sunflower Oils (Conf: 0.2767, Lift: 1.4803, Factor: 1); Raw Peanuts (Conf: 0.2599, Lift: 1.4663, Factor: 1)"
8342762,Almonds; Moong Dal; Other Dry Fruits; Other Dry Fruits; Gourd & Cucumber; Root Vegetables; Other Dals; Bread,Beans; Other Vegetables; Whole Spices; Toor Dal; Sugar; Brinjals; Urad Dal; Sooji & Rava; Raw Rice; Sunflower Oils,"Beans (Conf: 0.7798, Lift: 1.7536, Factor: 1); Other Vegetables (Conf: 0.7636, Lift: 1.6527, Factor: 1); Whole Spices (Conf: 0.7193, Lift: 1.7643, Factor: 1); Toor Dal (Conf: 0.6813, Lift: 1.7644, Factor: 1); Sugar (Conf: 0.6183, Lift: 1.7671, Factor: 1); Brinjals (Conf: 0.5778, Lift: 1.7702, Factor: 1); Urad Dal (Conf: 0.5000, Lift: 1.6895, Factor: 1); Sooji & Rava (Conf: 0.4802, Lift: 1.6862, Factor: 1); Raw Rice (Conf: 0.3903, Lift: 1.6685, Factor: 1); Sunflower Oils (Conf: 0.3301, Lift: 1.7662, Factor: 1)"
8343369,Toor Dal; Whole Spices; Cream Biscuits; Whole Spices; Sugar; Moong Dal,Other Vegetables; Other Dals; Beans; Root Vegetables; Gourd & Cucumber; Brinjals; Urad Dal; Sooji & Rava; Raw Rice; Banana,"Other Vegetables (Conf: 0.6715, Lift: 1.4533, Factor: 1); Other Dals (Conf: 0.6667, Lift: 1.4526, Factor: 1); Beans (Conf: 0.6479, Lift: 1.4569, Factor: 1); Root Vegetables (Conf: 0.5778, Lift: 1.4185, Factor: 1); Gourd & Cucumber (Conf: 0.4593, Lift: 1.4571, Factor: 1); Brinjals (Conf: 0.4549, Lift: 1.3938, Factor: 1); Urad Dal (Conf: 0.4187, Lift: 1.4148, Factor: 1); Sooji & Rava (Conf: 0.4152, Lift: 1.4580, Factor: 1); Raw Rice (Conf: 0.3324, Lift: 1.4211, Factor: 1); Banana (Conf: 0.3155, Lift: 1.3922, Factor: 1)"
8344473,Namkeen; Beans; Namkeen; Namkeen; Other Vegetables; Namkeen; Cream Biscuits,Urad Dal; Sooji & Rava; Whole Spices; Toor Dal; Other Dals; Sugar; Moong Dal; Gourd & Cucumber; Root Vegetables; Brinjals,"Urad Dal (Conf: 0.8020, Lift: 2.7098, Factor: 1); Sooji & Rava (Conf: 0.7545, Lift: 2.6496, Factor: 1); Whole Spices (Conf: 0.7532, Lift: 1.8473, Factor: 1); Toor Dal (Conf: 0.7411, Lift: 1.9192, Factor: 1); Other Dals (Conf: 0.6639, Lift: 1.4466, Factor: 1); Sugar (Conf: 0.6627, Lift: 1.8940, Factor: 1); Moong Dal (Conf: 0.6471, Lift: 1.9212, Factor: 1); Gourd & Cucumber (Conf: 0.5923, Lift: 1.8790, Factor: 1); Root Vegetables (Conf: 0.5855, Lift: 1.4374, Factor: 1); Brinjals (Conf: 0.5747, Lift: 1.7606, Factor: 1)"
8344961,Vermicelli; Sugar; Whole Spices; Moong Dal; Banana; Ground Coffee; Cashews; Sooji & Rava; Urad Dal; Raisins; Health Drinks; Moong Dal; Other Dals; Other Dals,Beans; Other Vegetables; Root Vegetables; Toor Dal; Brinjals; Gourd & Cucumber; Raw Rice; Sunflower Oils; Avalakki / Poha; Organic F&V,"Beans (Conf: 0.5638, Lift: 1.2679, Factor: 1); Other Vegetables (Conf: 0.5566, Lift: 1.2046, Factor: 1); Root Vegetables (Conf: 0.5000, Lift: 1.2275, Factor: 1); Toor Dal (Conf: 0.4851, Lift: 1.2564, Factor: 1); Brinjals (Conf: 0.3913, Lift: 1.1989, Factor: 1); Gourd & Cucumber (Conf: 0.3741, Lift: 1.1869, Factor: 1); Raw Rice (Conf: 0.2909, Lift: 1.2437, Factor: 1); Sunflower Oils (Conf: 0.2180, Lift: 1.1663, Factor: 1); Avalakki / Poha (Conf: 0.2140, Lift: 1.2477, Factor: 1); Organic F&V (Conf: 0.2123, Lift: 1.1874, Factor: 1)"
8345860,Whole Spices; Chilli & Soya Sauces; Raw Rice; Whole Spices; Other Dals; Other Dals; Moong Dal,Other Vegetables; Beans; Root Vegetables; Toor Dal; Sugar; Brinjals; Gourd & Cucumber; Urad Dal; Sooji & Rava; Banana,"Other Vegetables (Conf: 0.7289, Lift: 1.5776, Factor: 1); Beans (Conf: 0.7121, Lift: 1.6013, Factor: 1); Root Vegetables (Conf: 0.6332, Lift: 1.5545, Factor: 1); Toor Dal (Conf: 0.6173, Lift: 1.5987, Factor: 1); Sugar (Conf: 0.5471, Lift: 1.5635, Factor: 1); Brinjals (Conf: 0.5157, Lift: 1.5800, Factor: 1); Gourd & Cucumber (Conf: 0.4929, Lift: 1.5636, Factor: 1); Urad Dal (Conf: 0.4402, Lift: 1.4873, Factor: 1); Sooji & Rava (Conf: 0.4350, Lift: 1.5276, Factor: 1); Banana (Conf: 0.3551, Lift: 1.5672, Factor: 1)"
8346285,Whole Spices; Whole Spices; Whole Spices; Whole Spices; Toor Dal; Sugar; Toilet Cleaners,Other Vegetables; Other Dals; Beans; Root Vegetables; Moong Dal; Brinjals; Gourd & Cucumber; Urad Dal; Sooji & Rava; Raw Rice,"Other Vegetables (Conf: 0.7080, Lift: 1.5323, Factor: 1); Other Dals (Conf: 0.6992, Lift: 1.5234, Factor: 1); Beans (Conf: 0.6689, Lift: 1.5041, Factor: 1); Root Vegetables (Conf: 0.6127, Lift: 1.5041, Factor: 1); Moong Dal (Conf: 0.5149, Lift: 1.5286, Factor: 1); Brinjals (Conf: 0.4986, Lift: 1.5275, Factor: 1); Gourd & Cucumber (Conf: 0.4795, Lift: 1.5213, Factor: 1); Urad Dal (Conf: 0.4402, Lift: 1.4873, Factor: 1); Sooji & Rava (Conf: 0.4152, Lift: 1.4580, Factor: 1); Raw Rice (Conf: 0.3548, Lift: 1.5170, Factor: 1)"
8348887,Namkeen; Other Dals; Namkeen; Whole Spices; Cooking Paste; Namkeen; Snacky Nuts,Other Vegetables; Toor Dal; Beans; Root Vegetables; Sugar; Moong Dal; Urad Dal; Brinjals; Gourd & Cucumber; Sooji & Rava,"Other Vegetables (Conf: 0.7778, Lift: 1.6833, Factor: 1); Toor Dal (Conf: 0.7557, Lift: 1.9572, Factor: 1); Beans (Conf: 0.7477, Lift: 1.6815, Factor: 1); Root Vegetables (Conf: 0.6812, Lift: 1.6723, Factor: 1); Sugar (Conf: 0.6790, Lift: 1.9406, Factor: 1); Moong Dal (Conf: 0.6188, Lift: 1.8372, Factor: 1); Urad Dal (Conf: 0.5789, Lift: 1.9562, Factor: 1); Brinjals (Conf: 0.5157, Lift: 1.5800, Factor: 1); Gourd & Cucumber (Conf: 0.5155, Lift: 1.6354, Factor: 1); Sooji & Rava (Conf: 0.4704, Lift: 1.6518, Factor: 1)"
8348918,Almonds; Whole Spices; Organic F&V; Gourd & Cucumber; Sooji & Rava; Sunflower Oils; Other Dry Fruits; Toor Dal; Sugar,Other Dals; Other Vegetables; Beans; Root Vegetables; Moong Dal; Brinjals; Urad Dal; Raw Rice; Banana; Avalakki / Poha,"Other Dals (Conf: 0.6403, Lift: 1.3951, Factor: 1); Other Vegetables (Conf: 0.6379, Lift: 1.3805, Factor: 1); Beans (Conf: 0.6179, Lift: 1.3895, Factor: 1); Root Vegetables (Conf: 0.5664, Lift: 1.3906, Factor: 1); Moong Dal (Conf: 0.4635, Lift: 1.3763, Factor: 1); Brinjals (Conf: 0.4406, Lift: 1.3499, Factor: 1); Urad Dal (Conf: 0.4131, Lift: 1.3958, Factor: 1); Raw Rice (Conf: 0.3180, Lift: 1.3595, Factor: 1); Banana (Conf: 0.3000, Lift: 1.3240, Factor: 1); Avalakki / Poha (Conf: 0.2235, Lift: 1.3031, Factor: 1)"
8352430,Other Vegetables; Banana; Yogurt & Lassi; Brinjals; Other Rice Products; Other Rice Products; Boiled Rice,Other Dals; Whole Spices; Toor Dal; Urad Dal; Sooji & Rava; Sugar; Moong Dal; Gourd & Cucumber; Root Vegetables; Beans,"Other Dals (Conf: 0.8208, Lift: 1.7883, Factor: 1); Whole Spices (Conf: 0.7692, Lift: 1.8867, Factor: 1); Toor Dal (Conf: 0.7477, Lift: 1.9363, Factor: 1); Urad Dal (Conf: 0.7460, Lift: 2.5208, Factor: 1); Sooji & Rava (Conf: 0.7030, Lift: 2.4687, Factor: 1); Sugar (Conf: 0.6772, Lift: 1.9353, Factor: 1); Moong Dal (Conf: 0.6471, Lift: 1.9212, Factor: 1); Gourd & Cucumber (Conf: 0.6091, Lift: 1.9323, Factor: 1); Root Vegetables (Conf: 0.5855, Lift: 1.4374, Factor: 1); Beans (Conf: 0.5721, Lift: 1.8839, Factor: 1)"
8352895,Whole Spices; Other Dals; Sugar; Other Dals; Besan; Urad Dal; Whole Spices; Moong Dal; Moong Dal; Other Dals; Moong Dal; Namkeen; Organic Rice & Rice Products; Raw Rice,Other Vegetables; Beans; Root Vegetables; Toor Dal; Brinjals; Gourd & Cucumber; Sooji & Rava; Banana; Raw Peanuts; Sunflower Oils,"Other Vegetables (Conf: 0.6144, Lift: 1.3297, Factor: 1); Beans (Conf: 0.6019, Lift: 1.3536, Factor: 1); Root Vegetables (Conf: 0.5419, Lift: 1.3305, Factor: 1); Toor Dal (Conf: 0.5116, Lift: 1.3250, Factor: 1); Brinjals (Conf: 0.4412, Lift: 1.3517, Factor: 1); Gourd & Cucumber (Conf: 0.4255, Lift: 1.3499, Factor: 1); Sooji & Rava (Conf: 0.3624, Lift: 1.2725, Factor: 1); Banana (Conf: 0.3000, Lift: 1.3240, Factor: 1); Raw Peanuts (Conf: 0.2385, Lift: 1.3452, Factor: 1); Sunflower Oils (Conf: 0.2180, Lift: 1.1663, Factor: 1)"
8353022,Liquid Detergent; Yogurt & Lassi; Root Vegetables; Yogurt & Lassi; Other Dals; Raw Peanuts; Brinjals,Beans; Whole Spices; Other Vegetables; Toor Dal; Sugar; Moong Dal; Urad Dal; Gourd & Cucumber; Sooji & Rava; Raw Rice,"Beans (Conf: 0.7890, Lift: 1.7743, Factor: 1); Whole Spices (Conf: 0.7719, Lift: 1.8933, Factor: 1); Other Vegetables (Conf: 0.7358, Lift: 1.5926, Factor: 1); Toor Dal (Conf: 0.7329, Lift: 1.8981, Factor: 1); Sugar (Conf: 0.6446, Lift: 1.8423, Factor: 1); Moong Dal (Conf: 0.6337, Lift: 1.8816, Factor: 1); Urad Dal (Conf: 0.5604, Lift: 1.8937, Factor: 1); Gourd & Cucumber (Conf: 0.5600, Lift: 1.7765, Factor: 1); Sooji & Rava (Conf: 0.5399, Lift: 1.8958, Factor: 1); Raw Rice (Conf: 0.3563, Lift: 1.5231, Factor: 1)"
8353451,Other Dals; Other Vegetables; Root Vegetables; Toor Dal; Other Dals; Brinjals; Other Vegetables,Beans; Whole Spices; Sugar; Moong Dal; Gourd & Cucumber; Urad Dal; Sooji & Rava; Raw Rice; Sunflower Oils; Raw Peanuts,"Beans (Conf: 0.7477, Lift: 1.6815, Factor: 1); Whole Spices (Conf: 0.6524, Lift: 1.6003, Factor: 1); Sugar (Conf: 0.5951, Lift: 1.7009, Factor: 1); Moong Dal (Conf: 0.5758, Lift: 1.7095, Factor: 1); Gourd & Cucumber (Conf: 0.5361, Lift: 1.7008, Factor: 1); Urad Dal (Conf: 0.4655, Lift: 1.5729, Factor: 1); Sooji & Rava (Conf: 0.4491, Lift: 1.5770, Factor: 1); Raw Rice (Conf: 0.4000, Lift: 1.7100, Factor: 1); Sunflower Oils (Conf: 0.3191, Lift: 1.7072, Factor: 1); Raw Peanuts (Conf: 0.3017, Lift: 1.7022, Factor: 1)"
8353591,Moong Dal; Aluminium Foil & Cling Wrap; Toor Dal; Whole Spices; Health Drinks; Banana; Urad Dal; Whole Spices,Other Vegetables; Other Dals; Beans; Root Vegetables; Brinjals; Gourd & Cucumber; Sugar; Sooji & Rava; Raw Rice; Organic F&V,"Other Vegetables (Conf: 0.6715, Lift: 1.4533, Factor: 1); Other Dals (Conf: 0.6667, Lift: 1.4526, Factor: 1); Beans (Conf: 0.6218, Lift: 1.3982, Factor: 1); Root Vegetables (Conf: 0.5799, Lift: 1.4236, Factor: 1); Brinjals (Conf: 0.4664, Lift: 1.4289, Factor: 1); Gourd & Cucumber (Conf: 0.4412, Lift: 1.3996, Factor: 1); Sugar (Conf: 0.4341, Lift: 1.2406, Factor: 1); Sooji & Rava (Conf: 0.4138, Lift: 1.4530, Factor: 1); Raw Rice (Conf: 0.3236, Lift: 1.3834, Factor: 1); Organic F&V (Conf: 0.2544, Lift: 1.4227, Factor: 1)"
8353991,Whole Spices; Whole Spices; Other Vegetables; Whole Spices; Whole Spices; Whole Spices,Other Dals; Toor Dal; Urad Dal; Sugar; Moong Dal; Beans; Sooji & Rava; Root Vegetables; Brinjals; Gourd & Cucumber,"Other Dals (Conf: 0.8025, Lift: 1.7485, Factor: 1); Toor Dal (Conf: 0.7719, Lift: 1.9992, Factor: 1); Urad Dal (Conf: 0.7523, Lift: 2.5419, Factor: 1); Sugar (Conf: 0.7288, Lift: 2.0829, Factor: 1); Moong Dal (Conf: 0.7133, Lift: 2.1180, Factor: 1); Beans (Conf: 0.7032, Lift: 1.5813, Factor: 1); Sooji & Rava (Conf: 0.6914, Lift: 2.4277, Factor: 1); Root Vegetables (Conf: 0.6812, Lift: 1.6723, Factor: 1); Brinjals (Conf: 0.5747, Lift: 1.7606, Factor: 1); Gourd & Cucumber (Conf: 0.5708, Lift: 1.8106, Factor: 1)"
8354716,Banana; Gourd & Cucumber; Organic F&V; Organic F&V; Organic F&V; Organic F&V,Urad Dal; Whole Spices; Toor Dal; Sugar; Other Vegetables; Other Dals; Moong Dal; Sooji & Rava; Raw Peanuts; Beans,"Urad Dal (Conf: 0.7941, Lift: 2.6832, Factor: 1); Whole Spices (Conf: 0.7800, Lift: 1.9131, Factor: 1); Toor Dal (Conf: 0.7477, Lift: 1.9363, Factor: 1); Sugar (Conf: 0.6746, Lift: 1.9280, Factor: 1); Other Vegetables (Conf: 0.6667, Lift: 1.4429, Factor: 1); Other Dals (Conf: 0.6639, Lift: 1.4465, Factor: 1); Moong Dal (Conf: 0.6524, Lift: 1.9372, Factor: 1); Sooji & Rava (Conf: 0.5495, Lift: 1.9294, Factor: 1); Raw Peanuts (Conf: 0.4438, Lift: 2.5037, Factor: 1); Beans (Conf: 0.3929, Lift: 0.8834, Factor: 0.5)"
8355025,Moong Dal; Whole Spices; Whole Spices; Other Dals; Whole Spices; Other Dals; Ground Coffee; Avalakki / Poha,Other Vegetables; Beans; Root Vegetables; Toor Dal; Sugar; Gourd & Cucumber; Brinjals; Urad Dal; Sooji & Rava; Raw Rice,"Other Vegetables (Conf: 0.7551, Lift: 1.6343, Factor: 1); Beans (Conf: 0.7172, Lift: 1.6129, Factor: 1); Root Vegetables (Conf: 0.6641, Lift: 1.6303, Factor: 1); Toor Dal (Conf: 0.6222, Lift: 1.6114, Factor: 1); Sugar (Conf: 0.5471, Lift: 1.5635, Factor: 1); Gourd & Cucumber (Conf: 0.5171, Lift: 1.6404, Factor: 1); Brinjals (Conf: 0.5157, Lift: 1.5800, Factor: 1); Urad Dal (Conf: 0.4402, Lift: 1.4873, Factor: 1); Sooji & Rava (Conf: 0.4350, Lift: 1.5276, Factor: 1); Raw Rice (Conf: 0.3793, Lift: 1.6216, Factor: 1)"
8355249,Namkeen; Organic F&V; Aluminium Foil & Cling Wrap; Honey; Moong Dal; Whole Spices; Toor Dal; Root Vegetables; Banana; Raw Rice,Other Vegetables; Other Dals; Beans; Sugar; Brinjals; Gourd & Cucumber; Sooji & Rava; Urad Dal; Sunflower Oils; Raw Peanuts,"Other Vegetables (Conf: 0.7289, Lift: 1.5776, Factor: 1); Other Dals (Conf: 0.7195, Lift: 1.5677, Factor: 1); Beans (Conf: 0.7032, Lift: 1.5813, Factor: 1); Sugar (Conf: 0.5340, Lift: 1.5261, Factor: 1); Brinjals (Conf: 0.4986, Lift: 1.5275, Factor: 1); Gourd & Cucumber (Conf: 0.4952, Lift: 1.5711, Factor: 1); Sooji & Rava (Conf: 0.4491, Lift: 1.5770, Factor: 1); Urad Dal (Conf: 0.4406, Lift: 1.4887, Factor: 1); Sunflower Oils (Conf: 0.2974, Lift: 1.5910, Factor: 1); Raw Peanuts (Conf: 0.2641, Lift: 1.4898, Factor: 1)"
8355842,Whole Spices; Raw Rice; Toor Dal; Raw Peanuts; Whole Spices; Other Dals; Sunflower Oils,Other Vegetables; Beans; Root Vegetables; Sugar; Brinjals; Moong Dal; Gourd & Cucumber; Sooji & Rava; Urad Dal; Banana,"Other Vegetables (Conf: 0.6772, Lift: 1.4658, Factor: 1); Beans (Conf: 0.6542, Lift: 1.4711, Factor: 1); Root Vegetables (Conf: 0.5972, Lift: 1.4661, Factor: 1); Sugar (Conf: 0.5101, Lift: 1.4580, Factor: 1); Brinjals (Conf: 0.4766, Lift: 1.4603, Factor: 1); Moong Dal (Conf: 0.4643, Lift: 1.3785, Factor: 1); Gourd & Cucumber (Conf: 0.4503, Lift: 1.4285, Factor: 1); Sooji & Rava (Conf: 0.3882, Lift: 1.3632, Factor: 1); Urad Dal (Conf: 0.3842, Lift: 1.2983, Factor: 1); Banana (Conf: 0.3000, Lift: 1.3240, Factor: 1)"
8356240,Other Vegetables; Root Vegetables; Gourd & Cucumber; Bread; Besan; Banana,Beans; Whole Spices; Toor Dal; Urad Dal; Sugar; Other Dals; Moong Dal; Sooji & Rava; Brinjals; Raw Peanuts,"Beans (Conf: 0.7817, Lift: 1.7579, Factor: 1); Whole Spices (Conf: 0.7800, Lift: 1.9131, Factor: 1); Toor Dal (Conf: 0.7477, Lift: 1.9363, Factor: 1); Urad Dal (Conf: 0.7059, Lift: 2.3851, Factor: 1); Sugar (Conf: 0.6746, Lift: 1.9280, Factor: 1); Other Dals (Conf: 0.6641, Lift: 1.4469, Factor: 1); Moong Dal (Conf: 0.6524, Lift: 1.9372, Factor: 1); Sooji & Rava (Conf: 0.6202, Lift: 2.1777, Factor: 1); Brinjals (Conf: 0.5778, Lift: 1.7702, Factor: 1); Raw Peanuts (Conf: 0.4225, Lift: 2.3832, Factor: 1)"
8356860,Whole Spices; Vermicelli; Whole Spices; Whole Spices; Cashews; Health Drinks; Other Dals; Whole Spices; Urad Dal; Toor Dal; Toor Dal; Raw Peanuts; Other Dals; Whole Spices,Other Vegetables; Beans; Root Vegetables; Sugar; Moong Dal; Brinjals; Sooji & Rava; Gourd & Cucumber; Raw Rice; Banana,"Other Vegetables (Conf: 0.6197, Lift: 1.3413, Factor: 1); Beans (Conf: 0.5974, Lift: 1.3434, Factor: 1); Root Vegetables (Conf: 0.5465, Lift: 1.3418, Factor: 1); Sugar (Conf: 0.4704, Lift: 1.3444, Factor: 1); Moong Dal (Conf: 0.4465, Lift: 1.3259, Factor: 1); Brinjals (Conf: 0.4330, Lift: 1.3265, Factor: 1); Sooji & Rava (Conf: 0.3789, Lift: 1.3306, Factor: 1); Gourd & Cucumber (Conf: 0.3529, Lift: 1.1197, Factor: 1); Raw Rice (Conf: 0.3118, Lift: 1.3330, Factor: 1); Banana (Conf: 0.3040, Lift: 1.3418, Factor: 1)"
8362837,Besan; Urad Dal; Rice Flour; Sugar; Jaggery; Other Pooja Needs; Toor Dal,Other Vegetables; Other Dals; Beans; Whole Spices; Root Vegetables; Moong Dal; Brinjals; Gourd & Cucumber; Raw Rice; Sooji & Rava,"Other Vegetables (Conf: 0.7097, Lift: 1.5360, Factor: 1); Other Dals (Conf: 0.6923, Lift: 1.5084, Factor: 1); Beans (Conf: 0.6854, Lift: 1.5414, Factor: 1); Whole Spices (Conf: 0.6263, Lift: 1.5361, Factor: 1); Root Vegetables (Conf: 0.6224, Lift: 1.5280, Factor: 1); Moong Dal (Conf: 0.5149, Lift: 1.5286, Factor: 1); Brinjals (Conf: 0.4986, Lift: 1.5275, Factor: 1); Gourd & Cucumber (Conf: 0.4795, Lift: 1.5213, Factor: 1); Raw Rice (Conf: 0.3537, Lift: 1.5122, Factor: 1); Sooji & Rava (Conf: 0.3027, Lift: 1.0630, Factor: 1)"
8374672,Toor Dal; Maida; Raisins; Other Dals; Whole Spices; Mustard Oils; Urad Dal; Cashews,Other Vegetables; Beans; Root Vegetables; Sugar; Moong Dal; Brinjals; Gourd & Cucumber; Sooji & Rava; Raw Rice; Banana,"Other Vegetables (Conf: 0.6488, Lift: 1.4042, Factor: 1); Beans (Conf: 0.6115, Lift: 1.3751, Factor: 1); Root Vegetables (Conf: 0.5694, Lift: 1.3980, Factor: 1); Sugar (Conf: 0.4652, Lift: 1.3294, Factor: 1); Moong Dal (Conf: 0.4643, Lift: 1.3785, Factor: 1); Brinjals (Conf: 0.4581, Lift: 1.4037, Factor: 1); Gourd & Cucumber (Conf: 0.4339, Lift: 1.3764, Factor: 1); Sooji & Rava (Conf: 0.3882, Lift: 1.3632, Factor: 1); Raw Rice (Conf: 0.3278, Lift: 1.4012, Factor: 1); Banana (Conf: 0.3000, Lift: 1.3240, Factor: 1)"
8378408,Brinjals; Toor Dal; Root Vegetables; Root Vegetables; Other Vegetables; Brinjals; Gourd & Cucumber; Beans,Other Dals; Whole Spices; Sugar; Moong Dal; Urad Dal; Sooji & Rava; Raw Rice; Sunflower Oils; Avalakki / Poha; Banana,"Other Dals (Conf: 0.8137, Lift: 1.7730, Factor: 1); Whole Spices (Conf: 0.7257, Lift: 1.7800, Factor: 1); Sugar (Conf: 0.6227, Lift: 1.7797, Factor: 1); Moong Dal (Conf: 0.5976, Lift: 1.7742, Factor: 1); Urad Dal (Conf: 0.5240, Lift: 1.7705, Factor: 1); Sooji & Rava (Conf: 0.5044, Lift: 1.7713, Factor: 1); Raw Rice (Conf: 0.3537, Lift: 1.5122, Factor: 1); Sunflower Oils (Conf: 0.3333, Lift: 1.7835, Factor: 1); Avalakki / Poha (Conf: 0.3019, Lift: 1.7604, Factor: 1); Banana (Conf: 0.3000, Lift: 1.3240, Factor: 1)"
8380659,Other Dals; Root Vegetables; Besan; Whole Spices; Beans; Sooji & Rava; Moong Dal,Other Vegetables; Toor Dal; Sugar; Brinjals; Gourd & Cucumber; Urad Dal; Banana; Raw Rice; Raw Peanuts; Organic F&V,"Other Vegetables (Conf: 0.6641, Lift: 1.4374, Factor: 1); Toor Dal (Conf: 0.5479, Lift: 1.4191, Factor: 1); Sugar (Conf: 0.4935, Lift: 1.4104, Factor: 1); Brinjals (Conf: 0.4651, Lift: 1.4250, Factor: 1); Gourd & Cucumber (Conf: 0.4545, Lift: 1.4420, Factor: 1); Urad Dal (Conf: 0.4187, Lift: 1.4148, Factor: 1); Banana (Conf: 0.3211, Lift: 1.4170, Factor: 1); Raw Rice (Conf: 0.3180, Lift: 1.3595, Factor: 1); Raw Peanuts (Conf: 0.2577, Lift: 1.4538, Factor: 1); Organic F&V (Conf: 0.2507, Lift: 1.4022, Factor: 1)"
8383377,Toor Dal; Basmati Rice; Toor Dal; Whole Spices; Whole Spices; Hand Wash; Shoe Polish,Other Dals; Other Vegetables; Beans; Root Vegetables; Sugar; Urad Dal; Moong Dal; Gourd & Cucumber; Brinjals; Sooji & Rava,"Other Dals (Conf: 0.8025, Lift: 1.7485, Factor: 1); Other Vegetables (Conf: 0.7778, Lift: 1.6833, Factor: 1); Beans (Conf: 0.7032, Lift: 1.5813, Factor: 1); Root Vegetables (Conf: 0.6812, Lift: 1.6723, Factor: 1); Sugar (Conf: 0.6790, Lift: 1.9406, Factor: 1); Urad Dal (Conf: 0.5860, Lift: 1.9801, Factor: 1); Moong Dal (Conf: 0.5758, Lift: 1.7095, Factor: 1); Gourd & Cucumber (Conf: 0.5361, Lift: 1.7008, Factor: 1); Brinjals (Conf: 0.5338, Lift: 1.6353, Factor: 1); Sooji & Rava (Conf: 0.4704, Lift: 1.6518, Factor: 1)"
8384422,"Glucose, Marie & Milk Biscuits; Raw Peanuts; Other Dals; Moong Dal; Moong Dal; Salty Biscuits; Urad Dal; Toor Dal",Other Vegetables; Beans; Whole Spices; Root Vegetables; Sugar; Brinjals; Gourd & Cucumber; Sooji & Rava; Banana; Raw Rice,"Other Vegetables (Conf: 0.6488, Lift: 1.4042, Factor: 1); Beans (Conf: 0.6259, Lift: 1.4075, Factor: 1); Whole Spices (Conf: 0.5768, Lift: 1.4148, Factor: 1); Root Vegetables (Conf: 0.5677, Lift: 1.3938, Factor: 1); Sugar (Conf: 0.4704, Lift: 1.3444, Factor: 1); Brinjals (Conf: 0.4589, Lift: 1.4060, Factor: 1); Gourd & Cucumber (Conf: 0.4412, Lift: 1.3996, Factor: 1); Sooji & Rava (Conf: 0.3776, Lift: 1.3259, Factor: 1); Banana (Conf: 0.3211, Lift: 1.4170, Factor: 1); Raw Rice (Conf: 0.3172, Lift: 1.3561, Factor: 1)"
8385399,Maida; Cooking Paste; Ghee; Sugar; Cooking Paste; Cream Biscuits; Whole Spices; Yogurt & Lassi,Other Dals; Other Vegetables; Toor Dal; Beans; Root Vegetables; Urad Dal; Moong Dal; Brinjals; Gourd & Cucumber; Sooji & Rava,"Other Dals (Conf: 0.8247, Lift: 1.7970, Factor: 1); Other Vegetables (Conf: 0.7778, Lift: 1.6833, Factor: 1); Toor Dal (Conf: 0.7719, Lift: 1.9992, Factor: 1); Beans (Conf: 0.7032, Lift: 1.5813, Factor: 1); Root Vegetables (Conf: 0.6812, Lift: 1.6723, Factor: 1); Urad Dal (Conf: 0.5934, Lift: 2.0051, Factor: 1); Moong Dal (Conf: 0.5833, Lift: 1.7320, Factor: 1); Brinjals (Conf: 0.5267, Lift: 1.6138, Factor: 1); Gourd & Cucumber (Conf: 0.5155, Lift: 1.6354, Factor: 1); Sooji & Rava (Conf: 0.4704, Lift: 1.6518, Factor: 1)"
