basket_id,basket_skus,basket_names,recommended_skus,recommended_names,recommended_details
7341985,34987567; 15668455; 15669869; 15669860; 15668462; 15669817; 15669823; 15669863,Whole Spices; Brinjals; Moong Dal; Moong Dal; Gourd & Cucumber; Whole Spices; Whole Spices; Moong Dal,15668381; 15668379; 15668688; 15668478; 15669860; 15668378; 15668467; 15668465,Other Vegetables; Other Vegetables; Root Vegetables; Banana; Moong Dal; Other Vegetables; Beans; Root Vegetables,"15668381 (Other Vegetables) - Conf: 0.4010, Lift: 1.9633, Factor: 1; 15668379 (Other Vegetables) - Conf: 0.2946, Lift: 1.5960, Factor: 1; 15668688 (Root Vegetables) - Conf: 0.2756, Lift: 1.4836, Factor: 1; 15668478 (Banana) - Conf: 0.1887, Lift: 1.3233, Factor: 1; 15669860 (Moong Dal) - Conf: 0.1865, Lift: 1.7348, Factor: 1; 15668378 (Other Vegetables) - Conf: 0.1805, Lift: 1.3231, Factor: 1; 15668467 (Beans) - Conf: 0.1775, Lift: 1.3195, Factor: 1; 15668465 (Root Vegetables) - Conf: 0.1712, Lift: 1.3221, Factor: 1"
7344710,15668462; 15669825; 15669772; 15668467; 15668465; 7580855; 15668381,Gourd & Cucumber; Boiled Rice; Other Dals; Beans; Root Vegetables; Other Oils; Other Vegetables,15668460; 15668381; 15669760; 15668688; 15669878; 15668379; 15668462; 15668467; 15668478; 15668378,Gourd & Cucumber; Other Vegetables; Whole Spices; Root Vegetables; Toor Dal; Other Vegetables; Gourd & Cucumber; Beans; Banana; Other Vegetables,"15668460 (Gourd & Cucumber) - Conf: 0.4554, Lift: 2.4674, Factor: 1; 15668381 (Other Vegetables) - Conf: 0.4010, Lift: 1.9633, Factor: 1; 15669760 (Whole Spices) - Conf: 0.3992, Lift: 3.3414, Factor: 1; 15668688 (Root Vegetables) - Conf: 0.3189, Lift: 1.7170, Factor: 1; 15669878 (Toor Dal) - Conf: 0.2975, Lift: 1.7348, Factor: 1; 15668379 (Other Vegetables) - Conf: 0.2946, Lift: 1.5960, Factor: 1; 15668462 (Gourd & Cucumber) - Conf: 0.2579, Lift: 2.0591, Factor: 1; 15668467 (Beans) - Conf: 0.2531, Lift: 1.8820, Factor: 1; 15668478 (Banana) - Conf: 0.2448, Lift: 1.7170, Factor: 1; 15668378 (Other Vegetables) - Conf: 0.2317, Lift: 1.6987, Factor: 1"
7345164,92435740; 7625765; 34986328; 15668451; 7689353; 15668474; 15668378; 15668467; 15668465; 15669824,Cooking Sauce; Sunflower Oils; Toor Dal; Brinjals; Ground Coffee; Beans; Other Vegetables; Beans; Root Vegetables; Raw Rice,15668460; 15669869; 15668688; 15668381; 15669821; 15668467; 15668379; 15669878; 15668462; 15668458,Gourd & Cucumber; Moong Dal; Root Vegetables; Other Vegetables; Whole Spices; Beans; Other Vegetables; Toor Dal; Gourd & Cucumber; Brinjals,"15668460 (Gourd & Cucumber) - Conf: 0.4554, Lift: 2.4674, Factor: 1; 15669869 (Moong Dal) - Conf: 0.3287, Lift: 2.5928, Factor: 1; 15668688 (Root Vegetables) - Conf: 0.3189, Lift: 1.7170, Factor: 1; 15668381 (Other Vegetables) - Conf: 0.3171, Lift: 1.5525, Factor: 1; 15669821 (Whole Spices) - Conf: 0.3065, Lift: 3.3414, Factor: 1; 15668467 (Beans) - Conf: 0.2797, Lift: 2.0794, Factor: 1; 15668379 (Other Vegetables) - Conf: 0.2698, Lift: 1.4617, Factor: 1; 15669878 (Toor Dal) - Conf: 0.2516, Lift: 1.4669, Factor: 1; 15668462 (Gourd & Cucumber) - Conf: 0.2338, Lift: 1.8670, Factor: 1; 15668458 (Brinjals) - Conf: 0.1921, Lift: 2.4674, Factor: 1"
7347668,15669817; 15668378; 15669874; 15669777; 15669884; 15669869; 15669878; 34989595; 15669887; 15669804; 15668381; 15669861; 15668375; 7624786; 15669994; 15669821,Whole Spices; Other Vegetables; Avalakki / Poha; Urad Dal; Whole Spices; Moong Dal; Toor Dal; Raisins; Maida; Cashews; Other Vegetables; Raw Peanuts; Root Vegetables; Ghee; Other Dals; Whole Spices,15669760; 15668381; 15669869; 15669821; 15668460; 15668688; 15669878; 15668467; 15668462; 15668379,Whole Spices; Other Vegetables; Moong Dal; Whole Spices; Gourd & Cucumber; Root Vegetables; Toor Dal; Beans; Gourd & Cucumber; Other Vegetables,"15669760 (Whole Spices) - Conf: 0.3992, Lift: 3.3414, Factor: 1; 15668381 (Other Vegetables) - Conf: 0.3695, Lift: 1.8093, Factor: 1; 15669869 (Moong Dal) - Conf: 0.3287, Lift: 2.5928, Factor: 1; 15669821 (Whole Spices) - Conf: 0.3065, Lift: 3.3414, Factor: 1; 15668460 (Gourd & Cucumber) - Conf: 0.3037, Lift: 1.6454, Factor: 1; 15668688 (Root Vegetables) - Conf: 0.3027, Lift: 1.6298, Factor: 1; 15669878 (Toor Dal) - Conf: 0.2975, Lift: 1.7348, Factor: 1; 15668467 (Beans) - Conf: 0.2797, Lift: 2.0794, Factor: 1; 15668462 (Gourd & Cucumber) - Conf: 0.2579, Lift: 2.0591, Factor: 1; 15668379 (Other Vegetables) - Conf: 0.2492, Lift: 1.3502, Factor: 1"
7348817,7580855; 21408952; 15669829; 15670267; 15669776; 15668478; 7541573,"Other Oils; Whole Spices; Raw Rice; Toor Dal; Other Dals; Banana; Glucose, Marie & Milk Biscuits",15668379; 15668688; 15668465; 15669863,Other Vegetables; Root Vegetables; Root Vegetables; Moong Dal,"15668379 (Other Vegetables) - Conf: 0.3008, Lift: 1.6298, Factor: 1; 15668688 (Root Vegetables) - Conf: 0.2585, Lift: 1.3917, Factor: 1; 15668465 (Root Vegetables) - Conf: 0.2378, Lift: 1.8369, Factor: 1; 15669863 (Moong Dal) - Conf: 0.1820, Lift: 1.4669, Factor: 1"
7353545,15669762; 15668380; 15668458; 15669832; 93174226; 15669869; 7578341; 15668460; 15669778,Urad Dal; Other Vegetables; Brinjals; Sugar; Body Wash; Moong Dal; Chilli & Soya Sauces; Gourd & Cucumber; Other Dals,15668688; 15668460; 15668381; 15669777; 15669878; 15668478; 15669780; 15668467; 15668465; 15668468,Root Vegetables; Gourd & Cucumber; Other Vegetables; Urad Dal; Toor Dal; Banana; Sugar; Beans; Root Vegetables; Beans,"15668688 (Root Vegetables) - Conf: 0.3690, Lift: 1.9869, Factor: 1; 15668460 (Gourd & Cucumber) - Conf: 0.3340, Lift: 1.8093, Factor: 1; 15668381 (Other Vegetables) - Conf: 0.3266, Lift: 1.5993, Factor: 1; 15669777 (Urad Dal) - Conf: 0.2888, Lift: 2.5928, Factor: 1; 15669878 (Toor Dal) - Conf: 0.2736, Lift: 1.5952, Factor: 1; 15668478 (Banana) - Conf: 0.2276, Lift: 1.5960, Factor: 1; 15669780 (Sugar) - Conf: 0.2270, Lift: 1.5338, Factor: 1; 15668467 (Beans) - Conf: 0.2151, Lift: 1.5993, Factor: 1; 15668465 (Root Vegetables) - Conf: 0.2000, Lift: 1.5446, Factor: 1; 15668468 (Beans) - Conf: 0.1962, Lift: 1.5525, Factor: 1"
7362980,15668467; 15668449; 15669977; 7572300; 15668378; 7613346; 7753740,Beans; Exotic Vegetables; Almonds; Namkeen; Other Vegetables; Honey; Health Drinks,15668460; 15669869; 15668381; 15669821; 15668467; 15668462; 15668458; 15668468,Gourd & Cucumber; Moong Dal; Other Vegetables; Whole Spices; Beans; Gourd & Cucumber; Brinjals; Beans,"15668460 (Gourd & Cucumber) - Conf: 0.4554, Lift: 2.4674, Factor: 1; 15669869 (Moong Dal) - Conf: 0.3287, Lift: 2.5928, Factor: 1; 15668381 (Other Vegetables) - Conf: 0.3171, Lift: 1.5525, Factor: 1; 15669821 (Whole Spices) - Conf: 0.3065, Lift: 3.3414, Factor: 1; 15668467 (Beans) - Conf: 0.2797, Lift: 2.0794, Factor: 1; 15668462 (Gourd & Cucumber) - Conf: 0.2338, Lift: 1.8670, Factor: 1; 15668458 (Brinjals) - Conf: 0.1921, Lift: 2.4674, Factor: 1; 15668468 (Beans) - Conf: 0.1846, Lift: 1.4609, Factor: 1"
7366964,15669878; 15669879; 15669792; 15668468; 15668688; 15668379; 15669799; 15669993; 15669828; 15668451,Toor Dal; Other Dals; Other Dry Fruits; Beans; Root Vegetables; Other Vegetables; Raisins; Other Dals; Boiled Rice; Brinjals,15668688; 15668460; 15668379; 15668381; 15668378; 15668467; 15669878; 15668478; 15668465; 15668468,Root Vegetables; Gourd & Cucumber; Other Vegetables; Other Vegetables; Other Vegetables; Beans; Toor Dal; Banana; Root Vegetables; Beans,"15668688 (Root Vegetables) - Conf: 0.3496, Lift: 1.8820, Factor: 1; 15668460 (Gourd & Cucumber) - Conf: 0.3446, Lift: 1.8670, Factor: 1; 15668379 (Other Vegetables) - Conf: 0.3415, Lift: 1.8499, Factor: 1; 15668381 (Other Vegetables) - Conf: 0.3155, Lift: 1.5446, Factor: 1; 15668378 (Other Vegetables) - Conf: 0.2837, Lift: 2.0794, Factor: 1; 15668467 (Beans) - Conf: 0.2769, Lift: 2.0591, Factor: 1; 15669878 (Toor Dal) - Conf: 0.2630, Lift: 1.5338, Factor: 1; 15668478 (Banana) - Conf: 0.2619, Lift: 1.8369, Factor: 1; 15668465 (Root Vegetables) - Conf: 0.2573, Lift: 1.9869, Factor: 1; 15668468 (Beans) - Conf: 0.2338, Lift: 1.8499, Factor: 1"
7368676,7601938; 15669786; 15670267; 15669881; 15669815; 93289485; 7570488; 15669863,Cotton & Bandages; Avalakki / Poha; Toor Dal; Sooji & Rava; Jaggery; Phenyles & Acids; Toilet Cleaners; Moong Dal,15668465,Root Vegetables,"15668465 (Root Vegetables) - Conf: 0.1712, Lift: 1.3221, Factor: 1"
7369866,15670269; 15669772; 15668375; 15669866; 15668380; 21409004; 15668465,Other Dals; Other Dals; Root Vegetables; Other Dals; Other Vegetables; Other Dals; Root Vegetables,15668688; 15668381; 15668379; 15668467; 15669878; 15669869,Root Vegetables; Other Vegetables; Other Vegetables; Beans; Toor Dal; Moong Dal,"15668688 (Root Vegetables) - Conf: 0.3189, Lift: 1.7170, Factor: 1; 15668381 (Other Vegetables) - Conf: 0.3015, Lift: 1.4764, Factor: 1; 15668379 (Other Vegetables) - Conf: 0.2698, Lift: 1.4617, Factor: 1; 15668467 (Beans) - Conf: 0.2531, Lift: 1.8820, Factor: 1; 15669878 (Toor Dal) - Conf: 0.2516, Lift: 1.4669, Factor: 1; 15669869 (Moong Dal) - Conf: 0.2022, Lift: 1.5952, Factor: 1"
7369894,15670260; 15670241; 34987220; 15668416; 7570497; 15670157,Organic F&V; Organic F&V; Ice Creams & Desserts; Banana; Toothpaste; Organic F&V,,,
7370585,15669863; 15668687; 34987569; 15669773; 15669769; 34986328; 15668378,Moong Dal; Root Vegetables; Powdered Spices; Urad Dal; Other Dals; Toor Dal; Other Vegetables,15669869; 15669821; 15668467; 15668458; 15668465,Moong Dal; Whole Spices; Beans; Brinjals; Root Vegetables,"15669869 (Moong Dal) - Conf: 0.3287, Lift: 2.5928, Factor: 1; 15669821 (Whole Spices) - Conf: 0.3065, Lift: 3.3414, Factor: 1; 15668467 (Beans) - Conf: 0.2797, Lift: 2.0794, Factor: 1; 15668458 (Brinjals) - Conf: 0.1921, Lift: 2.4674, Factor: 1; 15668465 (Root Vegetables) - Conf: 0.1712, Lift: 1.3221, Factor: 1"
7377566,15669816; 15669961; 15669869; 15669778; 15669988; 15668380; 15669957; 15669765; 21409004; 15669976; 34986125; 15668460; 15669763; 15668377; 15669817,Other Dals; Other Dry Fruits; Moong Dal; Other Dals; Other Dals; Other Vegetables; Other Dry Fruits; Urad Dal; Other Dals; Almonds; Whole Spices; Gourd & Cucumber; Other Dals; Root Vegetables; Whole Spices,15668688; 15668460; 15669777; 15669878; 15668478; 15669780; 15668467; 15668465; 15668468,Root Vegetables; Gourd & Cucumber; Urad Dal; Toor Dal; Banana; Sugar; Beans; Root Vegetables; Beans,"15668688 (Root Vegetables) - Conf: 0.3690, Lift: 1.9869, Factor: 1; 15668460 (Gourd & Cucumber) - Conf: 0.3340, Lift: 1.8093, Factor: 1; 15669777 (Urad Dal) - Conf: 0.2888, Lift: 2.5928, Factor: 1; 15669878 (Toor Dal) - Conf: 0.2736, Lift: 1.5952, Factor: 1; 15668478 (Banana) - Conf: 0.2276, Lift: 1.5960, Factor: 1; 15669780 (Sugar) - Conf: 0.2270, Lift: 1.5338, Factor: 1; 15668467 (Beans) - Conf: 0.2151, Lift: 1.5993, Factor: 1; 15668465 (Root Vegetables) - Conf: 0.2000, Lift: 1.5446, Factor: 1; 15668468 (Beans) - Conf: 0.1962, Lift: 1.5525, Factor: 1"
7381183,15668381; 7624788; 7580802; 15668379; 15668467; 15669878; 15668455; 15669829; 15669764; 15669856,Other Vegetables; Ghee; Sunflower Oils; Other Vegetables; Beans; Toor Dal; Brinjals; Raw Rice; Besan; Sugar,15668460; 15669760; 15668381; 15668688; 15668379; 15669878; 15668467; 15668478; 15668462; 15668465,Gourd & Cucumber; Whole Spices; Other Vegetables; Root Vegetables; Other Vegetables; Toor Dal; Beans; Banana; Gourd & Cucumber; Root Vegetables,"15668460 (Gourd & Cucumber) - Conf: 0.4554, Lift: 2.4674, Factor: 1; 15669760 (Whole Spices) - Conf: 0.3992, Lift: 3.3414, Factor: 1; 15668381 (Other Vegetables) - Conf: 0.3695, Lift: 1.8093, Factor: 1; 15668688 (Root Vegetables) - Conf: 0.3496, Lift: 1.8820, Factor: 1; 15668379 (Other Vegetables) - Conf: 0.3415, Lift: 1.8499, Factor: 1; 15669878 (Toor Dal) - Conf: 0.2975, Lift: 1.7348, Factor: 1; 15668467 (Beans) - Conf: 0.2769, Lift: 2.0591, Factor: 1; 15668478 (Banana) - Conf: 0.2619, Lift: 1.8369, Factor: 1; 15668462 (Gourd & Cucumber) - Conf: 0.2579, Lift: 2.0591, Factor: 1; 15668465 (Root Vegetables) - Conf: 0.2573, Lift: 1.9869, Factor: 1"
7382432,15668457; 15668380; 15668468; 7572432; 7623116; 15668375; 15668462; 15668381; 15669856,Brinjals; Other Vegetables; Beans; Cooking Paste; Liquid Soaps & Bars; Root Vegetables; Gourd & Cucumber; Other Vegetables; Sugar,15668381; 15669760; 15668460; 15668688; 15669878; 15668379; 15668462; 15668478; 15668468; 15668378,Other Vegetables; Whole Spices; Gourd & Cucumber; Root Vegetables; Toor Dal; Other Vegetables; Gourd & Cucumber; Banana; Beans; Other Vegetables,"15668381 (Other Vegetables) - Conf: 0.4010, Lift: 1.9633, Factor: 1; 15669760 (Whole Spices) - Conf: 0.3992, Lift: 3.3414, Factor: 1; 15668460 (Gourd & Cucumber) - Conf: 0.3037, Lift: 1.6454, Factor: 1; 15668688 (Root Vegetables) - Conf: 0.3027, Lift: 1.6298, Factor: 1; 15669878 (Toor Dal) - Conf: 0.2975, Lift: 1.7348, Factor: 1; 15668379 (Other Vegetables) - Conf: 0.2946, Lift: 1.5960, Factor: 1; 15668462 (Gourd & Cucumber) - Conf: 0.2579, Lift: 2.0591, Factor: 1; 15668478 (Banana) - Conf: 0.2448, Lift: 1.7170, Factor: 1; 15668468 (Beans) - Conf: 0.2338, Lift: 1.8499, Factor: 1; 15668378 (Other Vegetables) - Conf: 0.2317, Lift: 1.6987, Factor: 1"
7382539,34986135; 21409004; 15669863; 92388008; 15669773; 15669763,Whole Spices; Other Dals; Moong Dal; Namkeen; Urad Dal; Other Dals,15668465,Root Vegetables,"15668465 (Root Vegetables) - Conf: 0.1712, Lift: 1.3221, Factor: 1"
7384012,15669760; 15668379; 34986112; 34986119; 15668451; 15669823; 7611899; 15669777; 15669773; 15669821,Whole Spices; Other Vegetables; Whole Spices; Whole Spices; Brinjals; Whole Spices; Honey; Urad Dal; Urad Dal; Whole Spices,15668688; 15668460; 15668379; 15668467; 15668381; 15668478; 15668465; 15668468; 15668685,Root Vegetables; Gourd & Cucumber; Other Vegetables; Beans; Other Vegetables; Banana; Root Vegetables; Beans; Beans,"15668688 (Root Vegetables) - Conf: 0.3496, Lift: 1.8820, Factor: 1; 15668460 (Gourd & Cucumber) - Conf: 0.3446, Lift: 1.8670, Factor: 1; 15668379 (Other Vegetables) - Conf: 0.3415, Lift: 1.8499, Factor: 1; 15668467 (Beans) - Conf: 0.2769, Lift: 2.0591, Factor: 1; 15668381 (Other Vegetables) - Conf: 0.2703, Lift: 1.3233, Factor: 1; 15668478 (Banana) - Conf: 0.2619, Lift: 1.8369, Factor: 1; 15668465 (Root Vegetables) - Conf: 0.2573, Lift: 1.9869, Factor: 1; 15668468 (Beans) - Conf: 0.1754, Lift: 1.3874, Factor: 1; 15668685 (Beans) - Conf: 0.1528, Lift: 1.9633, Factor: 1"
7387521,15669769; 7580802; 15669824; 15669825; 34986125; 15669767; 15669869; 15670271; 15669970,Other Dals; Sunflower Oils; Raw Rice; Boiled Rice; Whole Spices; Urad Dal; Moong Dal; Other Dals; Cashews,15668478; 15668467,Banana; Beans,"15668478 (Banana) - Conf: 0.1887, Lift: 1.3233, Factor: 1; 15668467 (Beans) - Conf: 0.1775, Lift: 1.3195, Factor: 1"
7387995,15669887; 15669770; 15669957; 15668472; 15668378; 29247044; 15668688; 15669872; 7684032; 15668381; 15668463; 15669857,Maida; Other Flours; Other Dry Fruits; Beans; Other Vegetables; Besan; Root Vegetables; Avalakki / Poha; Phenyles & Acids; Other Vegetables; Gourd & Cucumber; Raw Peanuts,15669760; 15668381; 15669869; 15669821; 15668460; 15668688; 15669878; 15668378; 15668467; 15668462,Whole Spices; Other Vegetables; Moong Dal; Whole Spices; Gourd & Cucumber; Root Vegetables; Toor Dal; Other Vegetables; Beans; Gourd & Cucumber,"15669760 (Whole Spices) - Conf: 0.3992, Lift: 3.3414, Factor: 1; 15668381 (Other Vegetables) - Conf: 0.3695, Lift: 1.8093, Factor: 1; 15669869 (Moong Dal) - Conf: 0.3287, Lift: 2.5928, Factor: 1; 15669821 (Whole Spices) - Conf: 0.3065, Lift: 3.3414, Factor: 1; 15668460 (Gourd & Cucumber) - Conf: 0.3037, Lift: 1.6454, Factor: 1; 15668688 (Root Vegetables) - Conf: 0.3027, Lift: 1.6298, Factor: 1; 15669878 (Toor Dal) - Conf: 0.2975, Lift: 1.7348, Factor: 1; 15668378 (Other Vegetables) - Conf: 0.2837, Lift: 2.0794, Factor: 1; 15668467 (Beans) - Conf: 0.2797, Lift: 2.0794, Factor: 1; 15668462 (Gourd & Cucumber) - Conf: 0.2579, Lift: 2.0591, Factor: 1"
7389900,15668460; 15668521; 7569801; 15669764; 15668378; 15669856; 15669773,Gourd & Cucumber; Bread; Namkeen; Besan; Other Vegetables; Sugar; Urad Dal,15668688; 15668460; 15669869; 15669821; 15669777; 15668467; 15669878; 15668478; 15669780; 15668465,Root Vegetables; Gourd & Cucumber; Moong Dal; Whole Spices; Urad Dal; Beans; Toor Dal; Banana; Sugar; Root Vegetables,"15668688 (Root Vegetables) - Conf: 0.3690, Lift: 1.9869, Factor: 1; 15668460 (Gourd & Cucumber) - Conf: 0.3340, Lift: 1.8093, Factor: 1; 15669869 (Moong Dal) - Conf: 0.3287, Lift: 2.5928, Factor: 1; 15669821 (Whole Spices) - Conf: 0.3065, Lift: 3.3414, Factor: 1; 15669777 (Urad Dal) - Conf: 0.2888, Lift: 2.5928, Factor: 1; 15668467 (Beans) - Conf: 0.2797, Lift: 2.0794, Factor: 1; 15669878 (Toor Dal) - Conf: 0.2736, Lift: 1.5952, Factor: 1; 15668478 (Banana) - Conf: 0.2276, Lift: 1.5960, Factor: 1; 15669780 (Sugar) - Conf: 0.2270, Lift: 1.5338, Factor: 1; 15668465 (Root Vegetables) - Conf: 0.2000, Lift: 1.5446, Factor: 1"
7397516,15669883; 15669783; 15669866; 15669870; 7624790; 7586497; 15669880; 7575499; 15669764; 15669767; 7580823,Rice Flour; Sooji & Rava; Other Dals; Sooji & Rava; Ghee; Namkeen; Sooji & Rava; Aluminium Foil & Cling Wrap; Besan; Urad Dal; Sunflower Oils,15668462,Gourd & Cucumber,"15668462 (Gourd & Cucumber) - Conf: 0.1691, Lift: 1.3502, Factor: 1"
7397712,15668453; 29247044; 15669769; 34987110; 15669860; 15669884; 15669872,Brinjals; Besan; Other Dals; Curd; Moong Dal; Whole Spices; Avalakki / Poha,15668378,Other Vegetables,"15668378 (Other Vegetables) - Conf: 0.1805, Lift: 1.3231, Factor: 1"
7399616,34986123; 15670168; 15670157; 15670259; 15668449; 15670251; 15668416; 15668480; 15670248; 92978776,Whole Spices; Organic F&V; Organic F&V; Organic F&V; Exotic Vegetables; Organic F&V; Banana; Bread; Organic F&V; Basmati Rice,,,
7402891,7735760; 15668473; 15668462; 15669785; 15669864; 15668457; 15668469; 7642810; 15668467,Namkeen; Beans; Gourd & Cucumber; Boiled Rice; Other Dals; Brinjals; Beans; Basmati Rice; Beans,15668460; 15668381; 15668379; 15668688; 15668462; 15669860; 15668468,Gourd & Cucumber; Other Vegetables; Other Vegetables; Root Vegetables; Gourd & Cucumber; Moong Dal; Beans,"15668460 (Gourd & Cucumber) - Conf: 0.4554, Lift: 2.4674, Factor: 1; 15668381 (Other Vegetables) - Conf: 0.4010, Lift: 1.9633, Factor: 1; 15668379 (Other Vegetables) - Conf: 0.2946, Lift: 1.5960, Factor: 1; 15668688 (Root Vegetables) - Conf: 0.2756, Lift: 1.4836, Factor: 1; 15668462 (Gourd & Cucumber) - Conf: 0.2338, Lift: 1.8670, Factor: 1; 15669860 (Moong Dal) - Conf: 0.1865, Lift: 1.7348, Factor: 1; 15668468 (Beans) - Conf: 0.1846, Lift: 1.4609, Factor: 1"
7403298,7574242; 15669875; 15668375; 7624788; 7630967; 7572303; 15669860; 7580089; 7587656; 15670269,Vermicelli; Toor Dal; Root Vegetables; Ghee; Regular Pasta; Namkeen; Moong Dal; Ice Creams & Desserts; Organic Rice & Rice Products; Other Dals,15668378,Other Vegetables,"15668378 (Other Vegetables) - Conf: 0.1805, Lift: 1.3231, Factor: 1"
7403661,15669822; 34989674; 15669994; 15669791; 15669769; 15670270,Other Dals; Other Oils; Other Dals; Raw Rice; Other Dals; Other Dals,,,
7406145,15669764; 15669880; 15669795; 15669791; 15669782; 15669776; 15669863; 15669792; 15669760; 7726260; 15669770; 7574197,Besan; Sooji & Rava; Other Dry Fruits; Raw Rice; Raw Rice; Other Dals; Moong Dal; Other Dry Fruits; Whole Spices; Other Oils; Other Flours; Vermicelli,15668468; 15668465; 15668462,Beans; Root Vegetables; Gourd & Cucumber,"15668468 (Beans) - Conf: 0.1754, Lift: 1.3874, Factor: 1; 15668465 (Root Vegetables) - Conf: 0.1712, Lift: 1.3221, Factor: 1; 15668462 (Gourd & Cucumber) - Conf: 0.1691, Lift: 1.3502, Factor: 1"
7406752,15668468; 15669859; 15669864; 15668379; 7541573; 15668688; 15669856,"Beans; Toor Dal; Other Dals; Other Vegetables; Glucose, Marie & Milk Biscuits; Root Vegetables; Sugar",15668688; 15668460; 15668379; 15668381; 15668378; 15668467; 15669878; 15668478; 15668465; 15668468,Root Vegetables; Gourd & Cucumber; Other Vegetables; Other Vegetables; Other Vegetables; Beans; Toor Dal; Banana; Root Vegetables; Beans,"15668688 (Root Vegetables) - Conf: 0.3496, Lift: 1.8820, Factor: 1; 15668460 (Gourd & Cucumber) - Conf: 0.3446, Lift: 1.8670, Factor: 1; 15668379 (Other Vegetables) - Conf: 0.3415, Lift: 1.8499, Factor: 1; 15668381 (Other Vegetables) - Conf: 0.3155, Lift: 1.5446, Factor: 1; 15668378 (Other Vegetables) - Conf: 0.2837, Lift: 2.0794, Factor: 1; 15668467 (Beans) - Conf: 0.2769, Lift: 2.0591, Factor: 1; 15669878 (Toor Dal) - Conf: 0.2630, Lift: 1.5338, Factor: 1; 15668478 (Banana) - Conf: 0.2619, Lift: 1.8369, Factor: 1; 15668465 (Root Vegetables) - Conf: 0.2573, Lift: 1.9869, Factor: 1; 15668468 (Beans) - Conf: 0.2338, Lift: 1.8499, Factor: 1"
7409204,15669778; 15669763; 15668379; 15669772; 15669764; 15668457; 15668688; 15668478,Other Dals; Other Dals; Other Vegetables; Other Dals; Besan; Brinjals; Root Vegetables; Banana,15668688; 15668460; 15668379; 15668381; 15668378; 15668467; 15669878; 15668478; 15668465; 15669863,Root Vegetables; Gourd & Cucumber; Other Vegetables; Other Vegetables; Other Vegetables; Beans; Toor Dal; Banana; Root Vegetables; Moong Dal,"15668688 (Root Vegetables) - Conf: 0.3496, Lift: 1.8820, Factor: 1; 15668460 (Gourd & Cucumber) - Conf: 0.3446, Lift: 1.8670, Factor: 1; 15668379 (Other Vegetables) - Conf: 0.3415, Lift: 1.8499, Factor: 1; 15668381 (Other Vegetables) - Conf: 0.2985, Lift: 1.4617, Factor: 1; 15668378 (Other Vegetables) - Conf: 0.2837, Lift: 2.0794, Factor: 1; 15668467 (Beans) - Conf: 0.2769, Lift: 2.0591, Factor: 1; 15669878 (Toor Dal) - Conf: 0.2630, Lift: 1.5338, Factor: 1; 15668478 (Banana) - Conf: 0.2619, Lift: 1.8369, Factor: 1; 15668465 (Root Vegetables) - Conf: 0.2573, Lift: 1.9869, Factor: 1; 15669863 (Moong Dal) - Conf: 0.1820, Lift: 1.4669, Factor: 1"
7410387,15668462; 15668685; 15668474; 93176431; 7640186; 15668457; 15669780,Gourd & Cucumber; Beans; Beans; Namkeen; Honey; Brinjals; Sugar,15668381; 15668379; 15668688; 15668460; 15669860,Other Vegetables; Other Vegetables; Root Vegetables; Gourd & Cucumber; Moong Dal,"15668381 (Other Vegetables) - Conf: 0.4010, Lift: 1.9633, Factor: 1; 15668379 (Other Vegetables) - Conf: 0.2976, Lift: 1.6124, Factor: 1; 15668688 (Root Vegetables) - Conf: 0.2756, Lift: 1.4836, Factor: 1; 15668460 (Gourd & Cucumber) - Conf: 0.2443, Lift: 1.3233, Factor: 1; 15669860 (Moong Dal) - Conf: 0.1865, Lift: 1.7348, Factor: 1"
7412276,21409002; 15668469; 15669869; 15669777; 15669818; 15668463; 15668453; 15669821; 15669772,Moong Dal; Beans; Moong Dal; Urad Dal; Whole Spices; Gourd & Cucumber; Brinjals; Whole Spices; Other Dals,15668381; 15668460; 15668478; 15668467,Other Vegetables; Gourd & Cucumber; Banana; Beans,"15668381 (Other Vegetables) - Conf: 0.2703, Lift: 1.3233, Factor: 1; 15668460 (Gourd & Cucumber) - Conf: 0.2561, Lift: 1.3874, Factor: 1; 15668478 (Banana) - Conf: 0.1887, Lift: 1.3233, Factor: 1; 15668467 (Beans) - Conf: 0.1775, Lift: 1.3195, Factor: 1"
7414189,93289486; 15668688; 15668457; 93176431; 15669782; 7621686; 7630963,Phenyles & Acids; Root Vegetables; Brinjals; Namkeen; Raw Rice; Butter & Cream; Tomato Ketchup,15668381; 15668378; 15668688; 15669878; 15668465,Other Vegetables; Other Vegetables; Root Vegetables; Toor Dal; Root Vegetables,"15668381 (Other Vegetables) - Conf: 0.2985, Lift: 1.4617, Factor: 1; 15668378 (Other Vegetables) - Conf: 0.2837, Lift: 2.0794, Factor: 1; 15668688 (Root Vegetables) - Conf: 0.2713, Lift: 1.4609, Factor: 1; 15669878 (Toor Dal) - Conf: 0.2630, Lift: 1.5338, Factor: 1; 15668465 (Root Vegetables) - Conf: 0.2350, Lift: 1.8146, Factor: 1"
7416338,15669822; 15669799; 15669994; 15669782; 15669786; 15668451; 15669772; 15668688,Other Dals; Raisins; Other Dals; Raw Rice; Avalakki / Poha; Brinjals; Other Dals; Root Vegetables,15668381; 15668378; 15668688; 15669878; 15668465,Other Vegetables; Other Vegetables; Root Vegetables; Toor Dal; Root Vegetables,"15668381 (Other Vegetables) - Conf: 0.2985, Lift: 1.4617, Factor: 1; 15668378 (Other Vegetables) - Conf: 0.2837, Lift: 2.0794, Factor: 1; 15668688 (Root Vegetables) - Conf: 0.2713, Lift: 1.4609, Factor: 1; 15669878 (Toor Dal) - Conf: 0.2630, Lift: 1.5338, Factor: 1; 15668465 (Root Vegetables) - Conf: 0.2350, Lift: 1.8146, Factor: 1"
7417942,15669764; 93289485; 15668521; 7653522; 7634445; 34986122; 15669878,Besan; Phenyles & Acids; Bread; Namkeen; Sunflower Oils; Whole Spices; Toor Dal,15668379; 15668688; 15668460; 15668462,Other Vegetables; Root Vegetables; Gourd & Cucumber; Gourd & Cucumber,"15668379 (Other Vegetables) - Conf: 0.2492, Lift: 1.3502, Factor: 1; 15668688 (Root Vegetables) - Conf: 0.2458, Lift: 1.3231, Factor: 1; 15668460 (Gourd & Cucumber) - Conf: 0.2440, Lift: 1.3221, Factor: 1; 15668462 (Gourd & Cucumber) - Conf: 0.1691, Lift: 1.3502, Factor: 1"
7421133,7572303; 34987224; 15668478; 34987220; 15668460; 15670252,Namkeen; Ice Creams & Desserts; Banana; Ice Creams & Desserts; Gourd & Cucumber; Organic F&V,15668688; 15668460; 15668379; 15669777; 15669878; 15668465; 15668478; 15669780; 15668467; 15668468,Root Vegetables; Gourd & Cucumber; Other Vegetables; Urad Dal; Toor Dal; Root Vegetables; Banana; Sugar; Beans; Beans,"15668688 (Root Vegetables) - Conf: 0.3690, Lift: 1.9869, Factor: 1; 15668460 (Gourd & Cucumber) - Conf: 0.3340, Lift: 1.8093, Factor: 1; 15668379 (Other Vegetables) - Conf: 0.3008, Lift: 1.6298, Factor: 1; 15669777 (Urad Dal) - Conf: 0.2888, Lift: 2.5928, Factor: 1; 15669878 (Toor Dal) - Conf: 0.2736, Lift: 1.5952, Factor: 1; 15668465 (Root Vegetables) - Conf: 0.2378, Lift: 1.8369, Factor: 1; 15668478 (Banana) - Conf: 0.2276, Lift: 1.5960, Factor: 1; 15669780 (Sugar) - Conf: 0.2270, Lift: 1.5338, Factor: 1; 15668467 (Beans) - Conf: 0.2151, Lift: 1.5993, Factor: 1; 15668468 (Beans) - Conf: 0.1962, Lift: 1.5525, Factor: 1"
7431323,15670250; 15668470; 15668378; 15668465; 15668684; 15668467; 15670252,Organic F&V; Beans; Other Vegetables; Root Vegetables; Beans; Beans; Organic F&V,15668460; 15669869; 15668688; 15668381; 15669821; 15668467; 15668379; 15669878; 15668462; 15668458,Gourd & Cucumber; Moong Dal; Root Vegetables; Other Vegetables; Whole Spices; Beans; Other Vegetables; Toor Dal; Gourd & Cucumber; Brinjals,"15668460 (Gourd & Cucumber) - Conf: 0.4554, Lift: 2.4674, Factor: 1; 15669869 (Moong Dal) - Conf: 0.3287, Lift: 2.5928, Factor: 1; 15668688 (Root Vegetables) - Conf: 0.3189, Lift: 1.7170, Factor: 1; 15668381 (Other Vegetables) - Conf: 0.3171, Lift: 1.5525, Factor: 1; 15669821 (Whole Spices) - Conf: 0.3065, Lift: 3.3414, Factor: 1; 15668467 (Beans) - Conf: 0.2797, Lift: 2.0794, Factor: 1; 15668379 (Other Vegetables) - Conf: 0.2698, Lift: 1.4617, Factor: 1; 15669878 (Toor Dal) - Conf: 0.2516, Lift: 1.4669, Factor: 1; 15668462 (Gourd & Cucumber) - Conf: 0.2338, Lift: 1.8670, Factor: 1; 15668458 (Brinjals) - Conf: 0.1921, Lift: 2.4674, Factor: 1"
7431803,93141023; 15668378; 15668465; 15668478; 15669862; 15669834; 34987110; 15669987; 15668460,Yogurt & Lassi; Other Vegetables; Root Vegetables; Banana; Other Dals; Raw Rice; Curd; Other Rice Products; Gourd & Cucumber,15668688; 15668460; 15669869; 15669821; 15668381; 15668379; 15669777; 15668467; 15669878; 15668465,Root Vegetables; Gourd & Cucumber; Moong Dal; Whole Spices; Other Vegetables; Other Vegetables; Urad Dal; Beans; Toor Dal; Root Vegetables,"15668688 (Root Vegetables) - Conf: 0.3690, Lift: 1.9869, Factor: 1; 15668460 (Gourd & Cucumber) - Conf: 0.3340, Lift: 1.8093, Factor: 1; 15669869 (Moong Dal) - Conf: 0.3287, Lift: 2.5928, Factor: 1; 15669821 (Whole Spices) - Conf: 0.3065, Lift: 3.3414, Factor: 1; 15668381 (Other Vegetables) - Conf: 0.3015, Lift: 1.4764, Factor: 1; 15668379 (Other Vegetables) - Conf: 0.3008, Lift: 1.6298, Factor: 1; 15669777 (Urad Dal) - Conf: 0.2888, Lift: 2.5928, Factor: 1; 15668467 (Beans) - Conf: 0.2797, Lift: 2.0794, Factor: 1; 15669878 (Toor Dal) - Conf: 0.2736, Lift: 1.5952, Factor: 1; 15668465 (Root Vegetables) - Conf: 0.2378, Lift: 1.8369, Factor: 1"
7435518,15668688; 15669767; 15668453; 15669818; 15669776; 15670252,Root Vegetables; Urad Dal; Brinjals; Whole Spices; Other Dals; Organic F&V,15668381; 15668378; 15668688; 15669878; 15668465,Other Vegetables; Other Vegetables; Root Vegetables; Toor Dal; Root Vegetables,"15668381 (Other Vegetables) - Conf: 0.2985, Lift: 1.4617, Factor: 1; 15668378 (Other Vegetables) - Conf: 0.2837, Lift: 2.0794, Factor: 1; 15668688 (Root Vegetables) - Conf: 0.2713, Lift: 1.4609, Factor: 1; 15669878 (Toor Dal) - Conf: 0.2630, Lift: 1.5338, Factor: 1; 15668465 (Root Vegetables) - Conf: 0.2350, Lift: 1.8146, Factor: 1"
7436171,15669777; 21408947; 15670009; 15669874; 7689346; 15668453; 15668460; 92380489,Urad Dal; Other Rice Products; Almonds; Avalakki / Poha; Ground Coffee; Brinjals; Gourd & Cucumber; Vermicelli,15668688; 15668460; 15669777; 15669878; 15668381; 15668478; 15669780; 15668467; 15668465; 15668468,Root Vegetables; Gourd & Cucumber; Urad Dal; Toor Dal; Other Vegetables; Banana; Sugar; Beans; Root Vegetables; Beans,"15668688 (Root Vegetables) - Conf: 0.3690, Lift: 1.9869, Factor: 1; 15668460 (Gourd & Cucumber) - Conf: 0.3340, Lift: 1.8093, Factor: 1; 15669777 (Urad Dal) - Conf: 0.2888, Lift: 2.5928, Factor: 1; 15669878 (Toor Dal) - Conf: 0.2736, Lift: 1.5952, Factor: 1; 15668381 (Other Vegetables) - Conf: 0.2703, Lift: 1.3233, Factor: 1; 15668478 (Banana) - Conf: 0.2276, Lift: 1.5960, Factor: 1; 15669780 (Sugar) - Conf: 0.2270, Lift: 1.5338, Factor: 1; 15668467 (Beans) - Conf: 0.2151, Lift: 1.5993, Factor: 1; 15668465 (Root Vegetables) - Conf: 0.2000, Lift: 1.5446, Factor: 1; 15668468 (Beans) - Conf: 0.1962, Lift: 1.5525, Factor: 1"
7439628,7587668; 7587673; 15670157; 15670171; 15670196; 15670252; 7587495,Organic Masalas & Spices; Organic Dals & Pulses; Organic F&V; Organic F&V; Organic F&V; Organic F&V; Organic Dals & Pulses,,,
7440894,15669885; 15669863; 7569801; 15669883; 15669773; 15669861; 34986125; 15668460; 7572312,Moong Dal; Moong Dal; Namkeen; Rice Flour; Urad Dal; Raw Peanuts; Whole Spices; Gourd & Cucumber; Namkeen,15668688; 15668460; 15669777; 15669878; 15668478; 15669780; 15668467; 15668465; 15668468,Root Vegetables; Gourd & Cucumber; Urad Dal; Toor Dal; Banana; Sugar; Beans; Root Vegetables; Beans,"15668688 (Root Vegetables) - Conf: 0.3690, Lift: 1.9869, Factor: 1; 15668460 (Gourd & Cucumber) - Conf: 0.3340, Lift: 1.8093, Factor: 1; 15669777 (Urad Dal) - Conf: 0.2888, Lift: 2.5928, Factor: 1; 15669878 (Toor Dal) - Conf: 0.2736, Lift: 1.5952, Factor: 1; 15668478 (Banana) - Conf: 0.2276, Lift: 1.5960, Factor: 1; 15669780 (Sugar) - Conf: 0.2270, Lift: 1.5338, Factor: 1; 15668467 (Beans) - Conf: 0.2151, Lift: 1.5993, Factor: 1; 15668465 (Root Vegetables) - Conf: 0.2000, Lift: 1.5446, Factor: 1; 15668468 (Beans) - Conf: 0.1962, Lift: 1.5525, Factor: 1"
7441794,15670157; 15668688; 15668381; 15668458; 15668460; 15668477,Organic F&V; Root Vegetables; Other Vegetables; Brinjals; Gourd & Cucumber; Exotic Vegetables,15669760; 15668381; 15668688; 15668460; 15669878; 15669777; 15668378; 15668462; 15668478; 15668465,Whole Spices; Other Vegetables; Root Vegetables; Gourd & Cucumber; Toor Dal; Urad Dal; Other Vegetables; Gourd & Cucumber; Banana; Root Vegetables,"15669760 (Whole Spices) - Conf: 0.3992, Lift: 3.3414, Factor: 1; 15668381 (Other Vegetables) - Conf: 0.3695, Lift: 1.8093, Factor: 1; 15668688 (Root Vegetables) - Conf: 0.3690, Lift: 1.9869, Factor: 1; 15668460 (Gourd & Cucumber) - Conf: 0.3340, Lift: 1.8093, Factor: 1; 15669878 (Toor Dal) - Conf: 0.2975, Lift: 1.7348, Factor: 1; 15669777 (Urad Dal) - Conf: 0.2888, Lift: 2.5928, Factor: 1; 15668378 (Other Vegetables) - Conf: 0.2837, Lift: 2.0794, Factor: 1; 15668462 (Gourd & Cucumber) - Conf: 0.2579, Lift: 2.0591, Factor: 1; 15668478 (Banana) - Conf: 0.2448, Lift: 1.7170, Factor: 1; 15668465 (Root Vegetables) - Conf: 0.2350, Lift: 1.8146, Factor: 1"
7443402,7630967; 7569806; 15669776; 15668378; 15669861; 15668688; 15669810; 15669782; 15668467; 15668462,Regular Pasta; Namkeen; Other Dals; Other Vegetables; Raw Peanuts; Root Vegetables; Almonds; Raw Rice; Beans; Gourd & Cucumber,15668460; 15668381; 15669869; 15669821; 15668379; 15668378; 15668467; 15668688; 15669878; 15668465,Gourd & Cucumber; Other Vegetables; Moong Dal; Whole Spices; Other Vegetables; Other Vegetables; Beans; Root Vegetables; Toor Dal; Root Vegetables,"15668460 (Gourd & Cucumber) - Conf: 0.4554, Lift: 2.4674, Factor: 1; 15668381 (Other Vegetables) - Conf: 0.4010, Lift: 1.9633, Factor: 1; 15669869 (Moong Dal) - Conf: 0.3287, Lift: 2.5928, Factor: 1; 15669821 (Whole Spices) - Conf: 0.3065, Lift: 3.3414, Factor: 1; 15668379 (Other Vegetables) - Conf: 0.2946, Lift: 1.5960, Factor: 1; 15668378 (Other Vegetables) - Conf: 0.2837, Lift: 2.0794, Factor: 1; 15668467 (Beans) - Conf: 0.2797, Lift: 2.0794, Factor: 1; 15668688 (Root Vegetables) - Conf: 0.2756, Lift: 1.4836, Factor: 1; 15669878 (Toor Dal) - Conf: 0.2630, Lift: 1.5338, Factor: 1; 15668465 (Root Vegetables) - Conf: 0.2350, Lift: 1.8146, Factor: 1"
7448378,15669789; 15669791; 15668381; 34986118; 15669860; 15668465; 15669780; 7621702; 15668375; 15669859; 15668455,"Boiled Rice; Raw Rice; Other Vegetables; Whole Spices; Moong Dal; Root Vegetables; Sugar; Glucose, Marie & Milk Biscuits; Root Vegetables; Toor Dal; Brinjals",15669760; 15668381; 15668688; 15668460; 15669878; 15668379; 15668462; 15668467; 15668478; 15668378,Whole Spices; Other Vegetables; Root Vegetables; Gourd & Cucumber; Toor Dal; Other Vegetables; Gourd & Cucumber; Beans; Banana; Other Vegetables,"15669760 (Whole Spices) - Conf: 0.3992, Lift: 3.3414, Factor: 1; 15668381 (Other Vegetables) - Conf: 0.3695, Lift: 1.8093, Factor: 1; 15668688 (Root Vegetables) - Conf: 0.3189, Lift: 1.7170, Factor: 1; 15668460 (Gourd & Cucumber) - Conf: 0.3037, Lift: 1.6454, Factor: 1; 15669878 (Toor Dal) - Conf: 0.2975, Lift: 1.7348, Factor: 1; 15668379 (Other Vegetables) - Conf: 0.2698, Lift: 1.4617, Factor: 1; 15668462 (Gourd & Cucumber) - Conf: 0.2579, Lift: 2.0591, Factor: 1; 15668467 (Beans) - Conf: 0.2531, Lift: 1.8820, Factor: 1; 15668478 (Banana) - Conf: 0.2448, Lift: 1.7170, Factor: 1; 15668378 (Other Vegetables) - Conf: 0.2317, Lift: 1.6987, Factor: 1"
7448398,15668378; 15669861; 21409002; 15669869; 15669872; 15669766; 15670269; 15668688; 21408942; 15670171,Other Vegetables; Raw Peanuts; Moong Dal; Moong Dal; Avalakki / Poha; Other Flours; Other Dals; Root Vegetables; Other Rice Products; Organic F&V,15669869; 15669821; 15668381; 15668378; 15668467; 15668688; 15669878; 15668465; 15668458; 15668478,Moong Dal; Whole Spices; Other Vegetables; Other Vegetables; Beans; Root Vegetables; Toor Dal; Root Vegetables; Brinjals; Banana,"15669869 (Moong Dal) - Conf: 0.3287, Lift: 2.5928, Factor: 1; 15669821 (Whole Spices) - Conf: 0.3065, Lift: 3.3414, Factor: 1; 15668381 (Other Vegetables) - Conf: 0.2985, Lift: 1.4617, Factor: 1; 15668378 (Other Vegetables) - Conf: 0.2837, Lift: 2.0794, Factor: 1; 15668467 (Beans) - Conf: 0.2797, Lift: 2.0794, Factor: 1; 15668688 (Root Vegetables) - Conf: 0.2713, Lift: 1.4609, Factor: 1; 15669878 (Toor Dal) - Conf: 0.2630, Lift: 1.5338, Factor: 1; 15668465 (Root Vegetables) - Conf: 0.2350, Lift: 1.8146, Factor: 1; 15668458 (Brinjals) - Conf: 0.1921, Lift: 2.4674, Factor: 1; 15668478 (Banana) - Conf: 0.1887, Lift: 1.3233, Factor: 1"
7450162,15668455; 15668470; 15668495; 15668595; 15668416; 15668597; 15668469; 15668460,Brinjals; Beans; Exotic Vegetables; Exotic Vegetables; Banana; Exotic Vegetables; Beans; Gourd & Cucumber,15668688; 15668460; 15669777; 15669878; 15668478; 15669780; 15668467; 15668465; 15668468,Root Vegetables; Gourd & Cucumber; Urad Dal; Toor Dal; Banana; Sugar; Beans; Root Vegetables; Beans,"15668688 (Root Vegetables) - Conf: 0.3690, Lift: 1.9869, Factor: 1; 15668460 (Gourd & Cucumber) - Conf: 0.3340, Lift: 1.8093, Factor: 1; 15669777 (Urad Dal) - Conf: 0.2888, Lift: 2.5928, Factor: 1; 15669878 (Toor Dal) - Conf: 0.2736, Lift: 1.5952, Factor: 1; 15668478 (Banana) - Conf: 0.2276, Lift: 1.5960, Factor: 1; 15669780 (Sugar) - Conf: 0.2270, Lift: 1.5338, Factor: 1; 15668467 (Beans) - Conf: 0.2151, Lift: 1.5993, Factor: 1; 15668465 (Root Vegetables) - Conf: 0.2000, Lift: 1.5446, Factor: 1; 15668468 (Beans) - Conf: 0.1962, Lift: 1.5525, Factor: 1"
7452011,7586502; 7572304; 7569798; 15668473; 7572302; 15668478,Chips; Namkeen; Namkeen; Beans; Namkeen; Banana,15668379; 15668688; 15668465; 15669863,Other Vegetables; Root Vegetables; Root Vegetables; Moong Dal,"15668379 (Other Vegetables) - Conf: 0.3008, Lift: 1.6298, Factor: 1; 15668688 (Root Vegetables) - Conf: 0.2585, Lift: 1.3917, Factor: 1; 15668465 (Root Vegetables) - Conf: 0.2378, Lift: 1.8369, Factor: 1; 15669863 (Moong Dal) - Conf: 0.1820, Lift: 1.4669, Factor: 1"
7454503,7574425; 15668467; 34986129; 15668379; 15668462; 15668688,Liquid Soaps & Bars; Beans; Whole Spices; Other Vegetables; Gourd & Cucumber; Root Vegetables,15668460; 15668381; 15668688; 15668379; 15668378; 15668467; 15669878; 15668478; 15668465; 15668462,Gourd & Cucumber; Other Vegetables; Root Vegetables; Other Vegetables; Other Vegetables; Beans; Toor Dal; Banana; Root Vegetables; Gourd & Cucumber,"15668460 (Gourd & Cucumber) - Conf: 0.4554, Lift: 2.4674, Factor: 1; 15668381 (Other Vegetables) - Conf: 0.4010, Lift: 1.9633, Factor: 1; 15668688 (Root Vegetables) - Conf: 0.3496, Lift: 1.8820, Factor: 1; 15668379 (Other Vegetables) - Conf: 0.3415, Lift: 1.8499, Factor: 1; 15668378 (Other Vegetables) - Conf: 0.2837, Lift: 2.0794, Factor: 1; 15668467 (Beans) - Conf: 0.2769, Lift: 2.0591, Factor: 1; 15669878 (Toor Dal) - Conf: 0.2630, Lift: 1.5338, Factor: 1; 15668478 (Banana) - Conf: 0.2619, Lift: 1.8369, Factor: 1; 15668465 (Root Vegetables) - Conf: 0.2573, Lift: 1.9869, Factor: 1; 15668462 (Gourd & Cucumber) - Conf: 0.2338, Lift: 1.8670, Factor: 1"
7457237,15668468; 15668462; 15668453; 15669856; 15668379; 15668688,Beans; Gourd & Cucumber; Brinjals; Sugar; Other Vegetables; Root Vegetables,15668381; 15668688; 15668460; 15668379; 15668378; 15668467; 15669878; 15668478; 15668465; 15668468,Other Vegetables; Root Vegetables; Gourd & Cucumber; Other Vegetables; Other Vegetables; Beans; Toor Dal; Banana; Root Vegetables; Beans,"15668381 (Other Vegetables) - Conf: 0.4010, Lift: 1.9633, Factor: 1; 15668688 (Root Vegetables) - Conf: 0.3496, Lift: 1.8820, Factor: 1; 15668460 (Gourd & Cucumber) - Conf: 0.3446, Lift: 1.8670, Factor: 1; 15668379 (Other Vegetables) - Conf: 0.3415, Lift: 1.8499, Factor: 1; 15668378 (Other Vegetables) - Conf: 0.2837, Lift: 2.0794, Factor: 1; 15668467 (Beans) - Conf: 0.2769, Lift: 2.0591, Factor: 1; 15669878 (Toor Dal) - Conf: 0.2630, Lift: 1.5338, Factor: 1; 15668478 (Banana) - Conf: 0.2619, Lift: 1.8369, Factor: 1; 15668465 (Root Vegetables) - Conf: 0.2573, Lift: 1.9869, Factor: 1; 15668468 (Beans) - Conf: 0.2338, Lift: 1.8499, Factor: 1"
7459927,21408952; 15668377; 15669864; 15668460; 15669762; 15669860; 15669871; 15669856; 15668462; 15669994,Whole Spices; Root Vegetables; Other Dals; Gourd & Cucumber; Urad Dal; Moong Dal; Other Rice Products; Sugar; Gourd & Cucumber; Other Dals,15668381; 15668688; 15668460; 15668379; 15669777; 15669878; 15668478; 15669780; 15668467; 15668465,Other Vegetables; Root Vegetables; Gourd & Cucumber; Other Vegetables; Urad Dal; Toor Dal; Banana; Sugar; Beans; Root Vegetables,"15668381 (Other Vegetables) - Conf: 0.4010, Lift: 1.9633, Factor: 1; 15668688 (Root Vegetables) - Conf: 0.3690, Lift: 1.9869, Factor: 1; 15668460 (Gourd & Cucumber) - Conf: 0.3340, Lift: 1.8093, Factor: 1; 15668379 (Other Vegetables) - Conf: 0.2946, Lift: 1.5960, Factor: 1; 15669777 (Urad Dal) - Conf: 0.2888, Lift: 2.5928, Factor: 1; 15669878 (Toor Dal) - Conf: 0.2736, Lift: 1.5952, Factor: 1; 15668478 (Banana) - Conf: 0.2276, Lift: 1.5960, Factor: 1; 15669780 (Sugar) - Conf: 0.2270, Lift: 1.5338, Factor: 1; 15668467 (Beans) - Conf: 0.2151, Lift: 1.5993, Factor: 1; 15668465 (Root Vegetables) - Conf: 0.2000, Lift: 1.5446, Factor: 1"
7460826,15669830; 15669856; 15669860; 15669998; 15669779; 15669778; 15669769; 15669795; 15669777,Other Rice Products; Sugar; Moong Dal; Other Dals; Boiled Rice; Other Dals; Other Dals; Other Dry Fruits; Urad Dal,15668381; 15668378,Other Vegetables; Other Vegetables,"15668381 (Other Vegetables) - Conf: 0.2703, Lift: 1.3233, Factor: 1; 15668378 (Other Vegetables) - Conf: 0.1805, Lift: 1.3231, Factor: 1"
7462903,15669977; 15668379; 7572307; 15669863; 15669983; 15668688; 15668474; 15669771; 7572303; 7582053; 15668381; 15669797; 7569805,Almonds; Other Vegetables; Namkeen; Moong Dal; Other Dry Fruits; Root Vegetables; Beans; Maida; Namkeen; Health Drinks; Other Vegetables; Raisins; Namkeen,15669760; 15668381; 15668688; 15668460; 15668379; 15669878; 15668378; 15668467; 15668478; 15668462,Whole Spices; Other Vegetables; Root Vegetables; Gourd & Cucumber; Other Vegetables; Toor Dal; Other Vegetables; Beans; Banana; Gourd & Cucumber,"15669760 (Whole Spices) - Conf: 0.3992, Lift: 3.3414, Factor: 1; 15668381 (Other Vegetables) - Conf: 0.3695, Lift: 1.8093, Factor: 1; 15668688 (Root Vegetables) - Conf: 0.3496, Lift: 1.8820, Factor: 1; 15668460 (Gourd & Cucumber) - Conf: 0.3446, Lift: 1.8670, Factor: 1; 15668379 (Other Vegetables) - Conf: 0.3415, Lift: 1.8499, Factor: 1; 15669878 (Toor Dal) - Conf: 0.2975, Lift: 1.7348, Factor: 1; 15668378 (Other Vegetables) - Conf: 0.2837, Lift: 2.0794, Factor: 1; 15668467 (Beans) - Conf: 0.2769, Lift: 2.0591, Factor: 1; 15668478 (Banana) - Conf: 0.2619, Lift: 1.8369, Factor: 1; 15668462 (Gourd & Cucumber) - Conf: 0.2579, Lift: 2.0591, Factor: 1"
7469858,15668688; 34987615; 7628092; 7543241; 15668467; 7587488; 15668478,"Root Vegetables; Milk; Basmati Rice; Organic Dals & Pulses; Beans; Organic Salt,Sugar & Jaggery; Banana",15668460; 15668381; 15668379; 15668378; 15668688; 15669878; 15668465; 15668462; 15668468; 15669863,Gourd & Cucumber; Other Vegetables; Other Vegetables; Other Vegetables; Root Vegetables; Toor Dal; Root Vegetables; Gourd & Cucumber; Beans; Moong Dal,"15668460 (Gourd & Cucumber) - Conf: 0.4554, Lift: 2.4674, Factor: 1; 15668381 (Other Vegetables) - Conf: 0.3171, Lift: 1.5525, Factor: 1; 15668379 (Other Vegetables) - Conf: 0.3008, Lift: 1.6298, Factor: 1; 15668378 (Other Vegetables) - Conf: 0.2837, Lift: 2.0794, Factor: 1; 15668688 (Root Vegetables) - Conf: 0.2713, Lift: 1.4609, Factor: 1; 15669878 (Toor Dal) - Conf: 0.2630, Lift: 1.5338, Factor: 1; 15668465 (Root Vegetables) - Conf: 0.2378, Lift: 1.8369, Factor: 1; 15668462 (Gourd & Cucumber) - Conf: 0.2338, Lift: 1.8670, Factor: 1; 15668468 (Beans) - Conf: 0.1846, Lift: 1.4609, Factor: 1; 15669863 (Moong Dal) - Conf: 0.1820, Lift: 1.4669, Factor: 1"
7470681,15669878; 34986112; 34986123; 15669869; 15668463; 15668457; 15668688; 7598777,Toor Dal; Whole Spices; Whole Spices; Moong Dal; Gourd & Cucumber; Brinjals; Root Vegetables; Agarbatti,15668381; 15668378; 15668688; 15669878; 15668379; 15668460; 15668465; 15668478; 15668467,Other Vegetables; Other Vegetables; Root Vegetables; Toor Dal; Other Vegetables; Gourd & Cucumber; Root Vegetables; Banana; Beans,"15668381 (Other Vegetables) - Conf: 0.2985, Lift: 1.4617, Factor: 1; 15668378 (Other Vegetables) - Conf: 0.2837, Lift: 2.0794, Factor: 1; 15668688 (Root Vegetables) - Conf: 0.2713, Lift: 1.4609, Factor: 1; 15669878 (Toor Dal) - Conf: 0.2630, Lift: 1.5338, Factor: 1; 15668379 (Other Vegetables) - Conf: 0.2492, Lift: 1.3502, Factor: 1; 15668460 (Gourd & Cucumber) - Conf: 0.2440, Lift: 1.3221, Factor: 1; 15668465 (Root Vegetables) - Conf: 0.2350, Lift: 1.8146, Factor: 1; 15668478 (Banana) - Conf: 0.1887, Lift: 1.3233, Factor: 1; 15668467 (Beans) - Conf: 0.1775, Lift: 1.3195, Factor: 1"
7473154,15669884; 15669880; 15668381; 15668460; 15668458; 15669868,Whole Spices; Sooji & Rava; Other Vegetables; Gourd & Cucumber; Brinjals; Other Dals,15669760; 15668381; 15668688; 15668460; 15669878; 15669777; 15668462; 15668478; 15668378; 15669780,Whole Spices; Other Vegetables; Root Vegetables; Gourd & Cucumber; Toor Dal; Urad Dal; Gourd & Cucumber; Banana; Other Vegetables; Sugar,"15669760 (Whole Spices) - Conf: 0.3992, Lift: 3.3414, Factor: 1; 15668381 (Other Vegetables) - Conf: 0.3695, Lift: 1.8093, Factor: 1; 15668688 (Root Vegetables) - Conf: 0.3690, Lift: 1.9869, Factor: 1; 15668460 (Gourd & Cucumber) - Conf: 0.3340, Lift: 1.8093, Factor: 1; 15669878 (Toor Dal) - Conf: 0.2975, Lift: 1.7348, Factor: 1; 15669777 (Urad Dal) - Conf: 0.2888, Lift: 2.5928, Factor: 1; 15668462 (Gourd & Cucumber) - Conf: 0.2579, Lift: 2.0591, Factor: 1; 15668478 (Banana) - Conf: 0.2448, Lift: 1.7170, Factor: 1; 15668378 (Other Vegetables) - Conf: 0.2317, Lift: 1.6987, Factor: 1; 15669780 (Sugar) - Conf: 0.2270, Lift: 1.5338, Factor: 1"
7476405,15669885; 15668379; 15669864; 15669782; 15668480; 15669863,Moong Dal; Other Vegetables; Other Dals; Raw Rice; Bread; Moong Dal,15668688; 15668460; 15668379; 15668467; 15668478; 15668465; 15668685,Root Vegetables; Gourd & Cucumber; Other Vegetables; Beans; Banana; Root Vegetables; Beans,"15668688 (Root Vegetables) - Conf: 0.3496, Lift: 1.8820, Factor: 1; 15668460 (Gourd & Cucumber) - Conf: 0.3446, Lift: 1.8670, Factor: 1; 15668379 (Other Vegetables) - Conf: 0.3415, Lift: 1.8499, Factor: 1; 15668467 (Beans) - Conf: 0.2769, Lift: 2.0591, Factor: 1; 15668478 (Banana) - Conf: 0.2619, Lift: 1.8369, Factor: 1; 15668465 (Root Vegetables) - Conf: 0.2573, Lift: 1.9869, Factor: 1; 15668685 (Beans) - Conf: 0.1528, Lift: 1.9633, Factor: 1"
7476772,15669863; 15670269; 15669765; 15669760; 15669988; 15669764; 7580855; 15669763; 15669772; 15669878,Moong Dal; Other Dals; Urad Dal; Whole Spices; Other Dals; Besan; Other Oils; Other Dals; Other Dals; Toor Dal,15668379; 15668688; 15668460; 15668468; 15668465; 15668462,Other Vegetables; Root Vegetables; Gourd & Cucumber; Beans; Root Vegetables; Gourd & Cucumber,"15668379 (Other Vegetables) - Conf: 0.2492, Lift: 1.3502, Factor: 1; 15668688 (Root Vegetables) - Conf: 0.2458, Lift: 1.3231, Factor: 1; 15668460 (Gourd & Cucumber) - Conf: 0.2440, Lift: 1.3221, Factor: 1; 15668468 (Beans) - Conf: 0.1754, Lift: 1.3874, Factor: 1; 15668465 (Root Vegetables) - Conf: 0.1712, Lift: 1.3221, Factor: 1; 15668462 (Gourd & Cucumber) - Conf: 0.1691, Lift: 1.3502, Factor: 1"
7480050,15669789; 15669822; 15668688; 15668467; 34987566; 15670270,Boiled Rice; Other Dals; Root Vegetables; Beans; Whole Spices; Other Dals,15668460; 15668381; 15668378; 15668688; 15669878; 15668465; 15668462; 15668468,Gourd & Cucumber; Other Vegetables; Other Vegetables; Root Vegetables; Toor Dal; Root Vegetables; Gourd & Cucumber; Beans,"15668460 (Gourd & Cucumber) - Conf: 0.4554, Lift: 2.4674, Factor: 1; 15668381 (Other Vegetables) - Conf: 0.3171, Lift: 1.5525, Factor: 1; 15668378 (Other Vegetables) - Conf: 0.2837, Lift: 2.0794, Factor: 1; 15668688 (Root Vegetables) - Conf: 0.2713, Lift: 1.4609, Factor: 1; 15669878 (Toor Dal) - Conf: 0.2630, Lift: 1.5338, Factor: 1; 15668465 (Root Vegetables) - Conf: 0.2350, Lift: 1.8146, Factor: 1; 15668462 (Gourd & Cucumber) - Conf: 0.2338, Lift: 1.8670, Factor: 1; 15668468 (Beans) - Conf: 0.1846, Lift: 1.4609, Factor: 1"
7480357,7587691; 15669961; 7650488; 7587687; 7547271; 7582057,Organic Masalas & Spices; Other Dry Fruits; Other Oils; Organic Masalas & Spices; Liquid Soaps & Bars; Health Drinks,,,
7481117,7572254; 15668468; 7678784; 93141092; 93141023; 15668379; 15670246,Cooking Sauce; Beans; Packaged Drinking Water; Yogurt & Lassi; Yogurt & Lassi; Other Vegetables; Organic F&V,15668688; 15668460; 15668379; 15668381; 15668467; 15668478; 15668465; 15668468; 15669764; 15668685,Root Vegetables; Gourd & Cucumber; Other Vegetables; Other Vegetables; Beans; Banana; Root Vegetables; Beans; Besan; Beans,"15668688 (Root Vegetables) - Conf: 0.3496, Lift: 1.8820, Factor: 1; 15668460 (Gourd & Cucumber) - Conf: 0.3446, Lift: 1.8670, Factor: 1; 15668379 (Other Vegetables) - Conf: 0.3415, Lift: 1.8499, Factor: 1; 15668381 (Other Vegetables) - Conf: 0.3155, Lift: 1.5446, Factor: 1; 15668467 (Beans) - Conf: 0.2769, Lift: 2.0591, Factor: 1; 15668478 (Banana) - Conf: 0.2619, Lift: 1.8369, Factor: 1; 15668465 (Root Vegetables) - Conf: 0.2573, Lift: 1.9869, Factor: 1; 15668468 (Beans) - Conf: 0.2338, Lift: 1.8499, Factor: 1; 15669764 (Besan) - Conf: 0.1753, Lift: 1.4579, Factor: 1; 15668685 (Beans) - Conf: 0.1528, Lift: 1.9633, Factor: 1"
7481636,7586312; 34986123; 34986128; 7617882; 7561510; 15669861; 7629044,Snacky Nuts; Whole Spices; Whole Spices; Ready Mix; Namkeen; Raw Peanuts; Unknown,,,
7482551,7578347; 15669856; 21408952; 15669799; 15669821; 7598777; 92380533; 34986123; 15669778; 7624790; 15669864; 15669823; 15669803; 34986129,Chilli & Soya Sauces; Sugar; Whole Spices; Raisins; Whole Spices; Agarbatti; Regular Pasta; Whole Spices; Other Dals; Ghee; Other Dals; Whole Spices; Cashews; Whole Spices,15668460,Gourd & Cucumber,"15668460 (Gourd & Cucumber) - Conf: 0.2561, Lift: 1.3874, Factor: 1"
7485532,7572300; 7586504; 15669772; 15668457; 7572432; 15668467; 15668378,Namkeen; Snacky Nuts; Other Dals; Brinjals; Cooking Paste; Beans; Other Vegetables,15668460; 15669869; 15668381; 15669821; 15668467; 15668462; 15668458; 15668468,Gourd & Cucumber; Moong Dal; Other Vegetables; Whole Spices; Beans; Gourd & Cucumber; Brinjals; Beans,"15668460 (Gourd & Cucumber) - Conf: 0.4554, Lift: 2.4674, Factor: 1; 15669869 (Moong Dal) - Conf: 0.3287, Lift: 2.5928, Factor: 1; 15668381 (Other Vegetables) - Conf: 0.3171, Lift: 1.5525, Factor: 1; 15669821 (Whole Spices) - Conf: 0.3065, Lift: 3.3414, Factor: 1; 15668467 (Beans) - Conf: 0.2797, Lift: 2.0794, Factor: 1; 15668462 (Gourd & Cucumber) - Conf: 0.2338, Lift: 1.8670, Factor: 1; 15668458 (Brinjals) - Conf: 0.1921, Lift: 2.4674, Factor: 1; 15668468 (Beans) - Conf: 0.1846, Lift: 1.4609, Factor: 1"
7486173,7586553; 15669774; 7585571; 15669981; 15669808; 15668378; 15669775; 15668465; 7585573; 15669970; 15668687,Snacky Nuts; Urad Dal; Cakes; Raisins; Other Dry Fruits; Other Vegetables; Sooji & Rava; Root Vegetables; Cakes; Cashews; Root Vegetables,15669869; 15668688; 15669821; 15668381; 15668467; 15668379; 15669878; 15668458,Moong Dal; Root Vegetables; Whole Spices; Other Vegetables; Beans; Other Vegetables; Toor Dal; Brinjals,"15669869 (Moong Dal) - Conf: 0.3287, Lift: 2.5928, Factor: 1; 15668688 (Root Vegetables) - Conf: 0.3189, Lift: 1.7170, Factor: 1; 15669821 (Whole Spices) - Conf: 0.3065, Lift: 3.3414, Factor: 1; 15668381 (Other Vegetables) - Conf: 0.3015, Lift: 1.4764, Factor: 1; 15668467 (Beans) - Conf: 0.2797, Lift: 2.0794, Factor: 1; 15668379 (Other Vegetables) - Conf: 0.2698, Lift: 1.4617, Factor: 1; 15669878 (Toor Dal) - Conf: 0.2516, Lift: 1.4669, Factor: 1; 15668458 (Brinjals) - Conf: 0.1921, Lift: 2.4674, Factor: 1"
7486730,21409002; 7624786; 15669976; 15669969; 15668451; 15668688; 15670271,Moong Dal; Ghee; Almonds; Cashews; Brinjals; Root Vegetables; Other Dals,15668381; 15668378; 15668688; 15669878; 15668465,Other Vegetables; Other Vegetables; Root Vegetables; Toor Dal; Root Vegetables,"15668381 (Other Vegetables) - Conf: 0.2985, Lift: 1.4617, Factor: 1; 15668378 (Other Vegetables) - Conf: 0.2837, Lift: 2.0794, Factor: 1; 15668688 (Root Vegetables) - Conf: 0.2713, Lift: 1.4609, Factor: 1; 15669878 (Toor Dal) - Conf: 0.2630, Lift: 1.5338, Factor: 1; 15668465 (Root Vegetables) - Conf: 0.2350, Lift: 1.8146, Factor: 1"
7487417,15669781; 15669872; 15669790; 15669770; 34987566; 15669772; 15669860; 15669856; 34986328; 15669773,Rice Flour; Avalakki / Poha; Other Rice Products; Other Flours; Whole Spices; Other Dals; Moong Dal; Sugar; Toor Dal; Urad Dal,15668378,Other Vegetables,"15668378 (Other Vegetables) - Conf: 0.1805, Lift: 1.3231, Factor: 1"
7489019,15669860; 15668381; 34987570; 34986042; 7541573; 15668467; 15668462; 15668541; 15668460; 15669981,"Moong Dal; Other Vegetables; Whole Spices; Mustard Oils; Glucose, Marie & Milk Biscuits; Beans; Gourd & Cucumber; Buns & Pavs; Gourd & Cucumber; Raisins",15668460; 15668381; 15669760; 15668688; 15669878; 15668379; 15669777; 15668462; 15668478; 15668378,Gourd & Cucumber; Other Vegetables; Whole Spices; Root Vegetables; Toor Dal; Other Vegetables; Urad Dal; Gourd & Cucumber; Banana; Other Vegetables,"15668460 (Gourd & Cucumber) - Conf: 0.4554, Lift: 2.4674, Factor: 1; 15668381 (Other Vegetables) - Conf: 0.4010, Lift: 1.9633, Factor: 1; 15669760 (Whole Spices) - Conf: 0.3992, Lift: 3.3414, Factor: 1; 15668688 (Root Vegetables) - Conf: 0.3690, Lift: 1.9869, Factor: 1; 15669878 (Toor Dal) - Conf: 0.2975, Lift: 1.7348, Factor: 1; 15668379 (Other Vegetables) - Conf: 0.2946, Lift: 1.5960, Factor: 1; 15669777 (Urad Dal) - Conf: 0.2888, Lift: 2.5928, Factor: 1; 15668462 (Gourd & Cucumber) - Conf: 0.2579, Lift: 2.0591, Factor: 1; 15668478 (Banana) - Conf: 0.2448, Lift: 1.7170, Factor: 1; 15668378 (Other Vegetables) - Conf: 0.2317, Lift: 1.6987, Factor: 1"
7493590,15669780; 92388173; 15669824; 15669881; 15669863; 7613349; 21409004; 15669778; 15669817; 15668465,Sugar; Namkeen; Raw Rice; Sooji & Rava; Moong Dal; Honey; Other Dals; Other Dals; Whole Spices; Root Vegetables,15668688; 15668381; 15668379; 15668467; 15669878; 15668460; 15669869; 15668465,Root Vegetables; Other Vegetables; Other Vegetables; Beans; Toor Dal; Gourd & Cucumber; Moong Dal; Root Vegetables,"15668688 (Root Vegetables) - Conf: 0.3189, Lift: 1.7170, Factor: 1; 15668381 (Other Vegetables) - Conf: 0.3015, Lift: 1.4764, Factor: 1; 15668379 (Other Vegetables) - Conf: 0.2698, Lift: 1.4617, Factor: 1; 15668467 (Beans) - Conf: 0.2531, Lift: 1.8820, Factor: 1; 15669878 (Toor Dal) - Conf: 0.2516, Lift: 1.4669, Factor: 1; 15668460 (Gourd & Cucumber) - Conf: 0.2443, Lift: 1.3233, Factor: 1; 15669869 (Moong Dal) - Conf: 0.2022, Lift: 1.5952, Factor: 1; 15668465 (Root Vegetables) - Conf: 0.1712, Lift: 1.3221, Factor: 1"
7496586,93141092; 7585571; 93141023; 15668462; 15668379; 15668457; 15669803,Yogurt & Lassi; Cakes; Yogurt & Lassi; Gourd & Cucumber; Other Vegetables; Brinjals; Cashews,15668381; 15668688; 15668460; 15668379; 15668467; 15668478; 15668465; 15669860; 15668685,Other Vegetables; Root Vegetables; Gourd & Cucumber; Other Vegetables; Beans; Banana; Root Vegetables; Moong Dal; Beans,"15668381 (Other Vegetables) - Conf: 0.4010, Lift: 1.9633, Factor: 1; 15668688 (Root Vegetables) - Conf: 0.3496, Lift: 1.8820, Factor: 1; 15668460 (Gourd & Cucumber) - Conf: 0.3446, Lift: 1.8670, Factor: 1; 15668379 (Other Vegetables) - Conf: 0.3415, Lift: 1.8499, Factor: 1; 15668467 (Beans) - Conf: 0.2769, Lift: 2.0591, Factor: 1; 15668478 (Banana) - Conf: 0.2619, Lift: 1.8369, Factor: 1; 15668465 (Root Vegetables) - Conf: 0.2573, Lift: 1.9869, Factor: 1; 15669860 (Moong Dal) - Conf: 0.1865, Lift: 1.7348, Factor: 1; 15668685 (Beans) - Conf: 0.1528, Lift: 1.9633, Factor: 1"
7497186,34987249; 15669786; 21409004; 15669771; 15669857; 7579698,Frozen Chicken; Avalakki / Poha; Other Dals; Maida; Raw Peanuts; Cream Biscuits,,,
7497374,15670269; 15668381; 15669819; 15669860; 15669763; 15668379,Other Dals; Other Vegetables; Other Dals; Moong Dal; Other Dals; Other Vegetables,15669760; 15668381; 15668688; 15668460; 15668379; 15669878; 15668467; 15668478; 15668462; 15668465,Whole Spices; Other Vegetables; Root Vegetables; Gourd & Cucumber; Other Vegetables; Toor Dal; Beans; Banana; Gourd & Cucumber; Root Vegetables,"15669760 (Whole Spices) - Conf: 0.3992, Lift: 3.3414, Factor: 1; 15668381 (Other Vegetables) - Conf: 0.3695, Lift: 1.8093, Factor: 1; 15668688 (Root Vegetables) - Conf: 0.3496, Lift: 1.8820, Factor: 1; 15668460 (Gourd & Cucumber) - Conf: 0.3446, Lift: 1.8670, Factor: 1; 15668379 (Other Vegetables) - Conf: 0.3415, Lift: 1.8499, Factor: 1; 15669878 (Toor Dal) - Conf: 0.2975, Lift: 1.7348, Factor: 1; 15668467 (Beans) - Conf: 0.2769, Lift: 2.0591, Factor: 1; 15668478 (Banana) - Conf: 0.2619, Lift: 1.8369, Factor: 1; 15668462 (Gourd & Cucumber) - Conf: 0.2579, Lift: 2.0591, Factor: 1; 15668465 (Root Vegetables) - Conf: 0.2573, Lift: 1.9869, Factor: 1"
7498596,92388173; 7642814; 15669832; 7569801; 15669887; 34985989,Namkeen; Basmati Rice; Sugar; Namkeen; Maida; Mustard Oils,,,
7501860,7628086; 15668451; 21409130; 7587698; 7617882; 15669858; 15668467; 15670241; 15668465,Basmati Rice; Brinjals; Other Flours; Organic Flours; Ready Mix; Boiled Rice; Beans; Organic F&V; Root Vegetables,15668460; 15668688; 15668381; 15668379; 15668467; 15669878; 15668462; 15669869; 15668468,Gourd & Cucumber; Root Vegetables; Other Vegetables; Other Vegetables; Beans; Toor Dal; Gourd & Cucumber; Moong Dal; Beans,"15668460 (Gourd & Cucumber) - Conf: 0.4554, Lift: 2.4674, Factor: 1; 15668688 (Root Vegetables) - Conf: 0.3189, Lift: 1.7170, Factor: 1; 15668381 (Other Vegetables) - Conf: 0.3171, Lift: 1.5525, Factor: 1; 15668379 (Other Vegetables) - Conf: 0.2698, Lift: 1.4617, Factor: 1; 15668467 (Beans) - Conf: 0.2531, Lift: 1.8820, Factor: 1; 15669878 (Toor Dal) - Conf: 0.2516, Lift: 1.4669, Factor: 1; 15668462 (Gourd & Cucumber) - Conf: 0.2338, Lift: 1.8670, Factor: 1; 15669869 (Moong Dal) - Conf: 0.2022, Lift: 1.5952, Factor: 1; 15668468 (Beans) - Conf: 0.1846, Lift: 1.4609, Factor: 1"
7503858,15668684; 15669772; 15669861; 15668379; 15668467; 34986125; 15668381; 15668594; 7624792,Beans; Other Dals; Raw Peanuts; Other Vegetables; Beans; Whole Spices; Other Vegetables; Exotic Vegetables; Ghee,15668460; 15669760; 15668381; 15668688; 15668379; 15669878; 15668467; 15668478; 15668462; 15668465,Gourd & Cucumber; Whole Spices; Other Vegetables; Root Vegetables; Other Vegetables; Toor Dal; Beans; Banana; Gourd & Cucumber; Root Vegetables,"15668460 (Gourd & Cucumber) - Conf: 0.4554, Lift: 2.4674, Factor: 1; 15669760 (Whole Spices) - Conf: 0.3992, Lift: 3.3414, Factor: 1; 15668381 (Other Vegetables) - Conf: 0.3695, Lift: 1.8093, Factor: 1; 15668688 (Root Vegetables) - Conf: 0.3496, Lift: 1.8820, Factor: 1; 15668379 (Other Vegetables) - Conf: 0.3415, Lift: 1.8499, Factor: 1; 15669878 (Toor Dal) - Conf: 0.2975, Lift: 1.7348, Factor: 1; 15668467 (Beans) - Conf: 0.2769, Lift: 2.0591, Factor: 1; 15668478 (Banana) - Conf: 0.2619, Lift: 1.8369, Factor: 1; 15668462 (Gourd & Cucumber) - Conf: 0.2579, Lift: 2.0591, Factor: 1; 15668465 (Root Vegetables) - Conf: 0.2573, Lift: 1.9869, Factor: 1"
7504989,15668378; 15668468; 34986120; 15669764; 15669780; 15669878,Other Vegetables; Beans; Unknown; Besan; Sugar; Toor Dal,15669869; 15668381; 15669821; 15668467; 15668379; 15668688; 15668460; 15668468; 15668458; 15669764,Moong Dal; Other Vegetables; Whole Spices; Beans; Other Vegetables; Root Vegetables; Gourd & Cucumber; Beans; Brinjals; Besan,"15669869 (Moong Dal) - Conf: 0.3287, Lift: 2.5928, Factor: 1; 15668381 (Other Vegetables) - Conf: 0.3155, Lift: 1.5446, Factor: 1; 15669821 (Whole Spices) - Conf: 0.3065, Lift: 3.3414, Factor: 1; 15668467 (Beans) - Conf: 0.2797, Lift: 2.0794, Factor: 1; 15668379 (Other Vegetables) - Conf: 0.2492, Lift: 1.3502, Factor: 1; 15668688 (Root Vegetables) - Conf: 0.2458, Lift: 1.3231, Factor: 1; 15668460 (Gourd & Cucumber) - Conf: 0.2443, Lift: 1.3233, Factor: 1; 15668468 (Beans) - Conf: 0.2338, Lift: 1.8499, Factor: 1; 15668458 (Brinjals) - Conf: 0.1921, Lift: 2.4674, Factor: 1; 15669764 (Besan) - Conf: 0.1753, Lift: 1.4579, Factor: 1"
7515099,7547296; 15670168; 7548498; 7630963; 7547271; 15668449; 15668460; 15668458; 15668477,Liquid Soaps & Bars; Organic F&V; Liquid Soaps & Bars; Tomato Ketchup; Liquid Soaps & Bars; Exotic Vegetables; Gourd & Cucumber; Brinjals; Exotic Vegetables,15668688; 15668460; 15668381; 15669777; 15669878; 15668478; 15669780; 15668467; 15668465; 15668468,Root Vegetables; Gourd & Cucumber; Other Vegetables; Urad Dal; Toor Dal; Banana; Sugar; Beans; Root Vegetables; Beans,"15668688 (Root Vegetables) - Conf: 0.3690, Lift: 1.9869, Factor: 1; 15668460 (Gourd & Cucumber) - Conf: 0.3340, Lift: 1.8093, Factor: 1; 15668381 (Other Vegetables) - Conf: 0.3266, Lift: 1.5993, Factor: 1; 15669777 (Urad Dal) - Conf: 0.2888, Lift: 2.5928, Factor: 1; 15669878 (Toor Dal) - Conf: 0.2736, Lift: 1.5952, Factor: 1; 15668478 (Banana) - Conf: 0.2276, Lift: 1.5960, Factor: 1; 15669780 (Sugar) - Conf: 0.2270, Lift: 1.5338, Factor: 1; 15668467 (Beans) - Conf: 0.2151, Lift: 1.5993, Factor: 1; 15668465 (Root Vegetables) - Conf: 0.2000, Lift: 1.5446, Factor: 1; 15668468 (Beans) - Conf: 0.1962, Lift: 1.5525, Factor: 1"
7516989,15669817; 15668379; 7594818; 7575497; 7630963; 7572433; 15668474,Whole Spices; Other Vegetables; Instant Noodles; Aluminium Foil & Cling Wrap; Tomato Ketchup; Cooking Paste; Beans,15668688; 15668460; 15668379; 15668467; 15668478; 15668465; 15668685,Root Vegetables; Gourd & Cucumber; Other Vegetables; Beans; Banana; Root Vegetables; Beans,"15668688 (Root Vegetables) - Conf: 0.3496, Lift: 1.8820, Factor: 1; 15668460 (Gourd & Cucumber) - Conf: 0.3446, Lift: 1.8670, Factor: 1; 15668379 (Other Vegetables) - Conf: 0.3415, Lift: 1.8499, Factor: 1; 15668467 (Beans) - Conf: 0.2769, Lift: 2.0591, Factor: 1; 15668478 (Banana) - Conf: 0.2619, Lift: 1.8369, Factor: 1; 15668465 (Root Vegetables) - Conf: 0.2573, Lift: 1.9869, Factor: 1; 15668685 (Beans) - Conf: 0.1528, Lift: 1.9633, Factor: 1"
7517068,15668688; 15668470; 15668478; 15668462; 15668457; 34986328; 15669773,Root Vegetables; Beans; Banana; Gourd & Cucumber; Brinjals; Toor Dal; Urad Dal,15668381; 15668379; 15668378; 15668688; 15669878; 15668465; 15669860; 15669863,Other Vegetables; Other Vegetables; Other Vegetables; Root Vegetables; Toor Dal; Root Vegetables; Moong Dal; Moong Dal,"15668381 (Other Vegetables) - Conf: 0.4010, Lift: 1.9633, Factor: 1; 15668379 (Other Vegetables) - Conf: 0.3008, Lift: 1.6298, Factor: 1; 15668378 (Other Vegetables) - Conf: 0.2837, Lift: 2.0794, Factor: 1; 15668688 (Root Vegetables) - Conf: 0.2756, Lift: 1.4836, Factor: 1; 15669878 (Toor Dal) - Conf: 0.2630, Lift: 1.5338, Factor: 1; 15668465 (Root Vegetables) - Conf: 0.2378, Lift: 1.8369, Factor: 1; 15669860 (Moong Dal) - Conf: 0.1865, Lift: 1.7348, Factor: 1; 15669863 (Moong Dal) - Conf: 0.1820, Lift: 1.4669, Factor: 1"
7517755,15668687; 15670252; 7637309; 15668478; 15670157; 7608483; 15668381; 15668468; 15668542; 15668474,"Root Vegetables; Organic F&V; Mosquito Repellent; Banana; Organic F&V; Shaving Cream, Foam & Gels; Other Vegetables; Beans; Buns & Pavs; Beans",15669760; 15668381; 15668460; 15668688; 15668379; 15669878; 15668462; 15668478; 15668465; 15668468,Whole Spices; Other Vegetables; Gourd & Cucumber; Root Vegetables; Other Vegetables; Toor Dal; Gourd & Cucumber; Banana; Root Vegetables; Beans,"15669760 (Whole Spices) - Conf: 0.3992, Lift: 3.3414, Factor: 1; 15668381 (Other Vegetables) - Conf: 0.3695, Lift: 1.8093, Factor: 1; 15668460 (Gourd & Cucumber) - Conf: 0.3037, Lift: 1.6454, Factor: 1; 15668688 (Root Vegetables) - Conf: 0.3027, Lift: 1.6298, Factor: 1; 15668379 (Other Vegetables) - Conf: 0.3008, Lift: 1.6298, Factor: 1; 15669878 (Toor Dal) - Conf: 0.2975, Lift: 1.7348, Factor: 1; 15668462 (Gourd & Cucumber) - Conf: 0.2579, Lift: 2.0591, Factor: 1; 15668478 (Banana) - Conf: 0.2448, Lift: 1.7170, Factor: 1; 15668465 (Root Vegetables) - Conf: 0.2378, Lift: 1.8369, Factor: 1; 15668468 (Beans) - Conf: 0.2338, Lift: 1.8499, Factor: 1"
7518687,15669860; 15668379; 15669869; 7624790; 15669885; 15668458; 7729965,Moong Dal; Other Vegetables; Moong Dal; Ghee; Moong Dal; Brinjals; Sunflower Oils,15668688; 15668460; 15668379; 15668381; 15668467; 15668478; 15668465; 15668378; 15668685,Root Vegetables; Gourd & Cucumber; Other Vegetables; Other Vegetables; Beans; Banana; Root Vegetables; Other Vegetables; Beans,"15668688 (Root Vegetables) - Conf: 0.3496, Lift: 1.8820, Factor: 1; 15668460 (Gourd & Cucumber) - Conf: 0.3446, Lift: 1.8670, Factor: 1; 15668379 (Other Vegetables) - Conf: 0.3415, Lift: 1.8499, Factor: 1; 15668381 (Other Vegetables) - Conf: 0.3266, Lift: 1.5993, Factor: 1; 15668467 (Beans) - Conf: 0.2769, Lift: 2.0591, Factor: 1; 15668478 (Banana) - Conf: 0.2619, Lift: 1.8369, Factor: 1; 15668465 (Root Vegetables) - Conf: 0.2573, Lift: 1.9869, Factor: 1; 15668378 (Other Vegetables) - Conf: 0.1805, Lift: 1.3231, Factor: 1; 15668685 (Beans) - Conf: 0.1528, Lift: 1.9633, Factor: 1"
7525683,15670260; 15668474; 7587490; 15670259; 15670251; 15670158; 15670250; 15670161; 15670157,Organic F&V; Beans; Organic Dals & Pulses; Organic F&V; Organic F&V; Organic F&V; Organic F&V; Organic F&V; Organic F&V,,,
7526450,15670259; 15668478; 15668687; 15670252; 15670162; 15668462,Organic F&V; Banana; Root Vegetables; Organic F&V; Organic F&V; Gourd & Cucumber,15668381; 15668379; 15668688; 15668465; 15669860; 15669863,Other Vegetables; Other Vegetables; Root Vegetables; Root Vegetables; Moong Dal; Moong Dal,"15668381 (Other Vegetables) - Conf: 0.4010, Lift: 1.9633, Factor: 1; 15668379 (Other Vegetables) - Conf: 0.3008, Lift: 1.6298, Factor: 1; 15668688 (Root Vegetables) - Conf: 0.2756, Lift: 1.4836, Factor: 1; 15668465 (Root Vegetables) - Conf: 0.2378, Lift: 1.8369, Factor: 1; 15669860 (Moong Dal) - Conf: 0.1865, Lift: 1.7348, Factor: 1; 15669863 (Moong Dal) - Conf: 0.1820, Lift: 1.4669, Factor: 1"
7527581,15668462; 15669871; 15668381; 15668455; 15668457; 15668460; 15668473,Gourd & Cucumber; Other Rice Products; Other Vegetables; Brinjals; Brinjals; Gourd & Cucumber; Beans,15668381; 15669760; 15668688; 15668460; 15669878; 15668379; 15669777; 15668462; 15668478; 15668378,Other Vegetables; Whole Spices; Root Vegetables; Gourd & Cucumber; Toor Dal; Other Vegetables; Urad Dal; Gourd & Cucumber; Banana; Other Vegetables,"15668381 (Other Vegetables) - Conf: 0.4010, Lift: 1.9633, Factor: 1; 15669760 (Whole Spices) - Conf: 0.3992, Lift: 3.3414, Factor: 1; 15668688 (Root Vegetables) - Conf: 0.3690, Lift: 1.9869, Factor: 1; 15668460 (Gourd & Cucumber) - Conf: 0.3340, Lift: 1.8093, Factor: 1; 15669878 (Toor Dal) - Conf: 0.2975, Lift: 1.7348, Factor: 1; 15668379 (Other Vegetables) - Conf: 0.2946, Lift: 1.5960, Factor: 1; 15669777 (Urad Dal) - Conf: 0.2888, Lift: 2.5928, Factor: 1; 15668462 (Gourd & Cucumber) - Conf: 0.2579, Lift: 2.0591, Factor: 1; 15668478 (Banana) - Conf: 0.2448, Lift: 1.7170, Factor: 1; 15668378 (Other Vegetables) - Conf: 0.2317, Lift: 1.6987, Factor: 1"
7531263,15668457; 15669864; 34987566; 15668462; 15668465; 15668381; 15668460,Brinjals; Other Dals; Whole Spices; Gourd & Cucumber; Root Vegetables; Other Vegetables; Gourd & Cucumber,15668381; 15669760; 15668688; 15668460; 15669878; 15668379; 15669777; 15668462; 15668467; 15668478,Other Vegetables; Whole Spices; Root Vegetables; Gourd & Cucumber; Toor Dal; Other Vegetables; Urad Dal; Gourd & Cucumber; Beans; Banana,"15668381 (Other Vegetables) - Conf: 0.4010, Lift: 1.9633, Factor: 1; 15669760 (Whole Spices) - Conf: 0.3992, Lift: 3.3414, Factor: 1; 15668688 (Root Vegetables) - Conf: 0.3690, Lift: 1.9869, Factor: 1; 15668460 (Gourd & Cucumber) - Conf: 0.3340, Lift: 1.8093, Factor: 1; 15669878 (Toor Dal) - Conf: 0.2975, Lift: 1.7348, Factor: 1; 15668379 (Other Vegetables) - Conf: 0.2946, Lift: 1.5960, Factor: 1; 15669777 (Urad Dal) - Conf: 0.2888, Lift: 2.5928, Factor: 1; 15668462 (Gourd & Cucumber) - Conf: 0.2579, Lift: 2.0591, Factor: 1; 15668467 (Beans) - Conf: 0.2531, Lift: 1.8820, Factor: 1; 15668478 (Banana) - Conf: 0.2448, Lift: 1.7170, Factor: 1"
7533198,15668466; 7610714; 7572432; 15668379; 15668685; 15668460; 15669832; 15668458; 7569798; 7613347,Root Vegetables; Corn Snacks; Cooking Paste; Other Vegetables; Beans; Gourd & Cucumber; Sugar; Brinjals; Namkeen; Honey,15668688; 15668460; 15668379; 15668381; 15669777; 15668467; 15669878; 15668478; 15668465; 15669780,Root Vegetables; Gourd & Cucumber; Other Vegetables; Other Vegetables; Urad Dal; Beans; Toor Dal; Banana; Root Vegetables; Sugar,"15668688 (Root Vegetables) - Conf: 0.3690, Lift: 1.9869, Factor: 1; 15668460 (Gourd & Cucumber) - Conf: 0.3446, Lift: 1.8670, Factor: 1; 15668379 (Other Vegetables) - Conf: 0.3415, Lift: 1.8499, Factor: 1; 15668381 (Other Vegetables) - Conf: 0.3266, Lift: 1.5993, Factor: 1; 15669777 (Urad Dal) - Conf: 0.2888, Lift: 2.5928, Factor: 1; 15668467 (Beans) - Conf: 0.2769, Lift: 2.0591, Factor: 1; 15669878 (Toor Dal) - Conf: 0.2736, Lift: 1.5952, Factor: 1; 15668478 (Banana) - Conf: 0.2619, Lift: 1.8369, Factor: 1; 15668465 (Root Vegetables) - Conf: 0.2573, Lift: 1.9869, Factor: 1; 15669780 (Sugar) - Conf: 0.2270, Lift: 1.5338, Factor: 1"
7544462,15669764; 15669880; 34986135; 15669884; 15668520; 7548730,Besan; Sooji & Rava; Whole Spices; Whole Spices; Bread; Organic Flours,15668462,Gourd & Cucumber,"15668462 (Gourd & Cucumber) - Conf: 0.1691, Lift: 1.3502, Factor: 1"
7551396,15669860; 15668688; 15669769; 15670251; 15669878; 15669818; 15669761,Moong Dal; Root Vegetables; Other Dals; Organic F&V; Toor Dal; Whole Spices; Whole Spices,15668381; 15668378; 15668688; 15669878; 15668379; 15668460; 15668465,Other Vegetables; Other Vegetables; Root Vegetables; Toor Dal; Other Vegetables; Gourd & Cucumber; Root Vegetables,"15668381 (Other Vegetables) - Conf: 0.2985, Lift: 1.4617, Factor: 1; 15668378 (Other Vegetables) - Conf: 0.2837, Lift: 2.0794, Factor: 1; 15668688 (Root Vegetables) - Conf: 0.2713, Lift: 1.4609, Factor: 1; 15669878 (Toor Dal) - Conf: 0.2630, Lift: 1.5338, Factor: 1; 15668379 (Other Vegetables) - Conf: 0.2492, Lift: 1.3502, Factor: 1; 15668460 (Gourd & Cucumber) - Conf: 0.2440, Lift: 1.3221, Factor: 1; 15668465 (Root Vegetables) - Conf: 0.2350, Lift: 1.8146, Factor: 1"
7551502,7718555; 15670245; 92380533; 15668477; 15670157; 15669824; 15668471; 15670246; 15668449; 15669868; 15668688; 7587667; 15669965,Other Oils; Organic F&V; Regular Pasta; Exotic Vegetables; Organic F&V; Raw Rice; Beans; Organic F&V; Exotic Vegetables; Other Dals; Root Vegetables; Organic Dals & Pulses; Raisins,15668381; 15668378; 15668688; 15669878; 15668465,Other Vegetables; Other Vegetables; Root Vegetables; Toor Dal; Root Vegetables,"15668381 (Other Vegetables) - Conf: 0.2985, Lift: 1.4617, Factor: 1; 15668378 (Other Vegetables) - Conf: 0.2837, Lift: 2.0794, Factor: 1; 15668688 (Root Vegetables) - Conf: 0.2713, Lift: 1.4609, Factor: 1; 15669878 (Toor Dal) - Conf: 0.2630, Lift: 1.5338, Factor: 1; 15668465 (Root Vegetables) - Conf: 0.2350, Lift: 1.8146, Factor: 1"
7552098,15668379; 15668463; 15668381; 15668451; 15668457; 15668474,Other Vegetables; Gourd & Cucumber; Other Vegetables; Brinjals; Brinjals; Beans,15669760; 15668381; 15668688; 15668460; 15668379; 15669878; 15668467; 15668478; 15668462; 15668465,Whole Spices; Other Vegetables; Root Vegetables; Gourd & Cucumber; Other Vegetables; Toor Dal; Beans; Banana; Gourd & Cucumber; Root Vegetables,"15669760 (Whole Spices) - Conf: 0.3992, Lift: 3.3414, Factor: 1; 15668381 (Other Vegetables) - Conf: 0.3695, Lift: 1.8093, Factor: 1; 15668688 (Root Vegetables) - Conf: 0.3496, Lift: 1.8820, Factor: 1; 15668460 (Gourd & Cucumber) - Conf: 0.3446, Lift: 1.8670, Factor: 1; 15668379 (Other Vegetables) - Conf: 0.3415, Lift: 1.8499, Factor: 1; 15669878 (Toor Dal) - Conf: 0.2975, Lift: 1.7348, Factor: 1; 15668467 (Beans) - Conf: 0.2769, Lift: 2.0591, Factor: 1; 15668478 (Banana) - Conf: 0.2619, Lift: 1.8369, Factor: 1; 15668462 (Gourd & Cucumber) - Conf: 0.2579, Lift: 2.0591, Factor: 1; 15668465 (Root Vegetables) - Conf: 0.2573, Lift: 1.9869, Factor: 1"
7552991,15669815; 15670245; 7753732; 15668460; 15668381; 15668474; 15669998; 15670157; 15669780,Jaggery; Organic F&V; Health Drinks; Gourd & Cucumber; Other Vegetables; Beans; Other Dals; Organic F&V; Sugar,15669760; 15668381; 15668688; 15668460; 15669878; 15669777; 15668462; 15668478; 15668378; 15669780,Whole Spices; Other Vegetables; Root Vegetables; Gourd & Cucumber; Toor Dal; Urad Dal; Gourd & Cucumber; Banana; Other Vegetables; Sugar,"15669760 (Whole Spices) - Conf: 0.3992, Lift: 3.3414, Factor: 1; 15668381 (Other Vegetables) - Conf: 0.3695, Lift: 1.8093, Factor: 1; 15668688 (Root Vegetables) - Conf: 0.3690, Lift: 1.9869, Factor: 1; 15668460 (Gourd & Cucumber) - Conf: 0.3340, Lift: 1.8093, Factor: 1; 15669878 (Toor Dal) - Conf: 0.2975, Lift: 1.7348, Factor: 1; 15669777 (Urad Dal) - Conf: 0.2888, Lift: 2.5928, Factor: 1; 15668462 (Gourd & Cucumber) - Conf: 0.2579, Lift: 2.0591, Factor: 1; 15668478 (Banana) - Conf: 0.2448, Lift: 1.7170, Factor: 1; 15668378 (Other Vegetables) - Conf: 0.2317, Lift: 1.6987, Factor: 1; 15669780 (Sugar) - Conf: 0.2270, Lift: 1.5338, Factor: 1"
7558409,15669885; 7593949; 15668458; 34987569; 15668460; 15668379,Moong Dal; Cream Biscuits; Brinjals; Powdered Spices; Gourd & Cucumber; Other Vegetables,15668688; 15668460; 15668379; 15668381; 15669777; 15668467; 15669878; 15668478; 15668465; 15669780,Root Vegetables; Gourd & Cucumber; Other Vegetables; Other Vegetables; Urad Dal; Beans; Toor Dal; Banana; Root Vegetables; Sugar,"15668688 (Root Vegetables) - Conf: 0.3690, Lift: 1.9869, Factor: 1; 15668460 (Gourd & Cucumber) - Conf: 0.3446, Lift: 1.8670, Factor: 1; 15668379 (Other Vegetables) - Conf: 0.3415, Lift: 1.8499, Factor: 1; 15668381 (Other Vegetables) - Conf: 0.3266, Lift: 1.5993, Factor: 1; 15669777 (Urad Dal) - Conf: 0.2888, Lift: 2.5928, Factor: 1; 15668467 (Beans) - Conf: 0.2769, Lift: 2.0591, Factor: 1; 15669878 (Toor Dal) - Conf: 0.2736, Lift: 1.5952, Factor: 1; 15668478 (Banana) - Conf: 0.2619, Lift: 1.8369, Factor: 1; 15668465 (Root Vegetables) - Conf: 0.2573, Lift: 1.9869, Factor: 1; 15669780 (Sugar) - Conf: 0.2270, Lift: 1.5338, Factor: 1"
7559166,15668685; 15668469; 15668465; 15668462; 15668451; 15668687; 15668457,Beans; Beans; Root Vegetables; Gourd & Cucumber; Brinjals; Root Vegetables; Brinjals,15668381; 15668688; 15668379; 15668467; 15669878; 15669869; 15669860,Other Vegetables; Root Vegetables; Other Vegetables; Beans; Toor Dal; Moong Dal; Moong Dal,"15668381 (Other Vegetables) - Conf: 0.4010, Lift: 1.9633, Factor: 1; 15668688 (Root Vegetables) - Conf: 0.3189, Lift: 1.7170, Factor: 1; 15668379 (Other Vegetables) - Conf: 0.2976, Lift: 1.6124, Factor: 1; 15668467 (Beans) - Conf: 0.2531, Lift: 1.8820, Factor: 1; 15669878 (Toor Dal) - Conf: 0.2516, Lift: 1.4669, Factor: 1; 15669869 (Moong Dal) - Conf: 0.2022, Lift: 1.5952, Factor: 1; 15669860 (Moong Dal) - Conf: 0.1865, Lift: 1.7348, Factor: 1"
7559542,15668460; 15668381; 15669856; 15669764; 15668688; 15668468; 15668458; 15669861; 15668378,Gourd & Cucumber; Other Vegetables; Sugar; Besan; Root Vegetables; Beans; Brinjals; Raw Peanuts; Other Vegetables,15669760; 15668381; 15668688; 15668460; 15669869; 15669821; 15669878; 15669777; 15668378; 15668467,Whole Spices; Other Vegetables; Root Vegetables; Gourd & Cucumber; Moong Dal; Whole Spices; Toor Dal; Urad Dal; Other Vegetables; Beans,"15669760 (Whole Spices) - Conf: 0.3992, Lift: 3.3414, Factor: 1; 15668381 (Other Vegetables) - Conf: 0.3695, Lift: 1.8093, Factor: 1; 15668688 (Root Vegetables) - Conf: 0.3690, Lift: 1.9869, Factor: 1; 15668460 (Gourd & Cucumber) - Conf: 0.3340, Lift: 1.8093, Factor: 1; 15669869 (Moong Dal) - Conf: 0.3287, Lift: 2.5928, Factor: 1; 15669821 (Whole Spices) - Conf: 0.3065, Lift: 3.3414, Factor: 1; 15669878 (Toor Dal) - Conf: 0.2975, Lift: 1.7348, Factor: 1; 15669777 (Urad Dal) - Conf: 0.2888, Lift: 2.5928, Factor: 1; 15668378 (Other Vegetables) - Conf: 0.2837, Lift: 2.0794, Factor: 1; 15668467 (Beans) - Conf: 0.2797, Lift: 2.0794, Factor: 1"
7560723,7593949; 15668379; 15669763; 7572313; 92388173; 15669885; 15668462; 15669864,Cream Biscuits; Other Vegetables; Other Dals; Namkeen; Namkeen; Moong Dal; Gourd & Cucumber; Other Dals,15668381; 15668688; 15668460; 15668379; 15668467; 15668478; 15668465; 15669860; 15668685,Other Vegetables; Root Vegetables; Gourd & Cucumber; Other Vegetables; Beans; Banana; Root Vegetables; Moong Dal; Beans,"15668381 (Other Vegetables) - Conf: 0.4010, Lift: 1.9633, Factor: 1; 15668688 (Root Vegetables) - Conf: 0.3496, Lift: 1.8820, Factor: 1; 15668460 (Gourd & Cucumber) - Conf: 0.3446, Lift: 1.8670, Factor: 1; 15668379 (Other Vegetables) - Conf: 0.3415, Lift: 1.8499, Factor: 1; 15668467 (Beans) - Conf: 0.2769, Lift: 2.0591, Factor: 1; 15668478 (Banana) - Conf: 0.2619, Lift: 1.8369, Factor: 1; 15668465 (Root Vegetables) - Conf: 0.2573, Lift: 1.9869, Factor: 1; 15669860 (Moong Dal) - Conf: 0.1865, Lift: 1.7348, Factor: 1; 15668685 (Beans) - Conf: 0.1528, Lift: 1.9633, Factor: 1"
7565166,15668458; 15668416; 15668455; 15668469; 15668463; 15668460; 15668379,Brinjals; Banana; Brinjals; Beans; Gourd & Cucumber; Gourd & Cucumber; Other Vegetables,15668688; 15668460; 15668379; 15668381; 15669777; 15668467; 15669878; 15668478; 15668465; 15669780,Root Vegetables; Gourd & Cucumber; Other Vegetables; Other Vegetables; Urad Dal; Beans; Toor Dal; Banana; Root Vegetables; Sugar,"15668688 (Root Vegetables) - Conf: 0.3690, Lift: 1.9869, Factor: 1; 15668460 (Gourd & Cucumber) - Conf: 0.3446, Lift: 1.8670, Factor: 1; 15668379 (Other Vegetables) - Conf: 0.3415, Lift: 1.8499, Factor: 1; 15668381 (Other Vegetables) - Conf: 0.3266, Lift: 1.5993, Factor: 1; 15669777 (Urad Dal) - Conf: 0.2888, Lift: 2.5928, Factor: 1; 15668467 (Beans) - Conf: 0.2769, Lift: 2.0591, Factor: 1; 15669878 (Toor Dal) - Conf: 0.2736, Lift: 1.5952, Factor: 1; 15668478 (Banana) - Conf: 0.2619, Lift: 1.8369, Factor: 1; 15668465 (Root Vegetables) - Conf: 0.2573, Lift: 1.9869, Factor: 1; 15669780 (Sugar) - Conf: 0.2270, Lift: 1.5338, Factor: 1"
7580491,15668451; 15669775; 15668379; 15668462; 15669782; 15669859; 92388173; 15668478,Brinjals; Sooji & Rava; Other Vegetables; Gourd & Cucumber; Raw Rice; Toor Dal; Namkeen; Banana,15668381; 15668688; 15668460; 15668379; 15668467; 15668478; 15668465; 15669860; 15669863; 15668685,Other Vegetables; Root Vegetables; Gourd & Cucumber; Other Vegetables; Beans; Banana; Root Vegetables; Moong Dal; Moong Dal; Beans,"15668381 (Other Vegetables) - Conf: 0.4010, Lift: 1.9633, Factor: 1; 15668688 (Root Vegetables) - Conf: 0.3496, Lift: 1.8820, Factor: 1; 15668460 (Gourd & Cucumber) - Conf: 0.3446, Lift: 1.8670, Factor: 1; 15668379 (Other Vegetables) - Conf: 0.3415, Lift: 1.8499, Factor: 1; 15668467 (Beans) - Conf: 0.2769, Lift: 2.0591, Factor: 1; 15668478 (Banana) - Conf: 0.2619, Lift: 1.8369, Factor: 1; 15668465 (Root Vegetables) - Conf: 0.2573, Lift: 1.9869, Factor: 1; 15669860 (Moong Dal) - Conf: 0.1865, Lift: 1.7348, Factor: 1; 15669863 (Moong Dal) - Conf: 0.1820, Lift: 1.4669, Factor: 1; 15668685 (Beans) - Conf: 0.1528, Lift: 1.9633, Factor: 1"
7581908,15669988; 15668688; 7574197; 15669885; 15669864; 15668494; 15669872; 34986328; 15669765; 15668378,Other Dals; Root Vegetables; Vermicelli; Moong Dal; Other Dals; Exotic Vegetables; Avalakki / Poha; Toor Dal; Urad Dal; Other Vegetables,15669869; 15669821; 15668381; 15668378; 15668467; 15668688; 15669878; 15668465; 15668458,Moong Dal; Whole Spices; Other Vegetables; Other Vegetables; Beans; Root Vegetables; Toor Dal; Root Vegetables; Brinjals,"15669869 (Moong Dal) - Conf: 0.3287, Lift: 2.5928, Factor: 1; 15669821 (Whole Spices) - Conf: 0.3065, Lift: 3.3414, Factor: 1; 15668381 (Other Vegetables) - Conf: 0.2985, Lift: 1.4617, Factor: 1; 15668378 (Other Vegetables) - Conf: 0.2837, Lift: 2.0794, Factor: 1; 15668467 (Beans) - Conf: 0.2797, Lift: 2.0794, Factor: 1; 15668688 (Root Vegetables) - Conf: 0.2713, Lift: 1.4609, Factor: 1; 15669878 (Toor Dal) - Conf: 0.2630, Lift: 1.5338, Factor: 1; 15668465 (Root Vegetables) - Conf: 0.2350, Lift: 1.8146, Factor: 1; 15668458 (Brinjals) - Conf: 0.1921, Lift: 2.4674, Factor: 1"
7582160,15668688; 15669866; 15669769; 15669778; 15668685; 15670157,Root Vegetables; Other Dals; Other Dals; Other Dals; Beans; Organic F&V,15668381; 15668379; 15668378; 15668688; 15669878; 15668465,Other Vegetables; Other Vegetables; Other Vegetables; Root Vegetables; Toor Dal; Root Vegetables,"15668381 (Other Vegetables) - Conf: 0.2985, Lift: 1.4617, Factor: 1; 15668379 (Other Vegetables) - Conf: 0.2976, Lift: 1.6124, Factor: 1; 15668378 (Other Vegetables) - Conf: 0.2837, Lift: 2.0794, Factor: 1; 15668688 (Root Vegetables) - Conf: 0.2713, Lift: 1.4609, Factor: 1; 15669878 (Toor Dal) - Conf: 0.2630, Lift: 1.5338, Factor: 1; 15668465 (Root Vegetables) - Conf: 0.2350, Lift: 1.8146, Factor: 1"
7583327,15669863; 15668460; 15669866; 15668462; 15668379; 15668457; 15669860,Moong Dal; Gourd & Cucumber; Other Dals; Gourd & Cucumber; Other Vegetables; Brinjals; Moong Dal,15668381; 15668688; 15668460; 15668379; 15669777; 15668467; 15669878; 15668478; 15668465; 15669780,Other Vegetables; Root Vegetables; Gourd & Cucumber; Other Vegetables; Urad Dal; Beans; Toor Dal; Banana; Root Vegetables; Sugar,"15668381 (Other Vegetables) - Conf: 0.4010, Lift: 1.9633, Factor: 1; 15668688 (Root Vegetables) - Conf: 0.3690, Lift: 1.9869, Factor: 1; 15668460 (Gourd & Cucumber) - Conf: 0.3446, Lift: 1.8670, Factor: 1; 15668379 (Other Vegetables) - Conf: 0.3415, Lift: 1.8499, Factor: 1; 15669777 (Urad Dal) - Conf: 0.2888, Lift: 2.5928, Factor: 1; 15668467 (Beans) - Conf: 0.2769, Lift: 2.0591, Factor: 1; 15669878 (Toor Dal) - Conf: 0.2736, Lift: 1.5952, Factor: 1; 15668478 (Banana) - Conf: 0.2619, Lift: 1.8369, Factor: 1; 15668465 (Root Vegetables) - Conf: 0.2573, Lift: 1.9869, Factor: 1; 15669780 (Sugar) - Conf: 0.2270, Lift: 1.5338, Factor: 1"
7584632,15669780; 7634445; 15669812; 15670270; 7624786; 15669969; 15669868; 7613346; 15669869; 15669765,Sugar; Sunflower Oils; Jaggery; Other Dals; Ghee; Cashews; Other Dals; Honey; Moong Dal; Urad Dal,15668460; 15668478; 15668467,Gourd & Cucumber; Banana; Beans,"15668460 (Gourd & Cucumber) - Conf: 0.2443, Lift: 1.3233, Factor: 1; 15668478 (Banana) - Conf: 0.1887, Lift: 1.3233, Factor: 1; 15668467 (Beans) - Conf: 0.1775, Lift: 1.3195, Factor: 1"
7585530,15668520; 15668688; 15668457; 15668381; 15668685; 15668378,Bread; Root Vegetables; Brinjals; Other Vegetables; Beans; Other Vegetables,15669760; 15668381; 15669869; 15669821; 15668460; 15668688; 15668379; 15669878; 15668378; 15668467,Whole Spices; Other Vegetables; Moong Dal; Whole Spices; Gourd & Cucumber; Root Vegetables; Other Vegetables; Toor Dal; Other Vegetables; Beans,"15669760 (Whole Spices) - Conf: 0.3992, Lift: 3.3414, Factor: 1; 15668381 (Other Vegetables) - Conf: 0.3695, Lift: 1.8093, Factor: 1; 15669869 (Moong Dal) - Conf: 0.3287, Lift: 2.5928, Factor: 1; 15669821 (Whole Spices) - Conf: 0.3065, Lift: 3.3414, Factor: 1; 15668460 (Gourd & Cucumber) - Conf: 0.3037, Lift: 1.6454, Factor: 1; 15668688 (Root Vegetables) - Conf: 0.3027, Lift: 1.6298, Factor: 1; 15668379 (Other Vegetables) - Conf: 0.2976, Lift: 1.6124, Factor: 1; 15669878 (Toor Dal) - Conf: 0.2975, Lift: 1.7348, Factor: 1; 15668378 (Other Vegetables) - Conf: 0.2837, Lift: 2.0794, Factor: 1; 15668467 (Beans) - Conf: 0.2797, Lift: 2.0794, Factor: 1"
7587534,15668416; 7623116; 15669983; 15670157; 15670248; 15669832; 15668467; 7612452,Banana; Liquid Soaps & Bars; Other Dry Fruits; Organic F&V; Organic F&V; Sugar; Beans; Other Oils,15668460; 15668381; 15668462; 15668468,Gourd & Cucumber; Other Vegetables; Gourd & Cucumber; Beans,"15668460 (Gourd & Cucumber) - Conf: 0.4554, Lift: 2.4674, Factor: 1; 15668381 (Other Vegetables) - Conf: 0.3171, Lift: 1.5525, Factor: 1; 15668462 (Gourd & Cucumber) - Conf: 0.2338, Lift: 1.8670, Factor: 1; 15668468 (Beans) - Conf: 0.1846, Lift: 1.4609, Factor: 1"
7587814,15670251; 15669765; 15668381; 15668688; 15670157; 15669872; 7580811; 15669764; 15669886,Organic F&V; Urad Dal; Other Vegetables; Root Vegetables; Organic F&V; Avalakki / Poha; Sunflower Oils; Besan; Sooji & Rava,15669760; 15668381; 15668460; 15668688; 15669878; 15668378; 15668462; 15668478; 15668465,Whole Spices; Other Vegetables; Gourd & Cucumber; Root Vegetables; Toor Dal; Other Vegetables; Gourd & Cucumber; Banana; Root Vegetables,"15669760 (Whole Spices) - Conf: 0.3992, Lift: 3.3414, Factor: 1; 15668381 (Other Vegetables) - Conf: 0.3695, Lift: 1.8093, Factor: 1; 15668460 (Gourd & Cucumber) - Conf: 0.3037, Lift: 1.6454, Factor: 1; 15668688 (Root Vegetables) - Conf: 0.3027, Lift: 1.6298, Factor: 1; 15669878 (Toor Dal) - Conf: 0.2975, Lift: 1.7348, Factor: 1; 15668378 (Other Vegetables) - Conf: 0.2837, Lift: 2.0794, Factor: 1; 15668462 (Gourd & Cucumber) - Conf: 0.2579, Lift: 2.0591, Factor: 1; 15668478 (Banana) - Conf: 0.2448, Lift: 1.7170, Factor: 1; 15668465 (Root Vegetables) - Conf: 0.2350, Lift: 1.8146, Factor: 1"
7592127,93141023; 15668478; 7586509; 93141022; 15668480; 7569801; 7572306; 7678784,Yogurt & Lassi; Banana; Namkeen; Yogurt & Lassi; Bread; Namkeen; Snacky Nuts; Packaged Drinking Water,15668379; 15668688; 15668465; 15669863,Other Vegetables; Root Vegetables; Root Vegetables; Moong Dal,"15668379 (Other Vegetables) - Conf: 0.3008, Lift: 1.6298, Factor: 1; 15668688 (Root Vegetables) - Conf: 0.2585, Lift: 1.3917, Factor: 1; 15668465 (Root Vegetables) - Conf: 0.2378, Lift: 1.8369, Factor: 1; 15669863 (Moong Dal) - Conf: 0.1820, Lift: 1.4669, Factor: 1"
7599737,15668541; 15669866; 15668457; 15670269; 15670157; 15668379; 15668688; 15669880,Buns & Pavs; Other Dals; Brinjals; Other Dals; Organic F&V; Other Vegetables; Root Vegetables; Sooji & Rava,15668688; 15668460; 15668379; 15668381; 15668378; 15668467; 15669878; 15668478; 15668465; 15668685,Root Vegetables; Gourd & Cucumber; Other Vegetables; Other Vegetables; Other Vegetables; Beans; Toor Dal; Banana; Root Vegetables; Beans,"15668688 (Root Vegetables) - Conf: 0.3496, Lift: 1.8820, Factor: 1; 15668460 (Gourd & Cucumber) - Conf: 0.3446, Lift: 1.8670, Factor: 1; 15668379 (Other Vegetables) - Conf: 0.3415, Lift: 1.8499, Factor: 1; 15668381 (Other Vegetables) - Conf: 0.2985, Lift: 1.4617, Factor: 1; 15668378 (Other Vegetables) - Conf: 0.2837, Lift: 2.0794, Factor: 1; 15668467 (Beans) - Conf: 0.2769, Lift: 2.0591, Factor: 1; 15669878 (Toor Dal) - Conf: 0.2630, Lift: 1.5338, Factor: 1; 15668478 (Banana) - Conf: 0.2619, Lift: 1.8369, Factor: 1; 15668465 (Root Vegetables) - Conf: 0.2573, Lift: 1.9869, Factor: 1; 15668685 (Beans) - Conf: 0.1528, Lift: 1.9633, Factor: 1"
7602429,15669760; 15669996; 15668688; 15668379; 7578351; 15668594,Whole Spices; Other Dals; Root Vegetables; Other Vegetables; Chinese Noodles; Exotic Vegetables,15668688; 15668460; 15668379; 15668381; 15668378; 15668467; 15669878; 15668478; 15668465; 15668468,Root Vegetables; Gourd & Cucumber; Other Vegetables; Other Vegetables; Other Vegetables; Beans; Toor Dal; Banana; Root Vegetables; Beans,"15668688 (Root Vegetables) - Conf: 0.3496, Lift: 1.8820, Factor: 1; 15668460 (Gourd & Cucumber) - Conf: 0.3446, Lift: 1.8670, Factor: 1; 15668379 (Other Vegetables) - Conf: 0.3415, Lift: 1.8499, Factor: 1; 15668381 (Other Vegetables) - Conf: 0.2985, Lift: 1.4617, Factor: 1; 15668378 (Other Vegetables) - Conf: 0.2837, Lift: 2.0794, Factor: 1; 15668467 (Beans) - Conf: 0.2769, Lift: 2.0591, Factor: 1; 15669878 (Toor Dal) - Conf: 0.2630, Lift: 1.5338, Factor: 1; 15668478 (Banana) - Conf: 0.2619, Lift: 1.8369, Factor: 1; 15668465 (Root Vegetables) - Conf: 0.2573, Lift: 1.9869, Factor: 1; 15668468 (Beans) - Conf: 0.1754, Lift: 1.3874, Factor: 1"
7602550,15668519; 7587667; 15670241; 15668381; 15670157; 7587657; 15670260,Bread; Organic Dals & Pulses; Organic F&V; Other Vegetables; Organic F&V; Organic Dals & Pulses; Organic F&V,15669760; 15668381; 15668460; 15668688; 15669878; 15668462; 15668478; 15668378; 15668465,Whole Spices; Other Vegetables; Gourd & Cucumber; Root Vegetables; Toor Dal; Gourd & Cucumber; Banana; Other Vegetables; Root Vegetables,"15669760 (Whole Spices) - Conf: 0.3992, Lift: 3.3414, Factor: 1; 15668381 (Other Vegetables) - Conf: 0.3695, Lift: 1.8093, Factor: 1; 15668460 (Gourd & Cucumber) - Conf: 0.3037, Lift: 1.6454, Factor: 1; 15668688 (Root Vegetables) - Conf: 0.3027, Lift: 1.6298, Factor: 1; 15669878 (Toor Dal) - Conf: 0.2975, Lift: 1.7348, Factor: 1; 15668462 (Gourd & Cucumber) - Conf: 0.2579, Lift: 2.0591, Factor: 1; 15668478 (Banana) - Conf: 0.2448, Lift: 1.7170, Factor: 1; 15668378 (Other Vegetables) - Conf: 0.2317, Lift: 1.6987, Factor: 1; 15668465 (Root Vegetables) - Conf: 0.2088, Lift: 1.6124, Factor: 1"
7603462,15669817; 15668416; 15669865; 15668448; 15669866; 15668474; 15668685; 15668451; 15669764; 15669856,Whole Spices; Banana; Other Dals; Exotic Vegetables; Other Dals; Beans; Beans; Brinjals; Besan; Sugar,15668379; 15668462,Other Vegetables; Gourd & Cucumber,"15668379 (Other Vegetables) - Conf: 0.2976, Lift: 1.6124, Factor: 1; 15668462 (Gourd & Cucumber) - Conf: 0.1691, Lift: 1.3502, Factor: 1"
7604413,15668379; 15669778; 15668688; 7704153; 15669777; 15669789; 15669785,Other Vegetables; Other Dals; Root Vegetables; Mosquito Repellent; Urad Dal; Boiled Rice; Boiled Rice,15668688; 15668460; 15668379; 15668381; 15668378; 15668467; 15669878; 15668478; 15668465; 15668685,Root Vegetables; Gourd & Cucumber; Other Vegetables; Other Vegetables; Other Vegetables; Beans; Toor Dal; Banana; Root Vegetables; Beans,"15668688 (Root Vegetables) - Conf: 0.3496, Lift: 1.8820, Factor: 1; 15668460 (Gourd & Cucumber) - Conf: 0.3446, Lift: 1.8670, Factor: 1; 15668379 (Other Vegetables) - Conf: 0.3415, Lift: 1.8499, Factor: 1; 15668381 (Other Vegetables) - Conf: 0.2985, Lift: 1.4617, Factor: 1; 15668378 (Other Vegetables) - Conf: 0.2837, Lift: 2.0794, Factor: 1; 15668467 (Beans) - Conf: 0.2769, Lift: 2.0591, Factor: 1; 15669878 (Toor Dal) - Conf: 0.2630, Lift: 1.5338, Factor: 1; 15668478 (Banana) - Conf: 0.2619, Lift: 1.8369, Factor: 1; 15668465 (Root Vegetables) - Conf: 0.2573, Lift: 1.9869, Factor: 1; 15668685 (Beans) - Conf: 0.1528, Lift: 1.9633, Factor: 1"
7605272,7569806; 7753738; 15669859; 7569802; 15669780; 15669863; 15669763; 7569805; 7587656; 15669881; 7610713; 7569799; 92387970,Namkeen; Health Drinks; Toor Dal; Namkeen; Sugar; Moong Dal; Other Dals; Namkeen; Organic Rice & Rice Products; Sooji & Rava; Corn Snacks; Namkeen; Namkeen,15668460; 15668465,Gourd & Cucumber; Root Vegetables,"15668460 (Gourd & Cucumber) - Conf: 0.2443, Lift: 1.3233, Factor: 1; 15668465 (Root Vegetables) - Conf: 0.1712, Lift: 1.3221, Factor: 1"
7607068,15669857; 15669887; 15669817; 15669965; 7630967; 15669778,Raw Peanuts; Maida; Whole Spices; Raisins; Regular Pasta; Other Dals,,,
7608368,15669781; 15669869; 34986328; 15669761; 15669818; 15668468; 15668378; 7580818; 15668462,Rice Flour; Moong Dal; Toor Dal; Whole Spices; Whole Spices; Beans; Other Vegetables; Sunflower Oils; Gourd & Cucumber,15668381; 15669869; 15669821; 15668379; 15668467; 15668688; 15668468; 15668458; 15668478; 15669860,Other Vegetables; Moong Dal; Whole Spices; Other Vegetables; Beans; Root Vegetables; Beans; Brinjals; Banana; Moong Dal,"15668381 (Other Vegetables) - Conf: 0.4010, Lift: 1.9633, Factor: 1; 15669869 (Moong Dal) - Conf: 0.3287, Lift: 2.5928, Factor: 1; 15669821 (Whole Spices) - Conf: 0.3065, Lift: 3.3414, Factor: 1; 15668379 (Other Vegetables) - Conf: 0.2946, Lift: 1.5960, Factor: 1; 15668467 (Beans) - Conf: 0.2797, Lift: 2.0794, Factor: 1; 15668688 (Root Vegetables) - Conf: 0.2756, Lift: 1.4836, Factor: 1; 15668468 (Beans) - Conf: 0.2338, Lift: 1.8499, Factor: 1; 15668458 (Brinjals) - Conf: 0.1921, Lift: 2.4674, Factor: 1; 15668478 (Banana) - Conf: 0.1887, Lift: 1.3233, Factor: 1; 15669860 (Moong Dal) - Conf: 0.1865, Lift: 1.7348, Factor: 1"
7611197,7587651; 7587677; 7633833; 7587673; 7587656; 7587495; 7587688,Organic Rice & Rice Products; Organic Dals & Pulses; Tomato Ketchup; Organic Dals & Pulses; Organic Rice & Rice Products; Organic Dals & Pulses; Organic Masalas & Spices,,,
7617765,34986112; 15669823; 15669863; 7629391; 34986123; 92436884; 15669821,"Whole Spices; Whole Spices; Moong Dal; Glucose, Marie & Milk Biscuits; Whole Spices; Glucose, Marie & Milk Biscuits; Whole Spices",15668460; 15668465,Gourd & Cucumber; Root Vegetables,"15668460 (Gourd & Cucumber) - Conf: 0.2561, Lift: 1.3874, Factor: 1; 15668465 (Root Vegetables) - Conf: 0.1712, Lift: 1.3221, Factor: 1"
7618134,15668449; 15668379; 15668468; 15670241; 15668460; 15670251; 15670260,Exotic Vegetables; Other Vegetables; Beans; Organic F&V; Gourd & Cucumber; Organic F&V; Organic F&V,15668688; 15668460; 15668379; 15668381; 15669777; 15668467; 15669878; 15668478; 15668465; 15668468,Root Vegetables; Gourd & Cucumber; Other Vegetables; Other Vegetables; Urad Dal; Beans; Toor Dal; Banana; Root Vegetables; Beans,"15668688 (Root Vegetables) - Conf: 0.3690, Lift: 1.9869, Factor: 1; 15668460 (Gourd & Cucumber) - Conf: 0.3446, Lift: 1.8670, Factor: 1; 15668379 (Other Vegetables) - Conf: 0.3415, Lift: 1.8499, Factor: 1; 15668381 (Other Vegetables) - Conf: 0.3155, Lift: 1.5446, Factor: 1; 15669777 (Urad Dal) - Conf: 0.2888, Lift: 2.5928, Factor: 1; 15668467 (Beans) - Conf: 0.2769, Lift: 2.0591, Factor: 1; 15669878 (Toor Dal) - Conf: 0.2736, Lift: 1.5952, Factor: 1; 15668478 (Banana) - Conf: 0.2619, Lift: 1.8369, Factor: 1; 15668465 (Root Vegetables) - Conf: 0.2573, Lift: 1.9869, Factor: 1; 15668468 (Beans) - Conf: 0.2338, Lift: 1.8499, Factor: 1"
7618192,15670172; 15668416; 15668494; 15668597; 15668594; 15668379; 15670246,Organic F&V; Banana; Exotic Vegetables; Exotic Vegetables; Exotic Vegetables; Other Vegetables; Organic F&V,15668688; 15668460; 15668379; 15668467; 15668478; 15668465; 15668685,Root Vegetables; Gourd & Cucumber; Other Vegetables; Beans; Banana; Root Vegetables; Beans,"15668688 (Root Vegetables) - Conf: 0.3496, Lift: 1.8820, Factor: 1; 15668460 (Gourd & Cucumber) - Conf: 0.3446, Lift: 1.8670, Factor: 1; 15668379 (Other Vegetables) - Conf: 0.3415, Lift: 1.8499, Factor: 1; 15668467 (Beans) - Conf: 0.2769, Lift: 2.0591, Factor: 1; 15668478 (Banana) - Conf: 0.2619, Lift: 1.8369, Factor: 1; 15668465 (Root Vegetables) - Conf: 0.2573, Lift: 1.9869, Factor: 1; 15668685 (Beans) - Conf: 0.1528, Lift: 1.9633, Factor: 1"
7618684,15669824; 7587694; 7587691; 15669885; 15669878; 15669857; 7570493; 7624786; 7587672; 7587495; 15669869; 7637309; 7587494,Raw Rice; Organic Masalas & Spices; Organic Masalas & Spices; Moong Dal; Toor Dal; Raw Peanuts; Shoe Polish; Ghee; Organic Masalas & Spices; Organic Dals & Pulses; Moong Dal; Mosquito Repellent; Organic Masalas & Spices,15668379; 15668688; 15668460; 15668478; 15668467,Other Vegetables; Root Vegetables; Gourd & Cucumber; Banana; Beans,"15668379 (Other Vegetables) - Conf: 0.2492, Lift: 1.3502, Factor: 1; 15668688 (Root Vegetables) - Conf: 0.2458, Lift: 1.3231, Factor: 1; 15668460 (Gourd & Cucumber) - Conf: 0.2440, Lift: 1.3221, Factor: 1; 15668478 (Banana) - Conf: 0.1887, Lift: 1.3233, Factor: 1; 15668467 (Beans) - Conf: 0.1775, Lift: 1.3195, Factor: 1"
7626754,15669863; 15668379; 15670252; 7753740; 15669775; 15670253; 15670260,Moong Dal; Other Vegetables; Organic F&V; Health Drinks; Sooji & Rava; Organic F&V; Organic F&V,15668688; 15668460; 15668379; 15668467; 15668478; 15668465; 15668685,Root Vegetables; Gourd & Cucumber; Other Vegetables; Beans; Banana; Root Vegetables; Beans,"15668688 (Root Vegetables) - Conf: 0.3496, Lift: 1.8820, Factor: 1; 15668460 (Gourd & Cucumber) - Conf: 0.3446, Lift: 1.8670, Factor: 1; 15668379 (Other Vegetables) - Conf: 0.3415, Lift: 1.8499, Factor: 1; 15668467 (Beans) - Conf: 0.2769, Lift: 2.0591, Factor: 1; 15668478 (Banana) - Conf: 0.2619, Lift: 1.8369, Factor: 1; 15668465 (Root Vegetables) - Conf: 0.2573, Lift: 1.9869, Factor: 1; 15668685 (Beans) - Conf: 0.1528, Lift: 1.9633, Factor: 1"
7631002,15669884; 15668688; 15668381; 7547271; 15669863; 34986125; 93289486; 15668460,Whole Spices; Root Vegetables; Other Vegetables; Liquid Soaps & Bars; Moong Dal; Whole Spices; Phenyles & Acids; Gourd & Cucumber,15669760; 15668381; 15668688; 15668460; 15669878; 15669777; 15668378; 15668462; 15668478; 15668465,Whole Spices; Other Vegetables; Root Vegetables; Gourd & Cucumber; Toor Dal; Urad Dal; Other Vegetables; Gourd & Cucumber; Banana; Root Vegetables,"15669760 (Whole Spices) - Conf: 0.3992, Lift: 3.3414, Factor: 1; 15668381 (Other Vegetables) - Conf: 0.3695, Lift: 1.8093, Factor: 1; 15668688 (Root Vegetables) - Conf: 0.3690, Lift: 1.9869, Factor: 1; 15668460 (Gourd & Cucumber) - Conf: 0.3340, Lift: 1.8093, Factor: 1; 15669878 (Toor Dal) - Conf: 0.2975, Lift: 1.7348, Factor: 1; 15669777 (Urad Dal) - Conf: 0.2888, Lift: 2.5928, Factor: 1; 15668378 (Other Vegetables) - Conf: 0.2837, Lift: 2.0794, Factor: 1; 15668462 (Gourd & Cucumber) - Conf: 0.2579, Lift: 2.0591, Factor: 1; 15668478 (Banana) - Conf: 0.2448, Lift: 1.7170, Factor: 1; 15668465 (Root Vegetables) - Conf: 0.2350, Lift: 1.8146, Factor: 1"
7633637,15668470; 15669778; 15668688; 15668465; 15669879; 15669887; 15668451; 7642814,Beans; Other Dals; Root Vegetables; Root Vegetables; Other Dals; Maida; Brinjals; Basmati Rice,15668688; 15668381; 15668378; 15668379; 15669878; 15668467; 15668465; 15669869,Root Vegetables; Other Vegetables; Other Vegetables; Other Vegetables; Toor Dal; Beans; Root Vegetables; Moong Dal,"15668688 (Root Vegetables) - Conf: 0.3189, Lift: 1.7170, Factor: 1; 15668381 (Other Vegetables) - Conf: 0.3015, Lift: 1.4764, Factor: 1; 15668378 (Other Vegetables) - Conf: 0.2837, Lift: 2.0794, Factor: 1; 15668379 (Other Vegetables) - Conf: 0.2698, Lift: 1.4617, Factor: 1; 15669878 (Toor Dal) - Conf: 0.2630, Lift: 1.5338, Factor: 1; 15668467 (Beans) - Conf: 0.2531, Lift: 1.8820, Factor: 1; 15668465 (Root Vegetables) - Conf: 0.2350, Lift: 1.8146, Factor: 1; 15669869 (Moong Dal) - Conf: 0.2022, Lift: 1.5952, Factor: 1"
7635812,15670241; 15670192; 15670196; 93141022; 15670251; 15670144; 15668381,Organic F&V; Organic F&V; Organic F&V; Yogurt & Lassi; Organic F&V; Organic F&V; Other Vegetables,15669760; 15668381; 15668460; 15668688; 15669878; 15668462; 15668478; 15668378; 15668465,Whole Spices; Other Vegetables; Gourd & Cucumber; Root Vegetables; Toor Dal; Gourd & Cucumber; Banana; Other Vegetables; Root Vegetables,"15669760 (Whole Spices) - Conf: 0.3992, Lift: 3.3414, Factor: 1; 15668381 (Other Vegetables) - Conf: 0.3695, Lift: 1.8093, Factor: 1; 15668460 (Gourd & Cucumber) - Conf: 0.3037, Lift: 1.6454, Factor: 1; 15668688 (Root Vegetables) - Conf: 0.3027, Lift: 1.6298, Factor: 1; 15669878 (Toor Dal) - Conf: 0.2975, Lift: 1.7348, Factor: 1; 15668462 (Gourd & Cucumber) - Conf: 0.2579, Lift: 2.0591, Factor: 1; 15668478 (Banana) - Conf: 0.2448, Lift: 1.7170, Factor: 1; 15668378 (Other Vegetables) - Conf: 0.2317, Lift: 1.6987, Factor: 1; 15668465 (Root Vegetables) - Conf: 0.2088, Lift: 1.6124, Factor: 1"
7637074,15668478; 15668688; 7718198; 15668473; 15668379; 15668467; 15668462,Banana; Root Vegetables; Mosquito Repellent; Beans; Other Vegetables; Beans; Gourd & Cucumber,15668460; 15668381; 15668688; 15668379; 15668378; 15668467; 15669878; 15668478; 15668465; 15668462,Gourd & Cucumber; Other Vegetables; Root Vegetables; Other Vegetables; Other Vegetables; Beans; Toor Dal; Banana; Root Vegetables; Gourd & Cucumber,"15668460 (Gourd & Cucumber) - Conf: 0.4554, Lift: 2.4674, Factor: 1; 15668381 (Other Vegetables) - Conf: 0.4010, Lift: 1.9633, Factor: 1; 15668688 (Root Vegetables) - Conf: 0.3496, Lift: 1.8820, Factor: 1; 15668379 (Other Vegetables) - Conf: 0.3415, Lift: 1.8499, Factor: 1; 15668378 (Other Vegetables) - Conf: 0.2837, Lift: 2.0794, Factor: 1; 15668467 (Beans) - Conf: 0.2769, Lift: 2.0591, Factor: 1; 15669878 (Toor Dal) - Conf: 0.2630, Lift: 1.5338, Factor: 1; 15668478 (Banana) - Conf: 0.2619, Lift: 1.8369, Factor: 1; 15668465 (Root Vegetables) - Conf: 0.2573, Lift: 1.9869, Factor: 1; 15668462 (Gourd & Cucumber) - Conf: 0.2338, Lift: 1.8670, Factor: 1"
7637305,7621702; 7629390; 7580823; 15668379; 15669864; 15669780,"Glucose, Marie & Milk Biscuits; Glucose, Marie & Milk Biscuits; Sunflower Oils; Other Vegetables; Other Dals; Sugar",15668688; 15668460; 15668379; 15668467; 15668478; 15668465; 15668685,Root Vegetables; Gourd & Cucumber; Other Vegetables; Beans; Banana; Root Vegetables; Beans,"15668688 (Root Vegetables) - Conf: 0.3496, Lift: 1.8820, Factor: 1; 15668460 (Gourd & Cucumber) - Conf: 0.3446, Lift: 1.8670, Factor: 1; 15668379 (Other Vegetables) - Conf: 0.3415, Lift: 1.8499, Factor: 1; 15668467 (Beans) - Conf: 0.2769, Lift: 2.0591, Factor: 1; 15668478 (Banana) - Conf: 0.2619, Lift: 1.8369, Factor: 1; 15668465 (Root Vegetables) - Conf: 0.2573, Lift: 1.9869, Factor: 1; 15668685 (Beans) - Conf: 0.1528, Lift: 1.9633, Factor: 1"
7642371,15668684; 15668470; 15668459; 15669772; 15670241; 15670260; 15668452; 15670245; 15668462,Beans; Beans; Gourd & Cucumber; Other Dals; Organic F&V; Organic F&V; Brinjals; Organic F&V; Gourd & Cucumber,15668381; 15668379; 15668688; 15669860,Other Vegetables; Other Vegetables; Root Vegetables; Moong Dal,"15668381 (Other Vegetables) - Conf: 0.4010, Lift: 1.9633, Factor: 1; 15668379 (Other Vegetables) - Conf: 0.2946, Lift: 1.5960, Factor: 1; 15668688 (Root Vegetables) - Conf: 0.2756, Lift: 1.4836, Factor: 1; 15669860 (Moong Dal) - Conf: 0.1865, Lift: 1.7348, Factor: 1"
7653432,15669956; 15668379; 15669799; 15668688; 15669878; 15668478; 15668458; 7580334; 7570665; 92436884,"Other Dry Fruits; Other Vegetables; Raisins; Root Vegetables; Toor Dal; Banana; Brinjals; Wafers; Toothpaste; Glucose, Marie & Milk Biscuits",15668688; 15668460; 15668379; 15668381; 15668378; 15668467; 15669878; 15668478; 15668465; 15669863,Root Vegetables; Gourd & Cucumber; Other Vegetables; Other Vegetables; Other Vegetables; Beans; Toor Dal; Banana; Root Vegetables; Moong Dal,"15668688 (Root Vegetables) - Conf: 0.3496, Lift: 1.8820, Factor: 1; 15668460 (Gourd & Cucumber) - Conf: 0.3446, Lift: 1.8670, Factor: 1; 15668379 (Other Vegetables) - Conf: 0.3415, Lift: 1.8499, Factor: 1; 15668381 (Other Vegetables) - Conf: 0.3266, Lift: 1.5993, Factor: 1; 15668378 (Other Vegetables) - Conf: 0.2837, Lift: 2.0794, Factor: 1; 15668467 (Beans) - Conf: 0.2769, Lift: 2.0591, Factor: 1; 15669878 (Toor Dal) - Conf: 0.2630, Lift: 1.5338, Factor: 1; 15668478 (Banana) - Conf: 0.2619, Lift: 1.8369, Factor: 1; 15668465 (Root Vegetables) - Conf: 0.2573, Lift: 1.9869, Factor: 1; 15669863 (Moong Dal) - Conf: 0.1820, Lift: 1.4669, Factor: 1"
7654205,15669856; 15669863; 15669861; 15669781; 7580802; 7625556; 15669887; 34986129; 15669789; 34986119; 15669821; 15669773; 15669880; 15669834,Sugar; Moong Dal; Raw Peanuts; Rice Flour; Sunflower Oils; Ground Coffee; Maida; Whole Spices; Boiled Rice; Whole Spices; Whole Spices; Urad Dal; Sooji & Rava; Raw Rice,15668460; 15668465,Gourd & Cucumber; Root Vegetables,"15668460 (Gourd & Cucumber) - Conf: 0.2561, Lift: 1.3874, Factor: 1; 15668465 (Root Vegetables) - Conf: 0.1712, Lift: 1.3221, Factor: 1"
7656814,15668689; 15668465; 15668379; 15668459; 15669764; 15668478; 15668458,Root Vegetables; Root Vegetables; Other Vegetables; Gourd & Cucumber; Besan; Banana; Brinjals,15668688; 15668460; 15668379; 15668381; 15668467; 15668478; 15668465; 15669878; 15669869; 15669863,Root Vegetables; Gourd & Cucumber; Other Vegetables; Other Vegetables; Beans; Banana; Root Vegetables; Toor Dal; Moong Dal; Moong Dal,"15668688 (Root Vegetables) - Conf: 0.3496, Lift: 1.8820, Factor: 1; 15668460 (Gourd & Cucumber) - Conf: 0.3446, Lift: 1.8670, Factor: 1; 15668379 (Other Vegetables) - Conf: 0.3415, Lift: 1.8499, Factor: 1; 15668381 (Other Vegetables) - Conf: 0.3266, Lift: 1.5993, Factor: 1; 15668467 (Beans) - Conf: 0.2769, Lift: 2.0591, Factor: 1; 15668478 (Banana) - Conf: 0.2619, Lift: 1.8369, Factor: 1; 15668465 (Root Vegetables) - Conf: 0.2573, Lift: 1.9869, Factor: 1; 15669878 (Toor Dal) - Conf: 0.2516, Lift: 1.4669, Factor: 1; 15669869 (Moong Dal) - Conf: 0.2022, Lift: 1.5952, Factor: 1; 15669863 (Moong Dal) - Conf: 0.1820, Lift: 1.4669, Factor: 1"
7660824,15668689; 15668458; 7578341; 7578347; 15669856; 15668378,Root Vegetables; Brinjals; Chilli & Soya Sauces; Chilli & Soya Sauces; Sugar; Other Vegetables,15669869; 15668381; 15669821; 15668467; 15668458,Moong Dal; Other Vegetables; Whole Spices; Beans; Brinjals,"15669869 (Moong Dal) - Conf: 0.3287, Lift: 2.5928, Factor: 1; 15668381 (Other Vegetables) - Conf: 0.3266, Lift: 1.5993, Factor: 1; 15669821 (Whole Spices) - Conf: 0.3065, Lift: 3.3414, Factor: 1; 15668467 (Beans) - Conf: 0.2797, Lift: 2.0794, Factor: 1; 15668458 (Brinjals) - Conf: 0.1921, Lift: 2.4674, Factor: 1"
7663653,15669866; 15669769; 15669857; 15670251; 15670267; 15668465,Other Dals; Other Dals; Raw Peanuts; Organic F&V; Toor Dal; Root Vegetables,15668688; 15668381; 15668379; 15668467; 15669878; 15669869,Root Vegetables; Other Vegetables; Other Vegetables; Beans; Toor Dal; Moong Dal,"15668688 (Root Vegetables) - Conf: 0.3189, Lift: 1.7170, Factor: 1; 15668381 (Other Vegetables) - Conf: 0.3015, Lift: 1.4764, Factor: 1; 15668379 (Other Vegetables) - Conf: 0.2698, Lift: 1.4617, Factor: 1; 15668467 (Beans) - Conf: 0.2531, Lift: 1.8820, Factor: 1; 15669878 (Toor Dal) - Conf: 0.2516, Lift: 1.4669, Factor: 1; 15669869 (Moong Dal) - Conf: 0.2022, Lift: 1.5952, Factor: 1"
7671910,15668688; 7629390; 7580183; 15669781; 15668467; 15669995; 15669878,"Root Vegetables; Glucose, Marie & Milk Biscuits; Health Drinks; Rice Flour; Beans; Other Dals; Toor Dal",15668460; 15668381; 15668378; 15668688; 15669878; 15668379; 15668465; 15668462; 15668468,Gourd & Cucumber; Other Vegetables; Other Vegetables; Root Vegetables; Toor Dal; Other Vegetables; Root Vegetables; Gourd & Cucumber; Beans,"15668460 (Gourd & Cucumber) - Conf: 0.4554, Lift: 2.4674, Factor: 1; 15668381 (Other Vegetables) - Conf: 0.3171, Lift: 1.5525, Factor: 1; 15668378 (Other Vegetables) - Conf: 0.2837, Lift: 2.0794, Factor: 1; 15668688 (Root Vegetables) - Conf: 0.2713, Lift: 1.4609, Factor: 1; 15669878 (Toor Dal) - Conf: 0.2630, Lift: 1.5338, Factor: 1; 15668379 (Other Vegetables) - Conf: 0.2492, Lift: 1.3502, Factor: 1; 15668465 (Root Vegetables) - Conf: 0.2350, Lift: 1.8146, Factor: 1; 15668462 (Gourd & Cucumber) - Conf: 0.2338, Lift: 1.8670, Factor: 1; 15668468 (Beans) - Conf: 0.1846, Lift: 1.4609, Factor: 1"
7672439,7572305; 7572307; 7628087; 15670248; 7637309; 15670253; 7569803; 15668416; 15670144,Snacky Nuts; Namkeen; Basmati Rice; Organic F&V; Mosquito Repellent; Organic F&V; Namkeen; Banana; Organic F&V,,,
7675127,15670159; 15670252; 15670157; 15670251; 7587491; 15669788; 15669859,Organic F&V; Organic F&V; Organic F&V; Organic F&V; Organic Flours; Raw Rice; Toor Dal,,,
7682148,15669860; 7579697; 15670144; 15668379; 15669863; 15668462; 15670241; 15669861,Moong Dal; Cream Biscuits; Organic F&V; Other Vegetables; Moong Dal; Gourd & Cucumber; Organic F&V; Raw Peanuts,15668381; 15668688; 15668460; 15668379; 15668467; 15668478; 15668465; 15669860; 15668378; 15668685,Other Vegetables; Root Vegetables; Gourd & Cucumber; Other Vegetables; Beans; Banana; Root Vegetables; Moong Dal; Other Vegetables; Beans,"15668381 (Other Vegetables) - Conf: 0.4010, Lift: 1.9633, Factor: 1; 15668688 (Root Vegetables) - Conf: 0.3496, Lift: 1.8820, Factor: 1; 15668460 (Gourd & Cucumber) - Conf: 0.3446, Lift: 1.8670, Factor: 1; 15668379 (Other Vegetables) - Conf: 0.3415, Lift: 1.8499, Factor: 1; 15668467 (Beans) - Conf: 0.2769, Lift: 2.0591, Factor: 1; 15668478 (Banana) - Conf: 0.2619, Lift: 1.8369, Factor: 1; 15668465 (Root Vegetables) - Conf: 0.2573, Lift: 1.9869, Factor: 1; 15669860 (Moong Dal) - Conf: 0.1865, Lift: 1.7348, Factor: 1; 15668378 (Other Vegetables) - Conf: 0.1805, Lift: 1.3231, Factor: 1; 15668685 (Beans) - Conf: 0.1528, Lift: 1.9633, Factor: 1"
7682167,15669782; 15668462; 15668468; 7753738; 15668416; 15668379; 15668685,Raw Rice; Gourd & Cucumber; Beans; Health Drinks; Banana; Other Vegetables; Beans,15668381; 15668688; 15668460; 15668379; 15668467; 15668478; 15668465; 15668468; 15669860; 15669764,Other Vegetables; Root Vegetables; Gourd & Cucumber; Other Vegetables; Beans; Banana; Root Vegetables; Beans; Moong Dal; Besan,"15668381 (Other Vegetables) - Conf: 0.4010, Lift: 1.9633, Factor: 1; 15668688 (Root Vegetables) - Conf: 0.3496, Lift: 1.8820, Factor: 1; 15668460 (Gourd & Cucumber) - Conf: 0.3446, Lift: 1.8670, Factor: 1; 15668379 (Other Vegetables) - Conf: 0.3415, Lift: 1.8499, Factor: 1; 15668467 (Beans) - Conf: 0.2769, Lift: 2.0591, Factor: 1; 15668478 (Banana) - Conf: 0.2619, Lift: 1.8369, Factor: 1; 15668465 (Root Vegetables) - Conf: 0.2573, Lift: 1.9869, Factor: 1; 15668468 (Beans) - Conf: 0.2338, Lift: 1.8499, Factor: 1; 15669860 (Moong Dal) - Conf: 0.1865, Lift: 1.7348, Factor: 1; 15669764 (Besan) - Conf: 0.1753, Lift: 1.4579, Factor: 1"
7686461,7587658; 15669880; 15669863; 15669825; 15669777; 15669772; 15669860,"Organic Salt,Sugar & Jaggery; Sooji & Rava; Moong Dal; Boiled Rice; Urad Dal; Other Dals; Moong Dal",15668381; 15668378; 15668465,Other Vegetables; Other Vegetables; Root Vegetables,"15668381 (Other Vegetables) - Conf: 0.2703, Lift: 1.3233, Factor: 1; 15668378 (Other Vegetables) - Conf: 0.1805, Lift: 1.3231, Factor: 1; 15668465 (Root Vegetables) - Conf: 0.1712, Lift: 1.3221, Factor: 1"
7686733,15668465; 15669887; 15670270; 15669864; 15668462; 15669859; 15669863; 15669992; 15668468,Root Vegetables; Maida; Other Dals; Other Dals; Gourd & Cucumber; Toor Dal; Moong Dal; Other Dals; Beans,15668381; 15668688; 15668379; 15668467; 15669878; 15668468; 15669869; 15669860; 15669764; 15668465,Other Vegetables; Root Vegetables; Other Vegetables; Beans; Toor Dal; Beans; Moong Dal; Moong Dal; Besan; Root Vegetables,"15668381 (Other Vegetables) - Conf: 0.4010, Lift: 1.9633, Factor: 1; 15668688 (Root Vegetables) - Conf: 0.3189, Lift: 1.7170, Factor: 1; 15668379 (Other Vegetables) - Conf: 0.2946, Lift: 1.5960, Factor: 1; 15668467 (Beans) - Conf: 0.2531, Lift: 1.8820, Factor: 1; 15669878 (Toor Dal) - Conf: 0.2516, Lift: 1.4669, Factor: 1; 15668468 (Beans) - Conf: 0.2338, Lift: 1.8499, Factor: 1; 15669869 (Moong Dal) - Conf: 0.2022, Lift: 1.5952, Factor: 1; 15669860 (Moong Dal) - Conf: 0.1865, Lift: 1.7348, Factor: 1; 15669764 (Besan) - Conf: 0.1753, Lift: 1.4579, Factor: 1; 15668465 (Root Vegetables) - Conf: 0.1712, Lift: 1.3221, Factor: 1"
7690884,7572254; 7579535; 7586357; 15668520; 15668381; 15668468; 15668476,Cooking Sauce; Other Sweets; Chips; Bread; Other Vegetables; Beans; Exotic Vegetables,15669760; 15668381; 15668460; 15668688; 15669878; 15668462; 15668478; 15668468; 15668378; 15668467,Whole Spices; Other Vegetables; Gourd & Cucumber; Root Vegetables; Toor Dal; Gourd & Cucumber; Banana; Beans; Other Vegetables; Beans,"15669760 (Whole Spices) - Conf: 0.3992, Lift: 3.3414, Factor: 1; 15668381 (Other Vegetables) - Conf: 0.3695, Lift: 1.8093, Factor: 1; 15668460 (Gourd & Cucumber) - Conf: 0.3037, Lift: 1.6454, Factor: 1; 15668688 (Root Vegetables) - Conf: 0.3027, Lift: 1.6298, Factor: 1; 15669878 (Toor Dal) - Conf: 0.2975, Lift: 1.7348, Factor: 1; 15668462 (Gourd & Cucumber) - Conf: 0.2579, Lift: 2.0591, Factor: 1; 15668478 (Banana) - Conf: 0.2448, Lift: 1.7170, Factor: 1; 15668468 (Beans) - Conf: 0.2338, Lift: 1.8499, Factor: 1; 15668378 (Other Vegetables) - Conf: 0.2317, Lift: 1.6987, Factor: 1; 15668467 (Beans) - Conf: 0.2213, Lift: 1.6454, Factor: 1"
7694372,15670160; 7652969; 15670248; 7586502; 92388173; 92434169; 92388181; 15670252,Organic F&V; Aluminium Foil & Cling Wrap; Organic F&V; Chips; Namkeen; Other Sweets; Healthy Snacks; Organic F&V,,,
7699855,15668688; 15668454; 15668462; 15668467; 15668470; 15668379; 15668459,Root Vegetables; Brinjals; Gourd & Cucumber; Beans; Beans; Other Vegetables; Gourd & Cucumber,15668460; 15668381; 15668688; 15668379; 15668378; 15668467; 15669878; 15668478; 15668465; 15668462,Gourd & Cucumber; Other Vegetables; Root Vegetables; Other Vegetables; Other Vegetables; Beans; Toor Dal; Banana; Root Vegetables; Gourd & Cucumber,"15668460 (Gourd & Cucumber) - Conf: 0.4554, Lift: 2.4674, Factor: 1; 15668381 (Other Vegetables) - Conf: 0.4010, Lift: 1.9633, Factor: 1; 15668688 (Root Vegetables) - Conf: 0.3496, Lift: 1.8820, Factor: 1; 15668379 (Other Vegetables) - Conf: 0.3415, Lift: 1.8499, Factor: 1; 15668378 (Other Vegetables) - Conf: 0.2837, Lift: 2.0794, Factor: 1; 15668467 (Beans) - Conf: 0.2769, Lift: 2.0591, Factor: 1; 15669878 (Toor Dal) - Conf: 0.2630, Lift: 1.5338, Factor: 1; 15668478 (Banana) - Conf: 0.2619, Lift: 1.8369, Factor: 1; 15668465 (Root Vegetables) - Conf: 0.2573, Lift: 1.9869, Factor: 1; 15668462 (Gourd & Cucumber) - Conf: 0.2338, Lift: 1.8670, Factor: 1"
7700376,15668480; 15668381; 15668689; 7580808; 15668378; 15669883; 15668468; 7620525,Bread; Other Vegetables; Root Vegetables; Sunflower Oils; Other Vegetables; Rice Flour; Beans; Basmati Rice,15669760; 15668381; 15669869; 15669821; 15668460; 15668688; 15669878; 15668467; 15668462; 15668478,Whole Spices; Other Vegetables; Moong Dal; Whole Spices; Gourd & Cucumber; Root Vegetables; Toor Dal; Beans; Gourd & Cucumber; Banana,"15669760 (Whole Spices) - Conf: 0.3992, Lift: 3.3414, Factor: 1; 15668381 (Other Vegetables) - Conf: 0.3695, Lift: 1.8093, Factor: 1; 15669869 (Moong Dal) - Conf: 0.3287, Lift: 2.5928, Factor: 1; 15669821 (Whole Spices) - Conf: 0.3065, Lift: 3.3414, Factor: 1; 15668460 (Gourd & Cucumber) - Conf: 0.3037, Lift: 1.6454, Factor: 1; 15668688 (Root Vegetables) - Conf: 0.3027, Lift: 1.6298, Factor: 1; 15669878 (Toor Dal) - Conf: 0.2975, Lift: 1.7348, Factor: 1; 15668467 (Beans) - Conf: 0.2797, Lift: 2.0794, Factor: 1; 15668462 (Gourd & Cucumber) - Conf: 0.2579, Lift: 2.0591, Factor: 1; 15668478 (Banana) - Conf: 0.2448, Lift: 1.7170, Factor: 1"
7703098,15669869; 15670157; 15668689; 15670267; 7569802; 7569801; 15668466,Moong Dal; Organic F&V; Root Vegetables; Toor Dal; Namkeen; Namkeen; Root Vegetables,15668478; 15668467,Banana; Beans,"15668478 (Banana) - Conf: 0.1887, Lift: 1.3233, Factor: 1; 15668467 (Beans) - Conf: 0.1775, Lift: 1.3195, Factor: 1"
7703517,15669777; 15669814; 15669872; 15669781; 15669832; 7587672; 15669870,Urad Dal; Jaggery; Avalakki / Poha; Rice Flour; Sugar; Organic Masalas & Spices; Sooji & Rava,15668381,Other Vegetables,"15668381 (Other Vegetables) - Conf: 0.2703, Lift: 1.3233, Factor: 1"
7705323,15669863; 15669764; 15669772; 15669778; 15669762; 15669763; 7574243,Moong Dal; Besan; Other Dals; Other Dals; Urad Dal; Other Dals; Regular Pasta,15668465; 15668462,Root Vegetables; Gourd & Cucumber,"15668465 (Root Vegetables) - Conf: 0.1712, Lift: 1.3221, Factor: 1; 15668462 (Gourd & Cucumber) - Conf: 0.1691, Lift: 1.3502, Factor: 1"
7707108,15668459; 15670157; 15670251; 15668381; 15668542; 15668378; 15668466,Gourd & Cucumber; Organic F&V; Organic F&V; Other Vegetables; Buns & Pavs; Other Vegetables; Root Vegetables,15669760; 15668381; 15669869; 15669821; 15668460; 15668688; 15669878; 15668467; 15668462; 15668478,Whole Spices; Other Vegetables; Moong Dal; Whole Spices; Gourd & Cucumber; Root Vegetables; Toor Dal; Beans; Gourd & Cucumber; Banana,"15669760 (Whole Spices) - Conf: 0.3992, Lift: 3.3414, Factor: 1; 15668381 (Other Vegetables) - Conf: 0.3695, Lift: 1.8093, Factor: 1; 15669869 (Moong Dal) - Conf: 0.3287, Lift: 2.5928, Factor: 1; 15669821 (Whole Spices) - Conf: 0.3065, Lift: 3.3414, Factor: 1; 15668460 (Gourd & Cucumber) - Conf: 0.3037, Lift: 1.6454, Factor: 1; 15668688 (Root Vegetables) - Conf: 0.3027, Lift: 1.6298, Factor: 1; 15669878 (Toor Dal) - Conf: 0.2975, Lift: 1.7348, Factor: 1; 15668467 (Beans) - Conf: 0.2797, Lift: 2.0794, Factor: 1; 15668462 (Gourd & Cucumber) - Conf: 0.2579, Lift: 2.0591, Factor: 1; 15668478 (Banana) - Conf: 0.2448, Lift: 1.7170, Factor: 1"
7708176,15668457; 15668381; 15669856; 15669864; 7572432; 7637309; 15668378,Brinjals; Other Vegetables; Sugar; Other Dals; Cooking Paste; Mosquito Repellent; Other Vegetables,15669760; 15668381; 15669869; 15669821; 15668460; 15668688; 15669878; 15668467; 15668462; 15668478,Whole Spices; Other Vegetables; Moong Dal; Whole Spices; Gourd & Cucumber; Root Vegetables; Toor Dal; Beans; Gourd & Cucumber; Banana,"15669760 (Whole Spices) - Conf: 0.3992, Lift: 3.3414, Factor: 1; 15668381 (Other Vegetables) - Conf: 0.3695, Lift: 1.8093, Factor: 1; 15669869 (Moong Dal) - Conf: 0.3287, Lift: 2.5928, Factor: 1; 15669821 (Whole Spices) - Conf: 0.3065, Lift: 3.3414, Factor: 1; 15668460 (Gourd & Cucumber) - Conf: 0.3037, Lift: 1.6454, Factor: 1; 15668688 (Root Vegetables) - Conf: 0.3027, Lift: 1.6298, Factor: 1; 15669878 (Toor Dal) - Conf: 0.2975, Lift: 1.7348, Factor: 1; 15668467 (Beans) - Conf: 0.2797, Lift: 2.0794, Factor: 1; 15668462 (Gourd & Cucumber) - Conf: 0.2579, Lift: 2.0591, Factor: 1; 15668478 (Banana) - Conf: 0.2448, Lift: 1.7170, Factor: 1"
7709440,15668381; 15669865; 15668689; 15668379; 15668465; 15669790; 15669777,Other Vegetables; Other Dals; Root Vegetables; Other Vegetables; Root Vegetables; Other Rice Products; Urad Dal,15669760; 15668381; 15668688; 15668460; 15668379; 15669878; 15668467; 15668478; 15668462; 15668465,Whole Spices; Other Vegetables; Root Vegetables; Gourd & Cucumber; Other Vegetables; Toor Dal; Beans; Banana; Gourd & Cucumber; Root Vegetables,"15669760 (Whole Spices) - Conf: 0.3992, Lift: 3.3414, Factor: 1; 15668381 (Other Vegetables) - Conf: 0.3695, Lift: 1.8093, Factor: 1; 15668688 (Root Vegetables) - Conf: 0.3496, Lift: 1.8820, Factor: 1; 15668460 (Gourd & Cucumber) - Conf: 0.3446, Lift: 1.8670, Factor: 1; 15668379 (Other Vegetables) - Conf: 0.3415, Lift: 1.8499, Factor: 1; 15669878 (Toor Dal) - Conf: 0.2975, Lift: 1.7348, Factor: 1; 15668467 (Beans) - Conf: 0.2769, Lift: 2.0591, Factor: 1; 15668478 (Banana) - Conf: 0.2619, Lift: 1.8369, Factor: 1; 15668462 (Gourd & Cucumber) - Conf: 0.2579, Lift: 2.0591, Factor: 1; 15668465 (Root Vegetables) - Conf: 0.2573, Lift: 1.9869, Factor: 1"
7710637,15670144; 15669772; 15669778; 15670157; 15670251; 15668460; 15669869; 15670260; 15669765; 15669777,Organic F&V; Other Dals; Other Dals; Organic F&V; Organic F&V; Gourd & Cucumber; Moong Dal; Organic F&V; Urad Dal; Urad Dal,15668688; 15668460; 15669777; 15669878; 15668381; 15668478; 15669780; 15668467; 15668465; 15668468,Root Vegetables; Gourd & Cucumber; Urad Dal; Toor Dal; Other Vegetables; Banana; Sugar; Beans; Root Vegetables; Beans,"15668688 (Root Vegetables) - Conf: 0.3690, Lift: 1.9869, Factor: 1; 15668460 (Gourd & Cucumber) - Conf: 0.3340, Lift: 1.8093, Factor: 1; 15669777 (Urad Dal) - Conf: 0.2888, Lift: 2.5928, Factor: 1; 15669878 (Toor Dal) - Conf: 0.2736, Lift: 1.5952, Factor: 1; 15668381 (Other Vegetables) - Conf: 0.2703, Lift: 1.3233, Factor: 1; 15668478 (Banana) - Conf: 0.2276, Lift: 1.5960, Factor: 1; 15669780 (Sugar) - Conf: 0.2270, Lift: 1.5338, Factor: 1; 15668467 (Beans) - Conf: 0.2151, Lift: 1.5993, Factor: 1; 15668465 (Root Vegetables) - Conf: 0.2000, Lift: 1.5446, Factor: 1; 15668468 (Beans) - Conf: 0.1962, Lift: 1.5525, Factor: 1"
7712484,15669885; 15669874; 15669832; 7718555; 7548498; 15668460; 7579698,Moong Dal; Avalakki / Poha; Sugar; Other Oils; Liquid Soaps & Bars; Gourd & Cucumber; Cream Biscuits,15668688; 15668460; 15669777; 15669878; 15668478; 15669780; 15668467; 15668465; 15668468,Root Vegetables; Gourd & Cucumber; Urad Dal; Toor Dal; Banana; Sugar; Beans; Root Vegetables; Beans,"15668688 (Root Vegetables) - Conf: 0.3690, Lift: 1.9869, Factor: 1; 15668460 (Gourd & Cucumber) - Conf: 0.3340, Lift: 1.8093, Factor: 1; 15669777 (Urad Dal) - Conf: 0.2888, Lift: 2.5928, Factor: 1; 15669878 (Toor Dal) - Conf: 0.2736, Lift: 1.5952, Factor: 1; 15668478 (Banana) - Conf: 0.2276, Lift: 1.5960, Factor: 1; 15669780 (Sugar) - Conf: 0.2270, Lift: 1.5338, Factor: 1; 15668467 (Beans) - Conf: 0.2151, Lift: 1.5993, Factor: 1; 15668465 (Root Vegetables) - Conf: 0.2000, Lift: 1.5446, Factor: 1; 15668468 (Beans) - Conf: 0.1962, Lift: 1.5525, Factor: 1"
7714867,15669878; 15669780; 15669778; 15669856; 15669776; 15669869; 15669859,Toor Dal; Sugar; Other Dals; Sugar; Other Dals; Moong Dal; Toor Dal,15668379; 15668688; 15668460; 15668478; 15668467,Other Vegetables; Root Vegetables; Gourd & Cucumber; Banana; Beans,"15668379 (Other Vegetables) - Conf: 0.2492, Lift: 1.3502, Factor: 1; 15668688 (Root Vegetables) - Conf: 0.2458, Lift: 1.3231, Factor: 1; 15668460 (Gourd & Cucumber) - Conf: 0.2443, Lift: 1.3233, Factor: 1; 15668478 (Banana) - Conf: 0.1887, Lift: 1.3233, Factor: 1; 15668467 (Beans) - Conf: 0.1775, Lift: 1.3195, Factor: 1"
7717595,15668379; 7587649; 15669874; 15669764; 15669880; 15670270; 15669782; 15669827; 15670250; 15669860; 15669780; 15670161,Other Vegetables; Organic Rice & Rice Products; Avalakki / Poha; Besan; Sooji & Rava; Other Dals; Raw Rice; Toor Dal; Organic F&V; Moong Dal; Sugar; Organic F&V,15668688; 15668460; 15668379; 15668467; 15668478; 15668465; 15668378; 15668462; 15668685,Root Vegetables; Gourd & Cucumber; Other Vegetables; Beans; Banana; Root Vegetables; Other Vegetables; Gourd & Cucumber; Beans,"15668688 (Root Vegetables) - Conf: 0.3496, Lift: 1.8820, Factor: 1; 15668460 (Gourd & Cucumber) - Conf: 0.3446, Lift: 1.8670, Factor: 1; 15668379 (Other Vegetables) - Conf: 0.3415, Lift: 1.8499, Factor: 1; 15668467 (Beans) - Conf: 0.2769, Lift: 2.0591, Factor: 1; 15668478 (Banana) - Conf: 0.2619, Lift: 1.8369, Factor: 1; 15668465 (Root Vegetables) - Conf: 0.2573, Lift: 1.9869, Factor: 1; 15668378 (Other Vegetables) - Conf: 0.1805, Lift: 1.3231, Factor: 1; 15668462 (Gourd & Cucumber) - Conf: 0.1691, Lift: 1.3502, Factor: 1; 15668685 (Beans) - Conf: 0.1528, Lift: 1.9633, Factor: 1"
7719372,15669983; 15669969; 15669870; 7578337; 15669872; 7587687; 15669869,Other Dry Fruits; Cashews; Sooji & Rava; Other Sauces; Avalakki / Poha; Organic Masalas & Spices; Moong Dal,15668478; 15668467,Banana; Beans,"15668478 (Banana) - Conf: 0.1887, Lift: 1.3233, Factor: 1; 15668467 (Beans) - Conf: 0.1775, Lift: 1.3195, Factor: 1"
7721190,15669777; 15668685; 15669835; 15670260; 15668460; 15668381; 15668458,Urad Dal; Beans; Raw Rice; Organic F&V; Gourd & Cucumber; Other Vegetables; Brinjals,15669760; 15668381; 15668688; 15668460; 15668379; 15669878; 15669777; 15668462; 15668478; 15668378,Whole Spices; Other Vegetables; Root Vegetables; Gourd & Cucumber; Other Vegetables; Toor Dal; Urad Dal; Gourd & Cucumber; Banana; Other Vegetables,"15669760 (Whole Spices) - Conf: 0.3992, Lift: 3.3414, Factor: 1; 15668381 (Other Vegetables) - Conf: 0.3695, Lift: 1.8093, Factor: 1; 15668688 (Root Vegetables) - Conf: 0.3690, Lift: 1.9869, Factor: 1; 15668460 (Gourd & Cucumber) - Conf: 0.3340, Lift: 1.8093, Factor: 1; 15668379 (Other Vegetables) - Conf: 0.2976, Lift: 1.6124, Factor: 1; 15669878 (Toor Dal) - Conf: 0.2975, Lift: 1.7348, Factor: 1; 15669777 (Urad Dal) - Conf: 0.2888, Lift: 2.5928, Factor: 1; 15668462 (Gourd & Cucumber) - Conf: 0.2579, Lift: 2.0591, Factor: 1; 15668478 (Banana) - Conf: 0.2448, Lift: 1.7170, Factor: 1; 15668378 (Other Vegetables) - Conf: 0.2317, Lift: 1.6987, Factor: 1"
7724198,15670260; 15670251; 15668381; 15668462; 15668379; 15668460; 15670252,Organic F&V; Organic F&V; Other Vegetables; Gourd & Cucumber; Other Vegetables; Gourd & Cucumber; Organic F&V,15668381; 15669760; 15668688; 15668460; 15668379; 15669878; 15669777; 15668467; 15668478; 15668462,Other Vegetables; Whole Spices; Root Vegetables; Gourd & Cucumber; Other Vegetables; Toor Dal; Urad Dal; Beans; Banana; Gourd & Cucumber,"15668381 (Other Vegetables) - Conf: 0.4010, Lift: 1.9633, Factor: 1; 15669760 (Whole Spices) - Conf: 0.3992, Lift: 3.3414, Factor: 1; 15668688 (Root Vegetables) - Conf: 0.3690, Lift: 1.9869, Factor: 1; 15668460 (Gourd & Cucumber) - Conf: 0.3446, Lift: 1.8670, Factor: 1; 15668379 (Other Vegetables) - Conf: 0.3415, Lift: 1.8499, Factor: 1; 15669878 (Toor Dal) - Conf: 0.2975, Lift: 1.7348, Factor: 1; 15669777 (Urad Dal) - Conf: 0.2888, Lift: 2.5928, Factor: 1; 15668467 (Beans) - Conf: 0.2769, Lift: 2.0591, Factor: 1; 15668478 (Banana) - Conf: 0.2619, Lift: 1.8369, Factor: 1; 15668462 (Gourd & Cucumber) - Conf: 0.2579, Lift: 2.0591, Factor: 1"
7727449,15670260; 15670168; 15670159; 15670161; 15670157; 15670251; 15668457,Organic F&V; Organic F&V; Organic F&V; Organic F&V; Organic F&V; Organic F&V; Brinjals,,,
7728660,15670182; 15670157; 15668542; 15670260; 15668468; 15668494; 15668379,Organic F&V; Organic F&V; Buns & Pavs; Organic F&V; Beans; Exotic Vegetables; Other Vegetables,15668688; 15668460; 15668379; 15668381; 15668467; 15668478; 15668465; 15668468; 15669764; 15668685,Root Vegetables; Gourd & Cucumber; Other Vegetables; Other Vegetables; Beans; Banana; Root Vegetables; Beans; Besan; Beans,"15668688 (Root Vegetables) - Conf: 0.3496, Lift: 1.8820, Factor: 1; 15668460 (Gourd & Cucumber) - Conf: 0.3446, Lift: 1.8670, Factor: 1; 15668379 (Other Vegetables) - Conf: 0.3415, Lift: 1.8499, Factor: 1; 15668381 (Other Vegetables) - Conf: 0.3155, Lift: 1.5446, Factor: 1; 15668467 (Beans) - Conf: 0.2769, Lift: 2.0591, Factor: 1; 15668478 (Banana) - Conf: 0.2619, Lift: 1.8369, Factor: 1; 15668465 (Root Vegetables) - Conf: 0.2573, Lift: 1.9869, Factor: 1; 15668468 (Beans) - Conf: 0.2338, Lift: 1.8499, Factor: 1; 15669764 (Besan) - Conf: 0.1753, Lift: 1.4579, Factor: 1; 15668685 (Beans) - Conf: 0.1528, Lift: 1.9633, Factor: 1"
7729749,15668457; 15668378; 7578347; 15668451; 15668465; 15668462; 15668460,Brinjals; Other Vegetables; Chilli & Soya Sauces; Brinjals; Root Vegetables; Gourd & Cucumber; Gourd & Cucumber,15668381; 15668688; 15668460; 15669869; 15669821; 15668379; 15669777; 15668467; 15669878; 15668478,Other Vegetables; Root Vegetables; Gourd & Cucumber; Moong Dal; Whole Spices; Other Vegetables; Urad Dal; Beans; Toor Dal; Banana,"15668381 (Other Vegetables) - Conf: 0.4010, Lift: 1.9633, Factor: 1; 15668688 (Root Vegetables) - Conf: 0.3690, Lift: 1.9869, Factor: 1; 15668460 (Gourd & Cucumber) - Conf: 0.3340, Lift: 1.8093, Factor: 1; 15669869 (Moong Dal) - Conf: 0.3287, Lift: 2.5928, Factor: 1; 15669821 (Whole Spices) - Conf: 0.3065, Lift: 3.3414, Factor: 1; 15668379 (Other Vegetables) - Conf: 0.2946, Lift: 1.5960, Factor: 1; 15669777 (Urad Dal) - Conf: 0.2888, Lift: 2.5928, Factor: 1; 15668467 (Beans) - Conf: 0.2797, Lift: 2.0794, Factor: 1; 15669878 (Toor Dal) - Conf: 0.2736, Lift: 1.5952, Factor: 1; 15668478 (Banana) - Conf: 0.2276, Lift: 1.5960, Factor: 1"
7730836,15668494; 92388167; 93073679; 7629391; 15668465; 15668378; 15668594; 7593949; 7571385; 15668468,"Exotic Vegetables; Namkeen; Namkeen; Glucose, Marie & Milk Biscuits; Root Vegetables; Other Vegetables; Exotic Vegetables; Cream Biscuits; Glucose, Marie & Milk Biscuits; Beans",15669869; 15668688; 15668381; 15669821; 15668467; 15668379; 15669878; 15668468; 15668458; 15669764,Moong Dal; Root Vegetables; Other Vegetables; Whole Spices; Beans; Other Vegetables; Toor Dal; Beans; Brinjals; Besan,"15669869 (Moong Dal) - Conf: 0.3287, Lift: 2.5928, Factor: 1; 15668688 (Root Vegetables) - Conf: 0.3189, Lift: 1.7170, Factor: 1; 15668381 (Other Vegetables) - Conf: 0.3155, Lift: 1.5446, Factor: 1; 15669821 (Whole Spices) - Conf: 0.3065, Lift: 3.3414, Factor: 1; 15668467 (Beans) - Conf: 0.2797, Lift: 2.0794, Factor: 1; 15668379 (Other Vegetables) - Conf: 0.2698, Lift: 1.4617, Factor: 1; 15669878 (Toor Dal) - Conf: 0.2516, Lift: 1.4669, Factor: 1; 15668468 (Beans) - Conf: 0.2338, Lift: 1.8499, Factor: 1; 15668458 (Brinjals) - Conf: 0.1921, Lift: 2.4674, Factor: 1; 15669764 (Besan) - Conf: 0.1753, Lift: 1.4579, Factor: 1"
7733315,15669871; 7628086; 15669774; 15668478; 15669818; 15668449; 15668451; 15669789,Other Rice Products; Basmati Rice; Urad Dal; Banana; Whole Spices; Exotic Vegetables; Brinjals; Boiled Rice,15668379; 15668688; 15668465; 15669863,Other Vegetables; Root Vegetables; Root Vegetables; Moong Dal,"15668379 (Other Vegetables) - Conf: 0.3008, Lift: 1.6298, Factor: 1; 15668688 (Root Vegetables) - Conf: 0.2585, Lift: 1.3917, Factor: 1; 15668465 (Root Vegetables) - Conf: 0.2378, Lift: 1.8369, Factor: 1; 15669863 (Moong Dal) - Conf: 0.1820, Lift: 1.4669, Factor: 1"
7734225,15669867; 15669884; 15669857; 15669815; 7570758; 7572240; 15669864; 15669879; 93289487; 7623116; 15669761; 15668542; 7570665,Other Dals; Whole Spices; Raw Peanuts; Jaggery; Toilet Cleaners; Instant Noodles; Other Dals; Other Dals; Phenyles & Acids; Liquid Soaps & Bars; Whole Spices; Buns & Pavs; Toothpaste,,,
7738863,15668685; 15670251; 15668457; 15668451; 15670196; 15670252; 15668462; 15669812; 15670163,Beans; Organic F&V; Brinjals; Brinjals; Organic F&V; Organic F&V; Gourd & Cucumber; Jaggery; Organic F&V,15668381; 15668379; 15668688; 15669860,Other Vegetables; Other Vegetables; Root Vegetables; Moong Dal,"15668381 (Other Vegetables) - Conf: 0.4010, Lift: 1.9633, Factor: 1; 15668379 (Other Vegetables) - Conf: 0.2976, Lift: 1.6124, Factor: 1; 15668688 (Root Vegetables) - Conf: 0.2756, Lift: 1.4836, Factor: 1; 15669860 (Moong Dal) - Conf: 0.1865, Lift: 1.7348, Factor: 1"
7742017,15670252; 92383200; 15670259; 15670157; 15670250; 7587658; 7587673,"Organic F&V; Liquid Detergent; Organic F&V; Organic F&V; Organic F&V; Organic Salt,Sugar & Jaggery; Organic Dals & Pulses",,,
7742018,15668688; 15670260; 15668478; 15670252; 15668379; 15668468; 15670250; 15669786,Root Vegetables; Organic F&V; Banana; Organic F&V; Other Vegetables; Beans; Organic F&V; Avalakki / Poha,15668688; 15668460; 15668379; 15668381; 15668378; 15668467; 15669878; 15668478; 15668465; 15668468,Root Vegetables; Gourd & Cucumber; Other Vegetables; Other Vegetables; Other Vegetables; Beans; Toor Dal; Banana; Root Vegetables; Beans,"15668688 (Root Vegetables) - Conf: 0.3496, Lift: 1.8820, Factor: 1; 15668460 (Gourd & Cucumber) - Conf: 0.3446, Lift: 1.8670, Factor: 1; 15668379 (Other Vegetables) - Conf: 0.3415, Lift: 1.8499, Factor: 1; 15668381 (Other Vegetables) - Conf: 0.3155, Lift: 1.5446, Factor: 1; 15668378 (Other Vegetables) - Conf: 0.2837, Lift: 2.0794, Factor: 1; 15668467 (Beans) - Conf: 0.2769, Lift: 2.0591, Factor: 1; 15669878 (Toor Dal) - Conf: 0.2630, Lift: 1.5338, Factor: 1; 15668478 (Banana) - Conf: 0.2619, Lift: 1.8369, Factor: 1; 15668465 (Root Vegetables) - Conf: 0.2573, Lift: 1.9869, Factor: 1; 15668468 (Beans) - Conf: 0.2338, Lift: 1.8499, Factor: 1"
7745973,15669869; 15670255; 15668474; 7590866; 15670251; 15669764; 15668466,Moong Dal; Organic F&V; Beans; Yogurt & Lassi; Organic F&V; Besan; Root Vegetables,15668478; 15668467; 15668462,Banana; Beans; Gourd & Cucumber,"15668478 (Banana) - Conf: 0.1887, Lift: 1.3233, Factor: 1; 15668467 (Beans) - Conf: 0.1775, Lift: 1.3195, Factor: 1; 15668462 (Gourd & Cucumber) - Conf: 0.1691, Lift: 1.3502, Factor: 1"
7748353,15669772; 15668685; 15668460; 7572303; 15670107; 92286348; 15669778; 15668454; 15669878; 15668378; 7596673; 15669780; 15668468; 7621702; 7570758; 15668478,"Other Dals; Beans; Gourd & Cucumber; Namkeen; Other Vegetables; Salty Biscuits; Other Dals; Brinjals; Toor Dal; Other Vegetables; Cream Biscuits; Sugar; Beans; Glucose, Marie & Milk Biscuits; Toilet Cleaners; Banana",15668688; 15668460; 15669869; 15668381; 15669821; 15668379; 15669777; 15668467; 15669878; 15668465,Root Vegetables; Gourd & Cucumber; Moong Dal; Other Vegetables; Whole Spices; Other Vegetables; Urad Dal; Beans; Toor Dal; Root Vegetables,"15668688 (Root Vegetables) - Conf: 0.3690, Lift: 1.9869, Factor: 1; 15668460 (Gourd & Cucumber) - Conf: 0.3340, Lift: 1.8093, Factor: 1; 15669869 (Moong Dal) - Conf: 0.3287, Lift: 2.5928, Factor: 1; 15668381 (Other Vegetables) - Conf: 0.3155, Lift: 1.5446, Factor: 1; 15669821 (Whole Spices) - Conf: 0.3065, Lift: 3.3414, Factor: 1; 15668379 (Other Vegetables) - Conf: 0.3008, Lift: 1.6298, Factor: 1; 15669777 (Urad Dal) - Conf: 0.2888, Lift: 2.5928, Factor: 1; 15668467 (Beans) - Conf: 0.2797, Lift: 2.0794, Factor: 1; 15669878 (Toor Dal) - Conf: 0.2736, Lift: 1.5952, Factor: 1; 15668465 (Root Vegetables) - Conf: 0.2378, Lift: 1.8369, Factor: 1"
7749985,15669869; 15668460; 15668467; 15668478; 15669824; 15669832; 15668462,Moong Dal; Gourd & Cucumber; Beans; Banana; Raw Rice; Sugar; Gourd & Cucumber,15668460; 15668381; 15668688; 15668379; 15669777; 15669878; 15668465; 15668462; 15668478; 15669780,Gourd & Cucumber; Other Vegetables; Root Vegetables; Other Vegetables; Urad Dal; Toor Dal; Root Vegetables; Gourd & Cucumber; Banana; Sugar,"15668460 (Gourd & Cucumber) - Conf: 0.4554, Lift: 2.4674, Factor: 1; 15668381 (Other Vegetables) - Conf: 0.4010, Lift: 1.9633, Factor: 1; 15668688 (Root Vegetables) - Conf: 0.3690, Lift: 1.9869, Factor: 1; 15668379 (Other Vegetables) - Conf: 0.3008, Lift: 1.6298, Factor: 1; 15669777 (Urad Dal) - Conf: 0.2888, Lift: 2.5928, Factor: 1; 15669878 (Toor Dal) - Conf: 0.2736, Lift: 1.5952, Factor: 1; 15668465 (Root Vegetables) - Conf: 0.2378, Lift: 1.8369, Factor: 1; 15668462 (Gourd & Cucumber) - Conf: 0.2338, Lift: 1.8670, Factor: 1; 15668478 (Banana) - Conf: 0.2276, Lift: 1.5960, Factor: 1; 15669780 (Sugar) - Conf: 0.2270, Lift: 1.5338, Factor: 1"
7752825,15669778; 15669832; 15669767; 15669878; 7585037; 15669860; 7625765; 15669880,Other Dals; Sugar; Urad Dal; Toor Dal; Instant Noodles; Moong Dal; Sunflower Oils; Sooji & Rava,15668379; 15668688; 15668460; 15668378,Other Vegetables; Root Vegetables; Gourd & Cucumber; Other Vegetables,"15668379 (Other Vegetables) - Conf: 0.2492, Lift: 1.3502, Factor: 1; 15668688 (Root Vegetables) - Conf: 0.2458, Lift: 1.3231, Factor: 1; 15668460 (Gourd & Cucumber) - Conf: 0.2440, Lift: 1.3221, Factor: 1; 15668378 (Other Vegetables) - Conf: 0.1805, Lift: 1.3231, Factor: 1"
7753069,7587491; 15668463; 7574243; 15670260; 15670160; 15670196; 15670158; 15668480; 15670192; 15670163,Organic Flours; Gourd & Cucumber; Regular Pasta; Organic F&V; Organic F&V; Organic F&V; Organic F&V; Bread; Organic F&V; Organic F&V,,,
7754398,15668594; 15670163; 7580334; 15668494; 15668378; 15668468; 7610714,Exotic Vegetables; Organic F&V; Wafers; Exotic Vegetables; Other Vegetables; Beans; Corn Snacks,15669869; 15668381; 15669821; 15668467; 15668468; 15668458; 15669764,Moong Dal; Other Vegetables; Whole Spices; Beans; Beans; Brinjals; Besan,"15669869 (Moong Dal) - Conf: 0.3287, Lift: 2.5928, Factor: 1; 15668381 (Other Vegetables) - Conf: 0.3155, Lift: 1.5446, Factor: 1; 15669821 (Whole Spices) - Conf: 0.3065, Lift: 3.3414, Factor: 1; 15668467 (Beans) - Conf: 0.2797, Lift: 2.0794, Factor: 1; 15668468 (Beans) - Conf: 0.2338, Lift: 1.8499, Factor: 1; 15668458 (Brinjals) - Conf: 0.1921, Lift: 2.4674, Factor: 1; 15669764 (Besan) - Conf: 0.1753, Lift: 1.4579, Factor: 1"
7756215,15670254; 15668467; 15668379; 15668689; 15668462; 15669797; 15670251; 15668381; 15668465,Organic F&V; Beans; Other Vegetables; Root Vegetables; Gourd & Cucumber; Raisins; Organic F&V; Other Vegetables; Root Vegetables,15668460; 15668381; 15669760; 15668688; 15668379; 15669878; 15668467; 15668478; 15668462; 15668465,Gourd & Cucumber; Other Vegetables; Whole Spices; Root Vegetables; Other Vegetables; Toor Dal; Beans; Banana; Gourd & Cucumber; Root Vegetables,"15668460 (Gourd & Cucumber) - Conf: 0.4554, Lift: 2.4674, Factor: 1; 15668381 (Other Vegetables) - Conf: 0.4010, Lift: 1.9633, Factor: 1; 15669760 (Whole Spices) - Conf: 0.3992, Lift: 3.3414, Factor: 1; 15668688 (Root Vegetables) - Conf: 0.3496, Lift: 1.8820, Factor: 1; 15668379 (Other Vegetables) - Conf: 0.3415, Lift: 1.8499, Factor: 1; 15669878 (Toor Dal) - Conf: 0.2975, Lift: 1.7348, Factor: 1; 15668467 (Beans) - Conf: 0.2769, Lift: 2.0591, Factor: 1; 15668478 (Banana) - Conf: 0.2619, Lift: 1.8369, Factor: 1; 15668462 (Gourd & Cucumber) - Conf: 0.2579, Lift: 2.0591, Factor: 1; 15668465 (Root Vegetables) - Conf: 0.2573, Lift: 1.9869, Factor: 1"
7757206,15669824; 15668451; 15669764; 15668459; 15668379; 15669878; 15668468; 15668462; 15668689; 15668465; 15668383,Raw Rice; Brinjals; Besan; Gourd & Cucumber; Other Vegetables; Toor Dal; Beans; Gourd & Cucumber; Root Vegetables; Root Vegetables; Other Vegetables,15668381; 15668688; 15668460; 15668379; 15668467; 15668478; 15668465; 15669878; 15668468; 15669869,Other Vegetables; Root Vegetables; Gourd & Cucumber; Other Vegetables; Beans; Banana; Root Vegetables; Toor Dal; Beans; Moong Dal,"15668381 (Other Vegetables) - Conf: 0.4010, Lift: 1.9633, Factor: 1; 15668688 (Root Vegetables) - Conf: 0.3496, Lift: 1.8820, Factor: 1; 15668460 (Gourd & Cucumber) - Conf: 0.3446, Lift: 1.8670, Factor: 1; 15668379 (Other Vegetables) - Conf: 0.3415, Lift: 1.8499, Factor: 1; 15668467 (Beans) - Conf: 0.2769, Lift: 2.0591, Factor: 1; 15668478 (Banana) - Conf: 0.2619, Lift: 1.8369, Factor: 1; 15668465 (Root Vegetables) - Conf: 0.2573, Lift: 1.9869, Factor: 1; 15669878 (Toor Dal) - Conf: 0.2516, Lift: 1.4669, Factor: 1; 15668468 (Beans) - Conf: 0.2338, Lift: 1.8499, Factor: 1; 15669869 (Moong Dal) - Conf: 0.2022, Lift: 1.5952, Factor: 1"
7757462,15668451; 15670157; 15668463; 15670251; 15670163; 15670192; 15669994,Brinjals; Organic F&V; Gourd & Cucumber; Organic F&V; Organic F&V; Organic F&V; Other Dals,,,
7760313,93289486; 7548511; 15669880; 15670250; 15669764; 15669780; 15669885; 15669863; 15670192,Phenyles & Acids; Liquid Soaps & Bars; Sooji & Rava; Organic F&V; Besan; Sugar; Moong Dal; Moong Dal; Organic F&V,15668460; 15668465; 15668462,Gourd & Cucumber; Root Vegetables; Gourd & Cucumber,"15668460 (Gourd & Cucumber) - Conf: 0.2443, Lift: 1.3233, Factor: 1; 15668465 (Root Vegetables) - Conf: 0.1712, Lift: 1.3221, Factor: 1; 15668462 (Gourd & Cucumber) - Conf: 0.1691, Lift: 1.3502, Factor: 1"
7762269,15670157; 15669983; 15670250; 15668416; 7586315; 15670251; 15670260,Organic F&V; Other Dry Fruits; Organic F&V; Banana; Snacky Nuts; Organic F&V; Organic F&V,,,
7764086,15669886; 15669764; 15669777; 15668451; 15669884; 15669767; 15669864; 15669821; 15668379; 15669873,Sooji & Rava; Besan; Urad Dal; Brinjals; Whole Spices; Urad Dal; Other Dals; Whole Spices; Other Vegetables; Whole Spices,15668688; 15668460; 15668379; 15668467; 15668381; 15668478; 15668465; 15668462; 15668685,Root Vegetables; Gourd & Cucumber; Other Vegetables; Beans; Other Vegetables; Banana; Root Vegetables; Gourd & Cucumber; Beans,"15668688 (Root Vegetables) - Conf: 0.3496, Lift: 1.8820, Factor: 1; 15668460 (Gourd & Cucumber) - Conf: 0.3446, Lift: 1.8670, Factor: 1; 15668379 (Other Vegetables) - Conf: 0.3415, Lift: 1.8499, Factor: 1; 15668467 (Beans) - Conf: 0.2769, Lift: 2.0591, Factor: 1; 15668381 (Other Vegetables) - Conf: 0.2703, Lift: 1.3233, Factor: 1; 15668478 (Banana) - Conf: 0.2619, Lift: 1.8369, Factor: 1; 15668465 (Root Vegetables) - Conf: 0.2573, Lift: 1.9869, Factor: 1; 15668462 (Gourd & Cucumber) - Conf: 0.1691, Lift: 1.3502, Factor: 1; 15668685 (Beans) - Conf: 0.1528, Lift: 1.9633, Factor: 1"
7764234,15669767; 15670246; 15668449; 15668471; 15668454; 15669818; 15669857; 15668495; 15668685; 15669856,Urad Dal; Organic F&V; Exotic Vegetables; Beans; Brinjals; Whole Spices; Raw Peanuts; Exotic Vegetables; Beans; Sugar,15668379,Other Vegetables,"15668379 (Other Vegetables) - Conf: 0.2976, Lift: 1.6124, Factor: 1"
7764318,15670260; 15668473; 15668467; 15669786; 15668685; 15668381; 15668460,Organic F&V; Beans; Beans; Avalakki / Poha; Beans; Other Vegetables; Gourd & Cucumber,15668460; 15669760; 15668381; 15668688; 15668379; 15669878; 15669777; 15668462; 15668478; 15668378,Gourd & Cucumber; Whole Spices; Other Vegetables; Root Vegetables; Other Vegetables; Toor Dal; Urad Dal; Gourd & Cucumber; Banana; Other Vegetables,"15668460 (Gourd & Cucumber) - Conf: 0.4554, Lift: 2.4674, Factor: 1; 15669760 (Whole Spices) - Conf: 0.3992, Lift: 3.3414, Factor: 1; 15668381 (Other Vegetables) - Conf: 0.3695, Lift: 1.8093, Factor: 1; 15668688 (Root Vegetables) - Conf: 0.3690, Lift: 1.9869, Factor: 1; 15668379 (Other Vegetables) - Conf: 0.2976, Lift: 1.6124, Factor: 1; 15669878 (Toor Dal) - Conf: 0.2975, Lift: 1.7348, Factor: 1; 15669777 (Urad Dal) - Conf: 0.2888, Lift: 2.5928, Factor: 1; 15668462 (Gourd & Cucumber) - Conf: 0.2579, Lift: 2.0591, Factor: 1; 15668478 (Banana) - Conf: 0.2448, Lift: 1.7170, Factor: 1; 15668378 (Other Vegetables) - Conf: 0.2317, Lift: 1.6987, Factor: 1"
7764985,7575499; 15669883; 15669861; 15668688; 15668381; 15668541; 15668467; 15668378; 7633833; 15669881,Aluminium Foil & Cling Wrap; Rice Flour; Raw Peanuts; Root Vegetables; Other Vegetables; Buns & Pavs; Beans; Other Vegetables; Tomato Ketchup; Sooji & Rava,15668460; 15669760; 15668381; 15669869; 15669821; 15668688; 15669878; 15668378; 15668467; 15668462,Gourd & Cucumber; Whole Spices; Other Vegetables; Moong Dal; Whole Spices; Root Vegetables; Toor Dal; Other Vegetables; Beans; Gourd & Cucumber,"15668460 (Gourd & Cucumber) - Conf: 0.4554, Lift: 2.4674, Factor: 1; 15669760 (Whole Spices) - Conf: 0.3992, Lift: 3.3414, Factor: 1; 15668381 (Other Vegetables) - Conf: 0.3695, Lift: 1.8093, Factor: 1; 15669869 (Moong Dal) - Conf: 0.3287, Lift: 2.5928, Factor: 1; 15669821 (Whole Spices) - Conf: 0.3065, Lift: 3.3414, Factor: 1; 15668688 (Root Vegetables) - Conf: 0.3027, Lift: 1.6298, Factor: 1; 15669878 (Toor Dal) - Conf: 0.2975, Lift: 1.7348, Factor: 1; 15668378 (Other Vegetables) - Conf: 0.2837, Lift: 2.0794, Factor: 1; 15668467 (Beans) - Conf: 0.2797, Lift: 2.0794, Factor: 1; 15668462 (Gourd & Cucumber) - Conf: 0.2579, Lift: 2.0591, Factor: 1"
7765027,15670144; 15668495; 15670168; 15668460; 15668378; 15668595; 7579698; 15668449,Organic F&V; Exotic Vegetables; Organic F&V; Gourd & Cucumber; Other Vegetables; Exotic Vegetables; Cream Biscuits; Exotic Vegetables,15668688; 15668460; 15669869; 15669821; 15669777; 15668467; 15669878; 15668478; 15669780; 15668465,Root Vegetables; Gourd & Cucumber; Moong Dal; Whole Spices; Urad Dal; Beans; Toor Dal; Banana; Sugar; Root Vegetables,"15668688 (Root Vegetables) - Conf: 0.3690, Lift: 1.9869, Factor: 1; 15668460 (Gourd & Cucumber) - Conf: 0.3340, Lift: 1.8093, Factor: 1; 15669869 (Moong Dal) - Conf: 0.3287, Lift: 2.5928, Factor: 1; 15669821 (Whole Spices) - Conf: 0.3065, Lift: 3.3414, Factor: 1; 15669777 (Urad Dal) - Conf: 0.2888, Lift: 2.5928, Factor: 1; 15668467 (Beans) - Conf: 0.2797, Lift: 2.0794, Factor: 1; 15669878 (Toor Dal) - Conf: 0.2736, Lift: 1.5952, Factor: 1; 15668478 (Banana) - Conf: 0.2276, Lift: 1.5960, Factor: 1; 15669780 (Sugar) - Conf: 0.2270, Lift: 1.5338, Factor: 1; 15668465 (Root Vegetables) - Conf: 0.2000, Lift: 1.5446, Factor: 1"
7765977,15669786; 15668685; 15670251; 15668468; 15668494; 15669824; 15669767,Avalakki / Poha; Beans; Organic F&V; Beans; Exotic Vegetables; Raw Rice; Urad Dal,15668381; 15668379; 15668468; 15668467; 15669764,Other Vegetables; Other Vegetables; Beans; Beans; Besan,"15668381 (Other Vegetables) - Conf: 0.3155, Lift: 1.5446, Factor: 1; 15668379 (Other Vegetables) - Conf: 0.2976, Lift: 1.6124, Factor: 1; 15668468 (Beans) - Conf: 0.2338, Lift: 1.8499, Factor: 1; 15668467 (Beans) - Conf: 0.2213, Lift: 1.6454, Factor: 1; 15669764 (Besan) - Conf: 0.1753, Lift: 1.4579, Factor: 1"
7768104,7599091; 7572310; 15669878; 7735781; 15669778; 15669772; 15669869; 7735707; 7569806; 15669885,Namkeen; Namkeen; Toor Dal; Namkeen; Other Dals; Other Dals; Moong Dal; Namkeen; Namkeen; Moong Dal,15668379; 15668688; 15668460; 15668478; 15668467,Other Vegetables; Root Vegetables; Gourd & Cucumber; Banana; Beans,"15668379 (Other Vegetables) - Conf: 0.2492, Lift: 1.3502, Factor: 1; 15668688 (Root Vegetables) - Conf: 0.2458, Lift: 1.3231, Factor: 1; 15668460 (Gourd & Cucumber) - Conf: 0.2440, Lift: 1.3221, Factor: 1; 15668478 (Banana) - Conf: 0.1887, Lift: 1.3233, Factor: 1; 15668467 (Beans) - Conf: 0.1775, Lift: 1.3195, Factor: 1"
7771136,15668685; 7585571; 15669878; 15668463; 7637309; 7547271; 7569805; 7610713; 7580823,Beans; Cakes; Toor Dal; Gourd & Cucumber; Mosquito Repellent; Liquid Soaps & Bars; Namkeen; Corn Snacks; Sunflower Oils,15668379; 15668688; 15668460,Other Vegetables; Root Vegetables; Gourd & Cucumber,"15668379 (Other Vegetables) - Conf: 0.2976, Lift: 1.6124, Factor: 1; 15668688 (Root Vegetables) - Conf: 0.2458, Lift: 1.3231, Factor: 1; 15668460 (Gourd & Cucumber) - Conf: 0.2440, Lift: 1.3221, Factor: 1"
7771245,15668689; 15668460; 15668378; 15668684; 15668451; 15668467; 15668457,Root Vegetables; Gourd & Cucumber; Other Vegetables; Beans; Brinjals; Beans; Brinjals,15668460; 15668688; 15669869; 15668381; 15669821; 15669777; 15668467; 15669878; 15668462; 15668478,Gourd & Cucumber; Root Vegetables; Moong Dal; Other Vegetables; Whole Spices; Urad Dal; Beans; Toor Dal; Gourd & Cucumber; Banana,"15668460 (Gourd & Cucumber) - Conf: 0.4554, Lift: 2.4674, Factor: 1; 15668688 (Root Vegetables) - Conf: 0.3690, Lift: 1.9869, Factor: 1; 15669869 (Moong Dal) - Conf: 0.3287, Lift: 2.5928, Factor: 1; 15668381 (Other Vegetables) - Conf: 0.3171, Lift: 1.5525, Factor: 1; 15669821 (Whole Spices) - Conf: 0.3065, Lift: 3.3414, Factor: 1; 15669777 (Urad Dal) - Conf: 0.2888, Lift: 2.5928, Factor: 1; 15668467 (Beans) - Conf: 0.2797, Lift: 2.0794, Factor: 1; 15669878 (Toor Dal) - Conf: 0.2736, Lift: 1.5952, Factor: 1; 15668462 (Gourd & Cucumber) - Conf: 0.2338, Lift: 1.8670, Factor: 1; 15668478 (Banana) - Conf: 0.2276, Lift: 1.5960, Factor: 1"
7775378,15668478; 7587679; 7625765; 15669790; 15668468; 15668379; 15669995; 15668465; 15669878,Banana; Organic Flours; Sunflower Oils; Other Rice Products; Beans; Other Vegetables; Other Dals; Root Vegetables; Toor Dal,15668688; 15668460; 15668379; 15668381; 15668467; 15668478; 15668465; 15669878; 15668468; 15669869,Root Vegetables; Gourd & Cucumber; Other Vegetables; Other Vegetables; Beans; Banana; Root Vegetables; Toor Dal; Beans; Moong Dal,"15668688 (Root Vegetables) - Conf: 0.3496, Lift: 1.8820, Factor: 1; 15668460 (Gourd & Cucumber) - Conf: 0.3446, Lift: 1.8670, Factor: 1; 15668379 (Other Vegetables) - Conf: 0.3415, Lift: 1.8499, Factor: 1; 15668381 (Other Vegetables) - Conf: 0.3155, Lift: 1.5446, Factor: 1; 15668467 (Beans) - Conf: 0.2769, Lift: 2.0591, Factor: 1; 15668478 (Banana) - Conf: 0.2619, Lift: 1.8369, Factor: 1; 15668465 (Root Vegetables) - Conf: 0.2573, Lift: 1.9869, Factor: 1; 15669878 (Toor Dal) - Conf: 0.2516, Lift: 1.4669, Factor: 1; 15668468 (Beans) - Conf: 0.2338, Lift: 1.8499, Factor: 1; 15669869 (Moong Dal) - Conf: 0.2022, Lift: 1.5952, Factor: 1"
7779672,15669864; 93289485; 15668378; 7625765; 93289486; 15669804; 15668688; 15669869; 92383200; 7753779,Other Dals; Phenyles & Acids; Other Vegetables; Sunflower Oils; Phenyles & Acids; Cashews; Root Vegetables; Moong Dal; Liquid Detergent; Health Drinks,15669869; 15669821; 15668381; 15668378; 15668467; 15668688; 15669878; 15668465; 15668458; 15668478,Moong Dal; Whole Spices; Other Vegetables; Other Vegetables; Beans; Root Vegetables; Toor Dal; Root Vegetables; Brinjals; Banana,"15669869 (Moong Dal) - Conf: 0.3287, Lift: 2.5928, Factor: 1; 15669821 (Whole Spices) - Conf: 0.3065, Lift: 3.3414, Factor: 1; 15668381 (Other Vegetables) - Conf: 0.2985, Lift: 1.4617, Factor: 1; 15668378 (Other Vegetables) - Conf: 0.2837, Lift: 2.0794, Factor: 1; 15668467 (Beans) - Conf: 0.2797, Lift: 2.0794, Factor: 1; 15668688 (Root Vegetables) - Conf: 0.2713, Lift: 1.4609, Factor: 1; 15669878 (Toor Dal) - Conf: 0.2630, Lift: 1.5338, Factor: 1; 15668465 (Root Vegetables) - Conf: 0.2350, Lift: 1.8146, Factor: 1; 15668458 (Brinjals) - Conf: 0.1921, Lift: 2.4674, Factor: 1; 15668478 (Banana) - Conf: 0.1887, Lift: 1.3233, Factor: 1"
7782046,15670157; 15668474; 15668459; 15669998; 15669859; 15670174; 15668379; 15669806; 15669860; 92435827,Organic F&V; Beans; Gourd & Cucumber; Other Dals; Toor Dal; Organic F&V; Other Vegetables; Cashews; Moong Dal; Cooking Sauce,15668688; 15668460; 15668379; 15668467; 15668478; 15668465; 15668378; 15668685,Root Vegetables; Gourd & Cucumber; Other Vegetables; Beans; Banana; Root Vegetables; Other Vegetables; Beans,"15668688 (Root Vegetables) - Conf: 0.3496, Lift: 1.8820, Factor: 1; 15668460 (Gourd & Cucumber) - Conf: 0.3446, Lift: 1.8670, Factor: 1; 15668379 (Other Vegetables) - Conf: 0.3415, Lift: 1.8499, Factor: 1; 15668467 (Beans) - Conf: 0.2769, Lift: 2.0591, Factor: 1; 15668478 (Banana) - Conf: 0.2619, Lift: 1.8369, Factor: 1; 15668465 (Root Vegetables) - Conf: 0.2573, Lift: 1.9869, Factor: 1; 15668378 (Other Vegetables) - Conf: 0.1805, Lift: 1.3231, Factor: 1; 15668685 (Beans) - Conf: 0.1528, Lift: 1.9633, Factor: 1"
7783137,15669856; 15668456; 15669799; 15669824; 15668465; 15669878; 15668468; 7586314; 15669970,Sugar; Brinjals; Raisins; Raw Rice; Root Vegetables; Toor Dal; Beans; Snacky Nuts; Cashews,15668688; 15668381; 15668379; 15668467; 15669878; 15668460; 15668468; 15669869; 15669764,Root Vegetables; Other Vegetables; Other Vegetables; Beans; Toor Dal; Gourd & Cucumber; Beans; Moong Dal; Besan,"15668688 (Root Vegetables) - Conf: 0.3189, Lift: 1.7170, Factor: 1; 15668381 (Other Vegetables) - Conf: 0.3155, Lift: 1.5446, Factor: 1; 15668379 (Other Vegetables) - Conf: 0.2698, Lift: 1.4617, Factor: 1; 15668467 (Beans) - Conf: 0.2531, Lift: 1.8820, Factor: 1; 15669878 (Toor Dal) - Conf: 0.2516, Lift: 1.4669, Factor: 1; 15668460 (Gourd & Cucumber) - Conf: 0.2440, Lift: 1.3221, Factor: 1; 15668468 (Beans) - Conf: 0.2338, Lift: 1.8499, Factor: 1; 15669869 (Moong Dal) - Conf: 0.2022, Lift: 1.5952, Factor: 1; 15669764 (Besan) - Conf: 0.1753, Lift: 1.4579, Factor: 1"
7783825,15669781; 15668689; 15668379; 15668383; 7625765; 15669880; 15668452,Rice Flour; Root Vegetables; Other Vegetables; Other Vegetables; Sunflower Oils; Sooji & Rava; Brinjals,15668688; 15668460; 15668379; 15668467; 15668478; 15668465; 15668685,Root Vegetables; Gourd & Cucumber; Other Vegetables; Beans; Banana; Root Vegetables; Beans,"15668688 (Root Vegetables) - Conf: 0.3496, Lift: 1.8820, Factor: 1; 15668460 (Gourd & Cucumber) - Conf: 0.3446, Lift: 1.8670, Factor: 1; 15668379 (Other Vegetables) - Conf: 0.3415, Lift: 1.8499, Factor: 1; 15668467 (Beans) - Conf: 0.2769, Lift: 2.0591, Factor: 1; 15668478 (Banana) - Conf: 0.2619, Lift: 1.8369, Factor: 1; 15668465 (Root Vegetables) - Conf: 0.2573, Lift: 1.9869, Factor: 1; 15668685 (Beans) - Conf: 0.1528, Lift: 1.9633, Factor: 1"
7785531,15669816; 15668383; 15668449; 15669815; 15669864; 15669763; 15668689,Other Dals; Other Vegetables; Exotic Vegetables; Jaggery; Other Dals; Other Dals; Root Vegetables,,,
7788465,15668519; 15669994; 7580823; 15668478; 7630963; 15669790; 15669856; 15668468; 15668381,Bread; Other Dals; Sunflower Oils; Banana; Tomato Ketchup; Other Rice Products; Sugar; Beans; Other Vegetables,15669760; 15668381; 15668460; 15668688; 15668379; 15669878; 15668462; 15668478; 15668465; 15668468,Whole Spices; Other Vegetables; Gourd & Cucumber; Root Vegetables; Other Vegetables; Toor Dal; Gourd & Cucumber; Banana; Root Vegetables; Beans,"15669760 (Whole Spices) - Conf: 0.3992, Lift: 3.3414, Factor: 1; 15668381 (Other Vegetables) - Conf: 0.3695, Lift: 1.8093, Factor: 1; 15668460 (Gourd & Cucumber) - Conf: 0.3037, Lift: 1.6454, Factor: 1; 15668688 (Root Vegetables) - Conf: 0.3027, Lift: 1.6298, Factor: 1; 15668379 (Other Vegetables) - Conf: 0.3008, Lift: 1.6298, Factor: 1; 15669878 (Toor Dal) - Conf: 0.2975, Lift: 1.7348, Factor: 1; 15668462 (Gourd & Cucumber) - Conf: 0.2579, Lift: 2.0591, Factor: 1; 15668478 (Banana) - Conf: 0.2448, Lift: 1.7170, Factor: 1; 15668465 (Root Vegetables) - Conf: 0.2378, Lift: 1.8369, Factor: 1; 15668468 (Beans) - Conf: 0.2338, Lift: 1.8499, Factor: 1"
7788834,15669878; 15668457; 7630967; 15668468; 15668462; 7569801; 7578354; 15669780,Toor Dal; Brinjals; Regular Pasta; Beans; Gourd & Cucumber; Namkeen; Chilli & Soya Sauces; Sugar,15668381; 15668379; 15668688; 15668460; 15668468; 15668467; 15669860; 15669764,Other Vegetables; Other Vegetables; Root Vegetables; Gourd & Cucumber; Beans; Beans; Moong Dal; Besan,"15668381 (Other Vegetables) - Conf: 0.4010, Lift: 1.9633, Factor: 1; 15668379 (Other Vegetables) - Conf: 0.2946, Lift: 1.5960, Factor: 1; 15668688 (Root Vegetables) - Conf: 0.2756, Lift: 1.4836, Factor: 1; 15668460 (Gourd & Cucumber) - Conf: 0.2443, Lift: 1.3233, Factor: 1; 15668468 (Beans) - Conf: 0.2338, Lift: 1.8499, Factor: 1; 15668467 (Beans) - Conf: 0.2213, Lift: 1.6454, Factor: 1; 15669860 (Moong Dal) - Conf: 0.1865, Lift: 1.7348, Factor: 1; 15669764 (Besan) - Conf: 0.1753, Lift: 1.4579, Factor: 1"
7791568,15668459; 7594818; 15668478; 15669771; 15668383; 15669883; 15669766,Gourd & Cucumber; Instant Noodles; Banana; Maida; Other Vegetables; Rice Flour; Other Flours,15668379; 15668688; 15668465; 15669863,Other Vegetables; Root Vegetables; Root Vegetables; Moong Dal,"15668379 (Other Vegetables) - Conf: 0.3008, Lift: 1.6298, Factor: 1; 15668688 (Root Vegetables) - Conf: 0.2585, Lift: 1.3917, Factor: 1; 15668465 (Root Vegetables) - Conf: 0.2378, Lift: 1.8369, Factor: 1; 15669863 (Moong Dal) - Conf: 0.1820, Lift: 1.4669, Factor: 1"
7793755,15668379; 15668474; 7590864; 7590866; 7653522; 7569801; 15668480; 7630967; 15668468; 15668594; 15668494,Other Vegetables; Beans; Yogurt & Lassi; Yogurt & Lassi; Namkeen; Namkeen; Bread; Regular Pasta; Beans; Exotic Vegetables; Exotic Vegetables,15668688; 15668460; 15668379; 15668381; 15668467; 15668478; 15668465; 15668468; 15669764; 15668685,Root Vegetables; Gourd & Cucumber; Other Vegetables; Other Vegetables; Beans; Banana; Root Vegetables; Beans; Besan; Beans,"15668688 (Root Vegetables) - Conf: 0.3496, Lift: 1.8820, Factor: 1; 15668460 (Gourd & Cucumber) - Conf: 0.3446, Lift: 1.8670, Factor: 1; 15668379 (Other Vegetables) - Conf: 0.3415, Lift: 1.8499, Factor: 1; 15668381 (Other Vegetables) - Conf: 0.3155, Lift: 1.5446, Factor: 1; 15668467 (Beans) - Conf: 0.2769, Lift: 2.0591, Factor: 1; 15668478 (Banana) - Conf: 0.2619, Lift: 1.8369, Factor: 1; 15668465 (Root Vegetables) - Conf: 0.2573, Lift: 1.9869, Factor: 1; 15668468 (Beans) - Conf: 0.2338, Lift: 1.8499, Factor: 1; 15669764 (Besan) - Conf: 0.1753, Lift: 1.4579, Factor: 1; 15668685 (Beans) - Conf: 0.1528, Lift: 1.9633, Factor: 1"
7795816,15669856; 15668465; 15668471; 15669765; 15668685; 15668460,Sugar; Root Vegetables; Beans; Urad Dal; Beans; Gourd & Cucumber,15668688; 15668460; 15668381; 15668379; 15669777; 15669878; 15668467; 15668478; 15669780; 15669869,Root Vegetables; Gourd & Cucumber; Other Vegetables; Other Vegetables; Urad Dal; Toor Dal; Beans; Banana; Sugar; Moong Dal,"15668688 (Root Vegetables) - Conf: 0.3690, Lift: 1.9869, Factor: 1; 15668460 (Gourd & Cucumber) - Conf: 0.3340, Lift: 1.8093, Factor: 1; 15668381 (Other Vegetables) - Conf: 0.3015, Lift: 1.4764, Factor: 1; 15668379 (Other Vegetables) - Conf: 0.2976, Lift: 1.6124, Factor: 1; 15669777 (Urad Dal) - Conf: 0.2888, Lift: 2.5928, Factor: 1; 15669878 (Toor Dal) - Conf: 0.2736, Lift: 1.5952, Factor: 1; 15668467 (Beans) - Conf: 0.2531, Lift: 1.8820, Factor: 1; 15668478 (Banana) - Conf: 0.2276, Lift: 1.5960, Factor: 1; 15669780 (Sugar) - Conf: 0.2270, Lift: 1.5338, Factor: 1; 15669869 (Moong Dal) - Conf: 0.2022, Lift: 1.5952, Factor: 1"
7798184,7570665; 7630965; 15669771; 7569805; 15668475; 7572433,Toothpaste; Regular Pasta; Maida; Namkeen; Beans; Cooking Paste,,,
7801245,15669864; 15670004; 15669815; 15669866; 15669878; 7624792,Other Dals; Raw Rice; Jaggery; Other Dals; Toor Dal; Ghee,15668379; 15668688; 15668460,Other Vegetables; Root Vegetables; Gourd & Cucumber,"15668379 (Other Vegetables) - Conf: 0.2492, Lift: 1.3502, Factor: 1; 15668688 (Root Vegetables) - Conf: 0.2458, Lift: 1.3231, Factor: 1; 15668460 (Gourd & Cucumber) - Conf: 0.2440, Lift: 1.3221, Factor: 1"
7806900,15668379; 15668478; 15668687; 15668383; 15668466; 15668474,Other Vegetables; Banana; Root Vegetables; Other Vegetables; Root Vegetables; Beans,15668688; 15668460; 15668379; 15668467; 15668478; 15668465; 15669863; 15668685,Root Vegetables; Gourd & Cucumber; Other Vegetables; Beans; Banana; Root Vegetables; Moong Dal; Beans,"15668688 (Root Vegetables) - Conf: 0.3496, Lift: 1.8820, Factor: 1; 15668460 (Gourd & Cucumber) - Conf: 0.3446, Lift: 1.8670, Factor: 1; 15668379 (Other Vegetables) - Conf: 0.3415, Lift: 1.8499, Factor: 1; 15668467 (Beans) - Conf: 0.2769, Lift: 2.0591, Factor: 1; 15668478 (Banana) - Conf: 0.2619, Lift: 1.8369, Factor: 1; 15668465 (Root Vegetables) - Conf: 0.2573, Lift: 1.9869, Factor: 1; 15669863 (Moong Dal) - Conf: 0.1820, Lift: 1.4669, Factor: 1; 15668685 (Beans) - Conf: 0.1528, Lift: 1.9633, Factor: 1"
7808939,7580811; 15669860; 15668460; 15669772; 15668453; 15669829; 7594818; 15669887; 15668472; 15669878; 15669776; 15669864; 15669880; 15669879,Sunflower Oils; Moong Dal; Gourd & Cucumber; Other Dals; Brinjals; Raw Rice; Instant Noodles; Maida; Beans; Toor Dal; Other Dals; Other Dals; Sooji & Rava; Other Dals,15668688; 15668460; 15669777; 15669878; 15668379; 15668478; 15669780; 15668467; 15668465; 15668468,Root Vegetables; Gourd & Cucumber; Urad Dal; Toor Dal; Other Vegetables; Banana; Sugar; Beans; Root Vegetables; Beans,"15668688 (Root Vegetables) - Conf: 0.3690, Lift: 1.9869, Factor: 1; 15668460 (Gourd & Cucumber) - Conf: 0.3340, Lift: 1.8093, Factor: 1; 15669777 (Urad Dal) - Conf: 0.2888, Lift: 2.5928, Factor: 1; 15669878 (Toor Dal) - Conf: 0.2736, Lift: 1.5952, Factor: 1; 15668379 (Other Vegetables) - Conf: 0.2492, Lift: 1.3502, Factor: 1; 15668478 (Banana) - Conf: 0.2276, Lift: 1.5960, Factor: 1; 15669780 (Sugar) - Conf: 0.2270, Lift: 1.5338, Factor: 1; 15668467 (Beans) - Conf: 0.2151, Lift: 1.5993, Factor: 1; 15668465 (Root Vegetables) - Conf: 0.2000, Lift: 1.5446, Factor: 1; 15668468 (Beans) - Conf: 0.1962, Lift: 1.5525, Factor: 1"
7809643,7579698; 15669879; 15669860; 15669815; 15669863; 15668416; 15668467; 15669772; 7593949; 15668379; 15669881; 15669778; 15668685,Cream Biscuits; Other Dals; Moong Dal; Jaggery; Moong Dal; Banana; Beans; Other Dals; Cream Biscuits; Other Vegetables; Sooji & Rava; Other Dals; Beans,15668460; 15668688; 15668379; 15668381; 15668467; 15668478; 15668465; 15668462; 15668468; 15668378,Gourd & Cucumber; Root Vegetables; Other Vegetables; Other Vegetables; Beans; Banana; Root Vegetables; Gourd & Cucumber; Beans; Other Vegetables,"15668460 (Gourd & Cucumber) - Conf: 0.4554, Lift: 2.4674, Factor: 1; 15668688 (Root Vegetables) - Conf: 0.3496, Lift: 1.8820, Factor: 1; 15668379 (Other Vegetables) - Conf: 0.3415, Lift: 1.8499, Factor: 1; 15668381 (Other Vegetables) - Conf: 0.3171, Lift: 1.5525, Factor: 1; 15668467 (Beans) - Conf: 0.2769, Lift: 2.0591, Factor: 1; 15668478 (Banana) - Conf: 0.2619, Lift: 1.8369, Factor: 1; 15668465 (Root Vegetables) - Conf: 0.2573, Lift: 1.9869, Factor: 1; 15668462 (Gourd & Cucumber) - Conf: 0.2338, Lift: 1.8670, Factor: 1; 15668468 (Beans) - Conf: 0.1846, Lift: 1.4609, Factor: 1; 15668378 (Other Vegetables) - Conf: 0.1805, Lift: 1.3231, Factor: 1"
7812284,7578229; 15669866; 15668689; 15669859; 7575323; 15668459,Chinese Noodles; Other Dals; Root Vegetables; Toor Dal; Sanitary Pads; Gourd & Cucumber,,,
7813835,15669859; 15669965; 15669778; 15669885; 15669880; 15669976; 15669866; 15669764; 15668467; 15669783,Toor Dal; Raisins; Other Dals; Moong Dal; Sooji & Rava; Almonds; Other Dals; Besan; Beans; Sooji & Rava,15668460; 15668381; 15668462; 15668468,Gourd & Cucumber; Other Vegetables; Gourd & Cucumber; Beans,"15668460 (Gourd & Cucumber) - Conf: 0.4554, Lift: 2.4674, Factor: 1; 15668381 (Other Vegetables) - Conf: 0.3171, Lift: 1.5525, Factor: 1; 15668462 (Gourd & Cucumber) - Conf: 0.2338, Lift: 1.8670, Factor: 1; 15668468 (Beans) - Conf: 0.1846, Lift: 1.4609, Factor: 1"
7817216,15669994; 15668465; 15668687; 15668468; 15668520; 15669772; 15669785; 15668457; 15668378,Other Dals; Root Vegetables; Root Vegetables; Beans; Bread; Other Dals; Boiled Rice; Brinjals; Other Vegetables,15669869; 15668688; 15668381; 15669821; 15668467; 15668379; 15669878; 15668468; 15668458; 15669764,Moong Dal; Root Vegetables; Other Vegetables; Whole Spices; Beans; Other Vegetables; Toor Dal; Beans; Brinjals; Besan,"15669869 (Moong Dal) - Conf: 0.3287, Lift: 2.5928, Factor: 1; 15668688 (Root Vegetables) - Conf: 0.3189, Lift: 1.7170, Factor: 1; 15668381 (Other Vegetables) - Conf: 0.3155, Lift: 1.5446, Factor: 1; 15669821 (Whole Spices) - Conf: 0.3065, Lift: 3.3414, Factor: 1; 15668467 (Beans) - Conf: 0.2797, Lift: 2.0794, Factor: 1; 15668379 (Other Vegetables) - Conf: 0.2698, Lift: 1.4617, Factor: 1; 15669878 (Toor Dal) - Conf: 0.2516, Lift: 1.4669, Factor: 1; 15668468 (Beans) - Conf: 0.2338, Lift: 1.8499, Factor: 1; 15668458 (Brinjals) - Conf: 0.1921, Lift: 2.4674, Factor: 1; 15669764 (Besan) - Conf: 0.1753, Lift: 1.4579, Factor: 1"
7819500,15669832; 15669789; 15668378; 7624788; 7753732; 15669777; 15669878,Sugar; Boiled Rice; Other Vegetables; Ghee; Health Drinks; Urad Dal; Toor Dal,15669869; 15669821; 15668467; 15668381; 15668379; 15668688; 15668460; 15668458,Moong Dal; Whole Spices; Beans; Other Vegetables; Other Vegetables; Root Vegetables; Gourd & Cucumber; Brinjals,"15669869 (Moong Dal) - Conf: 0.3287, Lift: 2.5928, Factor: 1; 15669821 (Whole Spices) - Conf: 0.3065, Lift: 3.3414, Factor: 1; 15668467 (Beans) - Conf: 0.2797, Lift: 2.0794, Factor: 1; 15668381 (Other Vegetables) - Conf: 0.2703, Lift: 1.3233, Factor: 1; 15668379 (Other Vegetables) - Conf: 0.2492, Lift: 1.3502, Factor: 1; 15668688 (Root Vegetables) - Conf: 0.2458, Lift: 1.3231, Factor: 1; 15668460 (Gourd & Cucumber) - Conf: 0.2440, Lift: 1.3221, Factor: 1; 15668458 (Brinjals) - Conf: 0.1921, Lift: 2.4674, Factor: 1"
7820348,15668467; 15668459; 15668416; 15669982; 15668684; 15668378; 15669875,Beans; Gourd & Cucumber; Banana; Other Dry Fruits; Beans; Other Vegetables; Toor Dal,15668460; 15669869; 15668381; 15669821; 15668467; 15668462; 15668458; 15668468,Gourd & Cucumber; Moong Dal; Other Vegetables; Whole Spices; Beans; Gourd & Cucumber; Brinjals; Beans,"15668460 (Gourd & Cucumber) - Conf: 0.4554, Lift: 2.4674, Factor: 1; 15669869 (Moong Dal) - Conf: 0.3287, Lift: 2.5928, Factor: 1; 15668381 (Other Vegetables) - Conf: 0.3171, Lift: 1.5525, Factor: 1; 15669821 (Whole Spices) - Conf: 0.3065, Lift: 3.3414, Factor: 1; 15668467 (Beans) - Conf: 0.2797, Lift: 2.0794, Factor: 1; 15668462 (Gourd & Cucumber) - Conf: 0.2338, Lift: 1.8670, Factor: 1; 15668458 (Brinjals) - Conf: 0.1921, Lift: 2.4674, Factor: 1; 15668468 (Beans) - Conf: 0.1846, Lift: 1.4609, Factor: 1"
7821280,15669885; 15669861; 15669783; 7572303; 15669860; 7572313; 15669765; 15669780; 15669824; 15669878; 15669863; 15669778,Moong Dal; Raw Peanuts; Sooji & Rava; Namkeen; Moong Dal; Namkeen; Urad Dal; Sugar; Raw Rice; Toor Dal; Moong Dal; Other Dals,15668379; 15668688; 15668460; 15668378; 15668465,Other Vegetables; Root Vegetables; Gourd & Cucumber; Other Vegetables; Root Vegetables,"15668379 (Other Vegetables) - Conf: 0.2492, Lift: 1.3502, Factor: 1; 15668688 (Root Vegetables) - Conf: 0.2458, Lift: 1.3231, Factor: 1; 15668460 (Gourd & Cucumber) - Conf: 0.2443, Lift: 1.3233, Factor: 1; 15668378 (Other Vegetables) - Conf: 0.1805, Lift: 1.3231, Factor: 1; 15668465 (Root Vegetables) - Conf: 0.1712, Lift: 1.3221, Factor: 1"
7824172,15668467; 15668685; 15668462; 15668465; 15668454; 15668458; 15668687,Beans; Beans; Gourd & Cucumber; Root Vegetables; Brinjals; Brinjals; Root Vegetables,15668460; 15668381; 15668688; 15668379; 15668467; 15669878; 15668462; 15669869; 15669860; 15668468,Gourd & Cucumber; Other Vegetables; Root Vegetables; Other Vegetables; Beans; Toor Dal; Gourd & Cucumber; Moong Dal; Moong Dal; Beans,"15668460 (Gourd & Cucumber) - Conf: 0.4554, Lift: 2.4674, Factor: 1; 15668381 (Other Vegetables) - Conf: 0.4010, Lift: 1.9633, Factor: 1; 15668688 (Root Vegetables) - Conf: 0.3189, Lift: 1.7170, Factor: 1; 15668379 (Other Vegetables) - Conf: 0.2976, Lift: 1.6124, Factor: 1; 15668467 (Beans) - Conf: 0.2531, Lift: 1.8820, Factor: 1; 15669878 (Toor Dal) - Conf: 0.2516, Lift: 1.4669, Factor: 1; 15668462 (Gourd & Cucumber) - Conf: 0.2338, Lift: 1.8670, Factor: 1; 15669869 (Moong Dal) - Conf: 0.2022, Lift: 1.5952, Factor: 1; 15669860 (Moong Dal) - Conf: 0.1865, Lift: 1.7348, Factor: 1; 15668468 (Beans) - Conf: 0.1846, Lift: 1.4609, Factor: 1"
7825117,7569801; 7572299; 15668378; 7572312; 15669869; 15668689; 15669866; 15669829; 7570758; 15669778; 15669772,Namkeen; Namkeen; Other Vegetables; Namkeen; Moong Dal; Root Vegetables; Other Dals; Raw Rice; Toilet Cleaners; Other Dals; Other Dals,15669869; 15669821; 15668467; 15668458; 15668478,Moong Dal; Whole Spices; Beans; Brinjals; Banana,"15669869 (Moong Dal) - Conf: 0.3287, Lift: 2.5928, Factor: 1; 15669821 (Whole Spices) - Conf: 0.3065, Lift: 3.3414, Factor: 1; 15668467 (Beans) - Conf: 0.2797, Lift: 2.0794, Factor: 1; 15668458 (Brinjals) - Conf: 0.1921, Lift: 2.4674, Factor: 1; 15668478 (Banana) - Conf: 0.1887, Lift: 1.3233, Factor: 1"
7826605,15668380; 15669761; 15669869; 7632452; 15669780; 15669760; 15668467; 15669762; 15668462; 15669778; 15669821; 15669866; 15668542,Other Vegetables; Whole Spices; Moong Dal; Liquid Detergent; Sugar; Whole Spices; Beans; Urad Dal; Gourd & Cucumber; Other Dals; Whole Spices; Other Dals; Buns & Pavs,15668460; 15668381; 15668379; 15668688; 15668462; 15668478; 15669860; 15668468; 15668467,Gourd & Cucumber; Other Vegetables; Other Vegetables; Root Vegetables; Gourd & Cucumber; Banana; Moong Dal; Beans; Beans,"15668460 (Gourd & Cucumber) - Conf: 0.4554, Lift: 2.4674, Factor: 1; 15668381 (Other Vegetables) - Conf: 0.4010, Lift: 1.9633, Factor: 1; 15668379 (Other Vegetables) - Conf: 0.2946, Lift: 1.5960, Factor: 1; 15668688 (Root Vegetables) - Conf: 0.2756, Lift: 1.4836, Factor: 1; 15668462 (Gourd & Cucumber) - Conf: 0.2338, Lift: 1.8670, Factor: 1; 15668478 (Banana) - Conf: 0.1887, Lift: 1.3233, Factor: 1; 15669860 (Moong Dal) - Conf: 0.1865, Lift: 1.7348, Factor: 1; 15668468 (Beans) - Conf: 0.1846, Lift: 1.4609, Factor: 1; 15668467 (Beans) - Conf: 0.1775, Lift: 1.3195, Factor: 1"
7826710,7572240; 7572242; 15669881; 15668474; 15668416; 15668467,Instant Noodles; Instant Noodles; Sooji & Rava; Beans; Banana; Beans,15668460; 15668381; 15668462; 15668468,Gourd & Cucumber; Other Vegetables; Gourd & Cucumber; Beans,"15668460 (Gourd & Cucumber) - Conf: 0.4554, Lift: 2.4674, Factor: 1; 15668381 (Other Vegetables) - Conf: 0.3171, Lift: 1.5525, Factor: 1; 15668462 (Gourd & Cucumber) - Conf: 0.2338, Lift: 1.8670, Factor: 1; 15668468 (Beans) - Conf: 0.1846, Lift: 1.4609, Factor: 1"
7830364,15669856; 15669860; 15668378; 15669878; 15669771; 15669864; 15670009,Sugar; Moong Dal; Other Vegetables; Toor Dal; Maida; Other Dals; Almonds,15669869; 15669821; 15668467; 15668379; 15668688; 15668460; 15668458; 15668378,Moong Dal; Whole Spices; Beans; Other Vegetables; Root Vegetables; Gourd & Cucumber; Brinjals; Other Vegetables,"15669869 (Moong Dal) - Conf: 0.3287, Lift: 2.5928, Factor: 1; 15669821 (Whole Spices) - Conf: 0.3065, Lift: 3.3414, Factor: 1; 15668467 (Beans) - Conf: 0.2797, Lift: 2.0794, Factor: 1; 15668379 (Other Vegetables) - Conf: 0.2492, Lift: 1.3502, Factor: 1; 15668688 (Root Vegetables) - Conf: 0.2458, Lift: 1.3231, Factor: 1; 15668460 (Gourd & Cucumber) - Conf: 0.2440, Lift: 1.3221, Factor: 1; 15668458 (Brinjals) - Conf: 0.1921, Lift: 2.4674, Factor: 1; 15668378 (Other Vegetables) - Conf: 0.1805, Lift: 1.3231, Factor: 1"
7830638,15670168; 15669881; 15669777; 15669864; 15668383; 15669857; 7586553; 15669878; 15668462; 7586504; 7586305; 7601953; 7753734; 7586556,Organic F&V; Sooji & Rava; Urad Dal; Other Dals; Other Vegetables; Raw Peanuts; Snacky Nuts; Toor Dal; Gourd & Cucumber; Snacky Nuts; Namkeen; Corn Snacks; Health Drinks; Namkeen,15668381; 15668379; 15668688; 15668460; 15669860,Other Vegetables; Other Vegetables; Root Vegetables; Gourd & Cucumber; Moong Dal,"15668381 (Other Vegetables) - Conf: 0.4010, Lift: 1.9633, Factor: 1; 15668379 (Other Vegetables) - Conf: 0.2946, Lift: 1.5960, Factor: 1; 15668688 (Root Vegetables) - Conf: 0.2756, Lift: 1.4836, Factor: 1; 15668460 (Gourd & Cucumber) - Conf: 0.2440, Lift: 1.3221, Factor: 1; 15669860 (Moong Dal) - Conf: 0.1865, Lift: 1.7348, Factor: 1"
7850334,15668375; 15668379; 15668452; 15668474; 15668462; 15668468; 15668471,Root Vegetables; Other Vegetables; Brinjals; Beans; Gourd & Cucumber; Beans; Beans,15668381; 15668688; 15668460; 15668379; 15668467; 15668478; 15668465; 15668468; 15669860; 15669764,Other Vegetables; Root Vegetables; Gourd & Cucumber; Other Vegetables; Beans; Banana; Root Vegetables; Beans; Moong Dal; Besan,"15668381 (Other Vegetables) - Conf: 0.4010, Lift: 1.9633, Factor: 1; 15668688 (Root Vegetables) - Conf: 0.3496, Lift: 1.8820, Factor: 1; 15668460 (Gourd & Cucumber) - Conf: 0.3446, Lift: 1.8670, Factor: 1; 15668379 (Other Vegetables) - Conf: 0.3415, Lift: 1.8499, Factor: 1; 15668467 (Beans) - Conf: 0.2769, Lift: 2.0591, Factor: 1; 15668478 (Banana) - Conf: 0.2619, Lift: 1.8369, Factor: 1; 15668465 (Root Vegetables) - Conf: 0.2573, Lift: 1.9869, Factor: 1; 15668468 (Beans) - Conf: 0.2338, Lift: 1.8499, Factor: 1; 15669860 (Moong Dal) - Conf: 0.1865, Lift: 1.7348, Factor: 1; 15669764 (Besan) - Conf: 0.1753, Lift: 1.4579, Factor: 1"
7853559,15668457; 15668379; 15669869; 15668467; 15669864; 15669875; 15669818; 15669780,Brinjals; Other Vegetables; Moong Dal; Beans; Other Dals; Toor Dal; Whole Spices; Sugar,15668460; 15668688; 15668379; 15668381; 15668467; 15668478; 15668465; 15668462; 15668468; 15668685,Gourd & Cucumber; Root Vegetables; Other Vegetables; Other Vegetables; Beans; Banana; Root Vegetables; Gourd & Cucumber; Beans; Beans,"15668460 (Gourd & Cucumber) - Conf: 0.4554, Lift: 2.4674, Factor: 1; 15668688 (Root Vegetables) - Conf: 0.3496, Lift: 1.8820, Factor: 1; 15668379 (Other Vegetables) - Conf: 0.3415, Lift: 1.8499, Factor: 1; 15668381 (Other Vegetables) - Conf: 0.3171, Lift: 1.5525, Factor: 1; 15668467 (Beans) - Conf: 0.2769, Lift: 2.0591, Factor: 1; 15668478 (Banana) - Conf: 0.2619, Lift: 1.8369, Factor: 1; 15668465 (Root Vegetables) - Conf: 0.2573, Lift: 1.9869, Factor: 1; 15668462 (Gourd & Cucumber) - Conf: 0.2338, Lift: 1.8670, Factor: 1; 15668468 (Beans) - Conf: 0.1846, Lift: 1.4609, Factor: 1; 15668685 (Beans) - Conf: 0.1528, Lift: 1.9633, Factor: 1"
7862618,15669778; 15669866; 15669784; 15669872; 15669790; 15668459; 15668468; 15669878,Other Dals; Other Dals; Basmati Rice; Avalakki / Poha; Other Rice Products; Gourd & Cucumber; Beans; Toor Dal,15668381; 15668379; 15668688; 15668460; 15668468; 15668467; 15669764,Other Vegetables; Other Vegetables; Root Vegetables; Gourd & Cucumber; Beans; Beans; Besan,"15668381 (Other Vegetables) - Conf: 0.3155, Lift: 1.5446, Factor: 1; 15668379 (Other Vegetables) - Conf: 0.2492, Lift: 1.3502, Factor: 1; 15668688 (Root Vegetables) - Conf: 0.2458, Lift: 1.3231, Factor: 1; 15668460 (Gourd & Cucumber) - Conf: 0.2440, Lift: 1.3221, Factor: 1; 15668468 (Beans) - Conf: 0.2338, Lift: 1.8499, Factor: 1; 15668467 (Beans) - Conf: 0.2213, Lift: 1.6454, Factor: 1; 15669764 (Besan) - Conf: 0.1753, Lift: 1.4579, Factor: 1"
7862826,7633490; 15669818; 15669767; 15669760; 7570758; 15669875; 93289487; 15669856; 7625765,Diapers & Wipes; Whole Spices; Urad Dal; Whole Spices; Toilet Cleaners; Toor Dal; Phenyles & Acids; Sugar; Sunflower Oils,15668468,Beans,"15668468 (Beans) - Conf: 0.1754, Lift: 1.3874, Factor: 1"
7863862,15669772; 7586147; 15668468; 15668378; 15668688; 7586073,Other Dals; Instant Pastas; Beans; Other Vegetables; Root Vegetables; Instant Pastas,15669869; 15668381; 15669821; 15668378; 15668467; 15668688; 15669878; 15668465; 15668468; 15668458,Moong Dal; Other Vegetables; Whole Spices; Other Vegetables; Beans; Root Vegetables; Toor Dal; Root Vegetables; Beans; Brinjals,"15669869 (Moong Dal) - Conf: 0.3287, Lift: 2.5928, Factor: 1; 15668381 (Other Vegetables) - Conf: 0.3155, Lift: 1.5446, Factor: 1; 15669821 (Whole Spices) - Conf: 0.3065, Lift: 3.3414, Factor: 1; 15668378 (Other Vegetables) - Conf: 0.2837, Lift: 2.0794, Factor: 1; 15668467 (Beans) - Conf: 0.2797, Lift: 2.0794, Factor: 1; 15668688 (Root Vegetables) - Conf: 0.2713, Lift: 1.4609, Factor: 1; 15669878 (Toor Dal) - Conf: 0.2630, Lift: 1.5338, Factor: 1; 15668465 (Root Vegetables) - Conf: 0.2350, Lift: 1.8146, Factor: 1; 15668468 (Beans) - Conf: 0.2338, Lift: 1.8499, Factor: 1; 15668458 (Brinjals) - Conf: 0.1921, Lift: 2.4674, Factor: 1"
8061159,15668478; 15668594; 15668465; 15668468; 34992035; 7572254; 15668494,Banana; Exotic Vegetables; Root Vegetables; Beans; Bread; Cooking Sauce; Exotic Vegetables,15668688; 15668381; 15668379; 15668467; 15669878; 15668465; 15668468; 15669869; 15669863; 15669764,Root Vegetables; Other Vegetables; Other Vegetables; Beans; Toor Dal; Root Vegetables; Beans; Moong Dal; Moong Dal; Besan,"15668688 (Root Vegetables) - Conf: 0.3189, Lift: 1.7170, Factor: 1; 15668381 (Other Vegetables) - Conf: 0.3155, Lift: 1.5446, Factor: 1; 15668379 (Other Vegetables) - Conf: 0.3008, Lift: 1.6298, Factor: 1; 15668467 (Beans) - Conf: 0.2531, Lift: 1.8820, Factor: 1; 15669878 (Toor Dal) - Conf: 0.2516, Lift: 1.4669, Factor: 1; 15668465 (Root Vegetables) - Conf: 0.2378, Lift: 1.8369, Factor: 1; 15668468 (Beans) - Conf: 0.2338, Lift: 1.8499, Factor: 1; 15669869 (Moong Dal) - Conf: 0.2022, Lift: 1.5952, Factor: 1; 15669863 (Moong Dal) - Conf: 0.1820, Lift: 1.4669, Factor: 1; 15669764 (Besan) - Conf: 0.1753, Lift: 1.4579, Factor: 1"
8061163,15670267; 15669815; 34990045; 15669872; 15669817; 15670271; 21408953; 15669869; 7580823; 15669764; 15669821; 15669880; 7753779; 15669857; 15669803,Toor Dal; Jaggery; Phenyles & Acids; Avalakki / Poha; Whole Spices; Other Dals; Whole Spices; Moong Dal; Sunflower Oils; Besan; Whole Spices; Sooji & Rava; Health Drinks; Raw Peanuts; Cashews,15668460; 15668478; 15668467; 15668462,Gourd & Cucumber; Banana; Beans; Gourd & Cucumber,"15668460 (Gourd & Cucumber) - Conf: 0.2561, Lift: 1.3874, Factor: 1; 15668478 (Banana) - Conf: 0.1887, Lift: 1.3233, Factor: 1; 15668467 (Beans) - Conf: 0.1775, Lift: 1.3195, Factor: 1; 15668462 (Gourd & Cucumber) - Conf: 0.1691, Lift: 1.3502, Factor: 1"
8061560,15668465; 15668381; 15670171; 7586073; 15668687; 7594817; 34987566; 7578351; 15668451; 15668416,Root Vegetables; Other Vegetables; Organic F&V; Instant Pastas; Root Vegetables; Instant Noodles; Whole Spices; Chinese Noodles; Brinjals; Banana,15669760; 15668381; 15668688; 15668460; 15669878; 15668379; 15668462; 15668467; 15668478; 15668378,Whole Spices; Other Vegetables; Root Vegetables; Gourd & Cucumber; Toor Dal; Other Vegetables; Gourd & Cucumber; Beans; Banana; Other Vegetables,"15669760 (Whole Spices) - Conf: 0.3992, Lift: 3.3414, Factor: 1; 15668381 (Other Vegetables) - Conf: 0.3695, Lift: 1.8093, Factor: 1; 15668688 (Root Vegetables) - Conf: 0.3189, Lift: 1.7170, Factor: 1; 15668460 (Gourd & Cucumber) - Conf: 0.3037, Lift: 1.6454, Factor: 1; 15669878 (Toor Dal) - Conf: 0.2975, Lift: 1.7348, Factor: 1; 15668379 (Other Vegetables) - Conf: 0.2698, Lift: 1.4617, Factor: 1; 15668462 (Gourd & Cucumber) - Conf: 0.2579, Lift: 2.0591, Factor: 1; 15668467 (Beans) - Conf: 0.2531, Lift: 1.8820, Factor: 1; 15668478 (Banana) - Conf: 0.2448, Lift: 1.7170, Factor: 1; 15668378 (Other Vegetables) - Conf: 0.2317, Lift: 1.6987, Factor: 1"
8061961,15668471; 15669863; 15669774; 15668453; 15668467; 15668465; 15669825; 15668416; 15669772; 15668381; 7587670; 15668462; 15668378; 15669778,Beans; Moong Dal; Urad Dal; Brinjals; Beans; Root Vegetables; Boiled Rice; Banana; Other Dals; Other Vegetables; Organic Masalas & Spices; Gourd & Cucumber; Other Vegetables; Other Dals,15668460; 15668381; 15669760; 15669869; 15668688; 15669821; 15669878; 15668379; 15668467; 15668462,Gourd & Cucumber; Other Vegetables; Whole Spices; Moong Dal; Root Vegetables; Whole Spices; Toor Dal; Other Vegetables; Beans; Gourd & Cucumber,"15668460 (Gourd & Cucumber) - Conf: 0.4554, Lift: 2.4674, Factor: 1; 15668381 (Other Vegetables) - Conf: 0.4010, Lift: 1.9633, Factor: 1; 15669760 (Whole Spices) - Conf: 0.3992, Lift: 3.3414, Factor: 1; 15669869 (Moong Dal) - Conf: 0.3287, Lift: 2.5928, Factor: 1; 15668688 (Root Vegetables) - Conf: 0.3189, Lift: 1.7170, Factor: 1; 15669821 (Whole Spices) - Conf: 0.3065, Lift: 3.3414, Factor: 1; 15669878 (Toor Dal) - Conf: 0.2975, Lift: 1.7348, Factor: 1; 15668379 (Other Vegetables) - Conf: 0.2946, Lift: 1.5960, Factor: 1; 15668467 (Beans) - Conf: 0.2797, Lift: 2.0794, Factor: 1; 15668462 (Gourd & Cucumber) - Conf: 0.2579, Lift: 2.0591, Factor: 1"
8063588,15668379; 15669878; 34990778; 7580802; 15669910; 15669831,Other Vegetables; Toor Dal; Eggs; Sunflower Oils; Brinjals; Raw Rice,15668688; 15668460; 15668379; 15668467; 15668478; 15668465; 15668685,Root Vegetables; Gourd & Cucumber; Other Vegetables; Beans; Banana; Root Vegetables; Beans,"15668688 (Root Vegetables) - Conf: 0.3496, Lift: 1.8820, Factor: 1; 15668460 (Gourd & Cucumber) - Conf: 0.3446, Lift: 1.8670, Factor: 1; 15668379 (Other Vegetables) - Conf: 0.3415, Lift: 1.8499, Factor: 1; 15668467 (Beans) - Conf: 0.2769, Lift: 2.0591, Factor: 1; 15668478 (Banana) - Conf: 0.2619, Lift: 1.8369, Factor: 1; 15668465 (Root Vegetables) - Conf: 0.2573, Lift: 1.9869, Factor: 1; 15668685 (Beans) - Conf: 0.1528, Lift: 1.9633, Factor: 1"
8063597,15669789; 15669777; 15669863; 15668521; 15669824; 15669876; 7570497,Boiled Rice; Urad Dal; Moong Dal; Bread; Raw Rice; Toor Dal; Toothpaste,15668381; 15668465,Other Vegetables; Root Vegetables,"15668381 (Other Vegetables) - Conf: 0.2703, Lift: 1.3233, Factor: 1; 15668465 (Root Vegetables) - Conf: 0.1712, Lift: 1.3221, Factor: 1"
8063911,15668520; 7729965; 34986123; 15668416; 7640186; 7571385,"Bread; Sunflower Oils; Whole Spices; Banana; Honey; Glucose, Marie & Milk Biscuits",,,
8064356,7585573; 15668467; 15669860; 15668416; 15669861; 15668449; 15668542,Cakes; Beans; Moong Dal; Banana; Raw Peanuts; Exotic Vegetables; Buns & Pavs,15668460; 15668381; 15668462; 15668468; 15668378,Gourd & Cucumber; Other Vegetables; Gourd & Cucumber; Beans; Other Vegetables,"15668460 (Gourd & Cucumber) - Conf: 0.4554, Lift: 2.4674, Factor: 1; 15668381 (Other Vegetables) - Conf: 0.3171, Lift: 1.5525, Factor: 1; 15668462 (Gourd & Cucumber) - Conf: 0.2338, Lift: 1.8670, Factor: 1; 15668468 (Beans) - Conf: 0.1846, Lift: 1.4609, Factor: 1; 15668378 (Other Vegetables) - Conf: 0.1805, Lift: 1.3231, Factor: 1"
8064480,15668453; 15669856; 93025752; 7596673; 15669799; 15668375; 15669863; 15668380; 15668685; 15668381,Brinjals; Sugar; Cream Biscuits; Cream Biscuits; Raisins; Root Vegetables; Moong Dal; Other Vegetables; Beans; Other Vegetables,15669760; 15668381; 15668460; 15668688; 15668379; 15669878; 15668462; 15668478; 15668378; 15668465,Whole Spices; Other Vegetables; Gourd & Cucumber; Root Vegetables; Other Vegetables; Toor Dal; Gourd & Cucumber; Banana; Other Vegetables; Root Vegetables,"15669760 (Whole Spices) - Conf: 0.3992, Lift: 3.3414, Factor: 1; 15668381 (Other Vegetables) - Conf: 0.3695, Lift: 1.8093, Factor: 1; 15668460 (Gourd & Cucumber) - Conf: 0.3037, Lift: 1.6454, Factor: 1; 15668688 (Root Vegetables) - Conf: 0.3027, Lift: 1.6298, Factor: 1; 15668379 (Other Vegetables) - Conf: 0.2976, Lift: 1.6124, Factor: 1; 15669878 (Toor Dal) - Conf: 0.2975, Lift: 1.7348, Factor: 1; 15668462 (Gourd & Cucumber) - Conf: 0.2579, Lift: 2.0591, Factor: 1; 15668478 (Banana) - Conf: 0.2448, Lift: 1.7170, Factor: 1; 15668378 (Other Vegetables) - Conf: 0.2317, Lift: 1.6987, Factor: 1; 15668465 (Root Vegetables) - Conf: 0.2088, Lift: 1.6124, Factor: 1"
8064972,15669835; 15669777; 15669815; 15669823; 7582057; 7623116; 7580802; 15670267; 15669771; 15669760; 15669863; 15669818,Raw Rice; Urad Dal; Jaggery; Whole Spices; Health Drinks; Liquid Soaps & Bars; Sunflower Oils; Toor Dal; Maida; Whole Spices; Moong Dal; Whole Spices,15668381; 15668468; 15668465,Other Vegetables; Beans; Root Vegetables,"15668381 (Other Vegetables) - Conf: 0.2703, Lift: 1.3233, Factor: 1; 15668468 (Beans) - Conf: 0.1754, Lift: 1.3874, Factor: 1; 15668465 (Root Vegetables) - Conf: 0.1712, Lift: 1.3221, Factor: 1"
8065270,15669767; 15669872; 15669884; 15669861; 15669790; 21409002; 15669880; 15669775; 34986113,Urad Dal; Avalakki / Poha; Whole Spices; Raw Peanuts; Other Rice Products; Moong Dal; Sooji & Rava; Sooji & Rava; Whole Spices,,,
8065395,15669776; 7580823; 15668460; 15668473; 15669786; 7572432; 15669861,Other Dals; Sunflower Oils; Gourd & Cucumber; Beans; Avalakki / Poha; Cooking Paste; Raw Peanuts,15668688; 15668460; 15669777; 15669878; 15668478; 15669780; 15668467; 15668465; 15668468,Root Vegetables; Gourd & Cucumber; Urad Dal; Toor Dal; Banana; Sugar; Beans; Root Vegetables; Beans,"15668688 (Root Vegetables) - Conf: 0.3690, Lift: 1.9869, Factor: 1; 15668460 (Gourd & Cucumber) - Conf: 0.3340, Lift: 1.8093, Factor: 1; 15669777 (Urad Dal) - Conf: 0.2888, Lift: 2.5928, Factor: 1; 15669878 (Toor Dal) - Conf: 0.2736, Lift: 1.5952, Factor: 1; 15668478 (Banana) - Conf: 0.2276, Lift: 1.5960, Factor: 1; 15669780 (Sugar) - Conf: 0.2270, Lift: 1.5338, Factor: 1; 15668467 (Beans) - Conf: 0.2151, Lift: 1.5993, Factor: 1; 15668465 (Root Vegetables) - Conf: 0.2000, Lift: 1.5446, Factor: 1; 15668468 (Beans) - Conf: 0.1962, Lift: 1.5525, Factor: 1"
8065400,15668451; 7630967; 15669884; 15668377; 15668379; 7580823; 15669880,Brinjals; Regular Pasta; Whole Spices; Root Vegetables; Other Vegetables; Sunflower Oils; Sooji & Rava,15668688; 15668460; 15668379; 15668467; 15668478; 15668465; 15668685,Root Vegetables; Gourd & Cucumber; Other Vegetables; Beans; Banana; Root Vegetables; Beans,"15668688 (Root Vegetables) - Conf: 0.3496, Lift: 1.8820, Factor: 1; 15668460 (Gourd & Cucumber) - Conf: 0.3446, Lift: 1.8670, Factor: 1; 15668379 (Other Vegetables) - Conf: 0.3415, Lift: 1.8499, Factor: 1; 15668467 (Beans) - Conf: 0.2769, Lift: 2.0591, Factor: 1; 15668478 (Banana) - Conf: 0.2619, Lift: 1.8369, Factor: 1; 15668465 (Root Vegetables) - Conf: 0.2573, Lift: 1.9869, Factor: 1; 15668685 (Beans) - Conf: 0.1528, Lift: 1.9633, Factor: 1"
8065445,15668375; 15668467; 15668449; 7753743; 15668379; 15668477; 15668594; 34986328; 15669856,Root Vegetables; Beans; Exotic Vegetables; Health Drinks; Other Vegetables; Exotic Vegetables; Exotic Vegetables; Toor Dal; Sugar,15668460; 15668688; 15668379; 15668381; 15668467; 15668478; 15668465; 15668462; 15668468; 15668685,Gourd & Cucumber; Root Vegetables; Other Vegetables; Other Vegetables; Beans; Banana; Root Vegetables; Gourd & Cucumber; Beans; Beans,"15668460 (Gourd & Cucumber) - Conf: 0.4554, Lift: 2.4674, Factor: 1; 15668688 (Root Vegetables) - Conf: 0.3496, Lift: 1.8820, Factor: 1; 15668379 (Other Vegetables) - Conf: 0.3415, Lift: 1.8499, Factor: 1; 15668381 (Other Vegetables) - Conf: 0.3171, Lift: 1.5525, Factor: 1; 15668467 (Beans) - Conf: 0.2769, Lift: 2.0591, Factor: 1; 15668478 (Banana) - Conf: 0.2619, Lift: 1.8369, Factor: 1; 15668465 (Root Vegetables) - Conf: 0.2573, Lift: 1.9869, Factor: 1; 15668462 (Gourd & Cucumber) - Conf: 0.2338, Lift: 1.8670, Factor: 1; 15668468 (Beans) - Conf: 0.1846, Lift: 1.4609, Factor: 1; 15668685 (Beans) - Conf: 0.1528, Lift: 1.9633, Factor: 1"
8065502,15669772; 15669886; 15669763; 15669780; 7572299; 7653522; 15669773; 7572307; 15669876; 7572254; 34987568; 15669776; 7578351,Other Dals; Sooji & Rava; Other Dals; Sugar; Namkeen; Namkeen; Urad Dal; Namkeen; Toor Dal; Cooking Sauce; Whole Spices; Other Dals; Chinese Noodles,15668460,Gourd & Cucumber,"15668460 (Gourd & Cucumber) - Conf: 0.2443, Lift: 1.3233, Factor: 1"
8065871,15668458; 15668379; 15668685; 15668453; 15668381; 15668416,Brinjals; Other Vegetables; Beans; Brinjals; Other Vegetables; Banana,15669760; 15668381; 15668688; 15668460; 15668379; 15669878; 15668467; 15668478; 15668462; 15668465,Whole Spices; Other Vegetables; Root Vegetables; Gourd & Cucumber; Other Vegetables; Toor Dal; Beans; Banana; Gourd & Cucumber; Root Vegetables,"15669760 (Whole Spices) - Conf: 0.3992, Lift: 3.3414, Factor: 1; 15668381 (Other Vegetables) - Conf: 0.3695, Lift: 1.8093, Factor: 1; 15668688 (Root Vegetables) - Conf: 0.3496, Lift: 1.8820, Factor: 1; 15668460 (Gourd & Cucumber) - Conf: 0.3446, Lift: 1.8670, Factor: 1; 15668379 (Other Vegetables) - Conf: 0.3415, Lift: 1.8499, Factor: 1; 15669878 (Toor Dal) - Conf: 0.2975, Lift: 1.7348, Factor: 1; 15668467 (Beans) - Conf: 0.2769, Lift: 2.0591, Factor: 1; 15668478 (Banana) - Conf: 0.2619, Lift: 1.8369, Factor: 1; 15668462 (Gourd & Cucumber) - Conf: 0.2579, Lift: 2.0591, Factor: 1; 15668465 (Root Vegetables) - Conf: 0.2573, Lift: 1.9869, Factor: 1"
8066070,7572430; 93073679; 15669871; 15669885; 15669818; 21408942; 15668381; 21409129; 15669817; 34989499; 15669832; 15669791; 15669783; 15668478,Cooking Paste; Namkeen; Other Rice Products; Moong Dal; Whole Spices; Other Rice Products; Other Vegetables; Whole Grains; Whole Spices; Other Dals; Sugar; Raw Rice; Sooji & Rava; Banana,15669760; 15668381; 15668460; 15668688; 15668379; 15669878; 15668462; 15668478; 15668465; 15668378,Whole Spices; Other Vegetables; Gourd & Cucumber; Root Vegetables; Other Vegetables; Toor Dal; Gourd & Cucumber; Banana; Root Vegetables; Other Vegetables,"15669760 (Whole Spices) - Conf: 0.3992, Lift: 3.3414, Factor: 1; 15668381 (Other Vegetables) - Conf: 0.3695, Lift: 1.8093, Factor: 1; 15668460 (Gourd & Cucumber) - Conf: 0.3037, Lift: 1.6454, Factor: 1; 15668688 (Root Vegetables) - Conf: 0.3027, Lift: 1.6298, Factor: 1; 15668379 (Other Vegetables) - Conf: 0.3008, Lift: 1.6298, Factor: 1; 15669878 (Toor Dal) - Conf: 0.2975, Lift: 1.7348, Factor: 1; 15668462 (Gourd & Cucumber) - Conf: 0.2579, Lift: 2.0591, Factor: 1; 15668478 (Banana) - Conf: 0.2448, Lift: 1.7170, Factor: 1; 15668465 (Root Vegetables) - Conf: 0.2378, Lift: 1.8369, Factor: 1; 15668378 (Other Vegetables) - Conf: 0.2317, Lift: 1.6987, Factor: 1"
8067510,15669878; 15669776; 15669790; 7598777; 15669823; 15669881; 15669998; 7587699; 15669877; 15669821,Toor Dal; Other Dals; Other Rice Products; Agarbatti; Whole Spices; Sooji & Rava; Other Dals; Organic Flours; Whole Spices; Whole Spices,15668460; 15668379; 15668688,Gourd & Cucumber; Other Vegetables; Root Vegetables,"15668460 (Gourd & Cucumber) - Conf: 0.2561, Lift: 1.3874, Factor: 1; 15668379 (Other Vegetables) - Conf: 0.2492, Lift: 1.3502, Factor: 1; 15668688 (Root Vegetables) - Conf: 0.2458, Lift: 1.3231, Factor: 1"
8067980,15669832; 15669861; 15669776; 15669863; 34987565; 15669818; 15669761,Sugar; Raw Peanuts; Other Dals; Moong Dal; Powdered Spices; Whole Spices; Whole Spices,15668465,Root Vegetables,"15668465 (Root Vegetables) - Conf: 0.1712, Lift: 1.3221, Factor: 1"
8069214,15669864; 15669817; 15669763; 15668458; 15668377; 15669769,Other Dals; Whole Spices; Other Dals; Brinjals; Root Vegetables; Other Dals,15668381,Other Vegetables,"15668381 (Other Vegetables) - Conf: 0.3266, Lift: 1.5993, Factor: 1"
8069362,15668380; 15669864; 15668478; 15668688; 15669880; 15668460; 15669799; 15668381; 15669832; 15669835,Other Vegetables; Other Dals; Banana; Root Vegetables; Sooji & Rava; Gourd & Cucumber; Raisins; Other Vegetables; Sugar; Raw Rice,15669760; 15668381; 15668688; 15668460; 15668379; 15669878; 15669777; 15668378; 15668462; 15668478,Whole Spices; Other Vegetables; Root Vegetables; Gourd & Cucumber; Other Vegetables; Toor Dal; Urad Dal; Other Vegetables; Gourd & Cucumber; Banana,"15669760 (Whole Spices) - Conf: 0.3992, Lift: 3.3414, Factor: 1; 15668381 (Other Vegetables) - Conf: 0.3695, Lift: 1.8093, Factor: 1; 15668688 (Root Vegetables) - Conf: 0.3690, Lift: 1.9869, Factor: 1; 15668460 (Gourd & Cucumber) - Conf: 0.3340, Lift: 1.8093, Factor: 1; 15668379 (Other Vegetables) - Conf: 0.3008, Lift: 1.6298, Factor: 1; 15669878 (Toor Dal) - Conf: 0.2975, Lift: 1.7348, Factor: 1; 15669777 (Urad Dal) - Conf: 0.2888, Lift: 2.5928, Factor: 1; 15668378 (Other Vegetables) - Conf: 0.2837, Lift: 2.0794, Factor: 1; 15668462 (Gourd & Cucumber) - Conf: 0.2579, Lift: 2.0591, Factor: 1; 15668478 (Banana) - Conf: 0.2448, Lift: 1.7170, Factor: 1"
8069625,15669760; 15669875; 15669823; 15669838; 15669863; 15669856; 15669880; 15669814; 15669799; 7689353,Whole Spices; Toor Dal; Whole Spices; Raw Rice; Moong Dal; Sugar; Sooji & Rava; Jaggery; Raisins; Ground Coffee,15668468; 15668465,Beans; Root Vegetables,"15668468 (Beans) - Conf: 0.1754, Lift: 1.3874, Factor: 1; 15668465 (Root Vegetables) - Conf: 0.1712, Lift: 1.3221, Factor: 1"
8069966,21408952; 15669863; 15669970; 15669865; 15668684; 15668521; 15669818,Whole Spices; Moong Dal; Cashews; Other Dals; Beans; Bread; Whole Spices,15668465,Root Vegetables,"15668465 (Root Vegetables) - Conf: 0.1712, Lift: 1.3221, Factor: 1"
8070166,15669785; 15669856; 15669760; 7572252; 15669773; 15668381; 7574425; 15669865; 15668468,Boiled Rice; Sugar; Whole Spices; Cooking Paste; Urad Dal; Other Vegetables; Liquid Soaps & Bars; Other Dals; Beans,15669760; 15668381; 15668460; 15668688; 15669878; 15668462; 15668478; 15668468; 15668378; 15668467,Whole Spices; Other Vegetables; Gourd & Cucumber; Root Vegetables; Toor Dal; Gourd & Cucumber; Banana; Beans; Other Vegetables; Beans,"15669760 (Whole Spices) - Conf: 0.3992, Lift: 3.3414, Factor: 1; 15668381 (Other Vegetables) - Conf: 0.3695, Lift: 1.8093, Factor: 1; 15668460 (Gourd & Cucumber) - Conf: 0.3037, Lift: 1.6454, Factor: 1; 15668688 (Root Vegetables) - Conf: 0.3027, Lift: 1.6298, Factor: 1; 15669878 (Toor Dal) - Conf: 0.2975, Lift: 1.7348, Factor: 1; 15668462 (Gourd & Cucumber) - Conf: 0.2579, Lift: 2.0591, Factor: 1; 15668478 (Banana) - Conf: 0.2448, Lift: 1.7170, Factor: 1; 15668468 (Beans) - Conf: 0.2338, Lift: 1.8499, Factor: 1; 15668378 (Other Vegetables) - Conf: 0.2317, Lift: 1.6987, Factor: 1; 15668467 (Beans) - Conf: 0.2213, Lift: 1.6454, Factor: 1"
8070264,15668448; 15669881; 7572432; 7623116; 15668378; 15668377; 7572300; 15669866,Exotic Vegetables; Sooji & Rava; Cooking Paste; Liquid Soaps & Bars; Other Vegetables; Root Vegetables; Namkeen; Other Dals,15669869; 15669821; 15668467; 15668458,Moong Dal; Whole Spices; Beans; Brinjals,"15669869 (Moong Dal) - Conf: 0.3287, Lift: 2.5928, Factor: 1; 15669821 (Whole Spices) - Conf: 0.3065, Lift: 3.3414, Factor: 1; 15668467 (Beans) - Conf: 0.2797, Lift: 2.0794, Factor: 1; 15668458 (Brinjals) - Conf: 0.1921, Lift: 2.4674, Factor: 1"
8070481,15669880; 15669797; 34986449; 34986121; 21408942; 34986133; 15669810; 15669887; 15669799; 15669982; 7627860; 7608483,"Sooji & Rava; Raisins; Toothpaste; Other Dry Fruits; Other Rice Products; Whole Spices; Almonds; Maida; Raisins; Other Dry Fruits; Sunflower Oils; Shaving Cream, Foam & Gels",,,
8070710,21409124; 15668381; 15668460; 15669771; 15668379; 7572303; 15668685; 7569799; 15669863; 15668458; 15668462; 7573381; 15669860,Sugar Cubes; Other Vegetables; Gourd & Cucumber; Maida; Other Vegetables; Namkeen; Beans; Namkeen; Moong Dal; Brinjals; Gourd & Cucumber; Mango Juices; Moong Dal,15668381; 15669760; 15668688; 15668460; 15668379; 15669878; 15669777; 15668467; 15668478; 15668462,Other Vegetables; Whole Spices; Root Vegetables; Gourd & Cucumber; Other Vegetables; Toor Dal; Urad Dal; Beans; Banana; Gourd & Cucumber,"15668381 (Other Vegetables) - Conf: 0.4010, Lift: 1.9633, Factor: 1; 15669760 (Whole Spices) - Conf: 0.3992, Lift: 3.3414, Factor: 1; 15668688 (Root Vegetables) - Conf: 0.3690, Lift: 1.9869, Factor: 1; 15668460 (Gourd & Cucumber) - Conf: 0.3446, Lift: 1.8670, Factor: 1; 15668379 (Other Vegetables) - Conf: 0.3415, Lift: 1.8499, Factor: 1; 15669878 (Toor Dal) - Conf: 0.2975, Lift: 1.7348, Factor: 1; 15669777 (Urad Dal) - Conf: 0.2888, Lift: 2.5928, Factor: 1; 15668467 (Beans) - Conf: 0.2769, Lift: 2.0591, Factor: 1; 15668478 (Banana) - Conf: 0.2619, Lift: 1.8369, Factor: 1; 15668462 (Gourd & Cucumber) - Conf: 0.2579, Lift: 2.0591, Factor: 1"
8070847,15669810; 7570497; 7718555; 15669782; 15669792; 15669910; 15668460; 15668375; 15669856,Almonds; Toothpaste; Other Oils; Raw Rice; Other Dry Fruits; Brinjals; Gourd & Cucumber; Root Vegetables; Sugar,15668688; 15668460; 15669777; 15669878; 15668478; 15669780; 15668467; 15668465; 15668468,Root Vegetables; Gourd & Cucumber; Urad Dal; Toor Dal; Banana; Sugar; Beans; Root Vegetables; Beans,"15668688 (Root Vegetables) - Conf: 0.3690, Lift: 1.9869, Factor: 1; 15668460 (Gourd & Cucumber) - Conf: 0.3340, Lift: 1.8093, Factor: 1; 15669777 (Urad Dal) - Conf: 0.2888, Lift: 2.5928, Factor: 1; 15669878 (Toor Dal) - Conf: 0.2736, Lift: 1.5952, Factor: 1; 15668478 (Banana) - Conf: 0.2276, Lift: 1.5960, Factor: 1; 15669780 (Sugar) - Conf: 0.2270, Lift: 1.5338, Factor: 1; 15668467 (Beans) - Conf: 0.2151, Lift: 1.5993, Factor: 1; 15668465 (Root Vegetables) - Conf: 0.2000, Lift: 1.5446, Factor: 1; 15668468 (Beans) - Conf: 0.1962, Lift: 1.5525, Factor: 1"
8071092,15668594; 15668466; 15668468; 7574242; 15669789; 15669775; 15668688; 34986123; 34986125; 15668381,Exotic Vegetables; Root Vegetables; Beans; Vermicelli; Boiled Rice; Sooji & Rava; Root Vegetables; Whole Spices; Whole Spices; Other Vegetables,15669760; 15668381; 15668460; 15668688; 15669878; 15668378; 15668462; 15668478; 15668465; 15668468,Whole Spices; Other Vegetables; Gourd & Cucumber; Root Vegetables; Toor Dal; Other Vegetables; Gourd & Cucumber; Banana; Root Vegetables; Beans,"15669760 (Whole Spices) - Conf: 0.3992, Lift: 3.3414, Factor: 1; 15668381 (Other Vegetables) - Conf: 0.3695, Lift: 1.8093, Factor: 1; 15668460 (Gourd & Cucumber) - Conf: 0.3037, Lift: 1.6454, Factor: 1; 15668688 (Root Vegetables) - Conf: 0.3027, Lift: 1.6298, Factor: 1; 15669878 (Toor Dal) - Conf: 0.2975, Lift: 1.7348, Factor: 1; 15668378 (Other Vegetables) - Conf: 0.2837, Lift: 2.0794, Factor: 1; 15668462 (Gourd & Cucumber) - Conf: 0.2579, Lift: 2.0591, Factor: 1; 15668478 (Banana) - Conf: 0.2448, Lift: 1.7170, Factor: 1; 15668465 (Root Vegetables) - Conf: 0.2350, Lift: 1.8146, Factor: 1; 15668468 (Beans) - Conf: 0.2338, Lift: 1.8499, Factor: 1"
8071210,15669860; 15669819; 15669760; 15669772; 15669764; 15669864; 34990370; 15669862; 15669821; 15669822,Moong Dal; Other Dals; Whole Spices; Other Dals; Besan; Other Dals; Salty Biscuits; Other Dals; Whole Spices; Other Dals,15668460; 15668378; 15668468; 15668462,Gourd & Cucumber; Other Vegetables; Beans; Gourd & Cucumber,"15668460 (Gourd & Cucumber) - Conf: 0.2561, Lift: 1.3874, Factor: 1; 15668378 (Other Vegetables) - Conf: 0.1805, Lift: 1.3231, Factor: 1; 15668468 (Beans) - Conf: 0.1754, Lift: 1.3874, Factor: 1; 15668462 (Gourd & Cucumber) - Conf: 0.1691, Lift: 1.3502, Factor: 1"
8071554,15668379; 7753739; 15669837; 15669825; 15668466; 15668377,Other Vegetables; Health Drinks; Raw Rice; Boiled Rice; Root Vegetables; Root Vegetables,15668688; 15668460; 15668379; 15668467; 15668478; 15668465; 15668685,Root Vegetables; Gourd & Cucumber; Other Vegetables; Beans; Banana; Root Vegetables; Beans,"15668688 (Root Vegetables) - Conf: 0.3496, Lift: 1.8820, Factor: 1; 15668460 (Gourd & Cucumber) - Conf: 0.3446, Lift: 1.8670, Factor: 1; 15668379 (Other Vegetables) - Conf: 0.3415, Lift: 1.8499, Factor: 1; 15668467 (Beans) - Conf: 0.2769, Lift: 2.0591, Factor: 1; 15668478 (Banana) - Conf: 0.2619, Lift: 1.8369, Factor: 1; 15668465 (Root Vegetables) - Conf: 0.2573, Lift: 1.9869, Factor: 1; 15668685 (Beans) - Conf: 0.1528, Lift: 1.9633, Factor: 1"
8072719,29247044; 15669875; 15668379; 15669872; 15668381; 15668460; 15668377,Besan; Toor Dal; Other Vegetables; Avalakki / Poha; Other Vegetables; Gourd & Cucumber; Root Vegetables,15669760; 15668381; 15668688; 15668460; 15668379; 15669878; 15669777; 15668467; 15668478; 15668462,Whole Spices; Other Vegetables; Root Vegetables; Gourd & Cucumber; Other Vegetables; Toor Dal; Urad Dal; Beans; Banana; Gourd & Cucumber,"15669760 (Whole Spices) - Conf: 0.3992, Lift: 3.3414, Factor: 1; 15668381 (Other Vegetables) - Conf: 0.3695, Lift: 1.8093, Factor: 1; 15668688 (Root Vegetables) - Conf: 0.3690, Lift: 1.9869, Factor: 1; 15668460 (Gourd & Cucumber) - Conf: 0.3446, Lift: 1.8670, Factor: 1; 15668379 (Other Vegetables) - Conf: 0.3415, Lift: 1.8499, Factor: 1; 15669878 (Toor Dal) - Conf: 0.2975, Lift: 1.7348, Factor: 1; 15669777 (Urad Dal) - Conf: 0.2888, Lift: 2.5928, Factor: 1; 15668467 (Beans) - Conf: 0.2769, Lift: 2.0591, Factor: 1; 15668478 (Banana) - Conf: 0.2619, Lift: 1.8369, Factor: 1; 15668462 (Gourd & Cucumber) - Conf: 0.2579, Lift: 2.0591, Factor: 1"
8073815,15669778; 15669870; 15669762; 15669769; 15670267; 15669806; 15669777,Other Dals; Sooji & Rava; Urad Dal; Other Dals; Toor Dal; Cashews; Urad Dal,15668381,Other Vegetables,"15668381 (Other Vegetables) - Conf: 0.2703, Lift: 1.3233, Factor: 1"
8073939,7577678; 7735707; 7572300; 15669782; 15669859; 93176431; 7586526; 7653522; 7586502; 15669879,Cream Biscuits; Namkeen; Namkeen; Raw Rice; Toor Dal; Namkeen; Snacky Nuts; Namkeen; Chips; Other Dals,,,
8074318,15669972; 15668458; 15669864; 34987224; 7585571; 34987110; 92388181,Cashews; Brinjals; Other Dals; Ice Creams & Desserts; Cakes; Curd; Healthy Snacks,15668381,Other Vegetables,"15668381 (Other Vegetables) - Conf: 0.3266, Lift: 1.5993, Factor: 1"
8074454,15669988; 7625765; 15669769; 15668542; 15670267; 15668467; 15668381; 15669856; 15668377; 7624788; 15670270; 15669782; 15669765; 15669763,Other Dals; Sunflower Oils; Other Dals; Buns & Pavs; Toor Dal; Beans; Other Vegetables; Sugar; Root Vegetables; Ghee; Other Dals; Raw Rice; Urad Dal; Other Dals,15668460; 15669760; 15668381; 15668688; 15669878; 15668462; 15668478; 15668378; 15668465; 15668468,Gourd & Cucumber; Whole Spices; Other Vegetables; Root Vegetables; Toor Dal; Gourd & Cucumber; Banana; Other Vegetables; Root Vegetables; Beans,"15668460 (Gourd & Cucumber) - Conf: 0.4554, Lift: 2.4674, Factor: 1; 15669760 (Whole Spices) - Conf: 0.3992, Lift: 3.3414, Factor: 1; 15668381 (Other Vegetables) - Conf: 0.3695, Lift: 1.8093, Factor: 1; 15668688 (Root Vegetables) - Conf: 0.3027, Lift: 1.6298, Factor: 1; 15669878 (Toor Dal) - Conf: 0.2975, Lift: 1.7348, Factor: 1; 15668462 (Gourd & Cucumber) - Conf: 0.2579, Lift: 2.0591, Factor: 1; 15668478 (Banana) - Conf: 0.2448, Lift: 1.7170, Factor: 1; 15668378 (Other Vegetables) - Conf: 0.2317, Lift: 1.6987, Factor: 1; 15668465 (Root Vegetables) - Conf: 0.2088, Lift: 1.6124, Factor: 1; 15668468 (Beans) - Conf: 0.1846, Lift: 1.4609, Factor: 1"
8074475,15669799; 15669869; 7640186; 15669887; 15669821; 15669760; 15669832; 15669777,Raisins; Moong Dal; Honey; Maida; Whole Spices; Whole Spices; Sugar; Urad Dal,15668381; 15668460; 15668478; 15668467; 15668468,Other Vegetables; Gourd & Cucumber; Banana; Beans; Beans,"15668381 (Other Vegetables) - Conf: 0.2703, Lift: 1.3233, Factor: 1; 15668460 (Gourd & Cucumber) - Conf: 0.2561, Lift: 1.3874, Factor: 1; 15668478 (Banana) - Conf: 0.1887, Lift: 1.3233, Factor: 1; 15668467 (Beans) - Conf: 0.1775, Lift: 1.3195, Factor: 1; 15668468 (Beans) - Conf: 0.1754, Lift: 1.3874, Factor: 1"
8074536,15670270; 15669884; 15669863; 15668381; 15669864; 34986134; 15668685; 15669772,Other Dals; Whole Spices; Moong Dal; Other Vegetables; Other Dals; Whole Spices; Beans; Other Dals,15669760; 15668381; 15668460; 15668688; 15668379; 15669878; 15668462; 15668478; 15668378; 15668465,Whole Spices; Other Vegetables; Gourd & Cucumber; Root Vegetables; Other Vegetables; Toor Dal; Gourd & Cucumber; Banana; Other Vegetables; Root Vegetables,"15669760 (Whole Spices) - Conf: 0.3992, Lift: 3.3414, Factor: 1; 15668381 (Other Vegetables) - Conf: 0.3695, Lift: 1.8093, Factor: 1; 15668460 (Gourd & Cucumber) - Conf: 0.3037, Lift: 1.6454, Factor: 1; 15668688 (Root Vegetables) - Conf: 0.3027, Lift: 1.6298, Factor: 1; 15668379 (Other Vegetables) - Conf: 0.2976, Lift: 1.6124, Factor: 1; 15669878 (Toor Dal) - Conf: 0.2975, Lift: 1.7348, Factor: 1; 15668462 (Gourd & Cucumber) - Conf: 0.2579, Lift: 2.0591, Factor: 1; 15668478 (Banana) - Conf: 0.2448, Lift: 1.7170, Factor: 1; 15668378 (Other Vegetables) - Conf: 0.2317, Lift: 1.6987, Factor: 1; 15668465 (Root Vegetables) - Conf: 0.2088, Lift: 1.6124, Factor: 1"
8074820,15668462; 7594821; 92436884; 6884195; 15668468; 15668465; 7571385; 7625556; 7637309; 15668381,"Gourd & Cucumber; Instant Noodles; Glucose, Marie & Milk Biscuits; Instant Noodles; Beans; Root Vegetables; Glucose, Marie & Milk Biscuits; Ground Coffee; Mosquito Repellent; Other Vegetables",15668381; 15669760; 15668688; 15668460; 15669878; 15668379; 15668462; 15668467; 15668478; 15668468,Other Vegetables; Whole Spices; Root Vegetables; Gourd & Cucumber; Toor Dal; Other Vegetables; Gourd & Cucumber; Beans; Banana; Beans,"15668381 (Other Vegetables) - Conf: 0.4010, Lift: 1.9633, Factor: 1; 15669760 (Whole Spices) - Conf: 0.3992, Lift: 3.3414, Factor: 1; 15668688 (Root Vegetables) - Conf: 0.3189, Lift: 1.7170, Factor: 1; 15668460 (Gourd & Cucumber) - Conf: 0.3037, Lift: 1.6454, Factor: 1; 15669878 (Toor Dal) - Conf: 0.2975, Lift: 1.7348, Factor: 1; 15668379 (Other Vegetables) - Conf: 0.2946, Lift: 1.5960, Factor: 1; 15668462 (Gourd & Cucumber) - Conf: 0.2579, Lift: 2.0591, Factor: 1; 15668467 (Beans) - Conf: 0.2531, Lift: 1.8820, Factor: 1; 15668478 (Banana) - Conf: 0.2448, Lift: 1.7170, Factor: 1; 15668468 (Beans) - Conf: 0.2338, Lift: 1.8499, Factor: 1"
8075344,7569802; 15668379; 7569805; 7569801; 15668467; 7593949; 15668375,Namkeen; Other Vegetables; Namkeen; Namkeen; Beans; Cream Biscuits; Root Vegetables,15668460; 15668688; 15668379; 15668381; 15668467; 15668478; 15668465; 15668462; 15668468; 15668685,Gourd & Cucumber; Root Vegetables; Other Vegetables; Other Vegetables; Beans; Banana; Root Vegetables; Gourd & Cucumber; Beans; Beans,"15668460 (Gourd & Cucumber) - Conf: 0.4554, Lift: 2.4674, Factor: 1; 15668688 (Root Vegetables) - Conf: 0.3496, Lift: 1.8820, Factor: 1; 15668379 (Other Vegetables) - Conf: 0.3415, Lift: 1.8499, Factor: 1; 15668381 (Other Vegetables) - Conf: 0.3171, Lift: 1.5525, Factor: 1; 15668467 (Beans) - Conf: 0.2769, Lift: 2.0591, Factor: 1; 15668478 (Banana) - Conf: 0.2619, Lift: 1.8369, Factor: 1; 15668465 (Root Vegetables) - Conf: 0.2573, Lift: 1.9869, Factor: 1; 15668462 (Gourd & Cucumber) - Conf: 0.2338, Lift: 1.8670, Factor: 1; 15668468 (Beans) - Conf: 0.1846, Lift: 1.4609, Factor: 1; 15668685 (Beans) - Conf: 0.1528, Lift: 1.9633, Factor: 1"
8075370,15669765; 34986123; 15668520; 7624788; 7593949; 15669864; 15669885,Urad Dal; Whole Spices; Bread; Ghee; Cream Biscuits; Other Dals; Moong Dal,,,
8075456,21408942; 34987566; 34986119; 34986122; 15669988; 15669762; 7578347; 34986125; 34986130; 34987568,Other Rice Products; Whole Spices; Whole Spices; Whole Spices; Other Dals; Urad Dal; Chilli & Soya Sauces; Whole Spices; Whole Spices; Whole Spices,,,
8075477,15669996; 7587649; 15669760; 15670270; 15669993; 15669998; 7587494,Other Dals; Organic Rice & Rice Products; Whole Spices; Other Dals; Other Dals; Other Dals; Organic Masalas & Spices,15668468,Beans,"15668468 (Beans) - Conf: 0.1754, Lift: 1.3874, Factor: 1"
8075506,15670270; 15669764; 15669829; 15669876; 92388173; 34986042; 93073679; 7579697,Other Dals; Besan; Raw Rice; Toor Dal; Namkeen; Mustard Oils; Namkeen; Cream Biscuits,15668462,Gourd & Cucumber,"15668462 (Gourd & Cucumber) - Conf: 0.1691, Lift: 1.3502, Factor: 1"
8075791,15669887; 7642814; 15669864; 92387970; 7735760; 15669769,Maida; Basmati Rice; Other Dals; Namkeen; Namkeen; Other Dals,,,
8076187,15668378; 15668460; 15668462; 15668467; 15668458; 15669835; 15668381,Other Vegetables; Gourd & Cucumber; Gourd & Cucumber; Beans; Brinjals; Raw Rice; Other Vegetables,15668460; 15668381; 15669760; 15668688; 15669869; 15669821; 15669878; 15668379; 15669777; 15668467,Gourd & Cucumber; Other Vegetables; Whole Spices; Root Vegetables; Moong Dal; Whole Spices; Toor Dal; Other Vegetables; Urad Dal; Beans,"15668460 (Gourd & Cucumber) - Conf: 0.4554, Lift: 2.4674, Factor: 1; 15668381 (Other Vegetables) - Conf: 0.4010, Lift: 1.9633, Factor: 1; 15669760 (Whole Spices) - Conf: 0.3992, Lift: 3.3414, Factor: 1; 15668688 (Root Vegetables) - Conf: 0.3690, Lift: 1.9869, Factor: 1; 15669869 (Moong Dal) - Conf: 0.3287, Lift: 2.5928, Factor: 1; 15669821 (Whole Spices) - Conf: 0.3065, Lift: 3.3414, Factor: 1; 15669878 (Toor Dal) - Conf: 0.2975, Lift: 1.7348, Factor: 1; 15668379 (Other Vegetables) - Conf: 0.2946, Lift: 1.5960, Factor: 1; 15669777 (Urad Dal) - Conf: 0.2888, Lift: 2.5928, Factor: 1; 15668467 (Beans) - Conf: 0.2797, Lift: 2.0794, Factor: 1"
8076206,15669977; 34989594; 34990046; 15668467; 15668458; 15669832; 15668378; 15669764; 15669880; 34986135; 15669969; 7608483; 15669760,"Almonds; Raisins; Phenyles & Acids; Beans; Brinjals; Sugar; Other Vegetables; Besan; Sooji & Rava; Whole Spices; Cashews; Shaving Cream, Foam & Gels; Whole Spices",15668460; 15669869; 15668381; 15669821; 15668467; 15668462; 15668458; 15668468,Gourd & Cucumber; Moong Dal; Other Vegetables; Whole Spices; Beans; Gourd & Cucumber; Brinjals; Beans,"15668460 (Gourd & Cucumber) - Conf: 0.4554, Lift: 2.4674, Factor: 1; 15669869 (Moong Dal) - Conf: 0.3287, Lift: 2.5928, Factor: 1; 15668381 (Other Vegetables) - Conf: 0.3266, Lift: 1.5993, Factor: 1; 15669821 (Whole Spices) - Conf: 0.3065, Lift: 3.3414, Factor: 1; 15668467 (Beans) - Conf: 0.2797, Lift: 2.0794, Factor: 1; 15668462 (Gourd & Cucumber) - Conf: 0.2338, Lift: 1.8670, Factor: 1; 15668458 (Brinjals) - Conf: 0.1921, Lift: 2.4674, Factor: 1; 15668468 (Beans) - Conf: 0.1846, Lift: 1.4609, Factor: 1"
8077366,15669878; 15669875; 34986126; 15669884; 15668378; 7753782; 15668377,Toor Dal; Toor Dal; Whole Spices; Whole Spices; Other Vegetables; Unknown; Root Vegetables,15669869; 15669821; 15668467; 15668379; 15668688; 15668460; 15668458,Moong Dal; Whole Spices; Beans; Other Vegetables; Root Vegetables; Gourd & Cucumber; Brinjals,"15669869 (Moong Dal) - Conf: 0.3287, Lift: 2.5928, Factor: 1; 15669821 (Whole Spices) - Conf: 0.3065, Lift: 3.3414, Factor: 1; 15668467 (Beans) - Conf: 0.2797, Lift: 2.0794, Factor: 1; 15668379 (Other Vegetables) - Conf: 0.2492, Lift: 1.3502, Factor: 1; 15668688 (Root Vegetables) - Conf: 0.2458, Lift: 1.3231, Factor: 1; 15668460 (Gourd & Cucumber) - Conf: 0.2440, Lift: 1.3221, Factor: 1; 15668458 (Brinjals) - Conf: 0.1921, Lift: 2.4674, Factor: 1"
8077922,15669817; 34986125; 15669988; 15669884; 34987110; 7587656; 15670267; 15668520,Whole Spices; Whole Spices; Other Dals; Whole Spices; Curd; Organic Rice & Rice Products; Toor Dal; Bread,,,
8078249,15669996; 7580823; 15669861; 7637309; 21408947; 7594817; 15669856; 15669863; 21408952; 15669760; 15669883; 15669884; 15669823; 34990370,Other Dals; Sunflower Oils; Raw Peanuts; Mosquito Repellent; Other Rice Products; Instant Noodles; Sugar; Moong Dal; Whole Spices; Whole Spices; Rice Flour; Whole Spices; Whole Spices; Salty Biscuits,15668468; 15668465,Beans; Root Vegetables,"15668468 (Beans) - Conf: 0.1754, Lift: 1.3874, Factor: 1; 15668465 (Root Vegetables) - Conf: 0.1712, Lift: 1.3221, Factor: 1"
8078727,15669860; 15669961; 15669775; 15669970; 15669824; 7572251; 15669976; 15669965; 34990774; 15669958,Moong Dal; Other Dry Fruits; Sooji & Rava; Cashews; Raw Rice; Cooking Paste; Almonds; Raisins; Eggs; Other Dry Fruits,15668378,Other Vegetables,"15668378 (Other Vegetables) - Conf: 0.1805, Lift: 1.3231, Factor: 1"
8079264,15669863; 15669887; 93174226; 7630963; 15669829; 15669804; 7632452; 7624786,Moong Dal; Maida; Body Wash; Tomato Ketchup; Raw Rice; Cashews; Liquid Detergent; Ghee,15668465,Root Vegetables,"15668465 (Root Vegetables) - Conf: 0.1712, Lift: 1.3221, Factor: 1"
8079315,7718555; 15669856; 7598777; 7593949; 7735760; 15669964; 15668466,Other Oils; Sugar; Agarbatti; Cream Biscuits; Namkeen; Raisins; Root Vegetables,,,
8079383,93141022; 15669887; 15668379; 15668416; 7586553; 15668460,Yogurt & Lassi; Maida; Other Vegetables; Banana; Snacky Nuts; Gourd & Cucumber,15668688; 15668460; 15668379; 15669777; 15668467; 15669878; 15668478; 15668465; 15669780; 15668468,Root Vegetables; Gourd & Cucumber; Other Vegetables; Urad Dal; Beans; Toor Dal; Banana; Root Vegetables; Sugar; Beans,"15668688 (Root Vegetables) - Conf: 0.3690, Lift: 1.9869, Factor: 1; 15668460 (Gourd & Cucumber) - Conf: 0.3446, Lift: 1.8670, Factor: 1; 15668379 (Other Vegetables) - Conf: 0.3415, Lift: 1.8499, Factor: 1; 15669777 (Urad Dal) - Conf: 0.2888, Lift: 2.5928, Factor: 1; 15668467 (Beans) - Conf: 0.2769, Lift: 2.0591, Factor: 1; 15669878 (Toor Dal) - Conf: 0.2736, Lift: 1.5952, Factor: 1; 15668478 (Banana) - Conf: 0.2619, Lift: 1.8369, Factor: 1; 15668465 (Root Vegetables) - Conf: 0.2573, Lift: 1.9869, Factor: 1; 15669780 (Sugar) - Conf: 0.2270, Lift: 1.5338, Factor: 1; 15668468 (Beans) - Conf: 0.1962, Lift: 1.5525, Factor: 1"
8080057,15668381; 15668378; 15669878; 15669861; 15669822; 15669769; 15668375,Other Vegetables; Other Vegetables; Toor Dal; Raw Peanuts; Other Dals; Other Dals; Root Vegetables,15669760; 15668381; 15669869; 15669821; 15668460; 15668688; 15669878; 15668467; 15668462; 15668379,Whole Spices; Other Vegetables; Moong Dal; Whole Spices; Gourd & Cucumber; Root Vegetables; Toor Dal; Beans; Gourd & Cucumber; Other Vegetables,"15669760 (Whole Spices) - Conf: 0.3992, Lift: 3.3414, Factor: 1; 15668381 (Other Vegetables) - Conf: 0.3695, Lift: 1.8093, Factor: 1; 15669869 (Moong Dal) - Conf: 0.3287, Lift: 2.5928, Factor: 1; 15669821 (Whole Spices) - Conf: 0.3065, Lift: 3.3414, Factor: 1; 15668460 (Gourd & Cucumber) - Conf: 0.3037, Lift: 1.6454, Factor: 1; 15668688 (Root Vegetables) - Conf: 0.3027, Lift: 1.6298, Factor: 1; 15669878 (Toor Dal) - Conf: 0.2975, Lift: 1.7348, Factor: 1; 15668467 (Beans) - Conf: 0.2797, Lift: 2.0794, Factor: 1; 15668462 (Gourd & Cucumber) - Conf: 0.2579, Lift: 2.0591, Factor: 1; 15668379 (Other Vegetables) - Conf: 0.2492, Lift: 1.3502, Factor: 1"
8080218,15668460; 15669872; 15669764; 15669874; 15668381; 15668683,Gourd & Cucumber; Avalakki / Poha; Besan; Avalakki / Poha; Other Vegetables; Beans,15669760; 15668381; 15668688; 15668460; 15669878; 15669777; 15668462; 15668478; 15668378; 15669780,Whole Spices; Other Vegetables; Root Vegetables; Gourd & Cucumber; Toor Dal; Urad Dal; Gourd & Cucumber; Banana; Other Vegetables; Sugar,"15669760 (Whole Spices) - Conf: 0.3992, Lift: 3.3414, Factor: 1; 15668381 (Other Vegetables) - Conf: 0.3695, Lift: 1.8093, Factor: 1; 15668688 (Root Vegetables) - Conf: 0.3690, Lift: 1.9869, Factor: 1; 15668460 (Gourd & Cucumber) - Conf: 0.3340, Lift: 1.8093, Factor: 1; 15669878 (Toor Dal) - Conf: 0.2975, Lift: 1.7348, Factor: 1; 15669777 (Urad Dal) - Conf: 0.2888, Lift: 2.5928, Factor: 1; 15668462 (Gourd & Cucumber) - Conf: 0.2579, Lift: 2.0591, Factor: 1; 15668478 (Banana) - Conf: 0.2448, Lift: 1.7170, Factor: 1; 15668378 (Other Vegetables) - Conf: 0.2317, Lift: 1.6987, Factor: 1; 15669780 (Sugar) - Conf: 0.2270, Lift: 1.5338, Factor: 1"
8080311,7572432; 15669874; 15669783; 15669760; 15669856; 7585573; 15669795; 7572430; 15669773; 15669957; 15669799; 15669869,Cooking Paste; Avalakki / Poha; Sooji & Rava; Whole Spices; Sugar; Cakes; Other Dry Fruits; Cooking Paste; Urad Dal; Other Dry Fruits; Raisins; Moong Dal,15668478; 15668467; 15668468,Banana; Beans; Beans,"15668478 (Banana) - Conf: 0.1887, Lift: 1.3233, Factor: 1; 15668467 (Beans) - Conf: 0.1775, Lift: 1.3195, Factor: 1; 15668468 (Beans) - Conf: 0.1754, Lift: 1.3874, Factor: 1"
8080319,15670157; 15669880; 15669767; 15669857; 15668416; 15669776; 15668687; 15669884; 15668467; 7729965; 15669870; 15670270; 15669760; 15669872; 15670267,Organic F&V; Sooji & Rava; Urad Dal; Raw Peanuts; Banana; Other Dals; Root Vegetables; Whole Spices; Beans; Sunflower Oils; Sooji & Rava; Other Dals; Whole Spices; Avalakki / Poha; Toor Dal,15668460; 15668381; 15668462; 15668468,Gourd & Cucumber; Other Vegetables; Gourd & Cucumber; Beans,"15668460 (Gourd & Cucumber) - Conf: 0.4554, Lift: 2.4674, Factor: 1; 15668381 (Other Vegetables) - Conf: 0.3171, Lift: 1.5525, Factor: 1; 15668462 (Gourd & Cucumber) - Conf: 0.2338, Lift: 1.8670, Factor: 1; 15668468 (Beans) - Conf: 0.1846, Lift: 1.4609, Factor: 1"
8080596,15669878; 34986119; 15669760; 15669786; 7561688; 15668379; 15668381; 92387970; 7570594; 15669778,Toor Dal; Whole Spices; Whole Spices; Avalakki / Poha; Namkeen; Other Vegetables; Other Vegetables; Namkeen; Shoe Polish; Other Dals,15669760; 15668381; 15668688; 15668460; 15668379; 15669878; 15668467; 15668478; 15668462; 15668465,Whole Spices; Other Vegetables; Root Vegetables; Gourd & Cucumber; Other Vegetables; Toor Dal; Beans; Banana; Gourd & Cucumber; Root Vegetables,"15669760 (Whole Spices) - Conf: 0.3992, Lift: 3.3414, Factor: 1; 15668381 (Other Vegetables) - Conf: 0.3695, Lift: 1.8093, Factor: 1; 15668688 (Root Vegetables) - Conf: 0.3496, Lift: 1.8820, Factor: 1; 15668460 (Gourd & Cucumber) - Conf: 0.3446, Lift: 1.8670, Factor: 1; 15668379 (Other Vegetables) - Conf: 0.3415, Lift: 1.8499, Factor: 1; 15669878 (Toor Dal) - Conf: 0.2975, Lift: 1.7348, Factor: 1; 15668467 (Beans) - Conf: 0.2769, Lift: 2.0591, Factor: 1; 15668478 (Banana) - Conf: 0.2619, Lift: 1.8369, Factor: 1; 15668462 (Gourd & Cucumber) - Conf: 0.2579, Lift: 2.0591, Factor: 1; 15668465 (Root Vegetables) - Conf: 0.2573, Lift: 1.9869, Factor: 1"
8081235,15669767; 15669782; 15669861; 7580802; 15669776; 7623116; 7586314,Urad Dal; Raw Rice; Raw Peanuts; Sunflower Oils; Other Dals; Liquid Soaps & Bars; Snacky Nuts,,,
8081317,15669970; 15669886; 7572302; 15669761; 7571385; 15669772; 7625765; 15669996; 15669775; 15669965; 15669857; 15669817; 15669778; 15669867; 15669883; 15669776; 15669863; 7753742,"Cashews; Sooji & Rava; Namkeen; Whole Spices; Glucose, Marie & Milk Biscuits; Other Dals; Sunflower Oils; Other Dals; Sooji & Rava; Raisins; Raw Peanuts; Whole Spices; Other Dals; Other Dals; Rice Flour; Other Dals; Moong Dal; Health Drinks",15668465,Root Vegetables,"15668465 (Root Vegetables) - Conf: 0.1712, Lift: 1.3221, Factor: 1"
8081573,34986449; 7580183; 15668458; 15668451; 15668379; 7629391; 15669878; 15668375; 15668465; 15668468,"Toothpaste; Health Drinks; Brinjals; Brinjals; Other Vegetables; Glucose, Marie & Milk Biscuits; Toor Dal; Root Vegetables; Root Vegetables; Beans",15668688; 15668460; 15668379; 15668381; 15668467; 15668478; 15668465; 15669878; 15668468; 15669869,Root Vegetables; Gourd & Cucumber; Other Vegetables; Other Vegetables; Beans; Banana; Root Vegetables; Toor Dal; Beans; Moong Dal,"15668688 (Root Vegetables) - Conf: 0.3496, Lift: 1.8820, Factor: 1; 15668460 (Gourd & Cucumber) - Conf: 0.3446, Lift: 1.8670, Factor: 1; 15668379 (Other Vegetables) - Conf: 0.3415, Lift: 1.8499, Factor: 1; 15668381 (Other Vegetables) - Conf: 0.3266, Lift: 1.5993, Factor: 1; 15668467 (Beans) - Conf: 0.2769, Lift: 2.0591, Factor: 1; 15668478 (Banana) - Conf: 0.2619, Lift: 1.8369, Factor: 1; 15668465 (Root Vegetables) - Conf: 0.2573, Lift: 1.9869, Factor: 1; 15669878 (Toor Dal) - Conf: 0.2516, Lift: 1.4669, Factor: 1; 15668468 (Beans) - Conf: 0.2338, Lift: 1.8499, Factor: 1; 15669869 (Moong Dal) - Conf: 0.2022, Lift: 1.5952, Factor: 1"
8082175,7598720; 15669780; 15668379; 34987567; 15669764; 34986449; 15669789; 7570488; 92435927,Agarbatti; Sugar; Other Vegetables; Whole Spices; Besan; Toothpaste; Boiled Rice; Toilet Cleaners; Basmati Rice,15668688; 15668460; 15668379; 15668467; 15668478; 15668465; 15668462; 15668685,Root Vegetables; Gourd & Cucumber; Other Vegetables; Beans; Banana; Root Vegetables; Gourd & Cucumber; Beans,"15668688 (Root Vegetables) - Conf: 0.3496, Lift: 1.8820, Factor: 1; 15668460 (Gourd & Cucumber) - Conf: 0.3446, Lift: 1.8670, Factor: 1; 15668379 (Other Vegetables) - Conf: 0.3415, Lift: 1.8499, Factor: 1; 15668467 (Beans) - Conf: 0.2769, Lift: 2.0591, Factor: 1; 15668478 (Banana) - Conf: 0.2619, Lift: 1.8369, Factor: 1; 15668465 (Root Vegetables) - Conf: 0.2573, Lift: 1.9869, Factor: 1; 15668462 (Gourd & Cucumber) - Conf: 0.1691, Lift: 1.3502, Factor: 1; 15668685 (Beans) - Conf: 0.1528, Lift: 1.9633, Factor: 1"
8082912,15669835; 15669883; 15669861; 15669821; 7625765; 7580823; 15669760,Raw Rice; Rice Flour; Raw Peanuts; Whole Spices; Sunflower Oils; Sunflower Oils; Whole Spices,15668460; 15668468,Gourd & Cucumber; Beans,"15668460 (Gourd & Cucumber) - Conf: 0.2561, Lift: 1.3874, Factor: 1; 15668468 (Beans) - Conf: 0.1754, Lift: 1.3874, Factor: 1"
8082957,15669786; 15669771; 15669770; 7574197; 15670009; 15669822; 15669777; 15669775; 15669776; 7689353; 15669864; 15669804; 15669857; 15669799; 15669988,Avalakki / Poha; Maida; Other Flours; Vermicelli; Almonds; Other Dals; Urad Dal; Sooji & Rava; Other Dals; Ground Coffee; Other Dals; Cashews; Raw Peanuts; Raisins; Other Dals,15668381,Other Vegetables,"15668381 (Other Vegetables) - Conf: 0.2703, Lift: 1.3233, Factor: 1"
8083038,15669799; 15669860; 15670267; 15669880; 15669783; 15669856; 15669814; 29247229,Raisins; Moong Dal; Toor Dal; Sooji & Rava; Sooji & Rava; Sugar; Jaggery; Whole Spices,15668378,Other Vegetables,"15668378 (Other Vegetables) - Conf: 0.1805, Lift: 1.3231, Factor: 1"
8083081,15668478; 15669819; 15670157; 15670251; 15670253; 15669763; 15670260; 15668381; 15668471; 7572254,Banana; Other Dals; Organic F&V; Organic F&V; Organic F&V; Other Dals; Organic F&V; Other Vegetables; Beans; Cooking Sauce,15669760; 15668381; 15668460; 15668688; 15668379; 15669878; 15668462; 15668478; 15668465; 15668378,Whole Spices; Other Vegetables; Gourd & Cucumber; Root Vegetables; Other Vegetables; Toor Dal; Gourd & Cucumber; Banana; Root Vegetables; Other Vegetables,"15669760 (Whole Spices) - Conf: 0.3992, Lift: 3.3414, Factor: 1; 15668381 (Other Vegetables) - Conf: 0.3695, Lift: 1.8093, Factor: 1; 15668460 (Gourd & Cucumber) - Conf: 0.3037, Lift: 1.6454, Factor: 1; 15668688 (Root Vegetables) - Conf: 0.3027, Lift: 1.6298, Factor: 1; 15668379 (Other Vegetables) - Conf: 0.3008, Lift: 1.6298, Factor: 1; 15669878 (Toor Dal) - Conf: 0.2975, Lift: 1.7348, Factor: 1; 15668462 (Gourd & Cucumber) - Conf: 0.2579, Lift: 2.0591, Factor: 1; 15668478 (Banana) - Conf: 0.2448, Lift: 1.7170, Factor: 1; 15668465 (Root Vegetables) - Conf: 0.2378, Lift: 1.8369, Factor: 1; 15668378 (Other Vegetables) - Conf: 0.2317, Lift: 1.6987, Factor: 1"
8083255,15669818; 15668460; 15669777; 15668378; 15670267; 15668458; 21409004; 15669817; 15668466,Whole Spices; Gourd & Cucumber; Urad Dal; Other Vegetables; Toor Dal; Brinjals; Other Dals; Whole Spices; Root Vegetables,15668688; 15668460; 15669869; 15668381; 15669821; 15669777; 15668467; 15669878; 15668478; 15669780,Root Vegetables; Gourd & Cucumber; Moong Dal; Other Vegetables; Whole Spices; Urad Dal; Beans; Toor Dal; Banana; Sugar,"15668688 (Root Vegetables) - Conf: 0.3690, Lift: 1.9869, Factor: 1; 15668460 (Gourd & Cucumber) - Conf: 0.3340, Lift: 1.8093, Factor: 1; 15669869 (Moong Dal) - Conf: 0.3287, Lift: 2.5928, Factor: 1; 15668381 (Other Vegetables) - Conf: 0.3266, Lift: 1.5993, Factor: 1; 15669821 (Whole Spices) - Conf: 0.3065, Lift: 3.3414, Factor: 1; 15669777 (Urad Dal) - Conf: 0.2888, Lift: 2.5928, Factor: 1; 15668467 (Beans) - Conf: 0.2797, Lift: 2.0794, Factor: 1; 15669878 (Toor Dal) - Conf: 0.2736, Lift: 1.5952, Factor: 1; 15668478 (Banana) - Conf: 0.2276, Lift: 1.5960, Factor: 1; 15669780 (Sugar) - Conf: 0.2270, Lift: 1.5338, Factor: 1"
8083357,15669863; 21409124; 7578354; 15669856; 7578347; 34988230; 34986125; 15669864,Moong Dal; Sugar Cubes; Chilli & Soya Sauces; Sugar; Chilli & Soya Sauces; Oats; Whole Spices; Other Dals,15668465,Root Vegetables,"15668465 (Root Vegetables) - Conf: 0.1712, Lift: 1.3221, Factor: 1"
8083432,34986123; 15669866; 15669821; 15669864; 15668381; 15669823; 15668378; 15668478; 15669856; 15669884; 21408952; 15669831; 15670267; 15668451; 15669778; 15669760; 34986125,Whole Spices; Other Dals; Whole Spices; Other Dals; Other Vegetables; Whole Spices; Other Vegetables; Banana; Sugar; Whole Spices; Whole Spices; Raw Rice; Toor Dal; Brinjals; Other Dals; Whole Spices; Whole Spices,15669760; 15668381; 15669869; 15669821; 15668460; 15668688; 15668379; 15669878; 15668467; 15668462,Whole Spices; Other Vegetables; Moong Dal; Whole Spices; Gourd & Cucumber; Root Vegetables; Other Vegetables; Toor Dal; Beans; Gourd & Cucumber,"15669760 (Whole Spices) - Conf: 0.3992, Lift: 3.3414, Factor: 1; 15668381 (Other Vegetables) - Conf: 0.3695, Lift: 1.8093, Factor: 1; 15669869 (Moong Dal) - Conf: 0.3287, Lift: 2.5928, Factor: 1; 15669821 (Whole Spices) - Conf: 0.3065, Lift: 3.3414, Factor: 1; 15668460 (Gourd & Cucumber) - Conf: 0.3037, Lift: 1.6454, Factor: 1; 15668688 (Root Vegetables) - Conf: 0.3027, Lift: 1.6298, Factor: 1; 15668379 (Other Vegetables) - Conf: 0.3008, Lift: 1.6298, Factor: 1; 15669878 (Toor Dal) - Conf: 0.2975, Lift: 1.7348, Factor: 1; 15668467 (Beans) - Conf: 0.2797, Lift: 2.0794, Factor: 1; 15668462 (Gourd & Cucumber) - Conf: 0.2579, Lift: 2.0591, Factor: 1"
8083700,15669790; 15669886; 7547296; 15669857; 34986119; 15669823; 34986328; 15669775,Other Rice Products; Sooji & Rava; Liquid Soaps & Bars; Raw Peanuts; Whole Spices; Whole Spices; Toor Dal; Sooji & Rava,,,
8084238,15668381; 15668449; 7575497; 15668520; 15669792; 15669974; 15668519; 15668379; 15669970; 15670251; 15669799; 15670144,Other Vegetables; Exotic Vegetables; Aluminium Foil & Cling Wrap; Bread; Other Dry Fruits; Other Dry Fruits; Bread; Other Vegetables; Cashews; Organic F&V; Raisins; Organic F&V,15669760; 15668381; 15668688; 15668460; 15668379; 15669878; 15668467; 15668478; 15668462; 15668465,Whole Spices; Other Vegetables; Root Vegetables; Gourd & Cucumber; Other Vegetables; Toor Dal; Beans; Banana; Gourd & Cucumber; Root Vegetables,"15669760 (Whole Spices) - Conf: 0.3992, Lift: 3.3414, Factor: 1; 15668381 (Other Vegetables) - Conf: 0.3695, Lift: 1.8093, Factor: 1; 15668688 (Root Vegetables) - Conf: 0.3496, Lift: 1.8820, Factor: 1; 15668460 (Gourd & Cucumber) - Conf: 0.3446, Lift: 1.8670, Factor: 1; 15668379 (Other Vegetables) - Conf: 0.3415, Lift: 1.8499, Factor: 1; 15669878 (Toor Dal) - Conf: 0.2975, Lift: 1.7348, Factor: 1; 15668467 (Beans) - Conf: 0.2769, Lift: 2.0591, Factor: 1; 15668478 (Banana) - Conf: 0.2619, Lift: 1.8369, Factor: 1; 15668462 (Gourd & Cucumber) - Conf: 0.2579, Lift: 2.0591, Factor: 1; 15668465 (Root Vegetables) - Conf: 0.2573, Lift: 1.9869, Factor: 1"
8084306,15668449; 15669770; 93141022; 7587660; 15670251; 15670255; 15670171; 93141092; 7586147; 15668416,Exotic Vegetables; Other Flours; Yogurt & Lassi; Organic Flours; Organic F&V; Organic F&V; Organic F&V; Yogurt & Lassi; Instant Pastas; Banana,,,
8084980,93073679; 15669766; 21408947; 15668468; 15669786; 15668375,Namkeen; Other Flours; Other Rice Products; Beans; Avalakki / Poha; Root Vegetables,15668381; 15668468; 15668467; 15669764,Other Vegetables; Beans; Beans; Besan,"15668381 (Other Vegetables) - Conf: 0.3155, Lift: 1.5446, Factor: 1; 15668468 (Beans) - Conf: 0.2338, Lift: 1.8499, Factor: 1; 15668467 (Beans) - Conf: 0.2213, Lift: 1.6454, Factor: 1; 15669764 (Besan) - Conf: 0.1753, Lift: 1.4579, Factor: 1"
8084987,15669998; 15669863; 15668379; 15670270; 15669876; 15668465; 15669864; 15669782,Other Dals; Moong Dal; Other Vegetables; Other Dals; Toor Dal; Root Vegetables; Other Dals; Raw Rice,15668688; 15668460; 15668379; 15668381; 15668467; 15668478; 15668465; 15669878; 15669869; 15668685,Root Vegetables; Gourd & Cucumber; Other Vegetables; Other Vegetables; Beans; Banana; Root Vegetables; Toor Dal; Moong Dal; Beans,"15668688 (Root Vegetables) - Conf: 0.3496, Lift: 1.8820, Factor: 1; 15668460 (Gourd & Cucumber) - Conf: 0.3446, Lift: 1.8670, Factor: 1; 15668379 (Other Vegetables) - Conf: 0.3415, Lift: 1.8499, Factor: 1; 15668381 (Other Vegetables) - Conf: 0.3015, Lift: 1.4764, Factor: 1; 15668467 (Beans) - Conf: 0.2769, Lift: 2.0591, Factor: 1; 15668478 (Banana) - Conf: 0.2619, Lift: 1.8369, Factor: 1; 15668465 (Root Vegetables) - Conf: 0.2573, Lift: 1.9869, Factor: 1; 15669878 (Toor Dal) - Conf: 0.2516, Lift: 1.4669, Factor: 1; 15669869 (Moong Dal) - Conf: 0.2022, Lift: 1.5952, Factor: 1; 15668685 (Beans) - Conf: 0.1528, Lift: 1.9633, Factor: 1"
8085270,15668451; 15668381; 15669775; 15669856; 15668465; 15669874; 15668375,Brinjals; Other Vegetables; Sooji & Rava; Sugar; Root Vegetables; Avalakki / Poha; Root Vegetables,15669760; 15668381; 15668688; 15668460; 15669878; 15668379; 15668462; 15668467; 15668478; 15668378,Whole Spices; Other Vegetables; Root Vegetables; Gourd & Cucumber; Toor Dal; Other Vegetables; Gourd & Cucumber; Beans; Banana; Other Vegetables,"15669760 (Whole Spices) - Conf: 0.3992, Lift: 3.3414, Factor: 1; 15668381 (Other Vegetables) - Conf: 0.3695, Lift: 1.8093, Factor: 1; 15668688 (Root Vegetables) - Conf: 0.3189, Lift: 1.7170, Factor: 1; 15668460 (Gourd & Cucumber) - Conf: 0.3037, Lift: 1.6454, Factor: 1; 15669878 (Toor Dal) - Conf: 0.2975, Lift: 1.7348, Factor: 1; 15668379 (Other Vegetables) - Conf: 0.2698, Lift: 1.4617, Factor: 1; 15668462 (Gourd & Cucumber) - Conf: 0.2579, Lift: 2.0591, Factor: 1; 15668467 (Beans) - Conf: 0.2531, Lift: 1.8820, Factor: 1; 15668478 (Banana) - Conf: 0.2448, Lift: 1.7170, Factor: 1; 15668378 (Other Vegetables) - Conf: 0.2317, Lift: 1.6987, Factor: 1"
8085297,15669865; 15669837; 15669781; 15669789; 15669872; 15668462; 15669772; 15668377,Other Dals; Raw Rice; Rice Flour; Boiled Rice; Avalakki / Poha; Gourd & Cucumber; Other Dals; Root Vegetables,15668381; 15668379; 15668688; 15669860,Other Vegetables; Other Vegetables; Root Vegetables; Moong Dal,"15668381 (Other Vegetables) - Conf: 0.4010, Lift: 1.9633, Factor: 1; 15668379 (Other Vegetables) - Conf: 0.2946, Lift: 1.5960, Factor: 1; 15668688 (Root Vegetables) - Conf: 0.2756, Lift: 1.4836, Factor: 1; 15669860 (Moong Dal) - Conf: 0.1865, Lift: 1.7348, Factor: 1"
8085797,15668468; 15668381; 15669772; 15668688; 34989499; 15668379; 15669773,Beans; Other Vegetables; Other Dals; Root Vegetables; Other Dals; Other Vegetables; Urad Dal,15669760; 15668381; 15668688; 15668460; 15668379; 15669878; 15668378; 15668467; 15668478; 15668462,Whole Spices; Other Vegetables; Root Vegetables; Gourd & Cucumber; Other Vegetables; Toor Dal; Other Vegetables; Beans; Banana; Gourd & Cucumber,"15669760 (Whole Spices) - Conf: 0.3992, Lift: 3.3414, Factor: 1; 15668381 (Other Vegetables) - Conf: 0.3695, Lift: 1.8093, Factor: 1; 15668688 (Root Vegetables) - Conf: 0.3496, Lift: 1.8820, Factor: 1; 15668460 (Gourd & Cucumber) - Conf: 0.3446, Lift: 1.8670, Factor: 1; 15668379 (Other Vegetables) - Conf: 0.3415, Lift: 1.8499, Factor: 1; 15669878 (Toor Dal) - Conf: 0.2975, Lift: 1.7348, Factor: 1; 15668378 (Other Vegetables) - Conf: 0.2837, Lift: 2.0794, Factor: 1; 15668467 (Beans) - Conf: 0.2769, Lift: 2.0591, Factor: 1; 15668478 (Banana) - Conf: 0.2619, Lift: 1.8369, Factor: 1; 15668462 (Gourd & Cucumber) - Conf: 0.2579, Lift: 2.0591, Factor: 1"
8086954,15669763; 7630967; 15668458; 15669869; 15669832; 15669878; 34986128,Other Dals; Regular Pasta; Brinjals; Moong Dal; Sugar; Toor Dal; Whole Spices,15668381; 15668379; 15668688; 15668460; 15668478; 15668467,Other Vegetables; Other Vegetables; Root Vegetables; Gourd & Cucumber; Banana; Beans,"15668381 (Other Vegetables) - Conf: 0.3266, Lift: 1.5993, Factor: 1; 15668379 (Other Vegetables) - Conf: 0.2492, Lift: 1.3502, Factor: 1; 15668688 (Root Vegetables) - Conf: 0.2458, Lift: 1.3231, Factor: 1; 15668460 (Gourd & Cucumber) - Conf: 0.2440, Lift: 1.3221, Factor: 1; 15668478 (Banana) - Conf: 0.1887, Lift: 1.3233, Factor: 1; 15668467 (Beans) - Conf: 0.1775, Lift: 1.3195, Factor: 1"
8087273,15668379; 29247044; 15668375; 15668471; 15669866; 15669880; 15669778; 15669887,Other Vegetables; Besan; Root Vegetables; Beans; Other Dals; Sooji & Rava; Other Dals; Maida,15668688; 15668460; 15668379; 15668467; 15668478; 15668465; 15668685,Root Vegetables; Gourd & Cucumber; Other Vegetables; Beans; Banana; Root Vegetables; Beans,"15668688 (Root Vegetables) - Conf: 0.3496, Lift: 1.8820, Factor: 1; 15668460 (Gourd & Cucumber) - Conf: 0.3446, Lift: 1.8670, Factor: 1; 15668379 (Other Vegetables) - Conf: 0.3415, Lift: 1.8499, Factor: 1; 15668467 (Beans) - Conf: 0.2769, Lift: 2.0591, Factor: 1; 15668478 (Banana) - Conf: 0.2619, Lift: 1.8369, Factor: 1; 15668465 (Root Vegetables) - Conf: 0.2573, Lift: 1.9869, Factor: 1; 15668685 (Beans) - Conf: 0.1528, Lift: 1.9633, Factor: 1"
8087274,15668381; 15669860; 15669777; 15669780; 15668375; 15670267,Other Vegetables; Moong Dal; Urad Dal; Sugar; Root Vegetables; Toor Dal,15669760; 15668381; 15668460; 15668688; 15669878; 15668462; 15668478; 15668378; 15668465,Whole Spices; Other Vegetables; Gourd & Cucumber; Root Vegetables; Toor Dal; Gourd & Cucumber; Banana; Other Vegetables; Root Vegetables,"15669760 (Whole Spices) - Conf: 0.3992, Lift: 3.3414, Factor: 1; 15668381 (Other Vegetables) - Conf: 0.3695, Lift: 1.8093, Factor: 1; 15668460 (Gourd & Cucumber) - Conf: 0.3037, Lift: 1.6454, Factor: 1; 15668688 (Root Vegetables) - Conf: 0.3027, Lift: 1.6298, Factor: 1; 15669878 (Toor Dal) - Conf: 0.2975, Lift: 1.7348, Factor: 1; 15668462 (Gourd & Cucumber) - Conf: 0.2579, Lift: 2.0591, Factor: 1; 15668478 (Banana) - Conf: 0.2448, Lift: 1.7170, Factor: 1; 15668378 (Other Vegetables) - Conf: 0.2317, Lift: 1.6987, Factor: 1; 15668465 (Root Vegetables) - Conf: 0.2088, Lift: 1.6124, Factor: 1"
8087471,15669866; 15668458; 15668378; 15668375; 15668468; 15669885; 15669787,Other Dals; Brinjals; Other Vegetables; Root Vegetables; Beans; Moong Dal; Raw Rice,15669869; 15668381; 15669821; 15668467; 15668468; 15668458; 15669764,Moong Dal; Other Vegetables; Whole Spices; Beans; Beans; Brinjals; Besan,"15669869 (Moong Dal) - Conf: 0.3287, Lift: 2.5928, Factor: 1; 15668381 (Other Vegetables) - Conf: 0.3266, Lift: 1.5993, Factor: 1; 15669821 (Whole Spices) - Conf: 0.3065, Lift: 3.3414, Factor: 1; 15668467 (Beans) - Conf: 0.2797, Lift: 2.0794, Factor: 1; 15668468 (Beans) - Conf: 0.2338, Lift: 1.8499, Factor: 1; 15668458 (Brinjals) - Conf: 0.1921, Lift: 2.4674, Factor: 1; 15669764 (Besan) - Conf: 0.1753, Lift: 1.4579, Factor: 1"
8087495,7572306; 34989441; 15669856; 15669859; 34989595; 15668377; 93025752; 34989501; 15668381; 21409124; 15669797; 15668416; 15668465; 15668468,Snacky Nuts; Soya Products; Sugar; Toor Dal; Raisins; Root Vegetables; Cream Biscuits; Other Dals; Other Vegetables; Sugar Cubes; Raisins; Banana; Root Vegetables; Beans,15669760; 15668381; 15668688; 15668460; 15669878; 15668379; 15668462; 15668467; 15668478; 15668468,Whole Spices; Other Vegetables; Root Vegetables; Gourd & Cucumber; Toor Dal; Other Vegetables; Gourd & Cucumber; Beans; Banana; Beans,"15669760 (Whole Spices) - Conf: 0.3992, Lift: 3.3414, Factor: 1; 15668381 (Other Vegetables) - Conf: 0.3695, Lift: 1.8093, Factor: 1; 15668688 (Root Vegetables) - Conf: 0.3189, Lift: 1.7170, Factor: 1; 15668460 (Gourd & Cucumber) - Conf: 0.3037, Lift: 1.6454, Factor: 1; 15669878 (Toor Dal) - Conf: 0.2975, Lift: 1.7348, Factor: 1; 15668379 (Other Vegetables) - Conf: 0.2698, Lift: 1.4617, Factor: 1; 15668462 (Gourd & Cucumber) - Conf: 0.2579, Lift: 2.0591, Factor: 1; 15668467 (Beans) - Conf: 0.2531, Lift: 1.8820, Factor: 1; 15668478 (Banana) - Conf: 0.2448, Lift: 1.7170, Factor: 1; 15668468 (Beans) - Conf: 0.2338, Lift: 1.8499, Factor: 1"
8087997,15668520; 15668416; 15668473; 7573381; 15669861; 15668468; 15669870,Bread; Banana; Beans; Mango Juices; Raw Peanuts; Beans; Sooji & Rava,15668381; 15668468; 15668467; 15669764,Other Vegetables; Beans; Beans; Besan,"15668381 (Other Vegetables) - Conf: 0.3155, Lift: 1.5446, Factor: 1; 15668468 (Beans) - Conf: 0.2338, Lift: 1.8499, Factor: 1; 15668467 (Beans) - Conf: 0.2213, Lift: 1.6454, Factor: 1; 15669764 (Besan) - Conf: 0.1753, Lift: 1.4579, Factor: 1"
8088038,15669860; 34989501; 15669875; 15668375; 7574197; 7598777; 15668467; 15669769; 15669872; 7587665; 15669856; 15668451; 15670255,Moong Dal; Other Dals; Toor Dal; Root Vegetables; Vermicelli; Agarbatti; Beans; Other Dals; Avalakki / Poha; Organic Masalas & Spices; Sugar; Brinjals; Organic F&V,15668460; 15668381; 15668462; 15668468; 15668378,Gourd & Cucumber; Other Vegetables; Gourd & Cucumber; Beans; Other Vegetables,"15668460 (Gourd & Cucumber) - Conf: 0.4554, Lift: 2.4674, Factor: 1; 15668381 (Other Vegetables) - Conf: 0.3171, Lift: 1.5525, Factor: 1; 15668462 (Gourd & Cucumber) - Conf: 0.2338, Lift: 1.8670, Factor: 1; 15668468 (Beans) - Conf: 0.1846, Lift: 1.4609, Factor: 1; 15668378 (Other Vegetables) - Conf: 0.1805, Lift: 1.3231, Factor: 1"
8088678,21408942; 15668416; 7577678; 15669878; 15669773; 15669860; 34987955,Other Rice Products; Banana; Cream Biscuits; Toor Dal; Urad Dal; Moong Dal; Corn Snacks,15668379; 15668688; 15668460; 15668378,Other Vegetables; Root Vegetables; Gourd & Cucumber; Other Vegetables,"15668379 (Other Vegetables) - Conf: 0.2492, Lift: 1.3502, Factor: 1; 15668688 (Root Vegetables) - Conf: 0.2458, Lift: 1.3231, Factor: 1; 15668460 (Gourd & Cucumber) - Conf: 0.2440, Lift: 1.3221, Factor: 1; 15668378 (Other Vegetables) - Conf: 0.1805, Lift: 1.3231, Factor: 1"
8089109,15669817; 93176429; 93176430; 15669863; 21408947; 15669778; 15669814; 15669880,Whole Spices; Namkeen; Namkeen; Moong Dal; Other Rice Products; Other Dals; Jaggery; Sooji & Rava,15668465,Root Vegetables,"15668465 (Root Vegetables) - Conf: 0.1712, Lift: 1.3221, Factor: 1"
8089133,7580823; 15668473; 15669783; 15668471; 15668381; 7689353; 15669856; 15669863; 15668460; 15668451; 15668375; 15668468,Sunflower Oils; Beans; Sooji & Rava; Beans; Other Vegetables; Ground Coffee; Sugar; Moong Dal; Gourd & Cucumber; Brinjals; Root Vegetables; Beans,15669760; 15668381; 15668688; 15668460; 15669878; 15669777; 15668462; 15668478; 15668468; 15668378,Whole Spices; Other Vegetables; Root Vegetables; Gourd & Cucumber; Toor Dal; Urad Dal; Gourd & Cucumber; Banana; Beans; Other Vegetables,"15669760 (Whole Spices) - Conf: 0.3992, Lift: 3.3414, Factor: 1; 15668381 (Other Vegetables) - Conf: 0.3695, Lift: 1.8093, Factor: 1; 15668688 (Root Vegetables) - Conf: 0.3690, Lift: 1.9869, Factor: 1; 15668460 (Gourd & Cucumber) - Conf: 0.3340, Lift: 1.8093, Factor: 1; 15669878 (Toor Dal) - Conf: 0.2975, Lift: 1.7348, Factor: 1; 15669777 (Urad Dal) - Conf: 0.2888, Lift: 2.5928, Factor: 1; 15668462 (Gourd & Cucumber) - Conf: 0.2579, Lift: 2.0591, Factor: 1; 15668478 (Banana) - Conf: 0.2448, Lift: 1.7170, Factor: 1; 15668468 (Beans) - Conf: 0.2338, Lift: 1.8499, Factor: 1; 15668378 (Other Vegetables) - Conf: 0.2317, Lift: 1.6987, Factor: 1"
8089178,34986123; 34987566; 7572252; 7593949; 15669776; 15669760; 15669857; 15669856; 15669880; 15669821,Whole Spices; Whole Spices; Cooking Paste; Cream Biscuits; Other Dals; Whole Spices; Raw Peanuts; Sugar; Sooji & Rava; Whole Spices,15668460; 15668468,Gourd & Cucumber; Beans,"15668460 (Gourd & Cucumber) - Conf: 0.2561, Lift: 1.3874, Factor: 1; 15668468 (Beans) - Conf: 0.1754, Lift: 1.3874, Factor: 1"
8089212,15668377; 34990372; 34989441; 15668460; 15668380; 15668381; 15670009,Root Vegetables; Healthy & Digestive Biscuits; Soya Products; Gourd & Cucumber; Other Vegetables; Other Vegetables; Almonds,15669760; 15668381; 15668688; 15668460; 15669878; 15669777; 15668462; 15668478; 15668378; 15669780,Whole Spices; Other Vegetables; Root Vegetables; Gourd & Cucumber; Toor Dal; Urad Dal; Gourd & Cucumber; Banana; Other Vegetables; Sugar,"15669760 (Whole Spices) - Conf: 0.3992, Lift: 3.3414, Factor: 1; 15668381 (Other Vegetables) - Conf: 0.3695, Lift: 1.8093, Factor: 1; 15668688 (Root Vegetables) - Conf: 0.3690, Lift: 1.9869, Factor: 1; 15668460 (Gourd & Cucumber) - Conf: 0.3340, Lift: 1.8093, Factor: 1; 15669878 (Toor Dal) - Conf: 0.2975, Lift: 1.7348, Factor: 1; 15669777 (Urad Dal) - Conf: 0.2888, Lift: 2.5928, Factor: 1; 15668462 (Gourd & Cucumber) - Conf: 0.2579, Lift: 2.0591, Factor: 1; 15668478 (Banana) - Conf: 0.2448, Lift: 1.7170, Factor: 1; 15668378 (Other Vegetables) - Conf: 0.2317, Lift: 1.6987, Factor: 1; 15669780 (Sugar) - Conf: 0.2270, Lift: 1.5338, Factor: 1"
8089417,34987569; 15669884; 15670252; 15669872; 15669864; 15670251; 21409130; 7547271; 7586497; 15670253; 34990778; 15669863; 15668466; 34986125; 7548730; 7572313; 7572311,Powdered Spices; Whole Spices; Organic F&V; Avalakki / Poha; Other Dals; Organic F&V; Other Flours; Liquid Soaps & Bars; Namkeen; Organic F&V; Eggs; Moong Dal; Root Vegetables; Whole Spices; Organic Flours; Namkeen; Namkeen,15668465,Root Vegetables,"15668465 (Root Vegetables) - Conf: 0.1712, Lift: 1.3221, Factor: 1"
8089421,15669821; 29247044; 15669761; 15669817; 15669856; 21409004; 15669869; 15669838; 7627858; 15669824; 15669880; 15669773; 34986117; 34986135,Whole Spices; Besan; Whole Spices; Whole Spices; Sugar; Other Dals; Moong Dal; Raw Rice; Sunflower Oils; Raw Rice; Sooji & Rava; Urad Dal; Whole Spices; Whole Spices,15668460; 15668478; 15668467,Gourd & Cucumber; Banana; Beans,"15668460 (Gourd & Cucumber) - Conf: 0.2561, Lift: 1.3874, Factor: 1; 15668478 (Banana) - Conf: 0.1887, Lift: 1.3233, Factor: 1; 15668467 (Beans) - Conf: 0.1775, Lift: 1.3195, Factor: 1"
8089497,15669817; 15669778; 15669773; 15669880; 34986129; 29247044; 15669875; 34986112; 7572252; 15669810; 34987110; 15669887,Whole Spices; Other Dals; Urad Dal; Sooji & Rava; Whole Spices; Besan; Toor Dal; Whole Spices; Cooking Paste; Almonds; Curd; Maida,,,
8089518,21409002; 15669817; 15669799; 21409004; 15669804; 15669833; 15669869; 15669856; 15669772,Moong Dal; Whole Spices; Raisins; Other Dals; Cashews; Raw Rice; Moong Dal; Sugar; Other Dals,15668478; 15668467,Banana; Beans,"15668478 (Banana) - Conf: 0.1887, Lift: 1.3233, Factor: 1; 15668467 (Beans) - Conf: 0.1775, Lift: 1.3195, Factor: 1"
8090614,15669873; 15669777; 15669790; 15669878; 15668685; 15668416; 15669887,Whole Spices; Urad Dal; Other Rice Products; Toor Dal; Beans; Banana; Maida,15668379; 15668381; 15668688; 15668460,Other Vegetables; Other Vegetables; Root Vegetables; Gourd & Cucumber,"15668379 (Other Vegetables) - Conf: 0.2976, Lift: 1.6124, Factor: 1; 15668381 (Other Vegetables) - Conf: 0.2703, Lift: 1.3233, Factor: 1; 15668688 (Root Vegetables) - Conf: 0.2458, Lift: 1.3231, Factor: 1; 15668460 (Gourd & Cucumber) - Conf: 0.2440, Lift: 1.3221, Factor: 1"
8091771,15669818; 15668460; 15668467; 15669887; 15669879; 15669885; 7571385,"Whole Spices; Gourd & Cucumber; Beans; Maida; Other Dals; Moong Dal; Glucose, Marie & Milk Biscuits",15668460; 15668688; 15668381; 15669777; 15669878; 15668462; 15668478; 15669780; 15668467; 15668465,Gourd & Cucumber; Root Vegetables; Other Vegetables; Urad Dal; Toor Dal; Gourd & Cucumber; Banana; Sugar; Beans; Root Vegetables,"15668460 (Gourd & Cucumber) - Conf: 0.4554, Lift: 2.4674, Factor: 1; 15668688 (Root Vegetables) - Conf: 0.3690, Lift: 1.9869, Factor: 1; 15668381 (Other Vegetables) - Conf: 0.3171, Lift: 1.5525, Factor: 1; 15669777 (Urad Dal) - Conf: 0.2888, Lift: 2.5928, Factor: 1; 15669878 (Toor Dal) - Conf: 0.2736, Lift: 1.5952, Factor: 1; 15668462 (Gourd & Cucumber) - Conf: 0.2338, Lift: 1.8670, Factor: 1; 15668478 (Banana) - Conf: 0.2276, Lift: 1.5960, Factor: 1; 15669780 (Sugar) - Conf: 0.2270, Lift: 1.5338, Factor: 1; 15668467 (Beans) - Conf: 0.2151, Lift: 1.5993, Factor: 1; 15668465 (Root Vegetables) - Conf: 0.2000, Lift: 1.5446, Factor: 1"
8091884,15669767; 7621912; 15669860; 15669884; 15669825; 15669760,Urad Dal; Health Drinks; Moong Dal; Whole Spices; Boiled Rice; Whole Spices,15668378; 15668468,Other Vegetables; Beans,"15668378 (Other Vegetables) - Conf: 0.1805, Lift: 1.3231, Factor: 1; 15668468 (Beans) - Conf: 0.1754, Lift: 1.3874, Factor: 1"
8092443,7613346; 21408952; 15669867; 7718555; 34989441; 7621702; 15669818,"Honey; Whole Spices; Other Dals; Other Oils; Soya Products; Glucose, Marie & Milk Biscuits; Whole Spices",,,
8093760,15669792; 34986130; 15669811; 15668375; 15668465; 15669861,Other Dry Fruits; Whole Spices; Almonds; Root Vegetables; Root Vegetables; Raw Peanuts,15668688; 15668381; 15668379; 15668467; 15669878; 15669869,Root Vegetables; Other Vegetables; Other Vegetables; Beans; Toor Dal; Moong Dal,"15668688 (Root Vegetables) - Conf: 0.3189, Lift: 1.7170, Factor: 1; 15668381 (Other Vegetables) - Conf: 0.3015, Lift: 1.4764, Factor: 1; 15668379 (Other Vegetables) - Conf: 0.2698, Lift: 1.4617, Factor: 1; 15668467 (Beans) - Conf: 0.2531, Lift: 1.8820, Factor: 1; 15669878 (Toor Dal) - Conf: 0.2516, Lift: 1.4669, Factor: 1; 15669869 (Moong Dal) - Conf: 0.2022, Lift: 1.5952, Factor: 1"
8094384,15668465; 15669782; 15668381; 15669771; 15668478; 15668379; 15670269; 7572252; 15669780,Root Vegetables; Raw Rice; Other Vegetables; Maida; Banana; Other Vegetables; Other Dals; Cooking Paste; Sugar,15669760; 15668381; 15668688; 15668460; 15668379; 15669878; 15668467; 15668478; 15668462; 15668465,Whole Spices; Other Vegetables; Root Vegetables; Gourd & Cucumber; Other Vegetables; Toor Dal; Beans; Banana; Gourd & Cucumber; Root Vegetables,"15669760 (Whole Spices) - Conf: 0.3992, Lift: 3.3414, Factor: 1; 15668381 (Other Vegetables) - Conf: 0.3695, Lift: 1.8093, Factor: 1; 15668688 (Root Vegetables) - Conf: 0.3496, Lift: 1.8820, Factor: 1; 15668460 (Gourd & Cucumber) - Conf: 0.3446, Lift: 1.8670, Factor: 1; 15668379 (Other Vegetables) - Conf: 0.3415, Lift: 1.8499, Factor: 1; 15669878 (Toor Dal) - Conf: 0.2975, Lift: 1.7348, Factor: 1; 15668467 (Beans) - Conf: 0.2769, Lift: 2.0591, Factor: 1; 15668478 (Banana) - Conf: 0.2619, Lift: 1.8369, Factor: 1; 15668462 (Gourd & Cucumber) - Conf: 0.2579, Lift: 2.0591, Factor: 1; 15668465 (Root Vegetables) - Conf: 0.2573, Lift: 1.9869, Factor: 1"
8094702,15669885; 15669988; 15669772; 15669866; 7578354; 15669860; 15668465; 7578347,Moong Dal; Other Dals; Other Dals; Other Dals; Chilli & Soya Sauces; Moong Dal; Root Vegetables; Chilli & Soya Sauces,15668688; 15668381; 15668379; 15668467; 15669878; 15669869; 15668378,Root Vegetables; Other Vegetables; Other Vegetables; Beans; Toor Dal; Moong Dal; Other Vegetables,"15668688 (Root Vegetables) - Conf: 0.3189, Lift: 1.7170, Factor: 1; 15668381 (Other Vegetables) - Conf: 0.3015, Lift: 1.4764, Factor: 1; 15668379 (Other Vegetables) - Conf: 0.2698, Lift: 1.4617, Factor: 1; 15668467 (Beans) - Conf: 0.2531, Lift: 1.8820, Factor: 1; 15669878 (Toor Dal) - Conf: 0.2516, Lift: 1.4669, Factor: 1; 15669869 (Moong Dal) - Conf: 0.2022, Lift: 1.5952, Factor: 1; 15668378 (Other Vegetables) - Conf: 0.1805, Lift: 1.3231, Factor: 1"
8095702,15669860; 15669835; 15669819; 15669760; 15669821; 15669861; 15669965; 15669764; 7570497,Moong Dal; Raw Rice; Other Dals; Whole Spices; Whole Spices; Raw Peanuts; Raisins; Besan; Toothpaste,15668460; 15668378; 15668468; 15668462,Gourd & Cucumber; Other Vegetables; Beans; Gourd & Cucumber,"15668460 (Gourd & Cucumber) - Conf: 0.2561, Lift: 1.3874, Factor: 1; 15668378 (Other Vegetables) - Conf: 0.1805, Lift: 1.3231, Factor: 1; 15668468 (Beans) - Conf: 0.1754, Lift: 1.3874, Factor: 1; 15668462 (Gourd & Cucumber) - Conf: 0.1691, Lift: 1.3502, Factor: 1"
8096305,21408952; 15669814; 15669804; 15669781; 15669776; 15669825; 15669818; 15670267; 15669878; 7689353; 15669780,Whole Spices; Jaggery; Cashews; Rice Flour; Other Dals; Boiled Rice; Whole Spices; Toor Dal; Toor Dal; Ground Coffee; Sugar,15668379; 15668688; 15668460,Other Vegetables; Root Vegetables; Gourd & Cucumber,"15668379 (Other Vegetables) - Conf: 0.2492, Lift: 1.3502, Factor: 1; 15668688 (Root Vegetables) - Conf: 0.2458, Lift: 1.3231, Factor: 1; 15668460 (Gourd & Cucumber) - Conf: 0.2443, Lift: 1.3233, Factor: 1"
8096359,15668378; 15669970; 15668460; 15669910; 15669786; 15669784; 7572432,Other Vegetables; Cashews; Gourd & Cucumber; Brinjals; Avalakki / Poha; Basmati Rice; Cooking Paste,15668688; 15668460; 15669869; 15669821; 15669777; 15668467; 15669878; 15668478; 15669780; 15668465,Root Vegetables; Gourd & Cucumber; Moong Dal; Whole Spices; Urad Dal; Beans; Toor Dal; Banana; Sugar; Root Vegetables,"15668688 (Root Vegetables) - Conf: 0.3690, Lift: 1.9869, Factor: 1; 15668460 (Gourd & Cucumber) - Conf: 0.3340, Lift: 1.8093, Factor: 1; 15669869 (Moong Dal) - Conf: 0.3287, Lift: 2.5928, Factor: 1; 15669821 (Whole Spices) - Conf: 0.3065, Lift: 3.3414, Factor: 1; 15669777 (Urad Dal) - Conf: 0.2888, Lift: 2.5928, Factor: 1; 15668467 (Beans) - Conf: 0.2797, Lift: 2.0794, Factor: 1; 15669878 (Toor Dal) - Conf: 0.2736, Lift: 1.5952, Factor: 1; 15668478 (Banana) - Conf: 0.2276, Lift: 1.5960, Factor: 1; 15669780 (Sugar) - Conf: 0.2270, Lift: 1.5338, Factor: 1; 15668465 (Root Vegetables) - Conf: 0.2000, Lift: 1.5446, Factor: 1"
8096457,7574197; 15670007; 7543241; 15669887; 15670144; 15668520; 7632452; 7580034,Vermicelli; Cashews; Organic Dals & Pulses; Maida; Organic F&V; Bread; Liquid Detergent; Ice Creams & Desserts,,,
8096786,15669812; 15668377; 7625765; 15669799; 34986113; 7624788; 15669818; 15669817; 21408952; 15669804; 15668467; 34986118,Jaggery; Root Vegetables; Sunflower Oils; Raisins; Whole Spices; Ghee; Whole Spices; Whole Spices; Whole Spices; Cashews; Beans; Whole Spices,15668460; 15668381; 15668462; 15668468,Gourd & Cucumber; Other Vegetables; Gourd & Cucumber; Beans,"15668460 (Gourd & Cucumber) - Conf: 0.4554, Lift: 2.4674, Factor: 1; 15668381 (Other Vegetables) - Conf: 0.3171, Lift: 1.5525, Factor: 1; 15668462 (Gourd & Cucumber) - Conf: 0.2338, Lift: 1.8670, Factor: 1; 15668468 (Beans) - Conf: 0.1846, Lift: 1.4609, Factor: 1"
8096811,15668380; 15668462; 15668473; 15668381; 15668684; 15668455; 15668375,Other Vegetables; Gourd & Cucumber; Beans; Other Vegetables; Beans; Brinjals; Root Vegetables,15668381; 15669760; 15668460; 15668688; 15669878; 15668379; 15668462; 15668478; 15668378; 15668465,Other Vegetables; Whole Spices; Gourd & Cucumber; Root Vegetables; Toor Dal; Other Vegetables; Gourd & Cucumber; Banana; Other Vegetables; Root Vegetables,"15668381 (Other Vegetables) - Conf: 0.4010, Lift: 1.9633, Factor: 1; 15669760 (Whole Spices) - Conf: 0.3992, Lift: 3.3414, Factor: 1; 15668460 (Gourd & Cucumber) - Conf: 0.3037, Lift: 1.6454, Factor: 1; 15668688 (Root Vegetables) - Conf: 0.3027, Lift: 1.6298, Factor: 1; 15669878 (Toor Dal) - Conf: 0.2975, Lift: 1.7348, Factor: 1; 15668379 (Other Vegetables) - Conf: 0.2946, Lift: 1.5960, Factor: 1; 15668462 (Gourd & Cucumber) - Conf: 0.2579, Lift: 2.0591, Factor: 1; 15668478 (Banana) - Conf: 0.2448, Lift: 1.7170, Factor: 1; 15668378 (Other Vegetables) - Conf: 0.2317, Lift: 1.6987, Factor: 1; 15668465 (Root Vegetables) - Conf: 0.2088, Lift: 1.6124, Factor: 1"
8097385,34986400; 7608483; 15669872; 34987110; 15668467; 15668378; 15668688; 7692619,"Curd; Shaving Cream, Foam & Gels; Avalakki / Poha; Curd; Beans; Other Vegetables; Root Vegetables; Shaving Blade & Razors",15668460; 15669869; 15668381; 15669821; 15668378; 15668467; 15668688; 15669878; 15668465; 15668462,Gourd & Cucumber; Moong Dal; Other Vegetables; Whole Spices; Other Vegetables; Beans; Root Vegetables; Toor Dal; Root Vegetables; Gourd & Cucumber,"15668460 (Gourd & Cucumber) - Conf: 0.4554, Lift: 2.4674, Factor: 1; 15669869 (Moong Dal) - Conf: 0.3287, Lift: 2.5928, Factor: 1; 15668381 (Other Vegetables) - Conf: 0.3171, Lift: 1.5525, Factor: 1; 15669821 (Whole Spices) - Conf: 0.3065, Lift: 3.3414, Factor: 1; 15668378 (Other Vegetables) - Conf: 0.2837, Lift: 2.0794, Factor: 1; 15668467 (Beans) - Conf: 0.2797, Lift: 2.0794, Factor: 1; 15668688 (Root Vegetables) - Conf: 0.2713, Lift: 1.4609, Factor: 1; 15669878 (Toor Dal) - Conf: 0.2630, Lift: 1.5338, Factor: 1; 15668465 (Root Vegetables) - Conf: 0.2350, Lift: 1.8146, Factor: 1; 15668462 (Gourd & Cucumber) - Conf: 0.2338, Lift: 1.8670, Factor: 1"
8098117,15669878; 93073679; 15669760; 15669774; 21409004; 15669965; 15669887,Toor Dal; Namkeen; Whole Spices; Urad Dal; Other Dals; Raisins; Maida,15668379; 15668688; 15668460; 15668468,Other Vegetables; Root Vegetables; Gourd & Cucumber; Beans,"15668379 (Other Vegetables) - Conf: 0.2492, Lift: 1.3502, Factor: 1; 15668688 (Root Vegetables) - Conf: 0.2458, Lift: 1.3231, Factor: 1; 15668460 (Gourd & Cucumber) - Conf: 0.2440, Lift: 1.3221, Factor: 1; 15668468 (Beans) - Conf: 0.1754, Lift: 1.3874, Factor: 1"
8099163,15668460; 15669868; 21409002; 15670269; 15670267; 15669869; 34986128; 15669822,Gourd & Cucumber; Other Dals; Moong Dal; Other Dals; Toor Dal; Moong Dal; Whole Spices; Other Dals,15668688; 15668460; 15669777; 15669878; 15668478; 15669780; 15668467; 15668465; 15668468,Root Vegetables; Gourd & Cucumber; Urad Dal; Toor Dal; Banana; Sugar; Beans; Root Vegetables; Beans,"15668688 (Root Vegetables) - Conf: 0.3690, Lift: 1.9869, Factor: 1; 15668460 (Gourd & Cucumber) - Conf: 0.3340, Lift: 1.8093, Factor: 1; 15669777 (Urad Dal) - Conf: 0.2888, Lift: 2.5928, Factor: 1; 15669878 (Toor Dal) - Conf: 0.2736, Lift: 1.5952, Factor: 1; 15668478 (Banana) - Conf: 0.2276, Lift: 1.5960, Factor: 1; 15669780 (Sugar) - Conf: 0.2270, Lift: 1.5338, Factor: 1; 15668467 (Beans) - Conf: 0.2151, Lift: 1.5993, Factor: 1; 15668465 (Root Vegetables) - Conf: 0.2000, Lift: 1.5446, Factor: 1; 15668468 (Beans) - Conf: 0.1962, Lift: 1.5525, Factor: 1"
8099217,7571385; 7599091; 15668520; 15669880; 7569801; 15668381; 7624788,"Glucose, Marie & Milk Biscuits; Namkeen; Bread; Sooji & Rava; Namkeen; Other Vegetables; Ghee",15669760; 15668381; 15668460; 15668688; 15669878; 15668462; 15668478; 15668378; 15668465,Whole Spices; Other Vegetables; Gourd & Cucumber; Root Vegetables; Toor Dal; Gourd & Cucumber; Banana; Other Vegetables; Root Vegetables,"15669760 (Whole Spices) - Conf: 0.3992, Lift: 3.3414, Factor: 1; 15668381 (Other Vegetables) - Conf: 0.3695, Lift: 1.8093, Factor: 1; 15668460 (Gourd & Cucumber) - Conf: 0.3037, Lift: 1.6454, Factor: 1; 15668688 (Root Vegetables) - Conf: 0.3027, Lift: 1.6298, Factor: 1; 15669878 (Toor Dal) - Conf: 0.2975, Lift: 1.7348, Factor: 1; 15668462 (Gourd & Cucumber) - Conf: 0.2579, Lift: 2.0591, Factor: 1; 15668478 (Banana) - Conf: 0.2448, Lift: 1.7170, Factor: 1; 15668378 (Other Vegetables) - Conf: 0.2317, Lift: 1.6987, Factor: 1; 15668465 (Root Vegetables) - Conf: 0.2088, Lift: 1.6124, Factor: 1"
8099849,34986125; 15669810; 15669799; 15669803; 34986130; 7593949; 7624790,Whole Spices; Almonds; Raisins; Cashews; Whole Spices; Cream Biscuits; Ghee,,,
8100379,15668468; 7599091; 7593949; 15668477; 7561680; 7572306; 93073679; 7572300; 15669910,Beans; Namkeen; Cream Biscuits; Exotic Vegetables; Namkeen; Snacky Nuts; Namkeen; Namkeen; Brinjals,15668381; 15668468; 15668467; 15669764,Other Vegetables; Beans; Beans; Besan,"15668381 (Other Vegetables) - Conf: 0.3155, Lift: 1.5446, Factor: 1; 15668468 (Beans) - Conf: 0.2338, Lift: 1.8499, Factor: 1; 15668467 (Beans) - Conf: 0.2213, Lift: 1.6454, Factor: 1; 15669764 (Besan) - Conf: 0.1753, Lift: 1.4579, Factor: 1"
8101018,15669887; 15668480; 15670250; 34990778; 15668416; 15670157; 15670251,Maida; Bread; Organic F&V; Eggs; Banana; Organic F&V; Organic F&V,,,
8101071,15669861; 15669880; 15668687; 15669988; 15668468; 15669772; 15668519; 34990370; 15668460; 7629391,"Raw Peanuts; Sooji & Rava; Root Vegetables; Other Dals; Beans; Other Dals; Bread; Salty Biscuits; Gourd & Cucumber; Glucose, Marie & Milk Biscuits",15668688; 15668460; 15668381; 15669777; 15669878; 15668468; 15668478; 15669780; 15668467; 15668465,Root Vegetables; Gourd & Cucumber; Other Vegetables; Urad Dal; Toor Dal; Beans; Banana; Sugar; Beans; Root Vegetables,"15668688 (Root Vegetables) - Conf: 0.3690, Lift: 1.9869, Factor: 1; 15668460 (Gourd & Cucumber) - Conf: 0.3340, Lift: 1.8093, Factor: 1; 15668381 (Other Vegetables) - Conf: 0.3155, Lift: 1.5446, Factor: 1; 15669777 (Urad Dal) - Conf: 0.2888, Lift: 2.5928, Factor: 1; 15669878 (Toor Dal) - Conf: 0.2736, Lift: 1.5952, Factor: 1; 15668468 (Beans) - Conf: 0.2338, Lift: 1.8499, Factor: 1; 15668478 (Banana) - Conf: 0.2276, Lift: 1.5960, Factor: 1; 15669780 (Sugar) - Conf: 0.2270, Lift: 1.5338, Factor: 1; 15668467 (Beans) - Conf: 0.2213, Lift: 1.6454, Factor: 1; 15668465 (Root Vegetables) - Conf: 0.2000, Lift: 1.5446, Factor: 1"
8101152,15668380; 15669789; 15668377; 15669875; 15668451; 15669782; 15668478,Other Vegetables; Boiled Rice; Root Vegetables; Toor Dal; Brinjals; Raw Rice; Banana,15668379; 15668688; 15668465; 15669863,Other Vegetables; Root Vegetables; Root Vegetables; Moong Dal,"15668379 (Other Vegetables) - Conf: 0.3008, Lift: 1.6298, Factor: 1; 15668688 (Root Vegetables) - Conf: 0.2585, Lift: 1.3917, Factor: 1; 15668465 (Root Vegetables) - Conf: 0.2378, Lift: 1.8369, Factor: 1; 15669863 (Moong Dal) - Conf: 0.1820, Lift: 1.4669, Factor: 1"
8101260,15668381; 7570497; 15668455; 7580802; 15668377; 15668684,Other Vegetables; Toothpaste; Brinjals; Sunflower Oils; Root Vegetables; Beans,15669760; 15668381; 15668460; 15668688; 15669878; 15668462; 15668478; 15668378; 15668465,Whole Spices; Other Vegetables; Gourd & Cucumber; Root Vegetables; Toor Dal; Gourd & Cucumber; Banana; Other Vegetables; Root Vegetables,"15669760 (Whole Spices) - Conf: 0.3992, Lift: 3.3414, Factor: 1; 15668381 (Other Vegetables) - Conf: 0.3695, Lift: 1.8093, Factor: 1; 15668460 (Gourd & Cucumber) - Conf: 0.3037, Lift: 1.6454, Factor: 1; 15668688 (Root Vegetables) - Conf: 0.3027, Lift: 1.6298, Factor: 1; 15669878 (Toor Dal) - Conf: 0.2975, Lift: 1.7348, Factor: 1; 15668462 (Gourd & Cucumber) - Conf: 0.2579, Lift: 2.0591, Factor: 1; 15668478 (Banana) - Conf: 0.2448, Lift: 1.7170, Factor: 1; 15668378 (Other Vegetables) - Conf: 0.2317, Lift: 1.6987, Factor: 1; 15668465 (Root Vegetables) - Conf: 0.2088, Lift: 1.6124, Factor: 1"
8101807,15669782; 15669765; 21409002; 15669762; 15669821; 15669878; 15669861; 15669763; 15669772; 15669872,Raw Rice; Urad Dal; Moong Dal; Urad Dal; Whole Spices; Toor Dal; Raw Peanuts; Other Dals; Other Dals; Avalakki / Poha,15668460; 15668379; 15668688,Gourd & Cucumber; Other Vegetables; Root Vegetables,"15668460 (Gourd & Cucumber) - Conf: 0.2561, Lift: 1.3874, Factor: 1; 15668379 (Other Vegetables) - Conf: 0.2492, Lift: 1.3502, Factor: 1; 15668688 (Root Vegetables) - Conf: 0.2458, Lift: 1.3231, Factor: 1"
8101813,15668381; 15668462; 15668451; 15668458; 15668460; 7653522,Other Vegetables; Gourd & Cucumber; Brinjals; Brinjals; Gourd & Cucumber; Namkeen,15668381; 15669760; 15668688; 15668460; 15669878; 15668379; 15669777; 15668462; 15668478; 15668378,Other Vegetables; Whole Spices; Root Vegetables; Gourd & Cucumber; Toor Dal; Other Vegetables; Urad Dal; Gourd & Cucumber; Banana; Other Vegetables,"15668381 (Other Vegetables) - Conf: 0.4010, Lift: 1.9633, Factor: 1; 15669760 (Whole Spices) - Conf: 0.3992, Lift: 3.3414, Factor: 1; 15668688 (Root Vegetables) - Conf: 0.3690, Lift: 1.9869, Factor: 1; 15668460 (Gourd & Cucumber) - Conf: 0.3340, Lift: 1.8093, Factor: 1; 15669878 (Toor Dal) - Conf: 0.2975, Lift: 1.7348, Factor: 1; 15668379 (Other Vegetables) - Conf: 0.2946, Lift: 1.5960, Factor: 1; 15669777 (Urad Dal) - Conf: 0.2888, Lift: 2.5928, Factor: 1; 15668462 (Gourd & Cucumber) - Conf: 0.2579, Lift: 2.0591, Factor: 1; 15668478 (Banana) - Conf: 0.2448, Lift: 1.7170, Factor: 1; 15668378 (Other Vegetables) - Conf: 0.2317, Lift: 1.6987, Factor: 1"
8102328,15668381; 15668465; 34992815; 15668458; 15668379; 15669864; 15668462,Other Vegetables; Root Vegetables; Cookies; Brinjals; Other Vegetables; Other Dals; Gourd & Cucumber,15668381; 15669760; 15668688; 15668460; 15668379; 15669878; 15668467; 15668478; 15668462; 15668465,Other Vegetables; Whole Spices; Root Vegetables; Gourd & Cucumber; Other Vegetables; Toor Dal; Beans; Banana; Gourd & Cucumber; Root Vegetables,"15668381 (Other Vegetables) - Conf: 0.4010, Lift: 1.9633, Factor: 1; 15669760 (Whole Spices) - Conf: 0.3992, Lift: 3.3414, Factor: 1; 15668688 (Root Vegetables) - Conf: 0.3496, Lift: 1.8820, Factor: 1; 15668460 (Gourd & Cucumber) - Conf: 0.3446, Lift: 1.8670, Factor: 1; 15668379 (Other Vegetables) - Conf: 0.3415, Lift: 1.8499, Factor: 1; 15669878 (Toor Dal) - Conf: 0.2975, Lift: 1.7348, Factor: 1; 15668467 (Beans) - Conf: 0.2769, Lift: 2.0591, Factor: 1; 15668478 (Banana) - Conf: 0.2619, Lift: 1.8369, Factor: 1; 15668462 (Gourd & Cucumber) - Conf: 0.2579, Lift: 2.0591, Factor: 1; 15668465 (Root Vegetables) - Conf: 0.2573, Lift: 1.9869, Factor: 1"
8102389,15668377; 34986113; 15669857; 15669884; 15670251; 15668416,Root Vegetables; Whole Spices; Raw Peanuts; Whole Spices; Organic F&V; Banana,,,
8102497,15669866; 15668462; 15669778; 7569805; 7572312; 92387970,Other Dals; Gourd & Cucumber; Other Dals; Namkeen; Namkeen; Namkeen,15668381; 15668379; 15668688; 15669860,Other Vegetables; Other Vegetables; Root Vegetables; Moong Dal,"15668381 (Other Vegetables) - Conf: 0.4010, Lift: 1.9633, Factor: 1; 15668379 (Other Vegetables) - Conf: 0.2946, Lift: 1.5960, Factor: 1; 15668688 (Root Vegetables) - Conf: 0.2756, Lift: 1.4836, Factor: 1; 15669860 (Moong Dal) - Conf: 0.1865, Lift: 1.7348, Factor: 1"
8104047,15669781; 15669835; 21409002; 15669832; 15669886; 15669873; 15669771; 15668460; 15668381; 15669870; 7624792; 15669998; 15669823; 15668688; 15669857; 15669997; 15669815; 15669767; 15668473; 15669956,Rice Flour; Raw Rice; Moong Dal; Sugar; Sooji & Rava; Whole Spices; Maida; Gourd & Cucumber; Other Vegetables; Sooji & Rava; Ghee; Other Dals; Whole Spices; Root Vegetables; Raw Peanuts; Other Dals; Jaggery; Urad Dal; Beans; Other Dry Fruits,15669760; 15668381; 15668688; 15668460; 15669878; 15669777; 15668378; 15668462; 15668478; 15668465,Whole Spices; Other Vegetables; Root Vegetables; Gourd & Cucumber; Toor Dal; Urad Dal; Other Vegetables; Gourd & Cucumber; Banana; Root Vegetables,"15669760 (Whole Spices) - Conf: 0.3992, Lift: 3.3414, Factor: 1; 15668381 (Other Vegetables) - Conf: 0.3695, Lift: 1.8093, Factor: 1; 15668688 (Root Vegetables) - Conf: 0.3690, Lift: 1.9869, Factor: 1; 15668460 (Gourd & Cucumber) - Conf: 0.3340, Lift: 1.8093, Factor: 1; 15669878 (Toor Dal) - Conf: 0.2975, Lift: 1.7348, Factor: 1; 15669777 (Urad Dal) - Conf: 0.2888, Lift: 2.5928, Factor: 1; 15668378 (Other Vegetables) - Conf: 0.2837, Lift: 2.0794, Factor: 1; 15668462 (Gourd & Cucumber) - Conf: 0.2579, Lift: 2.0591, Factor: 1; 15668478 (Banana) - Conf: 0.2448, Lift: 1.7170, Factor: 1; 15668465 (Root Vegetables) - Conf: 0.2350, Lift: 1.8146, Factor: 1"
8104378,15668685; 15669993; 15668520; 15668462; 15668478; 15668465; 15668473,Beans; Other Dals; Bread; Gourd & Cucumber; Banana; Root Vegetables; Beans,15668381; 15668688; 15668379; 15668467; 15669878; 15668465; 15669869; 15669860; 15669863,Other Vegetables; Root Vegetables; Other Vegetables; Beans; Toor Dal; Root Vegetables; Moong Dal; Moong Dal; Moong Dal,"15668381 (Other Vegetables) - Conf: 0.4010, Lift: 1.9633, Factor: 1; 15668688 (Root Vegetables) - Conf: 0.3189, Lift: 1.7170, Factor: 1; 15668379 (Other Vegetables) - Conf: 0.3008, Lift: 1.6298, Factor: 1; 15668467 (Beans) - Conf: 0.2531, Lift: 1.8820, Factor: 1; 15669878 (Toor Dal) - Conf: 0.2516, Lift: 1.4669, Factor: 1; 15668465 (Root Vegetables) - Conf: 0.2378, Lift: 1.8369, Factor: 1; 15669869 (Moong Dal) - Conf: 0.2022, Lift: 1.5952, Factor: 1; 15669860 (Moong Dal) - Conf: 0.1865, Lift: 1.7348, Factor: 1; 15669863 (Moong Dal) - Conf: 0.1820, Lift: 1.4669, Factor: 1"
8105118,15668468; 15669881; 34987568; 15669772; 7578347; 7572252; 15669872; 21408947; 15669859; 15669764; 15669826; 7585037; 34986118; 15669858,Beans; Sooji & Rava; Whole Spices; Other Dals; Chilli & Soya Sauces; Cooking Paste; Avalakki / Poha; Other Rice Products; Toor Dal; Besan; Raw Rice; Instant Noodles; Whole Spices; Boiled Rice,15668381; 15668468; 15668467; 15669764; 15668462,Other Vegetables; Beans; Beans; Besan; Gourd & Cucumber,"15668381 (Other Vegetables) - Conf: 0.3155, Lift: 1.5446, Factor: 1; 15668468 (Beans) - Conf: 0.2338, Lift: 1.8499, Factor: 1; 15668467 (Beans) - Conf: 0.2213, Lift: 1.6454, Factor: 1; 15669764 (Besan) - Conf: 0.1753, Lift: 1.4579, Factor: 1; 15668462 (Gourd & Cucumber) - Conf: 0.1691, Lift: 1.3502, Factor: 1"
8105205,15669780; 15669873; 15669821; 15669829; 15669856; 15669878; 7753732; 15669857; 15668416,Sugar; Whole Spices; Whole Spices; Raw Rice; Sugar; Toor Dal; Health Drinks; Raw Peanuts; Banana,15668460; 15668379; 15668688,Gourd & Cucumber; Other Vegetables; Root Vegetables,"15668460 (Gourd & Cucumber) - Conf: 0.2561, Lift: 1.3874, Factor: 1; 15668379 (Other Vegetables) - Conf: 0.2492, Lift: 1.3502, Factor: 1; 15668688 (Root Vegetables) - Conf: 0.2458, Lift: 1.3231, Factor: 1"
8106023,7587494; 7587670; 15668688; 15669881; 15669772; 15668468; 15670253,Organic Masalas & Spices; Organic Masalas & Spices; Root Vegetables; Sooji & Rava; Other Dals; Beans; Organic F&V,15668381; 15668378; 15668688; 15669878; 15668465; 15668468; 15668467; 15669764,Other Vegetables; Other Vegetables; Root Vegetables; Toor Dal; Root Vegetables; Beans; Beans; Besan,"15668381 (Other Vegetables) - Conf: 0.3155, Lift: 1.5446, Factor: 1; 15668378 (Other Vegetables) - Conf: 0.2837, Lift: 2.0794, Factor: 1; 15668688 (Root Vegetables) - Conf: 0.2713, Lift: 1.4609, Factor: 1; 15669878 (Toor Dal) - Conf: 0.2630, Lift: 1.5338, Factor: 1; 15668465 (Root Vegetables) - Conf: 0.2350, Lift: 1.8146, Factor: 1; 15668468 (Beans) - Conf: 0.2338, Lift: 1.8499, Factor: 1; 15668467 (Beans) - Conf: 0.2213, Lift: 1.6454, Factor: 1; 15669764 (Besan) - Conf: 0.1753, Lift: 1.4579, Factor: 1"
8106238,15670253; 15668377; 15669871; 34989441; 15669761; 7587658; 15669861; 15669970; 15668379; 15668462; 15669875; 15669862; 7624786,"Organic F&V; Root Vegetables; Other Rice Products; Soya Products; Whole Spices; Organic Salt,Sugar & Jaggery; Raw Peanuts; Cashews; Other Vegetables; Gourd & Cucumber; Toor Dal; Other Dals; Ghee",15668381; 15668688; 15668460; 15668379; 15668467; 15668478; 15668465; 15669860; 15668685,Other Vegetables; Root Vegetables; Gourd & Cucumber; Other Vegetables; Beans; Banana; Root Vegetables; Moong Dal; Beans,"15668381 (Other Vegetables) - Conf: 0.4010, Lift: 1.9633, Factor: 1; 15668688 (Root Vegetables) - Conf: 0.3496, Lift: 1.8820, Factor: 1; 15668460 (Gourd & Cucumber) - Conf: 0.3446, Lift: 1.8670, Factor: 1; 15668379 (Other Vegetables) - Conf: 0.3415, Lift: 1.8499, Factor: 1; 15668467 (Beans) - Conf: 0.2769, Lift: 2.0591, Factor: 1; 15668478 (Banana) - Conf: 0.2619, Lift: 1.8369, Factor: 1; 15668465 (Root Vegetables) - Conf: 0.2573, Lift: 1.9869, Factor: 1; 15669860 (Moong Dal) - Conf: 0.1865, Lift: 1.7348, Factor: 1; 15668685 (Beans) - Conf: 0.1528, Lift: 1.9633, Factor: 1"
8106290,15669832; 15668416; 15669769; 15669864; 15668466; 92302710; 15670009; 7572252; 15669988; 15668449; 15669878; 15669972,Sugar; Banana; Other Dals; Other Dals; Root Vegetables; Face Wash; Almonds; Cooking Paste; Other Dals; Exotic Vegetables; Toor Dal; Cashews,15668379; 15668688; 15668460,Other Vegetables; Root Vegetables; Gourd & Cucumber,"15668379 (Other Vegetables) - Conf: 0.2492, Lift: 1.3502, Factor: 1; 15668688 (Root Vegetables) - Conf: 0.2458, Lift: 1.3231, Factor: 1; 15668460 (Gourd & Cucumber) - Conf: 0.2440, Lift: 1.3221, Factor: 1"
8106451,15668381; 7585571; 7585573; 15668688; 7579698; 15668469; 15668466,Other Vegetables; Cakes; Cakes; Root Vegetables; Cream Biscuits; Beans; Root Vegetables,15669760; 15668381; 15668460; 15668688; 15669878; 15668378; 15668462; 15668478; 15668465,Whole Spices; Other Vegetables; Gourd & Cucumber; Root Vegetables; Toor Dal; Other Vegetables; Gourd & Cucumber; Banana; Root Vegetables,"15669760 (Whole Spices) - Conf: 0.3992, Lift: 3.3414, Factor: 1; 15668381 (Other Vegetables) - Conf: 0.3695, Lift: 1.8093, Factor: 1; 15668460 (Gourd & Cucumber) - Conf: 0.3037, Lift: 1.6454, Factor: 1; 15668688 (Root Vegetables) - Conf: 0.3027, Lift: 1.6298, Factor: 1; 15669878 (Toor Dal) - Conf: 0.2975, Lift: 1.7348, Factor: 1; 15668378 (Other Vegetables) - Conf: 0.2837, Lift: 2.0794, Factor: 1; 15668462 (Gourd & Cucumber) - Conf: 0.2579, Lift: 2.0591, Factor: 1; 15668478 (Banana) - Conf: 0.2448, Lift: 1.7170, Factor: 1; 15668465 (Root Vegetables) - Conf: 0.2350, Lift: 1.8146, Factor: 1"
8106715,93141022; 15669878; 15669988; 15669958; 15668451; 15670009; 34987110,Yogurt & Lassi; Toor Dal; Other Dals; Other Dry Fruits; Brinjals; Almonds; Curd,15668379; 15668688; 15668460,Other Vegetables; Root Vegetables; Gourd & Cucumber,"15668379 (Other Vegetables) - Conf: 0.2492, Lift: 1.3502, Factor: 1; 15668688 (Root Vegetables) - Conf: 0.2458, Lift: 1.3231, Factor: 1; 15668460 (Gourd & Cucumber) - Conf: 0.2440, Lift: 1.3221, Factor: 1"
8106887,15668467; 15668378; 15669963; 15668520; 15668377; 15669817; 15669965,Beans; Other Vegetables; Raisins; Bread; Root Vegetables; Whole Spices; Raisins,15668460; 15669869; 15668381; 15669821; 15668467; 15668462; 15668458; 15668468,Gourd & Cucumber; Moong Dal; Other Vegetables; Whole Spices; Beans; Gourd & Cucumber; Brinjals; Beans,"15668460 (Gourd & Cucumber) - Conf: 0.4554, Lift: 2.4674, Factor: 1; 15669869 (Moong Dal) - Conf: 0.3287, Lift: 2.5928, Factor: 1; 15668381 (Other Vegetables) - Conf: 0.3171, Lift: 1.5525, Factor: 1; 15669821 (Whole Spices) - Conf: 0.3065, Lift: 3.3414, Factor: 1; 15668467 (Beans) - Conf: 0.2797, Lift: 2.0794, Factor: 1; 15668462 (Gourd & Cucumber) - Conf: 0.2338, Lift: 1.8670, Factor: 1; 15668458 (Brinjals) - Conf: 0.1921, Lift: 2.4674, Factor: 1; 15668468 (Beans) - Conf: 0.1846, Lift: 1.4609, Factor: 1"
8107580,15669976; 15669872; 15669780; 15669878; 15669863; 15669818; 15669777; 92435740; 15669790; 15669815; 15669795; 7579697,Almonds; Avalakki / Poha; Sugar; Toor Dal; Moong Dal; Whole Spices; Urad Dal; Cooking Sauce; Other Rice Products; Jaggery; Other Dry Fruits; Cream Biscuits,15668381; 15668379; 15668688; 15668460; 15668465,Other Vegetables; Other Vegetables; Root Vegetables; Gourd & Cucumber; Root Vegetables,"15668381 (Other Vegetables) - Conf: 0.2703, Lift: 1.3233, Factor: 1; 15668379 (Other Vegetables) - Conf: 0.2492, Lift: 1.3502, Factor: 1; 15668688 (Root Vegetables) - Conf: 0.2458, Lift: 1.3231, Factor: 1; 15668460 (Gourd & Cucumber) - Conf: 0.2443, Lift: 1.3233, Factor: 1; 15668465 (Root Vegetables) - Conf: 0.1712, Lift: 1.3221, Factor: 1"
8108141,15669863; 93176431; 15669859; 7572303; 7587649; 93141023; 34987955,Moong Dal; Namkeen; Toor Dal; Namkeen; Organic Rice & Rice Products; Yogurt & Lassi; Corn Snacks,15668465,Root Vegetables,"15668465 (Root Vegetables) - Conf: 0.1712, Lift: 1.3221, Factor: 1"
8108248,15669869; 15668467; 15668377; 7587488; 7587661; 7587656; 15669785; 7587667,"Moong Dal; Beans; Root Vegetables; Organic Salt,Sugar & Jaggery; Organic Dals & Pulses; Organic Rice & Rice Products; Boiled Rice; Organic Dals & Pulses",15668460; 15668381; 15668462; 15668478; 15668468; 15668467,Gourd & Cucumber; Other Vegetables; Gourd & Cucumber; Banana; Beans; Beans,"15668460 (Gourd & Cucumber) - Conf: 0.4554, Lift: 2.4674, Factor: 1; 15668381 (Other Vegetables) - Conf: 0.3171, Lift: 1.5525, Factor: 1; 15668462 (Gourd & Cucumber) - Conf: 0.2338, Lift: 1.8670, Factor: 1; 15668478 (Banana) - Conf: 0.1887, Lift: 1.3233, Factor: 1; 15668468 (Beans) - Conf: 0.1846, Lift: 1.4609, Factor: 1; 15668467 (Beans) - Conf: 0.1775, Lift: 1.3195, Factor: 1"
8108636,15668467; 15668375; 15668455; 15669767; 15670267; 15668460; 15669825,Beans; Root Vegetables; Brinjals; Urad Dal; Toor Dal; Gourd & Cucumber; Boiled Rice,15668460; 15668688; 15668381; 15669777; 15669878; 15668462; 15668478; 15669780; 15668467; 15668465,Gourd & Cucumber; Root Vegetables; Other Vegetables; Urad Dal; Toor Dal; Gourd & Cucumber; Banana; Sugar; Beans; Root Vegetables,"15668460 (Gourd & Cucumber) - Conf: 0.4554, Lift: 2.4674, Factor: 1; 15668688 (Root Vegetables) - Conf: 0.3690, Lift: 1.9869, Factor: 1; 15668381 (Other Vegetables) - Conf: 0.3171, Lift: 1.5525, Factor: 1; 15669777 (Urad Dal) - Conf: 0.2888, Lift: 2.5928, Factor: 1; 15669878 (Toor Dal) - Conf: 0.2736, Lift: 1.5952, Factor: 1; 15668462 (Gourd & Cucumber) - Conf: 0.2338, Lift: 1.8670, Factor: 1; 15668478 (Banana) - Conf: 0.2276, Lift: 1.5960, Factor: 1; 15669780 (Sugar) - Conf: 0.2270, Lift: 1.5338, Factor: 1; 15668467 (Beans) - Conf: 0.2151, Lift: 1.5993, Factor: 1; 15668465 (Root Vegetables) - Conf: 0.2000, Lift: 1.5446, Factor: 1"
8108886,15669769; 15669867; 15669830; 15669835; 15669863; 7574197; 15669816; 15669988,Other Dals; Other Dals; Other Rice Products; Raw Rice; Moong Dal; Vermicelli; Other Dals; Other Dals,15668465,Root Vegetables,"15668465 (Root Vegetables) - Conf: 0.1712, Lift: 1.3221, Factor: 1"
8109052,15669828; 15669878; 7548511; 34986118; 34987566; 7574425,Boiled Rice; Toor Dal; Liquid Soaps & Bars; Whole Spices; Whole Spices; Liquid Soaps & Bars,15668379; 15668688; 15668460,Other Vegetables; Root Vegetables; Gourd & Cucumber,"15668379 (Other Vegetables) - Conf: 0.2492, Lift: 1.3502, Factor: 1; 15668688 (Root Vegetables) - Conf: 0.2458, Lift: 1.3231, Factor: 1; 15668460 (Gourd & Cucumber) - Conf: 0.2440, Lift: 1.3221, Factor: 1"
8109601,15669880; 15668519; 21409129; 15669821; 15669795; 7579698; 7580811; 7579697; 34987224; 15669760,Sooji & Rava; Bread; Whole Grains; Whole Spices; Other Dry Fruits; Cream Biscuits; Sunflower Oils; Cream Biscuits; Ice Creams & Desserts; Whole Spices,15668460; 15668468,Gourd & Cucumber; Beans,"15668460 (Gourd & Cucumber) - Conf: 0.2561, Lift: 1.3874, Factor: 1; 15668468 (Beans) - Conf: 0.1754, Lift: 1.3874, Factor: 1"
8109885,15669881; 15669860; 15669767; 15669780; 21408947; 34986126; 34987566; 15669824; 21408952,Sooji & Rava; Moong Dal; Urad Dal; Sugar; Other Rice Products; Whole Spices; Whole Spices; Raw Rice; Whole Spices,15668460; 15668378,Gourd & Cucumber; Other Vegetables,"15668460 (Gourd & Cucumber) - Conf: 0.2443, Lift: 1.3233, Factor: 1; 15668378 (Other Vegetables) - Conf: 0.1805, Lift: 1.3231, Factor: 1"
8110925,15668685; 15668465; 15669767; 15668462; 34986328; 7689353; 15668542; 15669764,Beans; Root Vegetables; Urad Dal; Gourd & Cucumber; Toor Dal; Ground Coffee; Buns & Pavs; Besan,15668381; 15668688; 15668379; 15668467; 15669878; 15669869; 15669860; 15668462,Other Vegetables; Root Vegetables; Other Vegetables; Beans; Toor Dal; Moong Dal; Moong Dal; Gourd & Cucumber,"15668381 (Other Vegetables) - Conf: 0.4010, Lift: 1.9633, Factor: 1; 15668688 (Root Vegetables) - Conf: 0.3189, Lift: 1.7170, Factor: 1; 15668379 (Other Vegetables) - Conf: 0.2976, Lift: 1.6124, Factor: 1; 15668467 (Beans) - Conf: 0.2531, Lift: 1.8820, Factor: 1; 15669878 (Toor Dal) - Conf: 0.2516, Lift: 1.4669, Factor: 1; 15669869 (Moong Dal) - Conf: 0.2022, Lift: 1.5952, Factor: 1; 15669860 (Moong Dal) - Conf: 0.1865, Lift: 1.7348, Factor: 1; 15668462 (Gourd & Cucumber) - Conf: 0.1691, Lift: 1.3502, Factor: 1"
8112695,15670241; 15670251; 7587687; 7587494; 7587655; 7587675; 15668448; 7587495,Organic F&V; Organic F&V; Organic Masalas & Spices; Organic Masalas & Spices; Organic Rice & Rice Products; Organic Dals & Pulses; Exotic Vegetables; Organic Dals & Pulses,,,
8112726,15669832; 15669786; 15669760; 15669860; 34987567; 7593949; 34986129; 15669883; 15669814; 21408942; 15669880; 15669879; 7580823; 15669818; 15669776; 15669866; 15669771; 15669764; 15669859; 15669823; 15669778,Sugar; Avalakki / Poha; Whole Spices; Moong Dal; Whole Spices; Cream Biscuits; Whole Spices; Rice Flour; Jaggery; Other Rice Products; Sooji & Rava; Other Dals; Sunflower Oils; Whole Spices; Other Dals; Other Dals; Maida; Besan; Toor Dal; Whole Spices; Other Dals,15668378; 15668468; 15668462,Other Vegetables; Beans; Gourd & Cucumber,"15668378 (Other Vegetables) - Conf: 0.1805, Lift: 1.3231, Factor: 1; 15668468 (Beans) - Conf: 0.1754, Lift: 1.3874, Factor: 1; 15668462 (Gourd & Cucumber) - Conf: 0.1691, Lift: 1.3502, Factor: 1"
8113176,15668379; 15669859; 15668478; 93141022; 15668465; 15669788; 93141092,Other Vegetables; Toor Dal; Banana; Yogurt & Lassi; Root Vegetables; Raw Rice; Yogurt & Lassi,15668688; 15668460; 15668379; 15668381; 15668467; 15668478; 15668465; 15669878; 15669869; 15669863,Root Vegetables; Gourd & Cucumber; Other Vegetables; Other Vegetables; Beans; Banana; Root Vegetables; Toor Dal; Moong Dal; Moong Dal,"15668688 (Root Vegetables) - Conf: 0.3496, Lift: 1.8820, Factor: 1; 15668460 (Gourd & Cucumber) - Conf: 0.3446, Lift: 1.8670, Factor: 1; 15668379 (Other Vegetables) - Conf: 0.3415, Lift: 1.8499, Factor: 1; 15668381 (Other Vegetables) - Conf: 0.3015, Lift: 1.4764, Factor: 1; 15668467 (Beans) - Conf: 0.2769, Lift: 2.0591, Factor: 1; 15668478 (Banana) - Conf: 0.2619, Lift: 1.8369, Factor: 1; 15668465 (Root Vegetables) - Conf: 0.2573, Lift: 1.9869, Factor: 1; 15669878 (Toor Dal) - Conf: 0.2516, Lift: 1.4669, Factor: 1; 15669869 (Moong Dal) - Conf: 0.2022, Lift: 1.5952, Factor: 1; 15669863 (Moong Dal) - Conf: 0.1820, Lift: 1.4669, Factor: 1"
8114312,15669780; 34992815; 15668458; 7593949; 15668463; 15668467; 15668478; 15670267,Sugar; Cookies; Brinjals; Cream Biscuits; Gourd & Cucumber; Beans; Banana; Toor Dal,15668460; 15668381; 15668379; 15668688; 15668465; 15668462; 15668468; 15669863,Gourd & Cucumber; Other Vegetables; Other Vegetables; Root Vegetables; Root Vegetables; Gourd & Cucumber; Beans; Moong Dal,"15668460 (Gourd & Cucumber) - Conf: 0.4554, Lift: 2.4674, Factor: 1; 15668381 (Other Vegetables) - Conf: 0.3266, Lift: 1.5993, Factor: 1; 15668379 (Other Vegetables) - Conf: 0.3008, Lift: 1.6298, Factor: 1; 15668688 (Root Vegetables) - Conf: 0.2585, Lift: 1.3917, Factor: 1; 15668465 (Root Vegetables) - Conf: 0.2378, Lift: 1.8369, Factor: 1; 15668462 (Gourd & Cucumber) - Conf: 0.2338, Lift: 1.8670, Factor: 1; 15668468 (Beans) - Conf: 0.1846, Lift: 1.4609, Factor: 1; 15669863 (Moong Dal) - Conf: 0.1820, Lift: 1.4669, Factor: 1"
8114869,15668466; 15668468; 7594818; 15669780; 7572252; 15668375; 15669887; 15668451; 21408947; 15668379; 15669812,Root Vegetables; Beans; Instant Noodles; Sugar; Cooking Paste; Root Vegetables; Maida; Brinjals; Other Rice Products; Other Vegetables; Jaggery,15668688; 15668460; 15668379; 15668381; 15668467; 15668478; 15668465; 15668468; 15669764; 15668685,Root Vegetables; Gourd & Cucumber; Other Vegetables; Other Vegetables; Beans; Banana; Root Vegetables; Beans; Besan; Beans,"15668688 (Root Vegetables) - Conf: 0.3496, Lift: 1.8820, Factor: 1; 15668460 (Gourd & Cucumber) - Conf: 0.3446, Lift: 1.8670, Factor: 1; 15668379 (Other Vegetables) - Conf: 0.3415, Lift: 1.8499, Factor: 1; 15668381 (Other Vegetables) - Conf: 0.3155, Lift: 1.5446, Factor: 1; 15668467 (Beans) - Conf: 0.2769, Lift: 2.0591, Factor: 1; 15668478 (Banana) - Conf: 0.2619, Lift: 1.8369, Factor: 1; 15668465 (Root Vegetables) - Conf: 0.2573, Lift: 1.9869, Factor: 1; 15668468 (Beans) - Conf: 0.2338, Lift: 1.8499, Factor: 1; 15669764 (Besan) - Conf: 0.1753, Lift: 1.4579, Factor: 1; 15668685 (Beans) - Conf: 0.1528, Lift: 1.9633, Factor: 1"
8115812,7611899; 15668687; 15668416; 15668684; 15669772; 7585571; 21409002,Honey; Root Vegetables; Banana; Beans; Other Dals; Cakes; Moong Dal,,,
8116158,34986128; 15669789; 15669760; 34987566; 15669881; 15669883; 15669994; 15669767; 15669835; 15670270; 15669814,Whole Spices; Boiled Rice; Whole Spices; Whole Spices; Sooji & Rava; Rice Flour; Other Dals; Urad Dal; Raw Rice; Other Dals; Jaggery,15668468,Beans,"15668468 (Beans) - Conf: 0.1754, Lift: 1.3874, Factor: 1"
8118745,15669859; 15669885; 15668458; 92380533; 15669887; 7594820,Toor Dal; Moong Dal; Brinjals; Regular Pasta; Maida; Instant Noodles,15668381,Other Vegetables,"15668381 (Other Vegetables) - Conf: 0.3266, Lift: 1.5993, Factor: 1"
8119388,15668458; 15668381; 15669821; 15669832; 34989441; 15669835; 7580804; 15669776,Brinjals; Other Vegetables; Whole Spices; Sugar; Soya Products; Raw Rice; Sunflower Oils; Other Dals,15669760; 15668381; 15668460; 15668688; 15669878; 15668462; 15668478; 15668378; 15668465,Whole Spices; Other Vegetables; Gourd & Cucumber; Root Vegetables; Toor Dal; Gourd & Cucumber; Banana; Other Vegetables; Root Vegetables,"15669760 (Whole Spices) - Conf: 0.3992, Lift: 3.3414, Factor: 1; 15668381 (Other Vegetables) - Conf: 0.3695, Lift: 1.8093, Factor: 1; 15668460 (Gourd & Cucumber) - Conf: 0.3037, Lift: 1.6454, Factor: 1; 15668688 (Root Vegetables) - Conf: 0.3027, Lift: 1.6298, Factor: 1; 15669878 (Toor Dal) - Conf: 0.2975, Lift: 1.7348, Factor: 1; 15668462 (Gourd & Cucumber) - Conf: 0.2579, Lift: 2.0591, Factor: 1; 15668478 (Banana) - Conf: 0.2448, Lift: 1.7170, Factor: 1; 15668378 (Other Vegetables) - Conf: 0.2317, Lift: 1.6987, Factor: 1; 15668465 (Root Vegetables) - Conf: 0.2088, Lift: 1.6124, Factor: 1"
8119882,15669832; 15668460; 7580802; 34987568; 15668478; 15668465; 15669830; 15668519; 15670251; 7587702; 15669777,Sugar; Gourd & Cucumber; Sunflower Oils; Whole Spices; Banana; Root Vegetables; Other Rice Products; Bread; Organic F&V; Organic Flours; Urad Dal,15668688; 15668460; 15668381; 15668379; 15669777; 15669878; 15668467; 15668465; 15668478; 15669780,Root Vegetables; Gourd & Cucumber; Other Vegetables; Other Vegetables; Urad Dal; Toor Dal; Beans; Root Vegetables; Banana; Sugar,"15668688 (Root Vegetables) - Conf: 0.3690, Lift: 1.9869, Factor: 1; 15668460 (Gourd & Cucumber) - Conf: 0.3340, Lift: 1.8093, Factor: 1; 15668381 (Other Vegetables) - Conf: 0.3015, Lift: 1.4764, Factor: 1; 15668379 (Other Vegetables) - Conf: 0.3008, Lift: 1.6298, Factor: 1; 15669777 (Urad Dal) - Conf: 0.2888, Lift: 2.5928, Factor: 1; 15669878 (Toor Dal) - Conf: 0.2736, Lift: 1.5952, Factor: 1; 15668467 (Beans) - Conf: 0.2531, Lift: 1.8820, Factor: 1; 15668465 (Root Vegetables) - Conf: 0.2378, Lift: 1.8369, Factor: 1; 15668478 (Banana) - Conf: 0.2276, Lift: 1.5960, Factor: 1; 15669780 (Sugar) - Conf: 0.2270, Lift: 1.5338, Factor: 1"
8120159,15668381; 7735760; 15668453; 92387970; 15668377; 15668460; 15668462,Other Vegetables; Namkeen; Brinjals; Namkeen; Root Vegetables; Gourd & Cucumber; Gourd & Cucumber,15668381; 15669760; 15668688; 15668460; 15669878; 15668379; 15669777; 15668462; 15668478; 15668378,Other Vegetables; Whole Spices; Root Vegetables; Gourd & Cucumber; Toor Dal; Other Vegetables; Urad Dal; Gourd & Cucumber; Banana; Other Vegetables,"15668381 (Other Vegetables) - Conf: 0.4010, Lift: 1.9633, Factor: 1; 15669760 (Whole Spices) - Conf: 0.3992, Lift: 3.3414, Factor: 1; 15668688 (Root Vegetables) - Conf: 0.3690, Lift: 1.9869, Factor: 1; 15668460 (Gourd & Cucumber) - Conf: 0.3340, Lift: 1.8093, Factor: 1; 15669878 (Toor Dal) - Conf: 0.2975, Lift: 1.7348, Factor: 1; 15668379 (Other Vegetables) - Conf: 0.2946, Lift: 1.5960, Factor: 1; 15669777 (Urad Dal) - Conf: 0.2888, Lift: 2.5928, Factor: 1; 15668462 (Gourd & Cucumber) - Conf: 0.2579, Lift: 2.0591, Factor: 1; 15668478 (Banana) - Conf: 0.2448, Lift: 1.7170, Factor: 1; 15668378 (Other Vegetables) - Conf: 0.2317, Lift: 1.6987, Factor: 1"
8120360,15668375; 15669782; 15669764; 15668462; 15669821; 15669881; 15669856; 15668455,Root Vegetables; Raw Rice; Besan; Gourd & Cucumber; Whole Spices; Sooji & Rava; Sugar; Brinjals,15668381; 15668379; 15668688; 15668460; 15669860; 15668462,Other Vegetables; Other Vegetables; Root Vegetables; Gourd & Cucumber; Moong Dal; Gourd & Cucumber,"15668381 (Other Vegetables) - Conf: 0.4010, Lift: 1.9633, Factor: 1; 15668379 (Other Vegetables) - Conf: 0.2946, Lift: 1.5960, Factor: 1; 15668688 (Root Vegetables) - Conf: 0.2756, Lift: 1.4836, Factor: 1; 15668460 (Gourd & Cucumber) - Conf: 0.2561, Lift: 1.3874, Factor: 1; 15669860 (Moong Dal) - Conf: 0.1865, Lift: 1.7348, Factor: 1; 15668462 (Gourd & Cucumber) - Conf: 0.1691, Lift: 1.3502, Factor: 1"
8120435,15669878; 15669823; 15669767; 15669772; 34987568; 15669861; 15669860; 15669760; 15669856; 15669776,Toor Dal; Whole Spices; Urad Dal; Other Dals; Whole Spices; Raw Peanuts; Moong Dal; Whole Spices; Sugar; Other Dals,15668379; 15668688; 15668460; 15668378; 15668468,Other Vegetables; Root Vegetables; Gourd & Cucumber; Other Vegetables; Beans,"15668379 (Other Vegetables) - Conf: 0.2492, Lift: 1.3502, Factor: 1; 15668688 (Root Vegetables) - Conf: 0.2458, Lift: 1.3231, Factor: 1; 15668460 (Gourd & Cucumber) - Conf: 0.2440, Lift: 1.3221, Factor: 1; 15668378 (Other Vegetables) - Conf: 0.1805, Lift: 1.3231, Factor: 1; 15668468 (Beans) - Conf: 0.1754, Lift: 1.3874, Factor: 1"
8120485,15669860; 15668478; 15669824; 15668688; 15669863; 15669878,Moong Dal; Banana; Raw Rice; Root Vegetables; Moong Dal; Toor Dal,15668379; 15668381; 15668378; 15668688; 15669878; 15668460; 15668465; 15669863,Other Vegetables; Other Vegetables; Other Vegetables; Root Vegetables; Toor Dal; Gourd & Cucumber; Root Vegetables; Moong Dal,"15668379 (Other Vegetables) - Conf: 0.3008, Lift: 1.6298, Factor: 1; 15668381 (Other Vegetables) - Conf: 0.2985, Lift: 1.4617, Factor: 1; 15668378 (Other Vegetables) - Conf: 0.2837, Lift: 2.0794, Factor: 1; 15668688 (Root Vegetables) - Conf: 0.2713, Lift: 1.4609, Factor: 1; 15669878 (Toor Dal) - Conf: 0.2630, Lift: 1.5338, Factor: 1; 15668460 (Gourd & Cucumber) - Conf: 0.2440, Lift: 1.3221, Factor: 1; 15668465 (Root Vegetables) - Conf: 0.2378, Lift: 1.8369, Factor: 1; 15669863 (Moong Dal) - Conf: 0.1820, Lift: 1.4669, Factor: 1"
8120702,34989499; 15669864; 15669790; 15669878; 15669776; 15669777; 7572432,Other Dals; Other Dals; Other Rice Products; Toor Dal; Other Dals; Urad Dal; Cooking Paste,15668381; 15668379; 15668688; 15668460,Other Vegetables; Other Vegetables; Root Vegetables; Gourd & Cucumber,"15668381 (Other Vegetables) - Conf: 0.2703, Lift: 1.3233, Factor: 1; 15668379 (Other Vegetables) - Conf: 0.2492, Lift: 1.3502, Factor: 1; 15668688 (Root Vegetables) - Conf: 0.2458, Lift: 1.3231, Factor: 1; 15668460 (Gourd & Cucumber) - Conf: 0.2440, Lift: 1.3221, Factor: 1"
8120853,7587492; 15668520; 7627860; 93176431; 15669983; 15670253,"Organic Salt,Sugar & Jaggery; Bread; Sunflower Oils; Namkeen; Other Dry Fruits; Organic F&V",,,
8122275,15668477; 34989501; 34987566; 15669818; 7630967; 15669763; 15669817; 34989441,Exotic Vegetables; Other Dals; Whole Spices; Whole Spices; Regular Pasta; Other Dals; Whole Spices; Soya Products,,,
8122344,15669856; 7624792; 15668462; 34986125; 21408952; 15669814; 34986330; 15669863; 15668416; 34987568,Sugar; Ghee; Gourd & Cucumber; Whole Spices; Whole Spices; Jaggery; Raw Rice; Moong Dal; Banana; Whole Spices,15668381; 15668379; 15668688; 15669860; 15668465,Other Vegetables; Other Vegetables; Root Vegetables; Moong Dal; Root Vegetables,"15668381 (Other Vegetables) - Conf: 0.4010, Lift: 1.9633, Factor: 1; 15668379 (Other Vegetables) - Conf: 0.2946, Lift: 1.5960, Factor: 1; 15668688 (Root Vegetables) - Conf: 0.2756, Lift: 1.4836, Factor: 1; 15669860 (Moong Dal) - Conf: 0.1865, Lift: 1.7348, Factor: 1; 15668465 (Root Vegetables) - Conf: 0.1712, Lift: 1.3221, Factor: 1"
8122589,15669767; 34987614; 7753739; 15669818; 21408952; 15669825; 7580802,Urad Dal; Unknown; Health Drinks; Whole Spices; Whole Spices; Boiled Rice; Sunflower Oils,,,
8123487,7624790; 15668458; 15669856; 15668468; 15669818; 15669791; 7580823,Ghee; Brinjals; Sugar; Beans; Whole Spices; Raw Rice; Sunflower Oils,15668381; 15668468; 15668467; 15669764,Other Vegetables; Beans; Beans; Besan,"15668381 (Other Vegetables) - Conf: 0.3266, Lift: 1.5993, Factor: 1; 15668468 (Beans) - Conf: 0.2338, Lift: 1.8499, Factor: 1; 15668467 (Beans) - Conf: 0.2213, Lift: 1.6454, Factor: 1; 15669764 (Besan) - Conf: 0.1753, Lift: 1.4579, Factor: 1"
8123840,92388008; 7599091; 7572300; 21408952; 7561680; 7569802; 34990370,Namkeen; Namkeen; Namkeen; Whole Spices; Namkeen; Namkeen; Salty Biscuits,,,
8124069,15668685; 7578341; 15668478; 7617882; 7580034; 15669876; 15668542; 7613347; 15669884; 15669862,Beans; Chilli & Soya Sauces; Banana; Ready Mix; Ice Creams & Desserts; Toor Dal; Buns & Pavs; Honey; Whole Spices; Other Dals,15668379; 15668688; 15668465; 15669863,Other Vegetables; Root Vegetables; Root Vegetables; Moong Dal,"15668379 (Other Vegetables) - Conf: 0.3008, Lift: 1.6298, Factor: 1; 15668688 (Root Vegetables) - Conf: 0.2585, Lift: 1.3917, Factor: 1; 15668465 (Root Vegetables) - Conf: 0.2378, Lift: 1.8369, Factor: 1; 15669863 (Moong Dal) - Conf: 0.1820, Lift: 1.4669, Factor: 1"
8124751,7653522; 15668468; 34989501; 15668458; 15668473; 15668449; 15668595,Namkeen; Beans; Other Dals; Brinjals; Beans; Exotic Vegetables; Exotic Vegetables,15668381; 15668468; 15668467; 15669764,Other Vegetables; Beans; Beans; Besan,"15668381 (Other Vegetables) - Conf: 0.3266, Lift: 1.5993, Factor: 1; 15668468 (Beans) - Conf: 0.2338, Lift: 1.8499, Factor: 1; 15668467 (Beans) - Conf: 0.2213, Lift: 1.6454, Factor: 1; 15669764 (Besan) - Conf: 0.1753, Lift: 1.4579, Factor: 1"
8125808,7753734; 15669832; 15669761; 7580802; 15669762; 15669814; 15669863; 93174226; 15669777; 15669790,Health Drinks; Sugar; Whole Spices; Sunflower Oils; Urad Dal; Jaggery; Moong Dal; Body Wash; Urad Dal; Other Rice Products,15668381; 15668465,Other Vegetables; Root Vegetables,"15668381 (Other Vegetables) - Conf: 0.2703, Lift: 1.3233, Factor: 1; 15668465 (Root Vegetables) - Conf: 0.1712, Lift: 1.3221, Factor: 1"
8126177,15669760; 15669988; 15668467; 15669775; 15668381; 15669872; 7574197,Whole Spices; Other Dals; Beans; Sooji & Rava; Other Vegetables; Avalakki / Poha; Vermicelli,15668460; 15669760; 15668381; 15668688; 15669878; 15668462; 15668478; 15668378; 15668465; 15668468,Gourd & Cucumber; Whole Spices; Other Vegetables; Root Vegetables; Toor Dal; Gourd & Cucumber; Banana; Other Vegetables; Root Vegetables; Beans,"15668460 (Gourd & Cucumber) - Conf: 0.4554, Lift: 2.4674, Factor: 1; 15669760 (Whole Spices) - Conf: 0.3992, Lift: 3.3414, Factor: 1; 15668381 (Other Vegetables) - Conf: 0.3695, Lift: 1.8093, Factor: 1; 15668688 (Root Vegetables) - Conf: 0.3027, Lift: 1.6298, Factor: 1; 15669878 (Toor Dal) - Conf: 0.2975, Lift: 1.7348, Factor: 1; 15668462 (Gourd & Cucumber) - Conf: 0.2579, Lift: 2.0591, Factor: 1; 15668478 (Banana) - Conf: 0.2448, Lift: 1.7170, Factor: 1; 15668378 (Other Vegetables) - Conf: 0.2317, Lift: 1.6987, Factor: 1; 15668465 (Root Vegetables) - Conf: 0.2088, Lift: 1.6124, Factor: 1; 15668468 (Beans) - Conf: 0.1846, Lift: 1.4609, Factor: 1"
8127465,15669778; 15668687; 34986112; 15669772; 15668466; 15668416; 21409002,Other Dals; Root Vegetables; Whole Spices; Other Dals; Root Vegetables; Banana; Moong Dal,,,
8127819,15669859; 7593949; 15669801; 15670009; 15669834; 15669863; 7753732; 15669812; 7623116; 15669972; 15669873; 15669799,Toor Dal; Cream Biscuits; Cashews; Almonds; Raw Rice; Moong Dal; Health Drinks; Jaggery; Liquid Soaps & Bars; Cashews; Whole Spices; Raisins,15668465,Root Vegetables,"15668465 (Root Vegetables) - Conf: 0.1712, Lift: 1.3221, Factor: 1"
8128430,7757971; 15668460; 21408953; 15669965; 15669857; 15669870; 34990046; 15668467; 15669856,Ghee; Gourd & Cucumber; Whole Spices; Raisins; Raw Peanuts; Sooji & Rava; Phenyles & Acids; Beans; Sugar,15668460; 15668688; 15668381; 15669777; 15669878; 15668462; 15668478; 15669780; 15668467; 15668465,Gourd & Cucumber; Root Vegetables; Other Vegetables; Urad Dal; Toor Dal; Gourd & Cucumber; Banana; Sugar; Beans; Root Vegetables,"15668460 (Gourd & Cucumber) - Conf: 0.4554, Lift: 2.4674, Factor: 1; 15668688 (Root Vegetables) - Conf: 0.3690, Lift: 1.9869, Factor: 1; 15668381 (Other Vegetables) - Conf: 0.3171, Lift: 1.5525, Factor: 1; 15669777 (Urad Dal) - Conf: 0.2888, Lift: 2.5928, Factor: 1; 15669878 (Toor Dal) - Conf: 0.2736, Lift: 1.5952, Factor: 1; 15668462 (Gourd & Cucumber) - Conf: 0.2338, Lift: 1.8670, Factor: 1; 15668478 (Banana) - Conf: 0.2276, Lift: 1.5960, Factor: 1; 15669780 (Sugar) - Conf: 0.2270, Lift: 1.5338, Factor: 1; 15668467 (Beans) - Conf: 0.2151, Lift: 1.5993, Factor: 1; 15668465 (Root Vegetables) - Conf: 0.2000, Lift: 1.5446, Factor: 1"
8129915,15668378; 15669812; 15668377; 15669872; 15668468; 7630963; 15668478,Other Vegetables; Jaggery; Root Vegetables; Avalakki / Poha; Beans; Tomato Ketchup; Banana,15669869; 15668381; 15669821; 15668379; 15668467; 15668688; 15668465; 15668468; 15668458; 15669863,Moong Dal; Other Vegetables; Whole Spices; Other Vegetables; Beans; Root Vegetables; Root Vegetables; Beans; Brinjals; Moong Dal,"15669869 (Moong Dal) - Conf: 0.3287, Lift: 2.5928, Factor: 1; 15668381 (Other Vegetables) - Conf: 0.3155, Lift: 1.5446, Factor: 1; 15669821 (Whole Spices) - Conf: 0.3065, Lift: 3.3414, Factor: 1; 15668379 (Other Vegetables) - Conf: 0.3008, Lift: 1.6298, Factor: 1; 15668467 (Beans) - Conf: 0.2797, Lift: 2.0794, Factor: 1; 15668688 (Root Vegetables) - Conf: 0.2585, Lift: 1.3917, Factor: 1; 15668465 (Root Vegetables) - Conf: 0.2378, Lift: 1.8369, Factor: 1; 15668468 (Beans) - Conf: 0.2338, Lift: 1.8499, Factor: 1; 15668458 (Brinjals) - Conf: 0.1921, Lift: 2.4674, Factor: 1; 15669863 (Moong Dal) - Conf: 0.1820, Lift: 1.4669, Factor: 1"
8130134,15668380; 15669821; 15669775; 15668377; 15668685; 15668468; 15668471,Other Vegetables; Whole Spices; Sooji & Rava; Root Vegetables; Beans; Beans; Beans,15668381; 15668379; 15668460; 15668468; 15668467; 15669764,Other Vegetables; Other Vegetables; Gourd & Cucumber; Beans; Beans; Besan,"15668381 (Other Vegetables) - Conf: 0.3155, Lift: 1.5446, Factor: 1; 15668379 (Other Vegetables) - Conf: 0.2976, Lift: 1.6124, Factor: 1; 15668460 (Gourd & Cucumber) - Conf: 0.2561, Lift: 1.3874, Factor: 1; 15668468 (Beans) - Conf: 0.2338, Lift: 1.8499, Factor: 1; 15668467 (Beans) - Conf: 0.2213, Lift: 1.6454, Factor: 1; 15669764 (Besan) - Conf: 0.1753, Lift: 1.4579, Factor: 1"
8131353,34992815; 15669764; 15669862; 15669856; 7632452; 7627860; 15669805,Cookies; Besan; Other Dals; Sugar; Liquid Detergent; Sunflower Oils; Cashews,15668462,Gourd & Cucumber,"15668462 (Gourd & Cucumber) - Conf: 0.1691, Lift: 1.3502, Factor: 1"
8131359,34989441; 15669885; 15668458; 15668463; 15668453; 15668460; 7637309; 7624788; 15668688,Soya Products; Moong Dal; Brinjals; Gourd & Cucumber; Brinjals; Gourd & Cucumber; Mosquito Repellent; Ghee; Root Vegetables,15668688; 15668460; 15668381; 15669777; 15668378; 15669878; 15668465; 15668478; 15669780; 15668467,Root Vegetables; Gourd & Cucumber; Other Vegetables; Urad Dal; Other Vegetables; Toor Dal; Root Vegetables; Banana; Sugar; Beans,"15668688 (Root Vegetables) - Conf: 0.3690, Lift: 1.9869, Factor: 1; 15668460 (Gourd & Cucumber) - Conf: 0.3340, Lift: 1.8093, Factor: 1; 15668381 (Other Vegetables) - Conf: 0.3266, Lift: 1.5993, Factor: 1; 15669777 (Urad Dal) - Conf: 0.2888, Lift: 2.5928, Factor: 1; 15668378 (Other Vegetables) - Conf: 0.2837, Lift: 2.0794, Factor: 1; 15669878 (Toor Dal) - Conf: 0.2736, Lift: 1.5952, Factor: 1; 15668465 (Root Vegetables) - Conf: 0.2350, Lift: 1.8146, Factor: 1; 15668478 (Banana) - Conf: 0.2276, Lift: 1.5960, Factor: 1; 15669780 (Sugar) - Conf: 0.2270, Lift: 1.5338, Factor: 1; 15668467 (Beans) - Conf: 0.2151, Lift: 1.5993, Factor: 1"
8131723,15668379; 15668468; 15669817; 15668462; 15668375; 15669878; 15669769; 15669764; 15668478; 15668685,Other Vegetables; Beans; Whole Spices; Gourd & Cucumber; Root Vegetables; Toor Dal; Other Dals; Besan; Banana; Beans,15668381; 15668688; 15668460; 15668379; 15668467; 15668478; 15668465; 15668468; 15669860; 15669863,Other Vegetables; Root Vegetables; Gourd & Cucumber; Other Vegetables; Beans; Banana; Root Vegetables; Beans; Moong Dal; Moong Dal,"15668381 (Other Vegetables) - Conf: 0.4010, Lift: 1.9633, Factor: 1; 15668688 (Root Vegetables) - Conf: 0.3496, Lift: 1.8820, Factor: 1; 15668460 (Gourd & Cucumber) - Conf: 0.3446, Lift: 1.8670, Factor: 1; 15668379 (Other Vegetables) - Conf: 0.3415, Lift: 1.8499, Factor: 1; 15668467 (Beans) - Conf: 0.2769, Lift: 2.0591, Factor: 1; 15668478 (Banana) - Conf: 0.2619, Lift: 1.8369, Factor: 1; 15668465 (Root Vegetables) - Conf: 0.2573, Lift: 1.9869, Factor: 1; 15668468 (Beans) - Conf: 0.2338, Lift: 1.8499, Factor: 1; 15669860 (Moong Dal) - Conf: 0.1865, Lift: 1.7348, Factor: 1; 15669863 (Moong Dal) - Conf: 0.1820, Lift: 1.4669, Factor: 1"
8131815,15668684; 15668465; 15669856; 15669777; 15668467; 15669789; 7580802; 15668688; 15668381; 7594821; 15669859,Beans; Root Vegetables; Sugar; Urad Dal; Beans; Boiled Rice; Sunflower Oils; Root Vegetables; Other Vegetables; Instant Noodles; Toor Dal,15668460; 15669760; 15668381; 15668688; 15669878; 15668378; 15668379; 15668462; 15668467; 15668478,Gourd & Cucumber; Whole Spices; Other Vegetables; Root Vegetables; Toor Dal; Other Vegetables; Other Vegetables; Gourd & Cucumber; Beans; Banana,"15668460 (Gourd & Cucumber) - Conf: 0.4554, Lift: 2.4674, Factor: 1; 15669760 (Whole Spices) - Conf: 0.3992, Lift: 3.3414, Factor: 1; 15668381 (Other Vegetables) - Conf: 0.3695, Lift: 1.8093, Factor: 1; 15668688 (Root Vegetables) - Conf: 0.3189, Lift: 1.7170, Factor: 1; 15669878 (Toor Dal) - Conf: 0.2975, Lift: 1.7348, Factor: 1; 15668378 (Other Vegetables) - Conf: 0.2837, Lift: 2.0794, Factor: 1; 15668379 (Other Vegetables) - Conf: 0.2698, Lift: 1.4617, Factor: 1; 15668462 (Gourd & Cucumber) - Conf: 0.2579, Lift: 2.0591, Factor: 1; 15668467 (Beans) - Conf: 0.2531, Lift: 1.8820, Factor: 1; 15668478 (Banana) - Conf: 0.2448, Lift: 1.7170, Factor: 1"
8132311,7569806; 15669859; 15669861; 15669885; 15669863; 15669778; 15669866; 15669760; 7569799; 15668379; 15668381; 15669772; 15668465,Namkeen; Toor Dal; Raw Peanuts; Moong Dal; Moong Dal; Other Dals; Other Dals; Whole Spices; Namkeen; Other Vegetables; Other Vegetables; Other Dals; Root Vegetables,15669760; 15668381; 15668688; 15668460; 15668379; 15669878; 15668467; 15668478; 15668462; 15668465,Whole Spices; Other Vegetables; Root Vegetables; Gourd & Cucumber; Other Vegetables; Toor Dal; Beans; Banana; Gourd & Cucumber; Root Vegetables,"15669760 (Whole Spices) - Conf: 0.3992, Lift: 3.3414, Factor: 1; 15668381 (Other Vegetables) - Conf: 0.3695, Lift: 1.8093, Factor: 1; 15668688 (Root Vegetables) - Conf: 0.3496, Lift: 1.8820, Factor: 1; 15668460 (Gourd & Cucumber) - Conf: 0.3446, Lift: 1.8670, Factor: 1; 15668379 (Other Vegetables) - Conf: 0.3415, Lift: 1.8499, Factor: 1; 15669878 (Toor Dal) - Conf: 0.2975, Lift: 1.7348, Factor: 1; 15668467 (Beans) - Conf: 0.2769, Lift: 2.0591, Factor: 1; 15668478 (Banana) - Conf: 0.2619, Lift: 1.8369, Factor: 1; 15668462 (Gourd & Cucumber) - Conf: 0.2579, Lift: 2.0591, Factor: 1; 15668465 (Root Vegetables) - Conf: 0.2573, Lift: 1.9869, Factor: 1"
8133089,15668451; 15668379; 15668375; 15668477; 15668473; 15668460; 15668416; 15668381,Brinjals; Other Vegetables; Root Vegetables; Exotic Vegetables; Beans; Gourd & Cucumber; Banana; Other Vegetables,15669760; 15668381; 15668688; 15668460; 15668379; 15669878; 15669777; 15668467; 15668478; 15668462,Whole Spices; Other Vegetables; Root Vegetables; Gourd & Cucumber; Other Vegetables; Toor Dal; Urad Dal; Beans; Banana; Gourd & Cucumber,"15669760 (Whole Spices) - Conf: 0.3992, Lift: 3.3414, Factor: 1; 15668381 (Other Vegetables) - Conf: 0.3695, Lift: 1.8093, Factor: 1; 15668688 (Root Vegetables) - Conf: 0.3690, Lift: 1.9869, Factor: 1; 15668460 (Gourd & Cucumber) - Conf: 0.3446, Lift: 1.8670, Factor: 1; 15668379 (Other Vegetables) - Conf: 0.3415, Lift: 1.8499, Factor: 1; 15669878 (Toor Dal) - Conf: 0.2975, Lift: 1.7348, Factor: 1; 15669777 (Urad Dal) - Conf: 0.2888, Lift: 2.5928, Factor: 1; 15668467 (Beans) - Conf: 0.2769, Lift: 2.0591, Factor: 1; 15668478 (Banana) - Conf: 0.2619, Lift: 1.8369, Factor: 1; 15668462 (Gourd & Cucumber) - Conf: 0.2579, Lift: 2.0591, Factor: 1"
8133653,15668478; 7613349; 21409004; 15669829; 15670270; 7572311; 15669863; 7593949; 15669856; 15668378,Banana; Honey; Other Dals; Raw Rice; Other Dals; Namkeen; Moong Dal; Cream Biscuits; Sugar; Other Vegetables,15669869; 15669821; 15668379; 15668467; 15668688; 15668465; 15668458; 15669863,Moong Dal; Whole Spices; Other Vegetables; Beans; Root Vegetables; Root Vegetables; Brinjals; Moong Dal,"15669869 (Moong Dal) - Conf: 0.3287, Lift: 2.5928, Factor: 1; 15669821 (Whole Spices) - Conf: 0.3065, Lift: 3.3414, Factor: 1; 15668379 (Other Vegetables) - Conf: 0.3008, Lift: 1.6298, Factor: 1; 15668467 (Beans) - Conf: 0.2797, Lift: 2.0794, Factor: 1; 15668688 (Root Vegetables) - Conf: 0.2585, Lift: 1.3917, Factor: 1; 15668465 (Root Vegetables) - Conf: 0.2378, Lift: 1.8369, Factor: 1; 15668458 (Brinjals) - Conf: 0.1921, Lift: 2.4674, Factor: 1; 15669863 (Moong Dal) - Conf: 0.1820, Lift: 1.4669, Factor: 1"
8133840,15669878; 15668416; 15668377; 7547271; 21409002; 7570665; 15669972; 7582053; 15669789; 15669772,Toor Dal; Banana; Root Vegetables; Liquid Soaps & Bars; Moong Dal; Toothpaste; Cashews; Health Drinks; Boiled Rice; Other Dals,15668379; 15668688; 15668460,Other Vegetables; Root Vegetables; Gourd & Cucumber,"15668379 (Other Vegetables) - Conf: 0.2492, Lift: 1.3502, Factor: 1; 15668688 (Root Vegetables) - Conf: 0.2458, Lift: 1.3231, Factor: 1; 15668460 (Gourd & Cucumber) - Conf: 0.2440, Lift: 1.3221, Factor: 1"
8133880,15670157; 15668478; 7587698; 7587673; 15668688; 15668520,Organic F&V; Banana; Organic Flours; Organic Dals & Pulses; Root Vegetables; Bread,15668379; 15668381; 15668378; 15668688; 15669878; 15668465; 15669863,Other Vegetables; Other Vegetables; Other Vegetables; Root Vegetables; Toor Dal; Root Vegetables; Moong Dal,"15668379 (Other Vegetables) - Conf: 0.3008, Lift: 1.6298, Factor: 1; 15668381 (Other Vegetables) - Conf: 0.2985, Lift: 1.4617, Factor: 1; 15668378 (Other Vegetables) - Conf: 0.2837, Lift: 2.0794, Factor: 1; 15668688 (Root Vegetables) - Conf: 0.2713, Lift: 1.4609, Factor: 1; 15669878 (Toor Dal) - Conf: 0.2630, Lift: 1.5338, Factor: 1; 15668465 (Root Vegetables) - Conf: 0.2378, Lift: 1.8369, Factor: 1; 15669863 (Moong Dal) - Conf: 0.1820, Lift: 1.4669, Factor: 1"
8134370,15669856; 15668379; 15669881; 15669817; 15669791; 15668520; 15669773; 15669887; 15669878,Sugar; Other Vegetables; Sooji & Rava; Whole Spices; Raw Rice; Bread; Urad Dal; Maida; Toor Dal,15668688; 15668460; 15668379; 15668467; 15668478; 15668465; 15668685,Root Vegetables; Gourd & Cucumber; Other Vegetables; Beans; Banana; Root Vegetables; Beans,"15668688 (Root Vegetables) - Conf: 0.3496, Lift: 1.8820, Factor: 1; 15668460 (Gourd & Cucumber) - Conf: 0.3446, Lift: 1.8670, Factor: 1; 15668379 (Other Vegetables) - Conf: 0.3415, Lift: 1.8499, Factor: 1; 15668467 (Beans) - Conf: 0.2769, Lift: 2.0591, Factor: 1; 15668478 (Banana) - Conf: 0.2619, Lift: 1.8369, Factor: 1; 15668465 (Root Vegetables) - Conf: 0.2573, Lift: 1.9869, Factor: 1; 15668685 (Beans) - Conf: 0.1528, Lift: 1.9633, Factor: 1"
8134798,34989499; 15669875; 15668463; 34989595; 15668381; 21409004,Other Dals; Toor Dal; Gourd & Cucumber; Raisins; Other Vegetables; Other Dals,15669760; 15668381; 15668460; 15668688; 15669878; 15668462; 15668478; 15668378; 15668465,Whole Spices; Other Vegetables; Gourd & Cucumber; Root Vegetables; Toor Dal; Gourd & Cucumber; Banana; Other Vegetables; Root Vegetables,"15669760 (Whole Spices) - Conf: 0.3992, Lift: 3.3414, Factor: 1; 15668381 (Other Vegetables) - Conf: 0.3695, Lift: 1.8093, Factor: 1; 15668460 (Gourd & Cucumber) - Conf: 0.3037, Lift: 1.6454, Factor: 1; 15668688 (Root Vegetables) - Conf: 0.3027, Lift: 1.6298, Factor: 1; 15669878 (Toor Dal) - Conf: 0.2975, Lift: 1.7348, Factor: 1; 15668462 (Gourd & Cucumber) - Conf: 0.2579, Lift: 2.0591, Factor: 1; 15668478 (Banana) - Conf: 0.2448, Lift: 1.7170, Factor: 1; 15668378 (Other Vegetables) - Conf: 0.2317, Lift: 1.6987, Factor: 1; 15668465 (Root Vegetables) - Conf: 0.2088, Lift: 1.6124, Factor: 1"
8135835,15669778; 15669881; 15669783; 15669787; 15670267; 15669874; 21408947; 15669780,Other Dals; Sooji & Rava; Sooji & Rava; Raw Rice; Toor Dal; Avalakki / Poha; Other Rice Products; Sugar,15668460,Gourd & Cucumber,"15668460 (Gourd & Cucumber) - Conf: 0.2443, Lift: 1.3233, Factor: 1"
8136393,15669884; 93141023; 15669870; 7570497; 15669883; 34987110; 15669760; 15669861; 15669860; 15669803; 15669859; 7586314; 34987568; 7571385; 15669877,"Whole Spices; Yogurt & Lassi; Sooji & Rava; Toothpaste; Rice Flour; Curd; Whole Spices; Raw Peanuts; Moong Dal; Cashews; Toor Dal; Snacky Nuts; Whole Spices; Glucose, Marie & Milk Biscuits; Whole Spices",15668378; 15668468,Other Vegetables; Beans,"15668378 (Other Vegetables) - Conf: 0.1805, Lift: 1.3231, Factor: 1; 15668468 (Beans) - Conf: 0.1754, Lift: 1.3874, Factor: 1"
8136539,15668465; 15669878; 15669863; 15668378; 15668449; 15668381; 15669778; 15668688,Root Vegetables; Toor Dal; Moong Dal; Other Vegetables; Exotic Vegetables; Other Vegetables; Other Dals; Root Vegetables,15669760; 15668381; 15669869; 15668688; 15669821; 15668460; 15669878; 15668378; 15668467; 15668379,Whole Spices; Other Vegetables; Moong Dal; Root Vegetables; Whole Spices; Gourd & Cucumber; Toor Dal; Other Vegetables; Beans; Other Vegetables,"15669760 (Whole Spices) - Conf: 0.3992, Lift: 3.3414, Factor: 1; 15668381 (Other Vegetables) - Conf: 0.3695, Lift: 1.8093, Factor: 1; 15669869 (Moong Dal) - Conf: 0.3287, Lift: 2.5928, Factor: 1; 15668688 (Root Vegetables) - Conf: 0.3189, Lift: 1.7170, Factor: 1; 15669821 (Whole Spices) - Conf: 0.3065, Lift: 3.3414, Factor: 1; 15668460 (Gourd & Cucumber) - Conf: 0.3037, Lift: 1.6454, Factor: 1; 15669878 (Toor Dal) - Conf: 0.2975, Lift: 1.7348, Factor: 1; 15668378 (Other Vegetables) - Conf: 0.2837, Lift: 2.0794, Factor: 1; 15668467 (Beans) - Conf: 0.2797, Lift: 2.0794, Factor: 1; 15668379 (Other Vegetables) - Conf: 0.2698, Lift: 1.4617, Factor: 1"
8136707,15669785; 15669790; 15669777; 15668377; 34987567; 15668416,Boiled Rice; Other Rice Products; Urad Dal; Root Vegetables; Whole Spices; Banana,15668381,Other Vegetables,"15668381 (Other Vegetables) - Conf: 0.2703, Lift: 1.3233, Factor: 1"
8137302,15669878; 15669869; 15669887; 7574242; 15668478; 15669775; 15668375,Toor Dal; Moong Dal; Maida; Vermicelli; Banana; Sooji & Rava; Root Vegetables,15668379; 15668688; 15668460; 15668465; 15668478; 15669863; 15668467,Other Vegetables; Root Vegetables; Gourd & Cucumber; Root Vegetables; Banana; Moong Dal; Beans,"15668379 (Other Vegetables) - Conf: 0.3008, Lift: 1.6298, Factor: 1; 15668688 (Root Vegetables) - Conf: 0.2585, Lift: 1.3917, Factor: 1; 15668460 (Gourd & Cucumber) - Conf: 0.2440, Lift: 1.3221, Factor: 1; 15668465 (Root Vegetables) - Conf: 0.2378, Lift: 1.8369, Factor: 1; 15668478 (Banana) - Conf: 0.1887, Lift: 1.3233, Factor: 1; 15669863 (Moong Dal) - Conf: 0.1820, Lift: 1.4669, Factor: 1; 15668467 (Beans) - Conf: 0.1775, Lift: 1.3195, Factor: 1"
8138170,15669790; 15669864; 15669772; 15669856; 15669873; 15669773; 7561510; 15669868; 15669817; 7569802; 15669778,Other Rice Products; Other Dals; Other Dals; Sugar; Whole Spices; Urad Dal; Namkeen; Other Dals; Whole Spices; Namkeen; Other Dals,,,
8138408,15669794; 15669773; 15669811; 15669818; 7637309; 15669970; 15668375,Other Dry Fruits; Urad Dal; Almonds; Whole Spices; Mosquito Repellent; Cashews; Root Vegetables,,,
8138811,15668458; 15668460; 15669764; 34987110; 7579535; 15668379; 15668468; 15668375; 15668381,Brinjals; Gourd & Cucumber; Besan; Curd; Other Sweets; Other Vegetables; Beans; Root Vegetables; Other Vegetables,15669760; 15668381; 15668688; 15668460; 15668379; 15669878; 15669777; 15668467; 15668478; 15668462,Whole Spices; Other Vegetables; Root Vegetables; Gourd & Cucumber; Other Vegetables; Toor Dal; Urad Dal; Beans; Banana; Gourd & Cucumber,"15669760 (Whole Spices) - Conf: 0.3992, Lift: 3.3414, Factor: 1; 15668381 (Other Vegetables) - Conf: 0.3695, Lift: 1.8093, Factor: 1; 15668688 (Root Vegetables) - Conf: 0.3690, Lift: 1.9869, Factor: 1; 15668460 (Gourd & Cucumber) - Conf: 0.3446, Lift: 1.8670, Factor: 1; 15668379 (Other Vegetables) - Conf: 0.3415, Lift: 1.8499, Factor: 1; 15669878 (Toor Dal) - Conf: 0.2975, Lift: 1.7348, Factor: 1; 15669777 (Urad Dal) - Conf: 0.2888, Lift: 2.5928, Factor: 1; 15668467 (Beans) - Conf: 0.2769, Lift: 2.0591, Factor: 1; 15668478 (Banana) - Conf: 0.2619, Lift: 1.8369, Factor: 1; 15668462 (Gourd & Cucumber) - Conf: 0.2579, Lift: 2.0591, Factor: 1"
8139620,15669771; 15668460; 15668463; 15668453; 15668473; 15668448; 15668377,Maida; Gourd & Cucumber; Gourd & Cucumber; Brinjals; Beans; Exotic Vegetables; Root Vegetables,15668688; 15668460; 15669777; 15669878; 15668478; 15669780; 15668467; 15668465; 15668468,Root Vegetables; Gourd & Cucumber; Urad Dal; Toor Dal; Banana; Sugar; Beans; Root Vegetables; Beans,"15668688 (Root Vegetables) - Conf: 0.3690, Lift: 1.9869, Factor: 1; 15668460 (Gourd & Cucumber) - Conf: 0.3340, Lift: 1.8093, Factor: 1; 15669777 (Urad Dal) - Conf: 0.2888, Lift: 2.5928, Factor: 1; 15669878 (Toor Dal) - Conf: 0.2736, Lift: 1.5952, Factor: 1; 15668478 (Banana) - Conf: 0.2276, Lift: 1.5960, Factor: 1; 15669780 (Sugar) - Conf: 0.2270, Lift: 1.5338, Factor: 1; 15668467 (Beans) - Conf: 0.2151, Lift: 1.5993, Factor: 1; 15668465 (Root Vegetables) - Conf: 0.2000, Lift: 1.5446, Factor: 1; 15668468 (Beans) - Conf: 0.1962, Lift: 1.5525, Factor: 1"
8139913,15669861; 7570487; 15669863; 15670267; 15669781; 15669790; 15669818,Raw Peanuts; Shaving Blade & Razors; Moong Dal; Toor Dal; Rice Flour; Other Rice Products; Whole Spices,15668465,Root Vegetables,"15668465 (Root Vegetables) - Conf: 0.1712, Lift: 1.3221, Factor: 1"
8140923,34986328; 15669764; 34986129; 15669869; 15669824; 15669782; 34986119; 15669823,Toor Dal; Besan; Whole Spices; Moong Dal; Raw Rice; Raw Rice; Whole Spices; Whole Spices,15668478; 15668467; 15668462,Banana; Beans; Gourd & Cucumber,"15668478 (Banana) - Conf: 0.1887, Lift: 1.3233, Factor: 1; 15668467 (Beans) - Conf: 0.1775, Lift: 1.3195, Factor: 1; 15668462 (Gourd & Cucumber) - Conf: 0.1691, Lift: 1.3502, Factor: 1"
8141158,15669772; 15668378; 15669864; 15669988; 15668478; 34990774; 7642814; 15669807; 15669859,Other Dals; Other Vegetables; Other Dals; Other Dals; Banana; Eggs; Basmati Rice; Other Dry Fruits; Toor Dal,15669869; 15669821; 15668379; 15668467; 15668688; 15668465; 15668458; 15669863,Moong Dal; Whole Spices; Other Vegetables; Beans; Root Vegetables; Root Vegetables; Brinjals; Moong Dal,"15669869 (Moong Dal) - Conf: 0.3287, Lift: 2.5928, Factor: 1; 15669821 (Whole Spices) - Conf: 0.3065, Lift: 3.3414, Factor: 1; 15668379 (Other Vegetables) - Conf: 0.3008, Lift: 1.6298, Factor: 1; 15668467 (Beans) - Conf: 0.2797, Lift: 2.0794, Factor: 1; 15668688 (Root Vegetables) - Conf: 0.2585, Lift: 1.3917, Factor: 1; 15668465 (Root Vegetables) - Conf: 0.2378, Lift: 1.8369, Factor: 1; 15668458 (Brinjals) - Conf: 0.1921, Lift: 2.4674, Factor: 1; 15669863 (Moong Dal) - Conf: 0.1820, Lift: 1.4669, Factor: 1"
8141498,15669769; 15668542; 15669857; 15669832; 15669874; 15669883; 7625761; 15669821; 7572432; 15669772; 15669814; 15669873; 15669764; 15669760,Other Dals; Buns & Pavs; Raw Peanuts; Sugar; Avalakki / Poha; Rice Flour; Sunflower Oils; Whole Spices; Cooking Paste; Other Dals; Jaggery; Whole Spices; Besan; Whole Spices,15668460; 15668468; 15668462,Gourd & Cucumber; Beans; Gourd & Cucumber,"15668460 (Gourd & Cucumber) - Conf: 0.2561, Lift: 1.3874, Factor: 1; 15668468 (Beans) - Conf: 0.1754, Lift: 1.3874, Factor: 1; 15668462 (Gourd & Cucumber) - Conf: 0.1691, Lift: 1.3502, Factor: 1"
8141684,34986134; 21409004; 15669954; 15669760; 29247044; 15669761; 7624788,Whole Spices; Other Dals; Other Dry Fruits; Whole Spices; Besan; Whole Spices; Ghee,15668468,Beans,"15668468 (Beans) - Conf: 0.1754, Lift: 1.3874, Factor: 1"
8141867,15669778; 7569806; 15669771; 34987565; 7572300; 15669856; 15669862,Other Dals; Namkeen; Maida; Powdered Spices; Namkeen; Sugar; Other Dals,,,
8142419,15670009; 15669873; 15669958; 15669866; 7587660; 7587494; 21409124; 15670271; 15669964,Almonds; Whole Spices; Other Dry Fruits; Other Dals; Organic Flours; Organic Masalas & Spices; Sugar Cubes; Other Dals; Raisins,,,
8143429,15670271; 15669835; 15669760; 15669777; 15669861; 15669872; 15669880; 15669781; 15670267; 7580823,Other Dals; Raw Rice; Whole Spices; Urad Dal; Raw Peanuts; Avalakki / Poha; Sooji & Rava; Rice Flour; Toor Dal; Sunflower Oils,15668381; 15668468,Other Vegetables; Beans,"15668381 (Other Vegetables) - Conf: 0.2703, Lift: 1.3233, Factor: 1; 15668468 (Beans) - Conf: 0.1754, Lift: 1.3874, Factor: 1"
8143536,15669780; 15669777; 15669823; 34986129; 34986328; 15669803; 15669760,Sugar; Urad Dal; Whole Spices; Whole Spices; Toor Dal; Cashews; Whole Spices,15668381; 15668460; 15668468,Other Vegetables; Gourd & Cucumber; Beans,"15668381 (Other Vegetables) - Conf: 0.2703, Lift: 1.3233, Factor: 1; 15668460 (Gourd & Cucumber) - Conf: 0.2443, Lift: 1.3233, Factor: 1; 15668468 (Beans) - Conf: 0.1754, Lift: 1.3874, Factor: 1"
8144965,15670241; 15669760; 15669818; 15669776; 15669861; 15669814; 15669883; 7580034; 7593949; 15669775,Organic F&V; Whole Spices; Whole Spices; Other Dals; Raw Peanuts; Jaggery; Rice Flour; Ice Creams & Desserts; Cream Biscuits; Sooji & Rava,15668468,Beans,"15668468 (Beans) - Conf: 0.1754, Lift: 1.3874, Factor: 1"
8145266,7625765; 15669776; 15669821; 15669856; 21408947; 34987566; 15668380; 15669827; 15669775; 15668453; 15668381; 15669767; 15669872; 15669777; 7753779,Sunflower Oils; Other Dals; Whole Spices; Sugar; Other Rice Products; Whole Spices; Other Vegetables; Toor Dal; Sooji & Rava; Brinjals; Other Vegetables; Urad Dal; Avalakki / Poha; Urad Dal; Health Drinks,15669760; 15668381; 15668460; 15668688; 15669878; 15668462; 15668478; 15668378; 15668465,Whole Spices; Other Vegetables; Gourd & Cucumber; Root Vegetables; Toor Dal; Gourd & Cucumber; Banana; Other Vegetables; Root Vegetables,"15669760 (Whole Spices) - Conf: 0.3992, Lift: 3.3414, Factor: 1; 15668381 (Other Vegetables) - Conf: 0.3695, Lift: 1.8093, Factor: 1; 15668460 (Gourd & Cucumber) - Conf: 0.3037, Lift: 1.6454, Factor: 1; 15668688 (Root Vegetables) - Conf: 0.3027, Lift: 1.6298, Factor: 1; 15669878 (Toor Dal) - Conf: 0.2975, Lift: 1.7348, Factor: 1; 15668462 (Gourd & Cucumber) - Conf: 0.2579, Lift: 2.0591, Factor: 1; 15668478 (Banana) - Conf: 0.2448, Lift: 1.7170, Factor: 1; 15668378 (Other Vegetables) - Conf: 0.2317, Lift: 1.6987, Factor: 1; 15668465 (Root Vegetables) - Conf: 0.2088, Lift: 1.6124, Factor: 1"
8145688,15669772; 15668475; 93073679; 15669863; 15669859; 15669765; 7572312; 15669885; 7572314,Other Dals; Beans; Namkeen; Moong Dal; Toor Dal; Urad Dal; Namkeen; Moong Dal; Namkeen,15668465,Root Vegetables,"15668465 (Root Vegetables) - Conf: 0.1712, Lift: 1.3221, Factor: 1"
8146703,34986123; 15669880; 34986118; 15669760; 34987568; 15668520,Whole Spices; Sooji & Rava; Whole Spices; Whole Spices; Whole Spices; Bread,15668468,Beans,"15668468 (Beans) - Conf: 0.1754, Lift: 1.3874, Factor: 1"
8148898,15669765; 15669876; 7580823; 7587493; 15669772; 15668377; 15668469; 15669885; 15669824; 15669817; 15669869; 15668381; 15669777; 15668465; 15669763; 21409004; 15669778; 15669769,"Urad Dal; Toor Dal; Sunflower Oils; Organic Salt,Sugar & Jaggery; Other Dals; Root Vegetables; Beans; Moong Dal; Raw Rice; Whole Spices; Moong Dal; Other Vegetables; Urad Dal; Root Vegetables; Other Dals; Other Dals; Other Dals; Other Dals",15669760; 15668381; 15668688; 15668460; 15669878; 15668379; 15668462; 15668467; 15668478; 15668378,Whole Spices; Other Vegetables; Root Vegetables; Gourd & Cucumber; Toor Dal; Other Vegetables; Gourd & Cucumber; Beans; Banana; Other Vegetables,"15669760 (Whole Spices) - Conf: 0.3992, Lift: 3.3414, Factor: 1; 15668381 (Other Vegetables) - Conf: 0.3695, Lift: 1.8093, Factor: 1; 15668688 (Root Vegetables) - Conf: 0.3189, Lift: 1.7170, Factor: 1; 15668460 (Gourd & Cucumber) - Conf: 0.3037, Lift: 1.6454, Factor: 1; 15669878 (Toor Dal) - Conf: 0.2975, Lift: 1.7348, Factor: 1; 15668379 (Other Vegetables) - Conf: 0.2698, Lift: 1.4617, Factor: 1; 15668462 (Gourd & Cucumber) - Conf: 0.2579, Lift: 2.0591, Factor: 1; 15668467 (Beans) - Conf: 0.2531, Lift: 1.8820, Factor: 1; 15668478 (Banana) - Conf: 0.2448, Lift: 1.7170, Factor: 1; 15668378 (Other Vegetables) - Conf: 0.2317, Lift: 1.6987, Factor: 1"
8149114,34992815; 7594523; 21410792; 7598777; 7571454; 21410793; 7580780; 7570497,Cookies; Cream Biscuits; Cookies; Agarbatti; Cream Biscuits; Cookies; Hand Wash; Toothpaste,,,
8149245,15669856; 15669875; 15670267; 15669884; 29247044; 34989501; 92436884; 15669863; 15669777; 7547323; 15669861; 7624790,"Sugar; Toor Dal; Toor Dal; Whole Spices; Besan; Other Dals; Glucose, Marie & Milk Biscuits; Moong Dal; Urad Dal; Liquid Soaps & Bars; Raw Peanuts; Ghee",15668381; 15668465,Other Vegetables; Root Vegetables,"15668381 (Other Vegetables) - Conf: 0.2703, Lift: 1.3233, Factor: 1; 15668465 (Root Vegetables) - Conf: 0.1712, Lift: 1.3221, Factor: 1"
8150141,92435927; 34986112; 21408952; 15669878; 15669771; 15669863; 34986129; 29247044; 15669860; 15669885,Basmati Rice; Whole Spices; Whole Spices; Toor Dal; Maida; Moong Dal; Whole Spices; Besan; Moong Dal; Moong Dal,15668379; 15668688; 15668460; 15668378; 15668465,Other Vegetables; Root Vegetables; Gourd & Cucumber; Other Vegetables; Root Vegetables,"15668379 (Other Vegetables) - Conf: 0.2492, Lift: 1.3502, Factor: 1; 15668688 (Root Vegetables) - Conf: 0.2458, Lift: 1.3231, Factor: 1; 15668460 (Gourd & Cucumber) - Conf: 0.2440, Lift: 1.3221, Factor: 1; 15668378 (Other Vegetables) - Conf: 0.1805, Lift: 1.3231, Factor: 1; 15668465 (Root Vegetables) - Conf: 0.1712, Lift: 1.3221, Factor: 1"
8150875,7757971; 15668460; 15669767; 15669777; 15668453; 15668381; 15669883; 15668470; 15669771,Ghee; Gourd & Cucumber; Urad Dal; Urad Dal; Brinjals; Other Vegetables; Rice Flour; Beans; Maida,15669760; 15668381; 15668688; 15668460; 15669878; 15669777; 15668462; 15668478; 15668378; 15669780,Whole Spices; Other Vegetables; Root Vegetables; Gourd & Cucumber; Toor Dal; Urad Dal; Gourd & Cucumber; Banana; Other Vegetables; Sugar,"15669760 (Whole Spices) - Conf: 0.3992, Lift: 3.3414, Factor: 1; 15668381 (Other Vegetables) - Conf: 0.3695, Lift: 1.8093, Factor: 1; 15668688 (Root Vegetables) - Conf: 0.3690, Lift: 1.9869, Factor: 1; 15668460 (Gourd & Cucumber) - Conf: 0.3340, Lift: 1.8093, Factor: 1; 15669878 (Toor Dal) - Conf: 0.2975, Lift: 1.7348, Factor: 1; 15669777 (Urad Dal) - Conf: 0.2888, Lift: 2.5928, Factor: 1; 15668462 (Gourd & Cucumber) - Conf: 0.2579, Lift: 2.0591, Factor: 1; 15668478 (Banana) - Conf: 0.2448, Lift: 1.7170, Factor: 1; 15668378 (Other Vegetables) - Conf: 0.2317, Lift: 1.6987, Factor: 1; 15669780 (Sugar) - Conf: 0.2270, Lift: 1.5338, Factor: 1"
8151550,15669799; 15669827; 15669965; 15669971; 15669805; 15669810; 15669835; 15669798,Raisins; Toor Dal; Raisins; Cashews; Cashews; Almonds; Raw Rice; Raisins,,,
8152370,15668379; 7572433; 15668520; 15669861; 7625765; 34986130; 7572252,Other Vegetables; Cooking Paste; Bread; Raw Peanuts; Sunflower Oils; Whole Spices; Cooking Paste,15668688; 15668460; 15668379; 15668467; 15668478; 15668465; 15668685,Root Vegetables; Gourd & Cucumber; Other Vegetables; Beans; Banana; Root Vegetables; Beans,"15668688 (Root Vegetables) - Conf: 0.3496, Lift: 1.8820, Factor: 1; 15668460 (Gourd & Cucumber) - Conf: 0.3446, Lift: 1.8670, Factor: 1; 15668379 (Other Vegetables) - Conf: 0.3415, Lift: 1.8499, Factor: 1; 15668467 (Beans) - Conf: 0.2769, Lift: 2.0591, Factor: 1; 15668478 (Banana) - Conf: 0.2619, Lift: 1.8369, Factor: 1; 15668465 (Root Vegetables) - Conf: 0.2573, Lift: 1.9869, Factor: 1; 15668685 (Beans) - Conf: 0.1528, Lift: 1.9633, Factor: 1"
8152500,15669857; 7577678; 15669817; 7637309; 92388173; 29247044; 7752915,Raw Peanuts; Cream Biscuits; Whole Spices; Mosquito Repellent; Namkeen; Besan; Health Supplements,,,
8152823,21408953; 15669775; 7598777; 15669878; 15669764; 15669838; 15669805; 15669861; 15668688; 21409125; 15669780,Whole Spices; Sooji & Rava; Agarbatti; Toor Dal; Besan; Raw Rice; Cashews; Raw Peanuts; Root Vegetables; Sugar Cubes; Sugar,15668381; 15668378; 15668688; 15669878; 15668379; 15668460; 15668465; 15668462,Other Vegetables; Other Vegetables; Root Vegetables; Toor Dal; Other Vegetables; Gourd & Cucumber; Root Vegetables; Gourd & Cucumber,"15668381 (Other Vegetables) - Conf: 0.2985, Lift: 1.4617, Factor: 1; 15668378 (Other Vegetables) - Conf: 0.2837, Lift: 2.0794, Factor: 1; 15668688 (Root Vegetables) - Conf: 0.2713, Lift: 1.4609, Factor: 1; 15669878 (Toor Dal) - Conf: 0.2630, Lift: 1.5338, Factor: 1; 15668379 (Other Vegetables) - Conf: 0.2492, Lift: 1.3502, Factor: 1; 15668460 (Gourd & Cucumber) - Conf: 0.2443, Lift: 1.3233, Factor: 1; 15668465 (Root Vegetables) - Conf: 0.2350, Lift: 1.8146, Factor: 1; 15668462 (Gourd & Cucumber) - Conf: 0.1691, Lift: 1.3502, Factor: 1"
8153266,15669885; 93134499; 15668478; 7628092; 34987294; 15669988,"Moong Dal; Glucose, Marie & Milk Biscuits; Banana; Basmati Rice; Glucose, Marie & Milk Biscuits; Other Dals",15668379; 15668688; 15668465; 15669863,Other Vegetables; Root Vegetables; Root Vegetables; Moong Dal,"15668379 (Other Vegetables) - Conf: 0.3008, Lift: 1.6298, Factor: 1; 15668688 (Root Vegetables) - Conf: 0.2585, Lift: 1.3917, Factor: 1; 15668465 (Root Vegetables) - Conf: 0.2378, Lift: 1.8369, Factor: 1; 15669863 (Moong Dal) - Conf: 0.1820, Lift: 1.4669, Factor: 1"
8153361,15668381; 15669778; 21409004; 15669869; 15669866; 34986125; 15669817; 15669878; 15668380; 15668456,Other Vegetables; Other Dals; Other Dals; Moong Dal; Other Dals; Whole Spices; Whole Spices; Toor Dal; Other Vegetables; Brinjals,15669760; 15668381; 15668460; 15668688; 15669878; 15668462; 15668379; 15668478; 15668378; 15668465,Whole Spices; Other Vegetables; Gourd & Cucumber; Root Vegetables; Toor Dal; Gourd & Cucumber; Other Vegetables; Banana; Other Vegetables; Root Vegetables,"15669760 (Whole Spices) - Conf: 0.3992, Lift: 3.3414, Factor: 1; 15668381 (Other Vegetables) - Conf: 0.3695, Lift: 1.8093, Factor: 1; 15668460 (Gourd & Cucumber) - Conf: 0.3037, Lift: 1.6454, Factor: 1; 15668688 (Root Vegetables) - Conf: 0.3027, Lift: 1.6298, Factor: 1; 15669878 (Toor Dal) - Conf: 0.2975, Lift: 1.7348, Factor: 1; 15668462 (Gourd & Cucumber) - Conf: 0.2579, Lift: 2.0591, Factor: 1; 15668379 (Other Vegetables) - Conf: 0.2492, Lift: 1.3502, Factor: 1; 15668478 (Banana) - Conf: 0.2448, Lift: 1.7170, Factor: 1; 15668378 (Other Vegetables) - Conf: 0.2317, Lift: 1.6987, Factor: 1; 15668465 (Root Vegetables) - Conf: 0.2088, Lift: 1.6124, Factor: 1"
8153963,15670270; 15669974; 15668688; 15668462; 15670009; 15668379; 15668469; 15668471,Other Dals; Other Dry Fruits; Root Vegetables; Gourd & Cucumber; Almonds; Other Vegetables; Beans; Beans,15668381; 15668688; 15668460; 15668379; 15668378; 15668467; 15669878; 15668478; 15668465; 15669860,Other Vegetables; Root Vegetables; Gourd & Cucumber; Other Vegetables; Other Vegetables; Beans; Toor Dal; Banana; Root Vegetables; Moong Dal,"15668381 (Other Vegetables) - Conf: 0.4010, Lift: 1.9633, Factor: 1; 15668688 (Root Vegetables) - Conf: 0.3496, Lift: 1.8820, Factor: 1; 15668460 (Gourd & Cucumber) - Conf: 0.3446, Lift: 1.8670, Factor: 1; 15668379 (Other Vegetables) - Conf: 0.3415, Lift: 1.8499, Factor: 1; 15668378 (Other Vegetables) - Conf: 0.2837, Lift: 2.0794, Factor: 1; 15668467 (Beans) - Conf: 0.2769, Lift: 2.0591, Factor: 1; 15669878 (Toor Dal) - Conf: 0.2630, Lift: 1.5338, Factor: 1; 15668478 (Banana) - Conf: 0.2619, Lift: 1.8369, Factor: 1; 15668465 (Root Vegetables) - Conf: 0.2573, Lift: 1.9869, Factor: 1; 15669860 (Moong Dal) - Conf: 0.1865, Lift: 1.7348, Factor: 1"
8154900,15669774; 15668685; 15669775; 15668467; 15669859; 15668688; 15669789; 15669773; 15669790,Urad Dal; Beans; Sooji & Rava; Beans; Toor Dal; Root Vegetables; Boiled Rice; Urad Dal; Other Rice Products,15668460; 15668381; 15668379; 15668378; 15668688; 15669878; 15668465; 15668462; 15668468,Gourd & Cucumber; Other Vegetables; Other Vegetables; Other Vegetables; Root Vegetables; Toor Dal; Root Vegetables; Gourd & Cucumber; Beans,"15668460 (Gourd & Cucumber) - Conf: 0.4554, Lift: 2.4674, Factor: 1; 15668381 (Other Vegetables) - Conf: 0.3171, Lift: 1.5525, Factor: 1; 15668379 (Other Vegetables) - Conf: 0.2976, Lift: 1.6124, Factor: 1; 15668378 (Other Vegetables) - Conf: 0.2837, Lift: 2.0794, Factor: 1; 15668688 (Root Vegetables) - Conf: 0.2713, Lift: 1.4609, Factor: 1; 15669878 (Toor Dal) - Conf: 0.2630, Lift: 1.5338, Factor: 1; 15668465 (Root Vegetables) - Conf: 0.2350, Lift: 1.8146, Factor: 1; 15668462 (Gourd & Cucumber) - Conf: 0.2338, Lift: 1.8670, Factor: 1; 15668468 (Beans) - Conf: 0.1846, Lift: 1.4609, Factor: 1"
8156893,15670248; 15668468; 15668451; 15668416; 15668375; 15669880; 15669856,Organic F&V; Beans; Brinjals; Banana; Root Vegetables; Sooji & Rava; Sugar,15668381; 15668468; 15668467; 15669764,Other Vegetables; Beans; Beans; Besan,"15668381 (Other Vegetables) - Conf: 0.3155, Lift: 1.5446, Factor: 1; 15668468 (Beans) - Conf: 0.2338, Lift: 1.8499, Factor: 1; 15668467 (Beans) - Conf: 0.2213, Lift: 1.6454, Factor: 1; 15669764 (Besan) - Conf: 0.1753, Lift: 1.4579, Factor: 1"
8156983,15669821; 15669773; 7587677; 7587667; 15669866; 15669993; 15668379; 7587694; 15669864; 15669817; 15669884; 15669860,Whole Spices; Urad Dal; Organic Dals & Pulses; Organic Dals & Pulses; Other Dals; Other Dals; Other Vegetables; Organic Masalas & Spices; Other Dals; Whole Spices; Whole Spices; Moong Dal,15668688; 15668460; 15668379; 15668467; 15668478; 15668465; 15668378; 15668685,Root Vegetables; Gourd & Cucumber; Other Vegetables; Beans; Banana; Root Vegetables; Other Vegetables; Beans,"15668688 (Root Vegetables) - Conf: 0.3496, Lift: 1.8820, Factor: 1; 15668460 (Gourd & Cucumber) - Conf: 0.3446, Lift: 1.8670, Factor: 1; 15668379 (Other Vegetables) - Conf: 0.3415, Lift: 1.8499, Factor: 1; 15668467 (Beans) - Conf: 0.2769, Lift: 2.0591, Factor: 1; 15668478 (Banana) - Conf: 0.2619, Lift: 1.8369, Factor: 1; 15668465 (Root Vegetables) - Conf: 0.2573, Lift: 1.9869, Factor: 1; 15668378 (Other Vegetables) - Conf: 0.1805, Lift: 1.3231, Factor: 1; 15668685 (Beans) - Conf: 0.1528, Lift: 1.9633, Factor: 1"
8157592,15669861; 15669863; 15669821; 7613346; 15669856; 15669872; 7718555; 15669827; 15669873; 15669810; 15669870; 29247172; 15669760; 15670270; 34986113; 15669773; 15669815; 15669880,Raw Peanuts; Moong Dal; Whole Spices; Honey; Sugar; Avalakki / Poha; Other Oils; Toor Dal; Whole Spices; Almonds; Sooji & Rava; Whole Spices; Whole Spices; Other Dals; Whole Spices; Urad Dal; Jaggery; Sooji & Rava,15668460; 15668468; 15668465,Gourd & Cucumber; Beans; Root Vegetables,"15668460 (Gourd & Cucumber) - Conf: 0.2561, Lift: 1.3874, Factor: 1; 15668468 (Beans) - Conf: 0.1754, Lift: 1.3874, Factor: 1; 15668465 (Root Vegetables) - Conf: 0.1712, Lift: 1.3221, Factor: 1"
8158290,15669884; 15669857; 15670267; 15669881; 15669760; 15669970; 15669777,Whole Spices; Raw Peanuts; Toor Dal; Sooji & Rava; Whole Spices; Cashews; Urad Dal,15668381; 15668468,Other Vegetables; Beans,"15668381 (Other Vegetables) - Conf: 0.2703, Lift: 1.3233, Factor: 1; 15668468 (Beans) - Conf: 0.1754, Lift: 1.3874, Factor: 1"
8158818,15669760; 34987566; 15668480; 15668378; 15668478; 7627860; 15670270; 15669789; 15668462; 7632452; 15668494; 15669863; 15668381; 34986123,Whole Spices; Whole Spices; Bread; Other Vegetables; Banana; Sunflower Oils; Other Dals; Boiled Rice; Gourd & Cucumber; Liquid Detergent; Exotic Vegetables; Moong Dal; Other Vegetables; Whole Spices,15668381; 15669760; 15669869; 15669821; 15668460; 15668688; 15668379; 15669878; 15668467; 15668462,Other Vegetables; Whole Spices; Moong Dal; Whole Spices; Gourd & Cucumber; Root Vegetables; Other Vegetables; Toor Dal; Beans; Gourd & Cucumber,"15668381 (Other Vegetables) - Conf: 0.4010, Lift: 1.9633, Factor: 1; 15669760 (Whole Spices) - Conf: 0.3992, Lift: 3.3414, Factor: 1; 15669869 (Moong Dal) - Conf: 0.3287, Lift: 2.5928, Factor: 1; 15669821 (Whole Spices) - Conf: 0.3065, Lift: 3.3414, Factor: 1; 15668460 (Gourd & Cucumber) - Conf: 0.3037, Lift: 1.6454, Factor: 1; 15668688 (Root Vegetables) - Conf: 0.3027, Lift: 1.6298, Factor: 1; 15668379 (Other Vegetables) - Conf: 0.3008, Lift: 1.6298, Factor: 1; 15669878 (Toor Dal) - Conf: 0.2975, Lift: 1.7348, Factor: 1; 15668467 (Beans) - Conf: 0.2797, Lift: 2.0794, Factor: 1; 15668462 (Gourd & Cucumber) - Conf: 0.2579, Lift: 2.0591, Factor: 1"
8159383,93141023; 7585573; 15669874; 34987629; 7610714; 15669881; 15669878,Yogurt & Lassi; Cakes; Avalakki / Poha; Milk Drinks; Corn Snacks; Sooji & Rava; Toor Dal,15668379; 15668688; 15668460,Other Vegetables; Root Vegetables; Gourd & Cucumber,"15668379 (Other Vegetables) - Conf: 0.2492, Lift: 1.3502, Factor: 1; 15668688 (Root Vegetables) - Conf: 0.2458, Lift: 1.3231, Factor: 1; 15668460 (Gourd & Cucumber) - Conf: 0.2440, Lift: 1.3221, Factor: 1"
8159930,7572302; 7594821; 15669866; 92388008; 34986328; 15669864; 15669780,Namkeen; Instant Noodles; Other Dals; Namkeen; Toor Dal; Other Dals; Sugar,15668460,Gourd & Cucumber,"15668460 (Gourd & Cucumber) - Conf: 0.2443, Lift: 1.3233, Factor: 1"
8162986,15669862; 15669767; 15669799; 7611899; 15669790; 7585571; 7585573; 7572300; 7570686; 15669859; 15669821; 15669863; 7569802; 15669882,Other Dals; Urad Dal; Raisins; Honey; Other Rice Products; Cakes; Cakes; Namkeen; Hair Colors & Dyes; Toor Dal; Whole Spices; Moong Dal; Namkeen; Sooji & Rava,15668460; 15668465,Gourd & Cucumber; Root Vegetables,"15668460 (Gourd & Cucumber) - Conf: 0.2561, Lift: 1.3874, Factor: 1; 15668465 (Root Vegetables) - Conf: 0.1712, Lift: 1.3221, Factor: 1"
8163444,15669868; 15669885; 15668453; 15669863; 7757971; 15668381,Other Dals; Moong Dal; Brinjals; Moong Dal; Ghee; Other Vegetables,15669760; 15668381; 15668460; 15668688; 15669878; 15668462; 15668478; 15668378; 15668465,Whole Spices; Other Vegetables; Gourd & Cucumber; Root Vegetables; Toor Dal; Gourd & Cucumber; Banana; Other Vegetables; Root Vegetables,"15669760 (Whole Spices) - Conf: 0.3992, Lift: 3.3414, Factor: 1; 15668381 (Other Vegetables) - Conf: 0.3695, Lift: 1.8093, Factor: 1; 15668460 (Gourd & Cucumber) - Conf: 0.3037, Lift: 1.6454, Factor: 1; 15668688 (Root Vegetables) - Conf: 0.3027, Lift: 1.6298, Factor: 1; 15669878 (Toor Dal) - Conf: 0.2975, Lift: 1.7348, Factor: 1; 15668462 (Gourd & Cucumber) - Conf: 0.2579, Lift: 2.0591, Factor: 1; 15668478 (Banana) - Conf: 0.2448, Lift: 1.7170, Factor: 1; 15668378 (Other Vegetables) - Conf: 0.2317, Lift: 1.6987, Factor: 1; 15668465 (Root Vegetables) - Conf: 0.2088, Lift: 1.6124, Factor: 1"
8165327,15668478; 15668468; 34987110; 15668480; 15668458; 15668688,Banana; Beans; Curd; Bread; Brinjals; Root Vegetables,15668381; 15668379; 15668378; 15668688; 15669878; 15668465; 15668468; 15668467; 15669863; 15669764,Other Vegetables; Other Vegetables; Other Vegetables; Root Vegetables; Toor Dal; Root Vegetables; Beans; Beans; Moong Dal; Besan,"15668381 (Other Vegetables) - Conf: 0.3266, Lift: 1.5993, Factor: 1; 15668379 (Other Vegetables) - Conf: 0.3008, Lift: 1.6298, Factor: 1; 15668378 (Other Vegetables) - Conf: 0.2837, Lift: 2.0794, Factor: 1; 15668688 (Root Vegetables) - Conf: 0.2713, Lift: 1.4609, Factor: 1; 15669878 (Toor Dal) - Conf: 0.2630, Lift: 1.5338, Factor: 1; 15668465 (Root Vegetables) - Conf: 0.2378, Lift: 1.8369, Factor: 1; 15668468 (Beans) - Conf: 0.2338, Lift: 1.8499, Factor: 1; 15668467 (Beans) - Conf: 0.2213, Lift: 1.6454, Factor: 1; 15669863 (Moong Dal) - Conf: 0.1820, Lift: 1.4669, Factor: 1; 15669764 (Besan) - Conf: 0.1753, Lift: 1.4579, Factor: 1"
8166326,7572433; 15668478; 15668453; 15668465; 7653522; 7572254,Cooking Paste; Banana; Brinjals; Root Vegetables; Namkeen; Cooking Sauce,15668688; 15668381; 15668379; 15668467; 15669878; 15668465; 15669869; 15669863,Root Vegetables; Other Vegetables; Other Vegetables; Beans; Toor Dal; Root Vegetables; Moong Dal; Moong Dal,"15668688 (Root Vegetables) - Conf: 0.3189, Lift: 1.7170, Factor: 1; 15668381 (Other Vegetables) - Conf: 0.3015, Lift: 1.4764, Factor: 1; 15668379 (Other Vegetables) - Conf: 0.3008, Lift: 1.6298, Factor: 1; 15668467 (Beans) - Conf: 0.2531, Lift: 1.8820, Factor: 1; 15669878 (Toor Dal) - Conf: 0.2516, Lift: 1.4669, Factor: 1; 15668465 (Root Vegetables) - Conf: 0.2378, Lift: 1.8369, Factor: 1; 15669869 (Moong Dal) - Conf: 0.2022, Lift: 1.5952, Factor: 1; 15669863 (Moong Dal) - Conf: 0.1820, Lift: 1.4669, Factor: 1"
8166910,15668466; 15670241; 15668377; 15670157; 15669961; 15670196,Root Vegetables; Organic F&V; Root Vegetables; Organic F&V; Other Dry Fruits; Organic F&V,,,
8169684,15668378; 15669769; 15669988; 15670251; 7572251; 7572433; 15669878; 15668460; 15668467; 15668462,Other Vegetables; Other Dals; Other Dals; Organic F&V; Cooking Paste; Cooking Paste; Toor Dal; Gourd & Cucumber; Beans; Gourd & Cucumber,15668460; 15668381; 15668688; 15669869; 15669821; 15668379; 15669777; 15668467; 15669878; 15668462,Gourd & Cucumber; Other Vegetables; Root Vegetables; Moong Dal; Whole Spices; Other Vegetables; Urad Dal; Beans; Toor Dal; Gourd & Cucumber,"15668460 (Gourd & Cucumber) - Conf: 0.4554, Lift: 2.4674, Factor: 1; 15668381 (Other Vegetables) - Conf: 0.4010, Lift: 1.9633, Factor: 1; 15668688 (Root Vegetables) - Conf: 0.3690, Lift: 1.9869, Factor: 1; 15669869 (Moong Dal) - Conf: 0.3287, Lift: 2.5928, Factor: 1; 15669821 (Whole Spices) - Conf: 0.3065, Lift: 3.3414, Factor: 1; 15668379 (Other Vegetables) - Conf: 0.2946, Lift: 1.5960, Factor: 1; 15669777 (Urad Dal) - Conf: 0.2888, Lift: 2.5928, Factor: 1; 15668467 (Beans) - Conf: 0.2797, Lift: 2.0794, Factor: 1; 15669878 (Toor Dal) - Conf: 0.2736, Lift: 1.5952, Factor: 1; 15668462 (Gourd & Cucumber) - Conf: 0.2338, Lift: 1.8670, Factor: 1"
8170027,7642814; 15668495; 15668460; 15668466; 15669780; 92436884; 15668448; 15668381; 7627858; 15668377; 15669817; 6884195; 15668477,"Basmati Rice; Exotic Vegetables; Gourd & Cucumber; Root Vegetables; Sugar; Glucose, Marie & Milk Biscuits; Exotic Vegetables; Other Vegetables; Sunflower Oils; Root Vegetables; Whole Spices; Instant Noodles; Exotic Vegetables",15669760; 15668381; 15668688; 15668460; 15669878; 15669777; 15668462; 15668478; 15668378; 15669780,Whole Spices; Other Vegetables; Root Vegetables; Gourd & Cucumber; Toor Dal; Urad Dal; Gourd & Cucumber; Banana; Other Vegetables; Sugar,"15669760 (Whole Spices) - Conf: 0.3992, Lift: 3.3414, Factor: 1; 15668381 (Other Vegetables) - Conf: 0.3695, Lift: 1.8093, Factor: 1; 15668688 (Root Vegetables) - Conf: 0.3690, Lift: 1.9869, Factor: 1; 15668460 (Gourd & Cucumber) - Conf: 0.3340, Lift: 1.8093, Factor: 1; 15669878 (Toor Dal) - Conf: 0.2975, Lift: 1.7348, Factor: 1; 15669777 (Urad Dal) - Conf: 0.2888, Lift: 2.5928, Factor: 1; 15668462 (Gourd & Cucumber) - Conf: 0.2579, Lift: 2.0591, Factor: 1; 15668478 (Banana) - Conf: 0.2448, Lift: 1.7170, Factor: 1; 15668378 (Other Vegetables) - Conf: 0.2317, Lift: 1.6987, Factor: 1; 15669780 (Sugar) - Conf: 0.2270, Lift: 1.5338, Factor: 1"
8170383,34989441; 7580823; 15669863; 15669883; 15669773; 15669786; 15670267; 15669880,Soya Products; Sunflower Oils; Moong Dal; Rice Flour; Urad Dal; Avalakki / Poha; Toor Dal; Sooji & Rava,15668465,Root Vegetables,"15668465 (Root Vegetables) - Conf: 0.1712, Lift: 1.3221, Factor: 1"
8172528,15668458; 93141023; 15668465; 15668460; 15668541; 15668478; 15668468,Brinjals; Yogurt & Lassi; Root Vegetables; Gourd & Cucumber; Buns & Pavs; Banana; Beans,15668688; 15668460; 15668381; 15668379; 15669777; 15669878; 15668467; 15668465; 15668468; 15668478,Root Vegetables; Gourd & Cucumber; Other Vegetables; Other Vegetables; Urad Dal; Toor Dal; Beans; Root Vegetables; Beans; Banana,"15668688 (Root Vegetables) - Conf: 0.3690, Lift: 1.9869, Factor: 1; 15668460 (Gourd & Cucumber) - Conf: 0.3340, Lift: 1.8093, Factor: 1; 15668381 (Other Vegetables) - Conf: 0.3266, Lift: 1.5993, Factor: 1; 15668379 (Other Vegetables) - Conf: 0.3008, Lift: 1.6298, Factor: 1; 15669777 (Urad Dal) - Conf: 0.2888, Lift: 2.5928, Factor: 1; 15669878 (Toor Dal) - Conf: 0.2736, Lift: 1.5952, Factor: 1; 15668467 (Beans) - Conf: 0.2531, Lift: 1.8820, Factor: 1; 15668465 (Root Vegetables) - Conf: 0.2378, Lift: 1.8369, Factor: 1; 15668468 (Beans) - Conf: 0.2338, Lift: 1.8499, Factor: 1; 15668478 (Banana) - Conf: 0.2276, Lift: 1.5960, Factor: 1"
8172842,7627858; 15669837; 15668688; 15668462; 15669777; 15669775; 15669876,Sunflower Oils; Raw Rice; Root Vegetables; Gourd & Cucumber; Urad Dal; Sooji & Rava; Toor Dal,15668381; 15668379; 15668378; 15668688; 15669878; 15668465; 15669860,Other Vegetables; Other Vegetables; Other Vegetables; Root Vegetables; Toor Dal; Root Vegetables; Moong Dal,"15668381 (Other Vegetables) - Conf: 0.4010, Lift: 1.9633, Factor: 1; 15668379 (Other Vegetables) - Conf: 0.2946, Lift: 1.5960, Factor: 1; 15668378 (Other Vegetables) - Conf: 0.2837, Lift: 2.0794, Factor: 1; 15668688 (Root Vegetables) - Conf: 0.2756, Lift: 1.4836, Factor: 1; 15669878 (Toor Dal) - Conf: 0.2630, Lift: 1.5338, Factor: 1; 15668465 (Root Vegetables) - Conf: 0.2350, Lift: 1.8146, Factor: 1; 15669860 (Moong Dal) - Conf: 0.1865, Lift: 1.7348, Factor: 1"
8173709,21410793; 15669863; 7729965; 15670267; 15669879; 15669783; 15669822; 15669816; 15669860; 15669799,Cookies; Moong Dal; Sunflower Oils; Toor Dal; Other Dals; Sooji & Rava; Other Dals; Other Dals; Moong Dal; Raisins,15668378; 15668465,Other Vegetables; Root Vegetables,"15668378 (Other Vegetables) - Conf: 0.1805, Lift: 1.3231, Factor: 1; 15668465 (Root Vegetables) - Conf: 0.1712, Lift: 1.3221, Factor: 1"
8176127,15668448; 15669863; 15668378; 15668381; 7569801; 15669760; 15669885,Exotic Vegetables; Moong Dal; Other Vegetables; Other Vegetables; Namkeen; Whole Spices; Moong Dal,15669760; 15668381; 15669869; 15669821; 15668460; 15668688; 15669878; 15668467; 15668462; 15668478,Whole Spices; Other Vegetables; Moong Dal; Whole Spices; Gourd & Cucumber; Root Vegetables; Toor Dal; Beans; Gourd & Cucumber; Banana,"15669760 (Whole Spices) - Conf: 0.3992, Lift: 3.3414, Factor: 1; 15668381 (Other Vegetables) - Conf: 0.3695, Lift: 1.8093, Factor: 1; 15669869 (Moong Dal) - Conf: 0.3287, Lift: 2.5928, Factor: 1; 15669821 (Whole Spices) - Conf: 0.3065, Lift: 3.3414, Factor: 1; 15668460 (Gourd & Cucumber) - Conf: 0.3037, Lift: 1.6454, Factor: 1; 15668688 (Root Vegetables) - Conf: 0.3027, Lift: 1.6298, Factor: 1; 15669878 (Toor Dal) - Conf: 0.2975, Lift: 1.7348, Factor: 1; 15668467 (Beans) - Conf: 0.2797, Lift: 2.0794, Factor: 1; 15668462 (Gourd & Cucumber) - Conf: 0.2579, Lift: 2.0591, Factor: 1; 15668478 (Banana) - Conf: 0.2448, Lift: 1.7170, Factor: 1"
8176714,15668687; 15668455; 15669789; 15668378; 15669878; 15668381; 21408952,Root Vegetables; Brinjals; Boiled Rice; Other Vegetables; Toor Dal; Other Vegetables; Whole Spices,15669760; 15668381; 15669869; 15669821; 15668460; 15668688; 15669878; 15668467; 15668462; 15668379,Whole Spices; Other Vegetables; Moong Dal; Whole Spices; Gourd & Cucumber; Root Vegetables; Toor Dal; Beans; Gourd & Cucumber; Other Vegetables,"15669760 (Whole Spices) - Conf: 0.3992, Lift: 3.3414, Factor: 1; 15668381 (Other Vegetables) - Conf: 0.3695, Lift: 1.8093, Factor: 1; 15669869 (Moong Dal) - Conf: 0.3287, Lift: 2.5928, Factor: 1; 15669821 (Whole Spices) - Conf: 0.3065, Lift: 3.3414, Factor: 1; 15668460 (Gourd & Cucumber) - Conf: 0.3037, Lift: 1.6454, Factor: 1; 15668688 (Root Vegetables) - Conf: 0.3027, Lift: 1.6298, Factor: 1; 15669878 (Toor Dal) - Conf: 0.2975, Lift: 1.7348, Factor: 1; 15668467 (Beans) - Conf: 0.2797, Lift: 2.0794, Factor: 1; 15668462 (Gourd & Cucumber) - Conf: 0.2579, Lift: 2.0591, Factor: 1; 15668379 (Other Vegetables) - Conf: 0.2492, Lift: 1.3502, Factor: 1"
8176873,7736902; 7629391; 7586312; 7569803; 7572303; 7569802; 7599091; 7586526; 92388181; 7572300; 92388173; 7569806; 7569801; 92388008; 7572301; 7569799; 7572307; 7572312,"Namkeen; Glucose, Marie & Milk Biscuits; Snacky Nuts; Namkeen; Namkeen; Namkeen; Namkeen; Snacky Nuts; Healthy Snacks; Namkeen; Namkeen; Namkeen; Namkeen; Namkeen; Namkeen; Namkeen; Namkeen; Namkeen",,,
8177589,21408947; 15668462; 15668416; 15668375; 15668467; 15669861; 7729965; 15668451; 15668379; 15669870; 15669775,Other Rice Products; Gourd & Cucumber; Banana; Root Vegetables; Beans; Raw Peanuts; Sunflower Oils; Brinjals; Other Vegetables; Sooji & Rava; Sooji & Rava,15668460; 15668381; 15668688; 15668379; 15668467; 15668478; 15668465; 15668462; 15669860; 15668468,Gourd & Cucumber; Other Vegetables; Root Vegetables; Other Vegetables; Beans; Banana; Root Vegetables; Gourd & Cucumber; Moong Dal; Beans,"15668460 (Gourd & Cucumber) - Conf: 0.4554, Lift: 2.4674, Factor: 1; 15668381 (Other Vegetables) - Conf: 0.4010, Lift: 1.9633, Factor: 1; 15668688 (Root Vegetables) - Conf: 0.3496, Lift: 1.8820, Factor: 1; 15668379 (Other Vegetables) - Conf: 0.3415, Lift: 1.8499, Factor: 1; 15668467 (Beans) - Conf: 0.2769, Lift: 2.0591, Factor: 1; 15668478 (Banana) - Conf: 0.2619, Lift: 1.8369, Factor: 1; 15668465 (Root Vegetables) - Conf: 0.2573, Lift: 1.9869, Factor: 1; 15668462 (Gourd & Cucumber) - Conf: 0.2338, Lift: 1.8670, Factor: 1; 15669860 (Moong Dal) - Conf: 0.1865, Lift: 1.7348, Factor: 1; 15668468 (Beans) - Conf: 0.1846, Lift: 1.4609, Factor: 1"
8179077,15669875; 15669760; 15668460; 15669764; 15669791; 15669778,Toor Dal; Whole Spices; Gourd & Cucumber; Besan; Raw Rice; Other Dals,15668688; 15668460; 15669777; 15669878; 15668478; 15669780; 15668467; 15668465; 15668468; 15668462,Root Vegetables; Gourd & Cucumber; Urad Dal; Toor Dal; Banana; Sugar; Beans; Root Vegetables; Beans; Gourd & Cucumber,"15668688 (Root Vegetables) - Conf: 0.3690, Lift: 1.9869, Factor: 1; 15668460 (Gourd & Cucumber) - Conf: 0.3340, Lift: 1.8093, Factor: 1; 15669777 (Urad Dal) - Conf: 0.2888, Lift: 2.5928, Factor: 1; 15669878 (Toor Dal) - Conf: 0.2736, Lift: 1.5952, Factor: 1; 15668478 (Banana) - Conf: 0.2276, Lift: 1.5960, Factor: 1; 15669780 (Sugar) - Conf: 0.2270, Lift: 1.5338, Factor: 1; 15668467 (Beans) - Conf: 0.2151, Lift: 1.5993, Factor: 1; 15668465 (Root Vegetables) - Conf: 0.2000, Lift: 1.5446, Factor: 1; 15668468 (Beans) - Conf: 0.1962, Lift: 1.5525, Factor: 1; 15668462 (Gourd & Cucumber) - Conf: 0.1691, Lift: 1.3502, Factor: 1"
8179797,15668469; 15668453; 15668460; 15668456; 15668381; 15670251; 15668466; 15668458; 15668380,Beans; Brinjals; Gourd & Cucumber; Brinjals; Other Vegetables; Organic F&V; Root Vegetables; Brinjals; Other Vegetables,15669760; 15668381; 15668688; 15668460; 15669878; 15669777; 15668462; 15668478; 15668378; 15669780,Whole Spices; Other Vegetables; Root Vegetables; Gourd & Cucumber; Toor Dal; Urad Dal; Gourd & Cucumber; Banana; Other Vegetables; Sugar,"15669760 (Whole Spices) - Conf: 0.3992, Lift: 3.3414, Factor: 1; 15668381 (Other Vegetables) - Conf: 0.3695, Lift: 1.8093, Factor: 1; 15668688 (Root Vegetables) - Conf: 0.3690, Lift: 1.9869, Factor: 1; 15668460 (Gourd & Cucumber) - Conf: 0.3340, Lift: 1.8093, Factor: 1; 15669878 (Toor Dal) - Conf: 0.2975, Lift: 1.7348, Factor: 1; 15669777 (Urad Dal) - Conf: 0.2888, Lift: 2.5928, Factor: 1; 15668462 (Gourd & Cucumber) - Conf: 0.2579, Lift: 2.0591, Factor: 1; 15668478 (Banana) - Conf: 0.2448, Lift: 1.7170, Factor: 1; 15668378 (Other Vegetables) - Conf: 0.2317, Lift: 1.6987, Factor: 1; 15669780 (Sugar) - Conf: 0.2270, Lift: 1.5338, Factor: 1"
8179947,15669998; 15668465; 15669856; 15668462; 15669817; 15668467; 15668684; 15668377; 34986134,Other Dals; Root Vegetables; Sugar; Gourd & Cucumber; Whole Spices; Beans; Beans; Root Vegetables; Whole Spices,15668460; 15668381; 15668688; 15668379; 15668467; 15669878; 15668462; 15669869; 15669860; 15668468,Gourd & Cucumber; Other Vegetables; Root Vegetables; Other Vegetables; Beans; Toor Dal; Gourd & Cucumber; Moong Dal; Moong Dal; Beans,"15668460 (Gourd & Cucumber) - Conf: 0.4554, Lift: 2.4674, Factor: 1; 15668381 (Other Vegetables) - Conf: 0.4010, Lift: 1.9633, Factor: 1; 15668688 (Root Vegetables) - Conf: 0.3189, Lift: 1.7170, Factor: 1; 15668379 (Other Vegetables) - Conf: 0.2946, Lift: 1.5960, Factor: 1; 15668467 (Beans) - Conf: 0.2531, Lift: 1.8820, Factor: 1; 15669878 (Toor Dal) - Conf: 0.2516, Lift: 1.4669, Factor: 1; 15668462 (Gourd & Cucumber) - Conf: 0.2338, Lift: 1.8670, Factor: 1; 15669869 (Moong Dal) - Conf: 0.2022, Lift: 1.5952, Factor: 1; 15669860 (Moong Dal) - Conf: 0.1865, Lift: 1.7348, Factor: 1; 15668468 (Beans) - Conf: 0.1846, Lift: 1.4609, Factor: 1"
8180759,15669772; 15669878; 15668473; 15669860; 15669867; 15669856; 15669857; 15668375,Other Dals; Toor Dal; Beans; Moong Dal; Other Dals; Sugar; Raw Peanuts; Root Vegetables,15668379; 15668688; 15668460; 15668378,Other Vegetables; Root Vegetables; Gourd & Cucumber; Other Vegetables,"15668379 (Other Vegetables) - Conf: 0.2492, Lift: 1.3502, Factor: 1; 15668688 (Root Vegetables) - Conf: 0.2458, Lift: 1.3231, Factor: 1; 15668460 (Gourd & Cucumber) - Conf: 0.2440, Lift: 1.3221, Factor: 1; 15668378 (Other Vegetables) - Conf: 0.1805, Lift: 1.3231, Factor: 1"
8181093,15670269; 34987566; 15668460; 15668458; 15668449; 15668416; 15670267; 34990370; 15669832; 15668377,Other Dals; Whole Spices; Gourd & Cucumber; Brinjals; Exotic Vegetables; Banana; Toor Dal; Salty Biscuits; Sugar; Root Vegetables,15668688; 15668460; 15668381; 15669777; 15669878; 15668478; 15669780; 15668467; 15668465; 15668468,Root Vegetables; Gourd & Cucumber; Other Vegetables; Urad Dal; Toor Dal; Banana; Sugar; Beans; Root Vegetables; Beans,"15668688 (Root Vegetables) - Conf: 0.3690, Lift: 1.9869, Factor: 1; 15668460 (Gourd & Cucumber) - Conf: 0.3340, Lift: 1.8093, Factor: 1; 15668381 (Other Vegetables) - Conf: 0.3266, Lift: 1.5993, Factor: 1; 15669777 (Urad Dal) - Conf: 0.2888, Lift: 2.5928, Factor: 1; 15669878 (Toor Dal) - Conf: 0.2736, Lift: 1.5952, Factor: 1; 15668478 (Banana) - Conf: 0.2276, Lift: 1.5960, Factor: 1; 15669780 (Sugar) - Conf: 0.2270, Lift: 1.5338, Factor: 1; 15668467 (Beans) - Conf: 0.2151, Lift: 1.5993, Factor: 1; 15668465 (Root Vegetables) - Conf: 0.2000, Lift: 1.5446, Factor: 1; 15668468 (Beans) - Conf: 0.1962, Lift: 1.5525, Factor: 1"
8182610,15669823; 15669775; 15669819; 15669874; 15669783; 15669856; 15669824; 15669789,Whole Spices; Sooji & Rava; Other Dals; Avalakki / Poha; Sooji & Rava; Sugar; Raw Rice; Boiled Rice,,,
8182845,15668473; 15668688; 15669878; 15669789; 15670260; 15668449; 15668478; 34990774,Beans; Root Vegetables; Toor Dal; Boiled Rice; Organic F&V; Exotic Vegetables; Banana; Eggs,15668379; 15668381; 15668378; 15668688; 15669878; 15668460; 15668465; 15669863,Other Vegetables; Other Vegetables; Other Vegetables; Root Vegetables; Toor Dal; Gourd & Cucumber; Root Vegetables; Moong Dal,"15668379 (Other Vegetables) - Conf: 0.3008, Lift: 1.6298, Factor: 1; 15668381 (Other Vegetables) - Conf: 0.2985, Lift: 1.4617, Factor: 1; 15668378 (Other Vegetables) - Conf: 0.2837, Lift: 2.0794, Factor: 1; 15668688 (Root Vegetables) - Conf: 0.2713, Lift: 1.4609, Factor: 1; 15669878 (Toor Dal) - Conf: 0.2630, Lift: 1.5338, Factor: 1; 15668460 (Gourd & Cucumber) - Conf: 0.2440, Lift: 1.3221, Factor: 1; 15668465 (Root Vegetables) - Conf: 0.2378, Lift: 1.8369, Factor: 1; 15669863 (Moong Dal) - Conf: 0.1820, Lift: 1.4669, Factor: 1"
8183211,7570567; 21409002; 15668462; 7572432; 15668379; 92380875; 15668451; 15668460; 7569624,Toffee & Candy; Moong Dal; Gourd & Cucumber; Cooking Paste; Other Vegetables; Agarbatti; Brinjals; Gourd & Cucumber; Salty Biscuits,15668381; 15668688; 15668460; 15668379; 15669777; 15668467; 15669878; 15668478; 15668465; 15669780,Other Vegetables; Root Vegetables; Gourd & Cucumber; Other Vegetables; Urad Dal; Beans; Toor Dal; Banana; Root Vegetables; Sugar,"15668381 (Other Vegetables) - Conf: 0.4010, Lift: 1.9633, Factor: 1; 15668688 (Root Vegetables) - Conf: 0.3690, Lift: 1.9869, Factor: 1; 15668460 (Gourd & Cucumber) - Conf: 0.3446, Lift: 1.8670, Factor: 1; 15668379 (Other Vegetables) - Conf: 0.3415, Lift: 1.8499, Factor: 1; 15669777 (Urad Dal) - Conf: 0.2888, Lift: 2.5928, Factor: 1; 15668467 (Beans) - Conf: 0.2769, Lift: 2.0591, Factor: 1; 15669878 (Toor Dal) - Conf: 0.2736, Lift: 1.5952, Factor: 1; 15668478 (Banana) - Conf: 0.2619, Lift: 1.8369, Factor: 1; 15668465 (Root Vegetables) - Conf: 0.2573, Lift: 1.9869, Factor: 1; 15669780 (Sugar) - Conf: 0.2270, Lift: 1.5338, Factor: 1"
8188075,15670269; 15669861; 15669765; 15668688; 15669769; 15669872; 15669824,Other Dals; Raw Peanuts; Urad Dal; Root Vegetables; Other Dals; Avalakki / Poha; Raw Rice,15668381; 15668378; 15668688; 15669878; 15668465,Other Vegetables; Other Vegetables; Root Vegetables; Toor Dal; Root Vegetables,"15668381 (Other Vegetables) - Conf: 0.2985, Lift: 1.4617, Factor: 1; 15668378 (Other Vegetables) - Conf: 0.2837, Lift: 2.0794, Factor: 1; 15668688 (Root Vegetables) - Conf: 0.2713, Lift: 1.4609, Factor: 1; 15669878 (Toor Dal) - Conf: 0.2630, Lift: 1.5338, Factor: 1; 15668465 (Root Vegetables) - Conf: 0.2350, Lift: 1.8146, Factor: 1"
8189678,7623116; 15669859; 7579698; 15669863; 15669886; 15668460; 15668381; 15669883; 92435927; 15669882,Liquid Soaps & Bars; Toor Dal; Cream Biscuits; Moong Dal; Sooji & Rava; Gourd & Cucumber; Other Vegetables; Rice Flour; Basmati Rice; Sooji & Rava,15669760; 15668381; 15668688; 15668460; 15669878; 15669777; 15668462; 15668478; 15668378; 15669780,Whole Spices; Other Vegetables; Root Vegetables; Gourd & Cucumber; Toor Dal; Urad Dal; Gourd & Cucumber; Banana; Other Vegetables; Sugar,"15669760 (Whole Spices) - Conf: 0.3992, Lift: 3.3414, Factor: 1; 15668381 (Other Vegetables) - Conf: 0.3695, Lift: 1.8093, Factor: 1; 15668688 (Root Vegetables) - Conf: 0.3690, Lift: 1.9869, Factor: 1; 15668460 (Gourd & Cucumber) - Conf: 0.3340, Lift: 1.8093, Factor: 1; 15669878 (Toor Dal) - Conf: 0.2975, Lift: 1.7348, Factor: 1; 15669777 (Urad Dal) - Conf: 0.2888, Lift: 2.5928, Factor: 1; 15668462 (Gourd & Cucumber) - Conf: 0.2579, Lift: 2.0591, Factor: 1; 15668478 (Banana) - Conf: 0.2448, Lift: 1.7170, Factor: 1; 15668378 (Other Vegetables) - Conf: 0.2317, Lift: 1.6987, Factor: 1; 15669780 (Sugar) - Conf: 0.2270, Lift: 1.5338, Factor: 1"
8190023,15668381; 7579697; 15669770; 15670157; 15668377; 15670253; 7630965; 7608484,"Other Vegetables; Cream Biscuits; Other Flours; Organic F&V; Root Vegetables; Organic F&V; Regular Pasta; Shaving Cream, Foam & Gels",15669760; 15668381; 15668460; 15668688; 15669878; 15668462; 15668478; 15668378; 15668465,Whole Spices; Other Vegetables; Gourd & Cucumber; Root Vegetables; Toor Dal; Gourd & Cucumber; Banana; Other Vegetables; Root Vegetables,"15669760 (Whole Spices) - Conf: 0.3992, Lift: 3.3414, Factor: 1; 15668381 (Other Vegetables) - Conf: 0.3695, Lift: 1.8093, Factor: 1; 15668460 (Gourd & Cucumber) - Conf: 0.3037, Lift: 1.6454, Factor: 1; 15668688 (Root Vegetables) - Conf: 0.3027, Lift: 1.6298, Factor: 1; 15669878 (Toor Dal) - Conf: 0.2975, Lift: 1.7348, Factor: 1; 15668462 (Gourd & Cucumber) - Conf: 0.2579, Lift: 2.0591, Factor: 1; 15668478 (Banana) - Conf: 0.2448, Lift: 1.7170, Factor: 1; 15668378 (Other Vegetables) - Conf: 0.2317, Lift: 1.6987, Factor: 1; 15668465 (Root Vegetables) - Conf: 0.2088, Lift: 1.6124, Factor: 1"
8191090,15669821; 15669764; 15670250; 15668685; 15668462; 15668375; 15668379; 15668468,Whole Spices; Besan; Organic F&V; Beans; Gourd & Cucumber; Root Vegetables; Other Vegetables; Beans,15668381; 15668688; 15668460; 15668379; 15668467; 15668478; 15668465; 15668468; 15669860; 15669764,Other Vegetables; Root Vegetables; Gourd & Cucumber; Other Vegetables; Beans; Banana; Root Vegetables; Beans; Moong Dal; Besan,"15668381 (Other Vegetables) - Conf: 0.4010, Lift: 1.9633, Factor: 1; 15668688 (Root Vegetables) - Conf: 0.3496, Lift: 1.8820, Factor: 1; 15668460 (Gourd & Cucumber) - Conf: 0.3446, Lift: 1.8670, Factor: 1; 15668379 (Other Vegetables) - Conf: 0.3415, Lift: 1.8499, Factor: 1; 15668467 (Beans) - Conf: 0.2769, Lift: 2.0591, Factor: 1; 15668478 (Banana) - Conf: 0.2619, Lift: 1.8369, Factor: 1; 15668465 (Root Vegetables) - Conf: 0.2573, Lift: 1.9869, Factor: 1; 15668468 (Beans) - Conf: 0.2338, Lift: 1.8499, Factor: 1; 15669860 (Moong Dal) - Conf: 0.1865, Lift: 1.7348, Factor: 1; 15669764 (Besan) - Conf: 0.1753, Lift: 1.4579, Factor: 1"
8191841,7637309; 15669856; 93073679; 92388173; 15669780; 15669860,Mosquito Repellent; Sugar; Namkeen; Namkeen; Sugar; Moong Dal,15668460; 15668378,Gourd & Cucumber; Other Vegetables,"15668460 (Gourd & Cucumber) - Conf: 0.2443, Lift: 1.3233, Factor: 1; 15668378 (Other Vegetables) - Conf: 0.1805, Lift: 1.3231, Factor: 1"
8192504,15669786; 93141022; 15669783; 15668688; 7580802; 15669860; 7570497; 7625759; 15669876; 15669863,Avalakki / Poha; Yogurt & Lassi; Sooji & Rava; Root Vegetables; Sunflower Oils; Moong Dal; Toothpaste; Health Drinks; Toor Dal; Moong Dal,15668381; 15668378; 15668688; 15669878; 15668465,Other Vegetables; Other Vegetables; Root Vegetables; Toor Dal; Root Vegetables,"15668381 (Other Vegetables) - Conf: 0.2985, Lift: 1.4617, Factor: 1; 15668378 (Other Vegetables) - Conf: 0.2837, Lift: 2.0794, Factor: 1; 15668688 (Root Vegetables) - Conf: 0.2713, Lift: 1.4609, Factor: 1; 15669878 (Toor Dal) - Conf: 0.2630, Lift: 1.5338, Factor: 1; 15668465 (Root Vegetables) - Conf: 0.2350, Lift: 1.8146, Factor: 1"
8192688,15669814; 15669863; 34989595; 15668684; 15668463; 15669803,Jaggery; Moong Dal; Raisins; Beans; Gourd & Cucumber; Cashews,15668465,Root Vegetables,"15668465 (Root Vegetables) - Conf: 0.1712, Lift: 1.3221, Factor: 1"
8192768,34986123; 15668470; 15668688; 15668380; 34986112; 15669869; 7572432; 34986125; 15669866,Whole Spices; Beans; Root Vegetables; Other Vegetables; Whole Spices; Moong Dal; Cooking Paste; Whole Spices; Other Dals,15668381; 15668378; 15668688; 15669878; 15668465; 15668478; 15668467,Other Vegetables; Other Vegetables; Root Vegetables; Toor Dal; Root Vegetables; Banana; Beans,"15668381 (Other Vegetables) - Conf: 0.2985, Lift: 1.4617, Factor: 1; 15668378 (Other Vegetables) - Conf: 0.2837, Lift: 2.0794, Factor: 1; 15668688 (Root Vegetables) - Conf: 0.2713, Lift: 1.4609, Factor: 1; 15669878 (Toor Dal) - Conf: 0.2630, Lift: 1.5338, Factor: 1; 15668465 (Root Vegetables) - Conf: 0.2350, Lift: 1.8146, Factor: 1; 15668478 (Banana) - Conf: 0.1887, Lift: 1.3233, Factor: 1; 15668467 (Beans) - Conf: 0.1775, Lift: 1.3195, Factor: 1"
8192783,34986130; 34986128; 34986112; 15669878; 15669869; 34986122; 15669835; 15668462; 7580802,Whole Spices; Whole Spices; Whole Spices; Toor Dal; Moong Dal; Whole Spices; Raw Rice; Gourd & Cucumber; Sunflower Oils,15668381; 15668379; 15668688; 15668460; 15668478; 15669860; 15668467,Other Vegetables; Other Vegetables; Root Vegetables; Gourd & Cucumber; Banana; Moong Dal; Beans,"15668381 (Other Vegetables) - Conf: 0.4010, Lift: 1.9633, Factor: 1; 15668379 (Other Vegetables) - Conf: 0.2946, Lift: 1.5960, Factor: 1; 15668688 (Root Vegetables) - Conf: 0.2756, Lift: 1.4836, Factor: 1; 15668460 (Gourd & Cucumber) - Conf: 0.2440, Lift: 1.3221, Factor: 1; 15668478 (Banana) - Conf: 0.1887, Lift: 1.3233, Factor: 1; 15669860 (Moong Dal) - Conf: 0.1865, Lift: 1.7348, Factor: 1; 15668467 (Beans) - Conf: 0.1775, Lift: 1.3195, Factor: 1"
8193965,34986129; 15669763; 15669760; 15669887; 15669884; 15669861; 15670269; 7582051; 15670267; 15669832,Whole Spices; Other Dals; Whole Spices; Maida; Whole Spices; Raw Peanuts; Other Dals; Health Drinks; Toor Dal; Sugar,15668468,Beans,"15668468 (Beans) - Conf: 0.1754, Lift: 1.3874, Factor: 1"
8194178,15668449; 15669910; 15668595; 15669876; 7587673; 15670157; 15668468; 15669809,Exotic Vegetables; Brinjals; Exotic Vegetables; Toor Dal; Organic Dals & Pulses; Organic F&V; Beans; Almonds,15668381; 15668468; 15668467; 15669764,Other Vegetables; Beans; Beans; Besan,"15668381 (Other Vegetables) - Conf: 0.3155, Lift: 1.5446, Factor: 1; 15668468 (Beans) - Conf: 0.2338, Lift: 1.8499, Factor: 1; 15668467 (Beans) - Conf: 0.2213, Lift: 1.6454, Factor: 1; 15669764 (Besan) - Conf: 0.1753, Lift: 1.4579, Factor: 1"
8195870,7569799; 7569805; 15669760; 15668468; 15668375; 15668460,Namkeen; Namkeen; Whole Spices; Beans; Root Vegetables; Gourd & Cucumber,15668688; 15668460; 15668381; 15669777; 15669878; 15668468; 15668478; 15669780; 15668467; 15668465,Root Vegetables; Gourd & Cucumber; Other Vegetables; Urad Dal; Toor Dal; Beans; Banana; Sugar; Beans; Root Vegetables,"15668688 (Root Vegetables) - Conf: 0.3690, Lift: 1.9869, Factor: 1; 15668460 (Gourd & Cucumber) - Conf: 0.3340, Lift: 1.8093, Factor: 1; 15668381 (Other Vegetables) - Conf: 0.3155, Lift: 1.5446, Factor: 1; 15669777 (Urad Dal) - Conf: 0.2888, Lift: 2.5928, Factor: 1; 15669878 (Toor Dal) - Conf: 0.2736, Lift: 1.5952, Factor: 1; 15668468 (Beans) - Conf: 0.2338, Lift: 1.8499, Factor: 1; 15668478 (Banana) - Conf: 0.2276, Lift: 1.5960, Factor: 1; 15669780 (Sugar) - Conf: 0.2270, Lift: 1.5338, Factor: 1; 15668467 (Beans) - Conf: 0.2213, Lift: 1.6454, Factor: 1; 15668465 (Root Vegetables) - Conf: 0.2000, Lift: 1.5446, Factor: 1"
8195898,15670196; 15670207; 15670157; 7624790; 15668377; 15670260; 15668451; 15670241,Organic F&V; Organic F&V; Organic F&V; Ghee; Root Vegetables; Organic F&V; Brinjals; Organic F&V,,,
8195996,15669821; 7572299; 7572310; 15669863; 7572252; 15669823; 34987570; 34986118,Whole Spices; Namkeen; Namkeen; Moong Dal; Cooking Paste; Whole Spices; Whole Spices; Whole Spices,15668460; 15668465,Gourd & Cucumber; Root Vegetables,"15668460 (Gourd & Cucumber) - Conf: 0.2561, Lift: 1.3874, Factor: 1; 15668465 (Root Vegetables) - Conf: 0.1712, Lift: 1.3221, Factor: 1"
8198030,34986112; 15669782; 15669859; 34986128; 21408942; 15668688; 7627860,Whole Spices; Raw Rice; Toor Dal; Whole Spices; Other Rice Products; Root Vegetables; Sunflower Oils,15668381; 15668378; 15668688; 15669878; 15668465,Other Vegetables; Other Vegetables; Root Vegetables; Toor Dal; Root Vegetables,"15668381 (Other Vegetables) - Conf: 0.2985, Lift: 1.4617, Factor: 1; 15668378 (Other Vegetables) - Conf: 0.2837, Lift: 2.0794, Factor: 1; 15668688 (Root Vegetables) - Conf: 0.2713, Lift: 1.4609, Factor: 1; 15669878 (Toor Dal) - Conf: 0.2630, Lift: 1.5338, Factor: 1; 15668465 (Root Vegetables) - Conf: 0.2350, Lift: 1.8146, Factor: 1"
8198721,15669780; 15669880; 15669790; 15668381; 15668416; 15669856; 15669773; 15668377,Sugar; Sooji & Rava; Other Rice Products; Other Vegetables; Banana; Sugar; Urad Dal; Root Vegetables,15669760; 15668381; 15668460; 15668688; 15669878; 15668462; 15668478; 15668378; 15668465,Whole Spices; Other Vegetables; Gourd & Cucumber; Root Vegetables; Toor Dal; Gourd & Cucumber; Banana; Other Vegetables; Root Vegetables,"15669760 (Whole Spices) - Conf: 0.3992, Lift: 3.3414, Factor: 1; 15668381 (Other Vegetables) - Conf: 0.3695, Lift: 1.8093, Factor: 1; 15668460 (Gourd & Cucumber) - Conf: 0.3037, Lift: 1.6454, Factor: 1; 15668688 (Root Vegetables) - Conf: 0.3027, Lift: 1.6298, Factor: 1; 15669878 (Toor Dal) - Conf: 0.2975, Lift: 1.7348, Factor: 1; 15668462 (Gourd & Cucumber) - Conf: 0.2579, Lift: 2.0591, Factor: 1; 15668478 (Banana) - Conf: 0.2448, Lift: 1.7170, Factor: 1; 15668378 (Other Vegetables) - Conf: 0.2317, Lift: 1.6987, Factor: 1; 15668465 (Root Vegetables) - Conf: 0.2088, Lift: 1.6124, Factor: 1"
8199996,34989501; 15669817; 7587494; 15670267; 15669881; 15669884; 7704153; 7587670; 15669862; 21408952,Other Dals; Whole Spices; Organic Masalas & Spices; Toor Dal; Sooji & Rava; Whole Spices; Mosquito Repellent; Organic Masalas & Spices; Other Dals; Whole Spices,,,
8200309,15670008; 15670010; 15669872; 15669958; 15669760; 15669823; 34986135; 15669780; 15669861; 15669874; 7569805; 15669775,Cashews; Almonds; Avalakki / Poha; Other Dry Fruits; Whole Spices; Whole Spices; Whole Spices; Sugar; Raw Peanuts; Avalakki / Poha; Namkeen; Sooji & Rava,15668460; 15668468,Gourd & Cucumber; Beans,"15668460 (Gourd & Cucumber) - Conf: 0.2443, Lift: 1.3233, Factor: 1; 15668468 (Beans) - Conf: 0.1754, Lift: 1.3874, Factor: 1"
8201012,15669961; 15669811; 15668378; 15668416; 15668469; 15669792; 15669815,Other Dry Fruits; Almonds; Other Vegetables; Banana; Beans; Other Dry Fruits; Jaggery,15669869; 15669821; 15668467; 15668458,Moong Dal; Whole Spices; Beans; Brinjals,"15669869 (Moong Dal) - Conf: 0.3287, Lift: 2.5928, Factor: 1; 15669821 (Whole Spices) - Conf: 0.3065, Lift: 3.3414, Factor: 1; 15668467 (Beans) - Conf: 0.2797, Lift: 2.0794, Factor: 1; 15668458 (Brinjals) - Conf: 0.1921, Lift: 2.4674, Factor: 1"
8201626,21408952; 15669804; 15669857; 15669866; 15669827; 15669867; 15669772; 15669873; 15670271; 15668688,Whole Spices; Cashews; Raw Peanuts; Other Dals; Toor Dal; Other Dals; Other Dals; Whole Spices; Other Dals; Root Vegetables,15668381; 15668378; 15668688; 15669878; 15668465,Other Vegetables; Other Vegetables; Root Vegetables; Toor Dal; Root Vegetables,"15668381 (Other Vegetables) - Conf: 0.2985, Lift: 1.4617, Factor: 1; 15668378 (Other Vegetables) - Conf: 0.2837, Lift: 2.0794, Factor: 1; 15668688 (Root Vegetables) - Conf: 0.2713, Lift: 1.4609, Factor: 1; 15669878 (Toor Dal) - Conf: 0.2630, Lift: 1.5338, Factor: 1; 15668465 (Root Vegetables) - Conf: 0.2350, Lift: 1.8146, Factor: 1"
8202458,15670196; 15668465; 15669818; 15668375; 15669760; 15669884; 15668594,Organic F&V; Root Vegetables; Whole Spices; Root Vegetables; Whole Spices; Whole Spices; Exotic Vegetables,15668688; 15668381; 15668379; 15668467; 15669878; 15669869; 15668468,Root Vegetables; Other Vegetables; Other Vegetables; Beans; Toor Dal; Moong Dal; Beans,"15668688 (Root Vegetables) - Conf: 0.3189, Lift: 1.7170, Factor: 1; 15668381 (Other Vegetables) - Conf: 0.3015, Lift: 1.4764, Factor: 1; 15668379 (Other Vegetables) - Conf: 0.2698, Lift: 1.4617, Factor: 1; 15668467 (Beans) - Conf: 0.2531, Lift: 1.8820, Factor: 1; 15669878 (Toor Dal) - Conf: 0.2516, Lift: 1.4669, Factor: 1; 15669869 (Moong Dal) - Conf: 0.2022, Lift: 1.5952, Factor: 1; 15668468 (Beans) - Conf: 0.1754, Lift: 1.3874, Factor: 1"
8203156,15669776; 15669769; 15669875; 15669824; 15670270; 15669786,Other Dals; Other Dals; Toor Dal; Raw Rice; Other Dals; Avalakki / Poha,,,
8204185,15669780; 15669821; 15669884; 15669872; 7580818; 15669824; 15669770; 15669861; 15670267; 21408947,Sugar; Whole Spices; Whole Spices; Avalakki / Poha; Sunflower Oils; Raw Rice; Other Flours; Raw Peanuts; Toor Dal; Other Rice Products,15668460,Gourd & Cucumber,"15668460 (Gourd & Cucumber) - Conf: 0.2561, Lift: 1.3874, Factor: 1"
8204496,15669799; 15669863; 15669803; 7623116; 15669862; 15669864; 34986125; 92436884; 7642814,"Raisins; Moong Dal; Cashews; Liquid Soaps & Bars; Other Dals; Other Dals; Whole Spices; Glucose, Marie & Milk Biscuits; Basmati Rice",15668465,Root Vegetables,"15668465 (Root Vegetables) - Conf: 0.1712, Lift: 1.3221, Factor: 1"
8205042,15669780; 15668688; 15669878; 15669763; 15668378; 15668381; 15669824; 15669863,Sugar; Root Vegetables; Toor Dal; Other Dals; Other Vegetables; Other Vegetables; Raw Rice; Moong Dal,15669760; 15668381; 15669869; 15669821; 15668460; 15668688; 15669878; 15668378; 15668467; 15668462,Whole Spices; Other Vegetables; Moong Dal; Whole Spices; Gourd & Cucumber; Root Vegetables; Toor Dal; Other Vegetables; Beans; Gourd & Cucumber,"15669760 (Whole Spices) - Conf: 0.3992, Lift: 3.3414, Factor: 1; 15668381 (Other Vegetables) - Conf: 0.3695, Lift: 1.8093, Factor: 1; 15669869 (Moong Dal) - Conf: 0.3287, Lift: 2.5928, Factor: 1; 15669821 (Whole Spices) - Conf: 0.3065, Lift: 3.3414, Factor: 1; 15668460 (Gourd & Cucumber) - Conf: 0.3037, Lift: 1.6454, Factor: 1; 15668688 (Root Vegetables) - Conf: 0.3027, Lift: 1.6298, Factor: 1; 15669878 (Toor Dal) - Conf: 0.2975, Lift: 1.7348, Factor: 1; 15668378 (Other Vegetables) - Conf: 0.2837, Lift: 2.0794, Factor: 1; 15668467 (Beans) - Conf: 0.2797, Lift: 2.0794, Factor: 1; 15668462 (Gourd & Cucumber) - Conf: 0.2579, Lift: 2.0591, Factor: 1"
8205178,15669881; 7580802; 15669815; 34986123; 15669878; 92380875; 34986112; 93073679; 7704153; 21408947; 15669771; 7571385; 15669874; 7580823,"Sooji & Rava; Sunflower Oils; Jaggery; Whole Spices; Toor Dal; Agarbatti; Whole Spices; Namkeen; Mosquito Repellent; Other Rice Products; Maida; Glucose, Marie & Milk Biscuits; Avalakki / Poha; Sunflower Oils",15668379; 15668688; 15668460,Other Vegetables; Root Vegetables; Gourd & Cucumber,"15668379 (Other Vegetables) - Conf: 0.2492, Lift: 1.3502, Factor: 1; 15668688 (Root Vegetables) - Conf: 0.2458, Lift: 1.3231, Factor: 1; 15668460 (Gourd & Cucumber) - Conf: 0.2440, Lift: 1.3221, Factor: 1"
8206519,34986113; 15668468; 15668685; 15668451; 15668460; 15670267; 7580823; 15669782; 15669832; 15668478,Whole Spices; Beans; Beans; Brinjals; Gourd & Cucumber; Toor Dal; Sunflower Oils; Raw Rice; Sugar; Banana,15668688; 15668460; 15668381; 15668379; 15669777; 15669878; 15668465; 15668468; 15668478; 15669780,Root Vegetables; Gourd & Cucumber; Other Vegetables; Other Vegetables; Urad Dal; Toor Dal; Root Vegetables; Beans; Banana; Sugar,"15668688 (Root Vegetables) - Conf: 0.3690, Lift: 1.9869, Factor: 1; 15668460 (Gourd & Cucumber) - Conf: 0.3340, Lift: 1.8093, Factor: 1; 15668381 (Other Vegetables) - Conf: 0.3155, Lift: 1.5446, Factor: 1; 15668379 (Other Vegetables) - Conf: 0.3008, Lift: 1.6298, Factor: 1; 15669777 (Urad Dal) - Conf: 0.2888, Lift: 2.5928, Factor: 1; 15669878 (Toor Dal) - Conf: 0.2736, Lift: 1.5952, Factor: 1; 15668465 (Root Vegetables) - Conf: 0.2378, Lift: 1.8369, Factor: 1; 15668468 (Beans) - Conf: 0.2338, Lift: 1.8499, Factor: 1; 15668478 (Banana) - Conf: 0.2276, Lift: 1.5960, Factor: 1; 15669780 (Sugar) - Conf: 0.2270, Lift: 1.5338, Factor: 1"
8209386,15669832; 15668416; 15668381; 15669988; 15670269; 15669880; 15669763,Sugar; Banana; Other Vegetables; Other Dals; Other Dals; Sooji & Rava; Other Dals,15669760; 15668381; 15668460; 15668688; 15669878; 15668462; 15668478; 15668378; 15668465,Whole Spices; Other Vegetables; Gourd & Cucumber; Root Vegetables; Toor Dal; Gourd & Cucumber; Banana; Other Vegetables; Root Vegetables,"15669760 (Whole Spices) - Conf: 0.3992, Lift: 3.3414, Factor: 1; 15668381 (Other Vegetables) - Conf: 0.3695, Lift: 1.8093, Factor: 1; 15668460 (Gourd & Cucumber) - Conf: 0.3037, Lift: 1.6454, Factor: 1; 15668688 (Root Vegetables) - Conf: 0.3027, Lift: 1.6298, Factor: 1; 15669878 (Toor Dal) - Conf: 0.2975, Lift: 1.7348, Factor: 1; 15668462 (Gourd & Cucumber) - Conf: 0.2579, Lift: 2.0591, Factor: 1; 15668478 (Banana) - Conf: 0.2448, Lift: 1.7170, Factor: 1; 15668378 (Other Vegetables) - Conf: 0.2317, Lift: 1.6987, Factor: 1; 15668465 (Root Vegetables) - Conf: 0.2088, Lift: 1.6124, Factor: 1"
8209695,15670267; 15669777; 15669858; 15669835; 15668416; 7633490; 15668377; 15668467; 15669830,Toor Dal; Urad Dal; Boiled Rice; Raw Rice; Banana; Diapers & Wipes; Root Vegetables; Beans; Other Rice Products,15668460; 15668381; 15668462; 15668468,Gourd & Cucumber; Other Vegetables; Gourd & Cucumber; Beans,"15668460 (Gourd & Cucumber) - Conf: 0.4554, Lift: 2.4674, Factor: 1; 15668381 (Other Vegetables) - Conf: 0.3171, Lift: 1.5525, Factor: 1; 15668462 (Gourd & Cucumber) - Conf: 0.2338, Lift: 1.8670, Factor: 1; 15668468 (Beans) - Conf: 0.1846, Lift: 1.4609, Factor: 1"
8209866,15668378; 15668468; 15669880; 15669775; 15669987; 15669790; 7574197,Other Vegetables; Beans; Sooji & Rava; Sooji & Rava; Other Rice Products; Other Rice Products; Vermicelli,15669869; 15668381; 15669821; 15668467; 15668468; 15668458; 15669764,Moong Dal; Other Vegetables; Whole Spices; Beans; Beans; Brinjals; Besan,"15669869 (Moong Dal) - Conf: 0.3287, Lift: 2.5928, Factor: 1; 15668381 (Other Vegetables) - Conf: 0.3155, Lift: 1.5446, Factor: 1; 15669821 (Whole Spices) - Conf: 0.3065, Lift: 3.3414, Factor: 1; 15668467 (Beans) - Conf: 0.2797, Lift: 2.0794, Factor: 1; 15668468 (Beans) - Conf: 0.2338, Lift: 1.8499, Factor: 1; 15668458 (Brinjals) - Conf: 0.1921, Lift: 2.4674, Factor: 1; 15669764 (Besan) - Conf: 0.1753, Lift: 1.4579, Factor: 1"
8210933,15669772; 15669866; 15669878; 15668462; 15668478; 15669863; 15668477,Other Dals; Other Dals; Toor Dal; Gourd & Cucumber; Banana; Moong Dal; Exotic Vegetables,15668381; 15668379; 15668688; 15668460; 15668465; 15669860; 15669863,Other Vegetables; Other Vegetables; Root Vegetables; Gourd & Cucumber; Root Vegetables; Moong Dal; Moong Dal,"15668381 (Other Vegetables) - Conf: 0.4010, Lift: 1.9633, Factor: 1; 15668379 (Other Vegetables) - Conf: 0.3008, Lift: 1.6298, Factor: 1; 15668688 (Root Vegetables) - Conf: 0.2756, Lift: 1.4836, Factor: 1; 15668460 (Gourd & Cucumber) - Conf: 0.2440, Lift: 1.3221, Factor: 1; 15668465 (Root Vegetables) - Conf: 0.2378, Lift: 1.8369, Factor: 1; 15669860 (Moong Dal) - Conf: 0.1865, Lift: 1.7348, Factor: 1; 15669863 (Moong Dal) - Conf: 0.1820, Lift: 1.4669, Factor: 1"
8212584,15669859; 7624792; 15669780; 15669965; 7692619; 15669764; 15669970,Toor Dal; Ghee; Sugar; Raisins; Shaving Blade & Razors; Besan; Cashews,15668460; 15668462,Gourd & Cucumber; Gourd & Cucumber,"15668460 (Gourd & Cucumber) - Conf: 0.2443, Lift: 1.3233, Factor: 1; 15668462 (Gourd & Cucumber) - Conf: 0.1691, Lift: 1.3502, Factor: 1"
8213552,15669885; 15669832; 15670269; 15669827; 15669866; 15669817; 15669769,Moong Dal; Sugar; Other Dals; Toor Dal; Other Dals; Whole Spices; Other Dals,,,
8213861,15669829; 15669856; 15669775; 15669861; 15669882; 15669777; 21408952; 7596673; 15669803; 15669821; 34986113; 15669881,Raw Rice; Sugar; Sooji & Rava; Raw Peanuts; Sooji & Rava; Urad Dal; Whole Spices; Cream Biscuits; Cashews; Whole Spices; Whole Spices; Sooji & Rava,15668381; 15668460,Other Vegetables; Gourd & Cucumber,"15668381 (Other Vegetables) - Conf: 0.2703, Lift: 1.3233, Factor: 1; 15668460 (Gourd & Cucumber) - Conf: 0.2561, Lift: 1.3874, Factor: 1"
8213907,34986126; 15669775; 34987565; 15669872; 15669777; 15669863; 15669883; 15669887; 34986129; 15669884; 15669879,Whole Spices; Sooji & Rava; Powdered Spices; Avalakki / Poha; Urad Dal; Moong Dal; Rice Flour; Maida; Whole Spices; Whole Spices; Other Dals,15668381; 15668465,Other Vegetables; Root Vegetables,"15668381 (Other Vegetables) - Conf: 0.2703, Lift: 1.3233, Factor: 1; 15668465 (Root Vegetables) - Conf: 0.1712, Lift: 1.3221, Factor: 1"
8214422,15670168; 15668477; 7572432; 15668449; 15669859; 15668465; 15669866; 34990774; 15670171; 15668494; 15669856; 15669988; 15668379,Organic F&V; Exotic Vegetables; Cooking Paste; Exotic Vegetables; Toor Dal; Root Vegetables; Other Dals; Eggs; Organic F&V; Exotic Vegetables; Sugar; Other Dals; Other Vegetables,15668688; 15668460; 15668379; 15668381; 15668467; 15668478; 15668465; 15669878; 15669869; 15668685,Root Vegetables; Gourd & Cucumber; Other Vegetables; Other Vegetables; Beans; Banana; Root Vegetables; Toor Dal; Moong Dal; Beans,"15668688 (Root Vegetables) - Conf: 0.3496, Lift: 1.8820, Factor: 1; 15668460 (Gourd & Cucumber) - Conf: 0.3446, Lift: 1.8670, Factor: 1; 15668379 (Other Vegetables) - Conf: 0.3415, Lift: 1.8499, Factor: 1; 15668381 (Other Vegetables) - Conf: 0.3015, Lift: 1.4764, Factor: 1; 15668467 (Beans) - Conf: 0.2769, Lift: 2.0591, Factor: 1; 15668478 (Banana) - Conf: 0.2619, Lift: 1.8369, Factor: 1; 15668465 (Root Vegetables) - Conf: 0.2573, Lift: 1.9869, Factor: 1; 15669878 (Toor Dal) - Conf: 0.2516, Lift: 1.4669, Factor: 1; 15669869 (Moong Dal) - Conf: 0.2022, Lift: 1.5952, Factor: 1; 15668685 (Beans) - Conf: 0.1528, Lift: 1.9633, Factor: 1"
8215172,15668462; 15668381; 15669777; 21408952; 15668471; 15668685; 15669861; 15668377; 15669874; 15669954,Gourd & Cucumber; Other Vegetables; Urad Dal; Whole Spices; Beans; Beans; Raw Peanuts; Root Vegetables; Avalakki / Poha; Other Dry Fruits,15668381; 15669760; 15668460; 15668688; 15668379; 15669878; 15668462; 15668478; 15668378; 15668465,Other Vegetables; Whole Spices; Gourd & Cucumber; Root Vegetables; Other Vegetables; Toor Dal; Gourd & Cucumber; Banana; Other Vegetables; Root Vegetables,"15668381 (Other Vegetables) - Conf: 0.4010, Lift: 1.9633, Factor: 1; 15669760 (Whole Spices) - Conf: 0.3992, Lift: 3.3414, Factor: 1; 15668460 (Gourd & Cucumber) - Conf: 0.3037, Lift: 1.6454, Factor: 1; 15668688 (Root Vegetables) - Conf: 0.3027, Lift: 1.6298, Factor: 1; 15668379 (Other Vegetables) - Conf: 0.2976, Lift: 1.6124, Factor: 1; 15669878 (Toor Dal) - Conf: 0.2975, Lift: 1.7348, Factor: 1; 15668462 (Gourd & Cucumber) - Conf: 0.2579, Lift: 2.0591, Factor: 1; 15668478 (Banana) - Conf: 0.2448, Lift: 1.7170, Factor: 1; 15668378 (Other Vegetables) - Conf: 0.2317, Lift: 1.6987, Factor: 1; 15668465 (Root Vegetables) - Conf: 0.2088, Lift: 1.6124, Factor: 1"
8216673,15669790; 34986128; 15668381; 15669884; 15669778; 15669860; 15668460,Other Rice Products; Whole Spices; Other Vegetables; Whole Spices; Other Dals; Moong Dal; Gourd & Cucumber,15669760; 15668381; 15668688; 15668460; 15669878; 15669777; 15668462; 15668478; 15668378; 15669780,Whole Spices; Other Vegetables; Root Vegetables; Gourd & Cucumber; Toor Dal; Urad Dal; Gourd & Cucumber; Banana; Other Vegetables; Sugar,"15669760 (Whole Spices) - Conf: 0.3992, Lift: 3.3414, Factor: 1; 15668381 (Other Vegetables) - Conf: 0.3695, Lift: 1.8093, Factor: 1; 15668688 (Root Vegetables) - Conf: 0.3690, Lift: 1.9869, Factor: 1; 15668460 (Gourd & Cucumber) - Conf: 0.3340, Lift: 1.8093, Factor: 1; 15669878 (Toor Dal) - Conf: 0.2975, Lift: 1.7348, Factor: 1; 15669777 (Urad Dal) - Conf: 0.2888, Lift: 2.5928, Factor: 1; 15668462 (Gourd & Cucumber) - Conf: 0.2579, Lift: 2.0591, Factor: 1; 15668478 (Banana) - Conf: 0.2448, Lift: 1.7170, Factor: 1; 15668378 (Other Vegetables) - Conf: 0.2317, Lift: 1.6987, Factor: 1; 15669780 (Sugar) - Conf: 0.2270, Lift: 1.5338, Factor: 1"
8218184,15668467; 15668462; 15669837; 7572301; 15669815; 7572432; 15669817; 15669863; 7572311; 15669810,Beans; Gourd & Cucumber; Raw Rice; Namkeen; Jaggery; Cooking Paste; Whole Spices; Moong Dal; Namkeen; Almonds,15668460; 15668381; 15668379; 15668688; 15668462; 15669860; 15668468; 15668465,Gourd & Cucumber; Other Vegetables; Other Vegetables; Root Vegetables; Gourd & Cucumber; Moong Dal; Beans; Root Vegetables,"15668460 (Gourd & Cucumber) - Conf: 0.4554, Lift: 2.4674, Factor: 1; 15668381 (Other Vegetables) - Conf: 0.4010, Lift: 1.9633, Factor: 1; 15668379 (Other Vegetables) - Conf: 0.2946, Lift: 1.5960, Factor: 1; 15668688 (Root Vegetables) - Conf: 0.2756, Lift: 1.4836, Factor: 1; 15668462 (Gourd & Cucumber) - Conf: 0.2338, Lift: 1.8670, Factor: 1; 15669860 (Moong Dal) - Conf: 0.1865, Lift: 1.7348, Factor: 1; 15668468 (Beans) - Conf: 0.1846, Lift: 1.4609, Factor: 1; 15668465 (Root Vegetables) - Conf: 0.1712, Lift: 1.3221, Factor: 1"
8218426,7569799; 15669863; 7569801; 15670269; 7572300; 93073679,Namkeen; Moong Dal; Namkeen; Other Dals; Namkeen; Namkeen,15668465,Root Vegetables,"15668465 (Root Vegetables) - Conf: 0.1712, Lift: 1.3221, Factor: 1"
8219465,15668451; 15668685; 15670251; 15668381; 15668375; 15668478; 15668455,Brinjals; Beans; Organic F&V; Other Vegetables; Root Vegetables; Banana; Brinjals,15669760; 15668381; 15668460; 15668688; 15668379; 15669878; 15668462; 15668478; 15668465; 15668378,Whole Spices; Other Vegetables; Gourd & Cucumber; Root Vegetables; Other Vegetables; Toor Dal; Gourd & Cucumber; Banana; Root Vegetables; Other Vegetables,"15669760 (Whole Spices) - Conf: 0.3992, Lift: 3.3414, Factor: 1; 15668381 (Other Vegetables) - Conf: 0.3695, Lift: 1.8093, Factor: 1; 15668460 (Gourd & Cucumber) - Conf: 0.3037, Lift: 1.6454, Factor: 1; 15668688 (Root Vegetables) - Conf: 0.3027, Lift: 1.6298, Factor: 1; 15668379 (Other Vegetables) - Conf: 0.3008, Lift: 1.6298, Factor: 1; 15669878 (Toor Dal) - Conf: 0.2975, Lift: 1.7348, Factor: 1; 15668462 (Gourd & Cucumber) - Conf: 0.2579, Lift: 2.0591, Factor: 1; 15668478 (Banana) - Conf: 0.2448, Lift: 1.7170, Factor: 1; 15668465 (Root Vegetables) - Conf: 0.2378, Lift: 1.8369, Factor: 1; 15668378 (Other Vegetables) - Conf: 0.2317, Lift: 1.6987, Factor: 1"
8220172,7585573; 15668377; 15668478; 15668453; 7624788; 21409002; 15669824; 7580818; 34986328,Cakes; Root Vegetables; Banana; Brinjals; Ghee; Moong Dal; Raw Rice; Sunflower Oils; Toor Dal,15668379; 15668688; 15668465; 15669863,Other Vegetables; Root Vegetables; Root Vegetables; Moong Dal,"15668379 (Other Vegetables) - Conf: 0.3008, Lift: 1.6298, Factor: 1; 15668688 (Root Vegetables) - Conf: 0.2585, Lift: 1.3917, Factor: 1; 15668465 (Root Vegetables) - Conf: 0.2378, Lift: 1.8369, Factor: 1; 15669863 (Moong Dal) - Conf: 0.1820, Lift: 1.4669, Factor: 1"
8223433,7572304; 15670157; 15668688; 15670260; 15669859; 15668480; 15670250,Namkeen; Organic F&V; Root Vegetables; Organic F&V; Toor Dal; Bread; Organic F&V,15668381; 15668378; 15668688; 15669878; 15668465,Other Vegetables; Other Vegetables; Root Vegetables; Toor Dal; Root Vegetables,"15668381 (Other Vegetables) - Conf: 0.2985, Lift: 1.4617, Factor: 1; 15668378 (Other Vegetables) - Conf: 0.2837, Lift: 2.0794, Factor: 1; 15668688 (Root Vegetables) - Conf: 0.2713, Lift: 1.4609, Factor: 1; 15669878 (Toor Dal) - Conf: 0.2630, Lift: 1.5338, Factor: 1; 15668465 (Root Vegetables) - Conf: 0.2350, Lift: 1.8146, Factor: 1"
8226177,15668465; 34986125; 15669832; 15669988; 93025752; 21409181; 15668381; 15669864,Root Vegetables; Whole Spices; Sugar; Other Dals; Cream Biscuits; Brinjals; Other Vegetables; Other Dals,15669760; 15668381; 15668688; 15668460; 15669878; 15668379; 15668462; 15668467; 15668478; 15668378,Whole Spices; Other Vegetables; Root Vegetables; Gourd & Cucumber; Toor Dal; Other Vegetables; Gourd & Cucumber; Beans; Banana; Other Vegetables,"15669760 (Whole Spices) - Conf: 0.3992, Lift: 3.3414, Factor: 1; 15668381 (Other Vegetables) - Conf: 0.3695, Lift: 1.8093, Factor: 1; 15668688 (Root Vegetables) - Conf: 0.3189, Lift: 1.7170, Factor: 1; 15668460 (Gourd & Cucumber) - Conf: 0.3037, Lift: 1.6454, Factor: 1; 15669878 (Toor Dal) - Conf: 0.2975, Lift: 1.7348, Factor: 1; 15668379 (Other Vegetables) - Conf: 0.2698, Lift: 1.4617, Factor: 1; 15668462 (Gourd & Cucumber) - Conf: 0.2579, Lift: 2.0591, Factor: 1; 15668467 (Beans) - Conf: 0.2531, Lift: 1.8820, Factor: 1; 15668478 (Banana) - Conf: 0.2448, Lift: 1.7170, Factor: 1; 15668378 (Other Vegetables) - Conf: 0.2317, Lift: 1.6987, Factor: 1"
8226188,15669837; 15669832; 15669818; 21409130; 29247044; 15668463; 15668460; 15668687,Raw Rice; Sugar; Whole Spices; Other Flours; Besan; Gourd & Cucumber; Gourd & Cucumber; Root Vegetables,15668688; 15668460; 15669777; 15669878; 15668478; 15669780; 15668467; 15668465; 15668468,Root Vegetables; Gourd & Cucumber; Urad Dal; Toor Dal; Banana; Sugar; Beans; Root Vegetables; Beans,"15668688 (Root Vegetables) - Conf: 0.3690, Lift: 1.9869, Factor: 1; 15668460 (Gourd & Cucumber) - Conf: 0.3340, Lift: 1.8093, Factor: 1; 15669777 (Urad Dal) - Conf: 0.2888, Lift: 2.5928, Factor: 1; 15669878 (Toor Dal) - Conf: 0.2736, Lift: 1.5952, Factor: 1; 15668478 (Banana) - Conf: 0.2276, Lift: 1.5960, Factor: 1; 15669780 (Sugar) - Conf: 0.2270, Lift: 1.5338, Factor: 1; 15668467 (Beans) - Conf: 0.2151, Lift: 1.5993, Factor: 1; 15668465 (Root Vegetables) - Conf: 0.2000, Lift: 1.5446, Factor: 1; 15668468 (Beans) - Conf: 0.1962, Lift: 1.5525, Factor: 1"
8226852,15669875; 34987567; 15669880; 15669869; 7580823; 7625556,Toor Dal; Whole Spices; Sooji & Rava; Moong Dal; Sunflower Oils; Ground Coffee,15668478; 15668467,Banana; Beans,"15668478 (Banana) - Conf: 0.1887, Lift: 1.3233, Factor: 1; 15668467 (Beans) - Conf: 0.1775, Lift: 1.3195, Factor: 1"
8226887,7579697; 7572240; 15668378; 93091858; 15668377; 15669910; 15668520; 15668381; 15668467; 7541573,"Cream Biscuits; Instant Noodles; Other Vegetables; Curd; Root Vegetables; Brinjals; Bread; Other Vegetables; Beans; Glucose, Marie & Milk Biscuits",15668460; 15669760; 15668381; 15669869; 15669821; 15668688; 15669878; 15668467; 15668462; 15668478,Gourd & Cucumber; Whole Spices; Other Vegetables; Moong Dal; Whole Spices; Root Vegetables; Toor Dal; Beans; Gourd & Cucumber; Banana,"15668460 (Gourd & Cucumber) - Conf: 0.4554, Lift: 2.4674, Factor: 1; 15669760 (Whole Spices) - Conf: 0.3992, Lift: 3.3414, Factor: 1; 15668381 (Other Vegetables) - Conf: 0.3695, Lift: 1.8093, Factor: 1; 15669869 (Moong Dal) - Conf: 0.3287, Lift: 2.5928, Factor: 1; 15669821 (Whole Spices) - Conf: 0.3065, Lift: 3.3414, Factor: 1; 15668688 (Root Vegetables) - Conf: 0.3027, Lift: 1.6298, Factor: 1; 15669878 (Toor Dal) - Conf: 0.2975, Lift: 1.7348, Factor: 1; 15668467 (Beans) - Conf: 0.2797, Lift: 2.0794, Factor: 1; 15668462 (Gourd & Cucumber) - Conf: 0.2579, Lift: 2.0591, Factor: 1; 15668478 (Banana) - Conf: 0.2448, Lift: 1.7170, Factor: 1"
8227029,15668520; 15669799; 15669817; 15669857; 15669781; 15670267; 7575499; 15670010; 34986133; 15669784; 15669777; 15669812,Bread; Raisins; Whole Spices; Raw Peanuts; Rice Flour; Toor Dal; Aluminium Foil & Cling Wrap; Almonds; Whole Spices; Basmati Rice; Urad Dal; Jaggery,15668381,Other Vegetables,"15668381 (Other Vegetables) - Conf: 0.2703, Lift: 1.3233, Factor: 1"
8227204,15669782; 15668381; 15668379; 15668465; 15668478; 93141023,Raw Rice; Other Vegetables; Other Vegetables; Root Vegetables; Banana; Yogurt & Lassi,15669760; 15668381; 15668688; 15668460; 15668379; 15669878; 15668467; 15668478; 15668462; 15668465,Whole Spices; Other Vegetables; Root Vegetables; Gourd & Cucumber; Other Vegetables; Toor Dal; Beans; Banana; Gourd & Cucumber; Root Vegetables,"15669760 (Whole Spices) - Conf: 0.3992, Lift: 3.3414, Factor: 1; 15668381 (Other Vegetables) - Conf: 0.3695, Lift: 1.8093, Factor: 1; 15668688 (Root Vegetables) - Conf: 0.3496, Lift: 1.8820, Factor: 1; 15668460 (Gourd & Cucumber) - Conf: 0.3446, Lift: 1.8670, Factor: 1; 15668379 (Other Vegetables) - Conf: 0.3415, Lift: 1.8499, Factor: 1; 15669878 (Toor Dal) - Conf: 0.2975, Lift: 1.7348, Factor: 1; 15668467 (Beans) - Conf: 0.2769, Lift: 2.0591, Factor: 1; 15668478 (Banana) - Conf: 0.2619, Lift: 1.8369, Factor: 1; 15668462 (Gourd & Cucumber) - Conf: 0.2579, Lift: 2.0591, Factor: 1; 15668465 (Root Vegetables) - Conf: 0.2573, Lift: 1.9869, Factor: 1"
8228490,15669860; 15668416; 15669772; 15668378; 15669777; 15669862; 15668455,Moong Dal; Banana; Other Dals; Other Vegetables; Urad Dal; Other Dals; Brinjals,15669869; 15669821; 15668467; 15668381; 15668458; 15668378,Moong Dal; Whole Spices; Beans; Other Vegetables; Brinjals; Other Vegetables,"15669869 (Moong Dal) - Conf: 0.3287, Lift: 2.5928, Factor: 1; 15669821 (Whole Spices) - Conf: 0.3065, Lift: 3.3414, Factor: 1; 15668467 (Beans) - Conf: 0.2797, Lift: 2.0794, Factor: 1; 15668381 (Other Vegetables) - Conf: 0.2703, Lift: 1.3233, Factor: 1; 15668458 (Brinjals) - Conf: 0.1921, Lift: 2.4674, Factor: 1; 15668378 (Other Vegetables) - Conf: 0.1805, Lift: 1.3231, Factor: 1"
8228587,15668478; 15668379; 15668460; 15669795; 15669976; 15668375; 7627812,Banana; Other Vegetables; Gourd & Cucumber; Other Dry Fruits; Almonds; Root Vegetables; Health Supplements,15668688; 15668460; 15668379; 15669777; 15668467; 15669878; 15668478; 15668465; 15669780; 15668468,Root Vegetables; Gourd & Cucumber; Other Vegetables; Urad Dal; Beans; Toor Dal; Banana; Root Vegetables; Sugar; Beans,"15668688 (Root Vegetables) - Conf: 0.3690, Lift: 1.9869, Factor: 1; 15668460 (Gourd & Cucumber) - Conf: 0.3446, Lift: 1.8670, Factor: 1; 15668379 (Other Vegetables) - Conf: 0.3415, Lift: 1.8499, Factor: 1; 15669777 (Urad Dal) - Conf: 0.2888, Lift: 2.5928, Factor: 1; 15668467 (Beans) - Conf: 0.2769, Lift: 2.0591, Factor: 1; 15669878 (Toor Dal) - Conf: 0.2736, Lift: 1.5952, Factor: 1; 15668478 (Banana) - Conf: 0.2619, Lift: 1.8369, Factor: 1; 15668465 (Root Vegetables) - Conf: 0.2573, Lift: 1.9869, Factor: 1; 15669780 (Sugar) - Conf: 0.2270, Lift: 1.5338, Factor: 1; 15668468 (Beans) - Conf: 0.1962, Lift: 1.5525, Factor: 1"
8230221,15668377; 34987567; 21409130; 15669857; 7572252; 15668456; 15669760; 15669856; 15669880; 34985989; 7578353; 15668381; 15668467,Root Vegetables; Whole Spices; Other Flours; Raw Peanuts; Cooking Paste; Brinjals; Whole Spices; Sugar; Sooji & Rava; Mustard Oils; Chinese Noodles; Other Vegetables; Beans,15668460; 15669760; 15668381; 15668688; 15669878; 15668462; 15668478; 15668378; 15668465; 15668468,Gourd & Cucumber; Whole Spices; Other Vegetables; Root Vegetables; Toor Dal; Gourd & Cucumber; Banana; Other Vegetables; Root Vegetables; Beans,"15668460 (Gourd & Cucumber) - Conf: 0.4554, Lift: 2.4674, Factor: 1; 15669760 (Whole Spices) - Conf: 0.3992, Lift: 3.3414, Factor: 1; 15668381 (Other Vegetables) - Conf: 0.3695, Lift: 1.8093, Factor: 1; 15668688 (Root Vegetables) - Conf: 0.3027, Lift: 1.6298, Factor: 1; 15669878 (Toor Dal) - Conf: 0.2975, Lift: 1.7348, Factor: 1; 15668462 (Gourd & Cucumber) - Conf: 0.2579, Lift: 2.0591, Factor: 1; 15668478 (Banana) - Conf: 0.2448, Lift: 1.7170, Factor: 1; 15668378 (Other Vegetables) - Conf: 0.2317, Lift: 1.6987, Factor: 1; 15668465 (Root Vegetables) - Conf: 0.2088, Lift: 1.6124, Factor: 1; 15668468 (Beans) - Conf: 0.1846, Lift: 1.4609, Factor: 1"
8230241,15668381; 15668520; 7587675; 15670252; 15668379; 15668462; 15668458,Other Vegetables; Bread; Organic Dals & Pulses; Organic F&V; Other Vegetables; Gourd & Cucumber; Brinjals,15668381; 15669760; 15668688; 15668460; 15668379; 15669878; 15668467; 15668478; 15668462; 15668465,Other Vegetables; Whole Spices; Root Vegetables; Gourd & Cucumber; Other Vegetables; Toor Dal; Beans; Banana; Gourd & Cucumber; Root Vegetables,"15668381 (Other Vegetables) - Conf: 0.4010, Lift: 1.9633, Factor: 1; 15669760 (Whole Spices) - Conf: 0.3992, Lift: 3.3414, Factor: 1; 15668688 (Root Vegetables) - Conf: 0.3496, Lift: 1.8820, Factor: 1; 15668460 (Gourd & Cucumber) - Conf: 0.3446, Lift: 1.8670, Factor: 1; 15668379 (Other Vegetables) - Conf: 0.3415, Lift: 1.8499, Factor: 1; 15669878 (Toor Dal) - Conf: 0.2975, Lift: 1.7348, Factor: 1; 15668467 (Beans) - Conf: 0.2769, Lift: 2.0591, Factor: 1; 15668478 (Banana) - Conf: 0.2619, Lift: 1.8369, Factor: 1; 15668462 (Gourd & Cucumber) - Conf: 0.2579, Lift: 2.0591, Factor: 1; 15668465 (Root Vegetables) - Conf: 0.2573, Lift: 1.9869, Factor: 1"
8230690,15669777; 15669860; 34986328; 7642814; 15669869; 15669832; 15669885; 7575499; 15670269; 15669817,Urad Dal; Moong Dal; Toor Dal; Basmati Rice; Moong Dal; Sugar; Moong Dal; Aluminium Foil & Cling Wrap; Other Dals; Whole Spices,15668381; 15668478; 15668378; 15668467,Other Vegetables; Banana; Other Vegetables; Beans,"15668381 (Other Vegetables) - Conf: 0.2703, Lift: 1.3233, Factor: 1; 15668478 (Banana) - Conf: 0.1887, Lift: 1.3233, Factor: 1; 15668378 (Other Vegetables) - Conf: 0.1805, Lift: 1.3231, Factor: 1; 15668467 (Beans) - Conf: 0.1775, Lift: 1.3195, Factor: 1"
8232216,15669875; 15669776; 15669767; 15669825; 15669821; 7623116,Toor Dal; Other Dals; Urad Dal; Boiled Rice; Whole Spices; Liquid Soaps & Bars,15668460,Gourd & Cucumber,"15668460 (Gourd & Cucumber) - Conf: 0.2561, Lift: 1.3874, Factor: 1"
8236542,15669817; 15670250; 34986135; 34986133; 34986120; 34986123; 34987566; 34986118; 15668381,Whole Spices; Organic F&V; Whole Spices; Whole Spices; Unknown; Whole Spices; Whole Spices; Whole Spices; Other Vegetables,15669760; 15668381; 15668460; 15668688; 15669878; 15668462; 15668478; 15668378; 15668465,Whole Spices; Other Vegetables; Gourd & Cucumber; Root Vegetables; Toor Dal; Gourd & Cucumber; Banana; Other Vegetables; Root Vegetables,"15669760 (Whole Spices) - Conf: 0.3992, Lift: 3.3414, Factor: 1; 15668381 (Other Vegetables) - Conf: 0.3695, Lift: 1.8093, Factor: 1; 15668460 (Gourd & Cucumber) - Conf: 0.3037, Lift: 1.6454, Factor: 1; 15668688 (Root Vegetables) - Conf: 0.3027, Lift: 1.6298, Factor: 1; 15669878 (Toor Dal) - Conf: 0.2975, Lift: 1.7348, Factor: 1; 15668462 (Gourd & Cucumber) - Conf: 0.2579, Lift: 2.0591, Factor: 1; 15668478 (Banana) - Conf: 0.2448, Lift: 1.7170, Factor: 1; 15668378 (Other Vegetables) - Conf: 0.2317, Lift: 1.6987, Factor: 1; 15668465 (Root Vegetables) - Conf: 0.2088, Lift: 1.6124, Factor: 1"
8236676,15669869; 15669772; 34986112; 21409004; 15669763; 15669963; 34986125,Moong Dal; Other Dals; Whole Spices; Other Dals; Other Dals; Raisins; Whole Spices,15668478; 15668467,Banana; Beans,"15668478 (Banana) - Conf: 0.1887, Lift: 1.3233, Factor: 1; 15668467 (Beans) - Conf: 0.1775, Lift: 1.3195, Factor: 1"
8237822,15669837; 15668458; 15668460; 15668466; 7580804; 15668381; 15669817,Raw Rice; Brinjals; Gourd & Cucumber; Root Vegetables; Sunflower Oils; Other Vegetables; Whole Spices,15669760; 15668381; 15668688; 15668460; 15669878; 15669777; 15668462; 15668478; 15668378; 15669780,Whole Spices; Other Vegetables; Root Vegetables; Gourd & Cucumber; Toor Dal; Urad Dal; Gourd & Cucumber; Banana; Other Vegetables; Sugar,"15669760 (Whole Spices) - Conf: 0.3992, Lift: 3.3414, Factor: 1; 15668381 (Other Vegetables) - Conf: 0.3695, Lift: 1.8093, Factor: 1; 15668688 (Root Vegetables) - Conf: 0.3690, Lift: 1.9869, Factor: 1; 15668460 (Gourd & Cucumber) - Conf: 0.3340, Lift: 1.8093, Factor: 1; 15669878 (Toor Dal) - Conf: 0.2975, Lift: 1.7348, Factor: 1; 15669777 (Urad Dal) - Conf: 0.2888, Lift: 2.5928, Factor: 1; 15668462 (Gourd & Cucumber) - Conf: 0.2579, Lift: 2.0591, Factor: 1; 15668478 (Banana) - Conf: 0.2448, Lift: 1.7170, Factor: 1; 15668378 (Other Vegetables) - Conf: 0.2317, Lift: 1.6987, Factor: 1; 15669780 (Sugar) - Conf: 0.2270, Lift: 1.5338, Factor: 1"
8241466,15669996; 15668379; 15668460; 15668381; 15669887; 15669835; 15669778,Other Dals; Other Vegetables; Gourd & Cucumber; Other Vegetables; Maida; Raw Rice; Other Dals,15669760; 15668381; 15668688; 15668460; 15668379; 15669878; 15669777; 15668467; 15668478; 15668462,Whole Spices; Other Vegetables; Root Vegetables; Gourd & Cucumber; Other Vegetables; Toor Dal; Urad Dal; Beans; Banana; Gourd & Cucumber,"15669760 (Whole Spices) - Conf: 0.3992, Lift: 3.3414, Factor: 1; 15668381 (Other Vegetables) - Conf: 0.3695, Lift: 1.8093, Factor: 1; 15668688 (Root Vegetables) - Conf: 0.3690, Lift: 1.9869, Factor: 1; 15668460 (Gourd & Cucumber) - Conf: 0.3446, Lift: 1.8670, Factor: 1; 15668379 (Other Vegetables) - Conf: 0.3415, Lift: 1.8499, Factor: 1; 15669878 (Toor Dal) - Conf: 0.2975, Lift: 1.7348, Factor: 1; 15669777 (Urad Dal) - Conf: 0.2888, Lift: 2.5928, Factor: 1; 15668467 (Beans) - Conf: 0.2769, Lift: 2.0591, Factor: 1; 15668478 (Banana) - Conf: 0.2619, Lift: 1.8369, Factor: 1; 15668462 (Gourd & Cucumber) - Conf: 0.2579, Lift: 2.0591, Factor: 1"
8243363,15669860; 15669792; 15669780; 7569802; 34992815; 15669970; 15669859; 15669885,Moong Dal; Other Dry Fruits; Sugar; Namkeen; Cookies; Cashews; Toor Dal; Moong Dal,15668460; 15668378,Gourd & Cucumber; Other Vegetables,"15668460 (Gourd & Cucumber) - Conf: 0.2443, Lift: 1.3233, Factor: 1; 15668378 (Other Vegetables) - Conf: 0.1805, Lift: 1.3231, Factor: 1"
8245100,15668462; 34986120; 15668451; 7579698; 15668470; 15670251; 15670254; 7735707,Gourd & Cucumber; Unknown; Brinjals; Cream Biscuits; Beans; Organic F&V; Organic F&V; Namkeen,15668381; 15668379; 15668688; 15669860,Other Vegetables; Other Vegetables; Root Vegetables; Moong Dal,"15668381 (Other Vegetables) - Conf: 0.4010, Lift: 1.9633, Factor: 1; 15668379 (Other Vegetables) - Conf: 0.2946, Lift: 1.5960, Factor: 1; 15668688 (Root Vegetables) - Conf: 0.2756, Lift: 1.4836, Factor: 1; 15669860 (Moong Dal) - Conf: 0.1865, Lift: 1.7348, Factor: 1"
8245697,15668379; 15669832; 15668381; 15668460; 34986125; 15668416,Other Vegetables; Sugar; Other Vegetables; Gourd & Cucumber; Whole Spices; Banana,15669760; 15668381; 15668688; 15668460; 15668379; 15669878; 15669777; 15668467; 15668478; 15668462,Whole Spices; Other Vegetables; Root Vegetables; Gourd & Cucumber; Other Vegetables; Toor Dal; Urad Dal; Beans; Banana; Gourd & Cucumber,"15669760 (Whole Spices) - Conf: 0.3992, Lift: 3.3414, Factor: 1; 15668381 (Other Vegetables) - Conf: 0.3695, Lift: 1.8093, Factor: 1; 15668688 (Root Vegetables) - Conf: 0.3690, Lift: 1.9869, Factor: 1; 15668460 (Gourd & Cucumber) - Conf: 0.3446, Lift: 1.8670, Factor: 1; 15668379 (Other Vegetables) - Conf: 0.3415, Lift: 1.8499, Factor: 1; 15669878 (Toor Dal) - Conf: 0.2975, Lift: 1.7348, Factor: 1; 15669777 (Urad Dal) - Conf: 0.2888, Lift: 2.5928, Factor: 1; 15668467 (Beans) - Conf: 0.2769, Lift: 2.0591, Factor: 1; 15668478 (Banana) - Conf: 0.2619, Lift: 1.8369, Factor: 1; 15668462 (Gourd & Cucumber) - Conf: 0.2579, Lift: 2.0591, Factor: 1"
8246331,15669835; 15669872; 15668466; 15668469; 15668449; 21408942; 15668685; 15668595; 15669821; 15668495; 15668463; 15668381,Raw Rice; Avalakki / Poha; Root Vegetables; Beans; Exotic Vegetables; Other Rice Products; Beans; Exotic Vegetables; Whole Spices; Exotic Vegetables; Gourd & Cucumber; Other Vegetables,15669760; 15668381; 15668460; 15668688; 15668379; 15669878; 15668462; 15668478; 15668378; 15668465,Whole Spices; Other Vegetables; Gourd & Cucumber; Root Vegetables; Other Vegetables; Toor Dal; Gourd & Cucumber; Banana; Other Vegetables; Root Vegetables,"15669760 (Whole Spices) - Conf: 0.3992, Lift: 3.3414, Factor: 1; 15668381 (Other Vegetables) - Conf: 0.3695, Lift: 1.8093, Factor: 1; 15668460 (Gourd & Cucumber) - Conf: 0.3037, Lift: 1.6454, Factor: 1; 15668688 (Root Vegetables) - Conf: 0.3027, Lift: 1.6298, Factor: 1; 15668379 (Other Vegetables) - Conf: 0.2976, Lift: 1.6124, Factor: 1; 15669878 (Toor Dal) - Conf: 0.2975, Lift: 1.7348, Factor: 1; 15668462 (Gourd & Cucumber) - Conf: 0.2579, Lift: 2.0591, Factor: 1; 15668478 (Banana) - Conf: 0.2448, Lift: 1.7170, Factor: 1; 15668378 (Other Vegetables) - Conf: 0.2317, Lift: 1.6987, Factor: 1; 15668465 (Root Vegetables) - Conf: 0.2088, Lift: 1.6124, Factor: 1"
8246335,15669833; 21408947; 15669760; 15669869; 7752915; 7548498; 7613346,Raw Rice; Other Rice Products; Whole Spices; Moong Dal; Health Supplements; Liquid Soaps & Bars; Honey,15668478; 15668467; 15668468,Banana; Beans; Beans,"15668478 (Banana) - Conf: 0.1887, Lift: 1.3233, Factor: 1; 15668467 (Beans) - Conf: 0.1775, Lift: 1.3195, Factor: 1; 15668468 (Beans) - Conf: 0.1754, Lift: 1.3874, Factor: 1"
8247009,15669880; 7572252; 15668460; 15668416; 15668458; 15669778; 29247044,Sooji & Rava; Cooking Paste; Gourd & Cucumber; Banana; Brinjals; Other Dals; Besan,15668688; 15668460; 15668381; 15669777; 15669878; 15668478; 15669780; 15668467; 15668465; 15668468,Root Vegetables; Gourd & Cucumber; Other Vegetables; Urad Dal; Toor Dal; Banana; Sugar; Beans; Root Vegetables; Beans,"15668688 (Root Vegetables) - Conf: 0.3690, Lift: 1.9869, Factor: 1; 15668460 (Gourd & Cucumber) - Conf: 0.3340, Lift: 1.8093, Factor: 1; 15668381 (Other Vegetables) - Conf: 0.3266, Lift: 1.5993, Factor: 1; 15669777 (Urad Dal) - Conf: 0.2888, Lift: 2.5928, Factor: 1; 15669878 (Toor Dal) - Conf: 0.2736, Lift: 1.5952, Factor: 1; 15668478 (Banana) - Conf: 0.2276, Lift: 1.5960, Factor: 1; 15669780 (Sugar) - Conf: 0.2270, Lift: 1.5338, Factor: 1; 15668467 (Beans) - Conf: 0.2151, Lift: 1.5993, Factor: 1; 15668465 (Root Vegetables) - Conf: 0.2000, Lift: 1.5446, Factor: 1; 15668468 (Beans) - Conf: 0.1962, Lift: 1.5525, Factor: 1"
8247161,15668475; 15669862; 15669857; 15668381; 15669817; 7578347; 15668458; 15669879; 7578341; 34986123; 34986135; 15669818,Beans; Other Dals; Raw Peanuts; Other Vegetables; Whole Spices; Chilli & Soya Sauces; Brinjals; Other Dals; Chilli & Soya Sauces; Whole Spices; Whole Spices; Whole Spices,15669760; 15668381; 15668460; 15668688; 15669878; 15668462; 15668478; 15668378; 15668465,Whole Spices; Other Vegetables; Gourd & Cucumber; Root Vegetables; Toor Dal; Gourd & Cucumber; Banana; Other Vegetables; Root Vegetables,"15669760 (Whole Spices) - Conf: 0.3992, Lift: 3.3414, Factor: 1; 15668381 (Other Vegetables) - Conf: 0.3695, Lift: 1.8093, Factor: 1; 15668460 (Gourd & Cucumber) - Conf: 0.3037, Lift: 1.6454, Factor: 1; 15668688 (Root Vegetables) - Conf: 0.3027, Lift: 1.6298, Factor: 1; 15669878 (Toor Dal) - Conf: 0.2975, Lift: 1.7348, Factor: 1; 15668462 (Gourd & Cucumber) - Conf: 0.2579, Lift: 2.0591, Factor: 1; 15668478 (Banana) - Conf: 0.2448, Lift: 1.7170, Factor: 1; 15668378 (Other Vegetables) - Conf: 0.2317, Lift: 1.6987, Factor: 1; 15668465 (Root Vegetables) - Conf: 0.2088, Lift: 1.6124, Factor: 1"
8247472,15668462; 7569802; 15668381; 7572312; 15669786; 21408913; 15668473; 15669771,Gourd & Cucumber; Namkeen; Other Vegetables; Namkeen; Avalakki / Poha; Whole Spices; Beans; Maida,15668381; 15669760; 15668460; 15668688; 15669878; 15668379; 15668462; 15668478; 15668378; 15668465,Other Vegetables; Whole Spices; Gourd & Cucumber; Root Vegetables; Toor Dal; Other Vegetables; Gourd & Cucumber; Banana; Other Vegetables; Root Vegetables,"15668381 (Other Vegetables) - Conf: 0.4010, Lift: 1.9633, Factor: 1; 15669760 (Whole Spices) - Conf: 0.3992, Lift: 3.3414, Factor: 1; 15668460 (Gourd & Cucumber) - Conf: 0.3037, Lift: 1.6454, Factor: 1; 15668688 (Root Vegetables) - Conf: 0.3027, Lift: 1.6298, Factor: 1; 15669878 (Toor Dal) - Conf: 0.2975, Lift: 1.7348, Factor: 1; 15668379 (Other Vegetables) - Conf: 0.2946, Lift: 1.5960, Factor: 1; 15668462 (Gourd & Cucumber) - Conf: 0.2579, Lift: 2.0591, Factor: 1; 15668478 (Banana) - Conf: 0.2448, Lift: 1.7170, Factor: 1; 15668378 (Other Vegetables) - Conf: 0.2317, Lift: 1.6987, Factor: 1; 15668465 (Root Vegetables) - Conf: 0.2088, Lift: 1.6124, Factor: 1"
8249884,7580089; 15669886; 15669760; 15669772; 15669763; 7582053; 15669786; 15669829; 15669878,Ice Creams & Desserts; Sooji & Rava; Whole Spices; Other Dals; Other Dals; Health Drinks; Avalakki / Poha; Raw Rice; Toor Dal,15668379; 15668688; 15668460; 15668468,Other Vegetables; Root Vegetables; Gourd & Cucumber; Beans,"15668379 (Other Vegetables) - Conf: 0.2492, Lift: 1.3502, Factor: 1; 15668688 (Root Vegetables) - Conf: 0.2458, Lift: 1.3231, Factor: 1; 15668460 (Gourd & Cucumber) - Conf: 0.2440, Lift: 1.3221, Factor: 1; 15668468 (Beans) - Conf: 0.1754, Lift: 1.3874, Factor: 1"
8250106,7624792; 15668542; 15669857; 7572304; 15668453; 15668375; 7572433; 15669965; 7569801,Ghee; Buns & Pavs; Raw Peanuts; Namkeen; Brinjals; Root Vegetables; Cooking Paste; Raisins; Namkeen,,,
8250969,7753734; 15669872; 7587667; 15669881; 15668468; 15668375,Health Drinks; Avalakki / Poha; Organic Dals & Pulses; Sooji & Rava; Beans; Root Vegetables,15668381; 15668468; 15668467; 15669764,Other Vegetables; Beans; Beans; Besan,"15668381 (Other Vegetables) - Conf: 0.3155, Lift: 1.5446, Factor: 1; 15668468 (Beans) - Conf: 0.2338, Lift: 1.8499, Factor: 1; 15668467 (Beans) - Conf: 0.2213, Lift: 1.6454, Factor: 1; 15669764 (Besan) - Conf: 0.1753, Lift: 1.4579, Factor: 1"
8253846,7572430; 15669780; 15669988; 15669815; 15669763; 15669885; 15669810,Cooking Paste; Sugar; Other Dals; Jaggery; Other Dals; Moong Dal; Almonds,15668460,Gourd & Cucumber,"15668460 (Gourd & Cucumber) - Conf: 0.2443, Lift: 1.3233, Factor: 1"
8254821,7580802; 15668466; 15669869; 15669766; 15668416; 15668520; 7570487; 15668468,Sunflower Oils; Root Vegetables; Moong Dal; Other Flours; Banana; Bread; Shaving Blade & Razors; Beans,15668381; 15668468; 15668467; 15668478; 15669764,Other Vegetables; Beans; Beans; Banana; Besan,"15668381 (Other Vegetables) - Conf: 0.3155, Lift: 1.5446, Factor: 1; 15668468 (Beans) - Conf: 0.2338, Lift: 1.8499, Factor: 1; 15668467 (Beans) - Conf: 0.2213, Lift: 1.6454, Factor: 1; 15668478 (Banana) - Conf: 0.1887, Lift: 1.3233, Factor: 1; 15669764 (Besan) - Conf: 0.1753, Lift: 1.4579, Factor: 1"
8255466,15668375; 15668380; 15669879; 15669856; 15668381; 15668416; 21408942; 15668456,Root Vegetables; Other Vegetables; Other Dals; Sugar; Other Vegetables; Banana; Other Rice Products; Brinjals,15669760; 15668381; 15668460; 15668688; 15669878; 15668462; 15668478; 15668378; 15668465,Whole Spices; Other Vegetables; Gourd & Cucumber; Root Vegetables; Toor Dal; Gourd & Cucumber; Banana; Other Vegetables; Root Vegetables,"15669760 (Whole Spices) - Conf: 0.3992, Lift: 3.3414, Factor: 1; 15668381 (Other Vegetables) - Conf: 0.3695, Lift: 1.8093, Factor: 1; 15668460 (Gourd & Cucumber) - Conf: 0.3037, Lift: 1.6454, Factor: 1; 15668688 (Root Vegetables) - Conf: 0.3027, Lift: 1.6298, Factor: 1; 15669878 (Toor Dal) - Conf: 0.2975, Lift: 1.7348, Factor: 1; 15668462 (Gourd & Cucumber) - Conf: 0.2579, Lift: 2.0591, Factor: 1; 15668478 (Banana) - Conf: 0.2448, Lift: 1.7170, Factor: 1; 15668378 (Other Vegetables) - Conf: 0.2317, Lift: 1.6987, Factor: 1; 15668465 (Root Vegetables) - Conf: 0.2088, Lift: 1.6124, Factor: 1"
8256932,15669874; 15669818; 15668477; 15669856; 15668520; 15669880; 15669786,Avalakki / Poha; Whole Spices; Exotic Vegetables; Sugar; Bread; Sooji & Rava; Avalakki / Poha,,,
8256944,15668462; 15669834; 15669856; 15669857; 15669814; 7624792; 7587655; 15669875; 15669777; 15669776; 15669869,Gourd & Cucumber; Raw Rice; Sugar; Raw Peanuts; Jaggery; Ghee; Organic Rice & Rice Products; Toor Dal; Urad Dal; Other Dals; Moong Dal,15668381; 15668379; 15668688; 15668478; 15669860; 15668467,Other Vegetables; Other Vegetables; Root Vegetables; Banana; Moong Dal; Beans,"15668381 (Other Vegetables) - Conf: 0.4010, Lift: 1.9633, Factor: 1; 15668379 (Other Vegetables) - Conf: 0.2946, Lift: 1.5960, Factor: 1; 15668688 (Root Vegetables) - Conf: 0.2756, Lift: 1.4836, Factor: 1; 15668478 (Banana) - Conf: 0.1887, Lift: 1.3233, Factor: 1; 15669860 (Moong Dal) - Conf: 0.1865, Lift: 1.7348, Factor: 1; 15668467 (Beans) - Conf: 0.1775, Lift: 1.3195, Factor: 1"
8256966,93073679; 7586312; 15669814; 34986113; 15669832; 7718198; 34990372; 7587649; 7640186; 7547271,Namkeen; Snacky Nuts; Jaggery; Whole Spices; Sugar; Mosquito Repellent; Healthy & Digestive Biscuits; Organic Rice & Rice Products; Honey; Liquid Soaps & Bars,,,
8258691,15669783; 34992815; 15668467; 15669772; 15669869; 15669782; 15669859,Sooji & Rava; Cookies; Beans; Other Dals; Moong Dal; Raw Rice; Toor Dal,15668460; 15668381; 15668462; 15668478; 15668468; 15668467,Gourd & Cucumber; Other Vegetables; Gourd & Cucumber; Banana; Beans; Beans,"15668460 (Gourd & Cucumber) - Conf: 0.4554, Lift: 2.4674, Factor: 1; 15668381 (Other Vegetables) - Conf: 0.3171, Lift: 1.5525, Factor: 1; 15668462 (Gourd & Cucumber) - Conf: 0.2338, Lift: 1.8670, Factor: 1; 15668478 (Banana) - Conf: 0.1887, Lift: 1.3233, Factor: 1; 15668468 (Beans) - Conf: 0.1846, Lift: 1.4609, Factor: 1; 15668467 (Beans) - Conf: 0.1775, Lift: 1.3195, Factor: 1"
8261883,7632452; 7580802; 15669832; 15669880; 15670267; 7623116; 15669872,Liquid Detergent; Sunflower Oils; Sugar; Sooji & Rava; Toor Dal; Liquid Soaps & Bars; Avalakki / Poha,,,
8262498,7569806; 21408942; 15669869; 34992815; 15669859; 7572301; 15669775; 15669868; 7571385,"Namkeen; Other Rice Products; Moong Dal; Cookies; Toor Dal; Namkeen; Sooji & Rava; Other Dals; Glucose, Marie & Milk Biscuits",15668478; 15668467,Banana; Beans,"15668478 (Banana) - Conf: 0.1887, Lift: 1.3233, Factor: 1; 15668467 (Beans) - Conf: 0.1775, Lift: 1.3195, Factor: 1"
8263472,15669818; 15668381; 7637309; 15669765; 34992815; 15669817; 15668380,Whole Spices; Other Vegetables; Mosquito Repellent; Urad Dal; Cookies; Whole Spices; Other Vegetables,15669760; 15668381; 15668460; 15668688; 15669878; 15668462; 15668478; 15668378; 15668465,Whole Spices; Other Vegetables; Gourd & Cucumber; Root Vegetables; Toor Dal; Gourd & Cucumber; Banana; Other Vegetables; Root Vegetables,"15669760 (Whole Spices) - Conf: 0.3992, Lift: 3.3414, Factor: 1; 15668381 (Other Vegetables) - Conf: 0.3695, Lift: 1.8093, Factor: 1; 15668460 (Gourd & Cucumber) - Conf: 0.3037, Lift: 1.6454, Factor: 1; 15668688 (Root Vegetables) - Conf: 0.3027, Lift: 1.6298, Factor: 1; 15669878 (Toor Dal) - Conf: 0.2975, Lift: 1.7348, Factor: 1; 15668462 (Gourd & Cucumber) - Conf: 0.2579, Lift: 2.0591, Factor: 1; 15668478 (Banana) - Conf: 0.2448, Lift: 1.7170, Factor: 1; 15668378 (Other Vegetables) - Conf: 0.2317, Lift: 1.6987, Factor: 1; 15668465 (Root Vegetables) - Conf: 0.2088, Lift: 1.6124, Factor: 1"
8265380,34992815; 15668378; 15669791; 15669881; 15670270; 7548498; 7627860,Cookies; Other Vegetables; Raw Rice; Sooji & Rava; Other Dals; Liquid Soaps & Bars; Sunflower Oils,15669869; 15669821; 15668467; 15668458,Moong Dal; Whole Spices; Beans; Brinjals,"15669869 (Moong Dal) - Conf: 0.3287, Lift: 2.5928, Factor: 1; 15669821 (Whole Spices) - Conf: 0.3065, Lift: 3.3414, Factor: 1; 15668467 (Beans) - Conf: 0.2797, Lift: 2.0794, Factor: 1; 15668458 (Brinjals) - Conf: 0.1921, Lift: 2.4674, Factor: 1"
8265392,34992815; 15669861; 15669785; 15668462; 7578354; 21410792; 15668685; 15669878; 15668460,Cookies; Raw Peanuts; Boiled Rice; Gourd & Cucumber; Chilli & Soya Sauces; Cookies; Beans; Toor Dal; Gourd & Cucumber,15668381; 15668688; 15668460; 15668379; 15669777; 15669878; 15668478; 15669780; 15668467; 15668465,Other Vegetables; Root Vegetables; Gourd & Cucumber; Other Vegetables; Urad Dal; Toor Dal; Banana; Sugar; Beans; Root Vegetables,"15668381 (Other Vegetables) - Conf: 0.4010, Lift: 1.9633, Factor: 1; 15668688 (Root Vegetables) - Conf: 0.3690, Lift: 1.9869, Factor: 1; 15668460 (Gourd & Cucumber) - Conf: 0.3340, Lift: 1.8093, Factor: 1; 15668379 (Other Vegetables) - Conf: 0.2976, Lift: 1.6124, Factor: 1; 15669777 (Urad Dal) - Conf: 0.2888, Lift: 2.5928, Factor: 1; 15669878 (Toor Dal) - Conf: 0.2736, Lift: 1.5952, Factor: 1; 15668478 (Banana) - Conf: 0.2276, Lift: 1.5960, Factor: 1; 15669780 (Sugar) - Conf: 0.2270, Lift: 1.5338, Factor: 1; 15668467 (Beans) - Conf: 0.2151, Lift: 1.5993, Factor: 1; 15668465 (Root Vegetables) - Conf: 0.2000, Lift: 1.5446, Factor: 1"
8265546,34992815; 7570762; 15668380; 92388173; 7611899; 15668477; 7578337; 7572254; 15669771; 15669878,Cookies; Shaving Blade & Razors; Other Vegetables; Namkeen; Honey; Exotic Vegetables; Other Sauces; Cooking Sauce; Maida; Toor Dal,15668379; 15668688; 15668460,Other Vegetables; Root Vegetables; Gourd & Cucumber,"15668379 (Other Vegetables) - Conf: 0.2492, Lift: 1.3502, Factor: 1; 15668688 (Root Vegetables) - Conf: 0.2458, Lift: 1.3231, Factor: 1; 15668460 (Gourd & Cucumber) - Conf: 0.2440, Lift: 1.3221, Factor: 1"
8268096,15669974; 34992815; 15669811; 15669805; 7624788; 15669799,Other Dry Fruits; Cookies; Almonds; Cashews; Ghee; Raisins,,,
8268678,34992815; 15669864; 7624790; 7572311; 15669859; 15669863; 15669789; 15669882; 15669829; 29247229; 15669771,Cookies; Other Dals; Ghee; Namkeen; Toor Dal; Moong Dal; Boiled Rice; Sooji & Rava; Raw Rice; Whole Spices; Maida,15668465,Root Vegetables,"15668465 (Root Vegetables) - Conf: 0.1712, Lift: 1.3221, Factor: 1"
8269031,15670168; 92302710; 7628085; 7642495; 7587667; 7630965; 15668688; 15668449; 15668457; 15670207; 15670251; 15669972,Organic F&V; Face Wash; Basmati Rice; Ice Creams & Desserts; Organic Dals & Pulses; Regular Pasta; Root Vegetables; Exotic Vegetables; Brinjals; Organic F&V; Organic F&V; Cashews,15668381; 15668378; 15668688; 15669878; 15668465,Other Vegetables; Other Vegetables; Root Vegetables; Toor Dal; Root Vegetables,"15668381 (Other Vegetables) - Conf: 0.2985, Lift: 1.4617, Factor: 1; 15668378 (Other Vegetables) - Conf: 0.2837, Lift: 2.0794, Factor: 1; 15668688 (Root Vegetables) - Conf: 0.2713, Lift: 1.4609, Factor: 1; 15669878 (Toor Dal) - Conf: 0.2630, Lift: 1.5338, Factor: 1; 15668465 (Root Vegetables) - Conf: 0.2350, Lift: 1.8146, Factor: 1"
8269205,15668520; 7572252; 7613346; 7718555; 7587656; 15669760; 15669856,Bread; Cooking Paste; Honey; Other Oils; Organic Rice & Rice Products; Whole Spices; Sugar,15668468,Beans,"15668468 (Beans) - Conf: 0.1754, Lift: 1.3874, Factor: 1"
8269393,15669767; 21408953; 15669821; 34992815; 15669878; 15669998; 15669972; 15669877; 15669884,Urad Dal; Whole Spices; Whole Spices; Cookies; Toor Dal; Other Dals; Cashews; Whole Spices; Whole Spices,15668460; 15668379; 15668688,Gourd & Cucumber; Other Vegetables; Root Vegetables,"15668460 (Gourd & Cucumber) - Conf: 0.2561, Lift: 1.3874, Factor: 1; 15668379 (Other Vegetables) - Conf: 0.2492, Lift: 1.3502, Factor: 1; 15668688 (Root Vegetables) - Conf: 0.2458, Lift: 1.3231, Factor: 1"
8269483,34992815; 15669859; 15669772; 7579697; 15669832; 15669866; 15669988; 15669872,Cookies; Toor Dal; Other Dals; Cream Biscuits; Sugar; Other Dals; Other Dals; Avalakki / Poha,,,
8269882,15668477; 15668380; 7580823; 15668478; 7573376; 34992815; 15668469,Exotic Vegetables; Other Vegetables; Sunflower Oils; Banana; Mango Juices; Cookies; Beans,15668379; 15668688; 15668465; 15669863,Other Vegetables; Root Vegetables; Root Vegetables; Moong Dal,"15668379 (Other Vegetables) - Conf: 0.3008, Lift: 1.6298, Factor: 1; 15668688 (Root Vegetables) - Conf: 0.2585, Lift: 1.3917, Factor: 1; 15668465 (Root Vegetables) - Conf: 0.2378, Lift: 1.8369, Factor: 1; 15669863 (Moong Dal) - Conf: 0.1820, Lift: 1.4669, Factor: 1"
8270508,34992815; 6884195; 15669829; 15669823; 15669780; 7689511,Cookies; Instant Noodles; Raw Rice; Whole Spices; Sugar; Ground Coffee,15668460,Gourd & Cucumber,"15668460 (Gourd & Cucumber) - Conf: 0.2443, Lift: 1.3233, Factor: 1"
8271902,7572298; 92286348; 15668381; 15669887; 15669835; 21409004; 7572311; 15668378; 29247044; 15669821,Namkeen; Salty Biscuits; Other Vegetables; Maida; Raw Rice; Other Dals; Namkeen; Other Vegetables; Besan; Whole Spices,15669760; 15668381; 15669869; 15669821; 15668460; 15668688; 15669878; 15668467; 15668462; 15668478,Whole Spices; Other Vegetables; Moong Dal; Whole Spices; Gourd & Cucumber; Root Vegetables; Toor Dal; Beans; Gourd & Cucumber; Banana,"15669760 (Whole Spices) - Conf: 0.3992, Lift: 3.3414, Factor: 1; 15668381 (Other Vegetables) - Conf: 0.3695, Lift: 1.8093, Factor: 1; 15669869 (Moong Dal) - Conf: 0.3287, Lift: 2.5928, Factor: 1; 15669821 (Whole Spices) - Conf: 0.3065, Lift: 3.3414, Factor: 1; 15668460 (Gourd & Cucumber) - Conf: 0.3037, Lift: 1.6454, Factor: 1; 15668688 (Root Vegetables) - Conf: 0.3027, Lift: 1.6298, Factor: 1; 15669878 (Toor Dal) - Conf: 0.2975, Lift: 1.7348, Factor: 1; 15668467 (Beans) - Conf: 0.2797, Lift: 2.0794, Factor: 1; 15668462 (Gourd & Cucumber) - Conf: 0.2579, Lift: 2.0591, Factor: 1; 15668478 (Banana) - Conf: 0.2448, Lift: 1.7170, Factor: 1"
8273082,15668457; 15668381; 7587656; 15670251; 7587512; 21410750,Brinjals; Other Vegetables; Organic Rice & Rice Products; Organic F&V; Organic Flours; Organic Juices,15669760; 15668381; 15668460; 15668688; 15669878; 15668462; 15668478; 15668378; 15668465,Whole Spices; Other Vegetables; Gourd & Cucumber; Root Vegetables; Toor Dal; Gourd & Cucumber; Banana; Other Vegetables; Root Vegetables,"15669760 (Whole Spices) - Conf: 0.3992, Lift: 3.3414, Factor: 1; 15668381 (Other Vegetables) - Conf: 0.3695, Lift: 1.8093, Factor: 1; 15668460 (Gourd & Cucumber) - Conf: 0.3037, Lift: 1.6454, Factor: 1; 15668688 (Root Vegetables) - Conf: 0.3027, Lift: 1.6298, Factor: 1; 15669878 (Toor Dal) - Conf: 0.2975, Lift: 1.7348, Factor: 1; 15668462 (Gourd & Cucumber) - Conf: 0.2579, Lift: 2.0591, Factor: 1; 15668478 (Banana) - Conf: 0.2448, Lift: 1.7170, Factor: 1; 15668378 (Other Vegetables) - Conf: 0.2317, Lift: 1.6987, Factor: 1; 15668465 (Root Vegetables) - Conf: 0.2088, Lift: 1.6124, Factor: 1"
8273464,15669767; 93156751; 7753779; 15669884; 15669780; 15669760; 15669869; 15669821; 15669783; 15669814; 15669825; 15669886; 34986128; 15669823,Urad Dal; Ground Coffee; Health Drinks; Whole Spices; Sugar; Whole Spices; Moong Dal; Whole Spices; Sooji & Rava; Jaggery; Boiled Rice; Sooji & Rava; Whole Spices; Whole Spices,15668460; 15668478; 15668467; 15668468,Gourd & Cucumber; Banana; Beans; Beans,"15668460 (Gourd & Cucumber) - Conf: 0.2561, Lift: 1.3874, Factor: 1; 15668478 (Banana) - Conf: 0.1887, Lift: 1.3233, Factor: 1; 15668467 (Beans) - Conf: 0.1775, Lift: 1.3195, Factor: 1; 15668468 (Beans) - Conf: 0.1754, Lift: 1.3874, Factor: 1"
8273657,15669771; 15669761; 7579697; 15669767; 15669880; 15669829; 15669760; 15669856; 7580823; 34986328; 15669815; 15669778,Maida; Whole Spices; Cream Biscuits; Urad Dal; Sooji & Rava; Raw Rice; Whole Spices; Sugar; Sunflower Oils; Toor Dal; Jaggery; Other Dals,15668468,Beans,"15668468 (Beans) - Conf: 0.1754, Lift: 1.3874, Factor: 1"
8273931,15669832; 15669776; 15669863; 15668521; 21408952; 7580802; 15669878; 7753738; 15669767; 15669825,Sugar; Other Dals; Moong Dal; Bread; Whole Spices; Sunflower Oils; Toor Dal; Health Drinks; Urad Dal; Boiled Rice,15668379; 15668688; 15668460; 15668465,Other Vegetables; Root Vegetables; Gourd & Cucumber; Root Vegetables,"15668379 (Other Vegetables) - Conf: 0.2492, Lift: 1.3502, Factor: 1; 15668688 (Root Vegetables) - Conf: 0.2458, Lift: 1.3231, Factor: 1; 15668460 (Gourd & Cucumber) - Conf: 0.2440, Lift: 1.3221, Factor: 1; 15668465 (Root Vegetables) - Conf: 0.1712, Lift: 1.3221, Factor: 1"
8274447,15669817; 15668688; 15669869; 7625765; 7586147; 15670241; 34986125,Whole Spices; Root Vegetables; Moong Dal; Sunflower Oils; Instant Pastas; Organic F&V; Whole Spices,15668381; 15668378; 15668688; 15669878; 15668465; 15668478; 15668467,Other Vegetables; Other Vegetables; Root Vegetables; Toor Dal; Root Vegetables; Banana; Beans,"15668381 (Other Vegetables) - Conf: 0.2985, Lift: 1.4617, Factor: 1; 15668378 (Other Vegetables) - Conf: 0.2837, Lift: 2.0794, Factor: 1; 15668688 (Root Vegetables) - Conf: 0.2713, Lift: 1.4609, Factor: 1; 15669878 (Toor Dal) - Conf: 0.2630, Lift: 1.5338, Factor: 1; 15668465 (Root Vegetables) - Conf: 0.2350, Lift: 1.8146, Factor: 1; 15668478 (Banana) - Conf: 0.1887, Lift: 1.3233, Factor: 1; 15668467 (Beans) - Conf: 0.1775, Lift: 1.3195, Factor: 1"
8275185,7650488; 93141022; 15668688; 15668453; 7689353; 15668466,Other Oils; Yogurt & Lassi; Root Vegetables; Brinjals; Ground Coffee; Root Vegetables,15668381; 15668378; 15668688; 15669878; 15668465,Other Vegetables; Other Vegetables; Root Vegetables; Toor Dal; Root Vegetables,"15668381 (Other Vegetables) - Conf: 0.2985, Lift: 1.4617, Factor: 1; 15668378 (Other Vegetables) - Conf: 0.2837, Lift: 2.0794, Factor: 1; 15668688 (Root Vegetables) - Conf: 0.2713, Lift: 1.4609, Factor: 1; 15669878 (Toor Dal) - Conf: 0.2630, Lift: 1.5338, Factor: 1; 15668465 (Root Vegetables) - Conf: 0.2350, Lift: 1.8146, Factor: 1"
8275225,15669817; 15669857; 15669777; 15670269; 7580804; 21408953; 7572432; 15669818,Whole Spices; Raw Peanuts; Urad Dal; Other Dals; Sunflower Oils; Whole Spices; Cooking Paste; Whole Spices,15668381,Other Vegetables,"15668381 (Other Vegetables) - Conf: 0.2703, Lift: 1.3233, Factor: 1"
8276422,15669771; 15668468; 7587672; 7613349; 15668477; 7692619,Maida; Beans; Organic Masalas & Spices; Honey; Exotic Vegetables; Shaving Blade & Razors,15668381; 15668468; 15668467; 15669764,Other Vegetables; Beans; Beans; Besan,"15668381 (Other Vegetables) - Conf: 0.3155, Lift: 1.5446, Factor: 1; 15668468 (Beans) - Conf: 0.2338, Lift: 1.8499, Factor: 1; 15668467 (Beans) - Conf: 0.2213, Lift: 1.6454, Factor: 1; 15669764 (Besan) - Conf: 0.1753, Lift: 1.4579, Factor: 1"
8276533,34987566; 7587674; 7624792; 15668520; 15669876; 15668375; 21408952; 7580183,Whole Spices; Organic Masalas & Spices; Ghee; Bread; Toor Dal; Root Vegetables; Whole Spices; Health Drinks,,,
8277630,15668474; 15668380; 15668381; 7572432; 34986125; 15668457; 15668469,Beans; Other Vegetables; Other Vegetables; Cooking Paste; Whole Spices; Brinjals; Beans,15669760; 15668381; 15668460; 15668688; 15669878; 15668462; 15668478; 15668378; 15668465,Whole Spices; Other Vegetables; Gourd & Cucumber; Root Vegetables; Toor Dal; Gourd & Cucumber; Banana; Other Vegetables; Root Vegetables,"15669760 (Whole Spices) - Conf: 0.3992, Lift: 3.3414, Factor: 1; 15668381 (Other Vegetables) - Conf: 0.3695, Lift: 1.8093, Factor: 1; 15668460 (Gourd & Cucumber) - Conf: 0.3037, Lift: 1.6454, Factor: 1; 15668688 (Root Vegetables) - Conf: 0.3027, Lift: 1.6298, Factor: 1; 15669878 (Toor Dal) - Conf: 0.2975, Lift: 1.7348, Factor: 1; 15668462 (Gourd & Cucumber) - Conf: 0.2579, Lift: 2.0591, Factor: 1; 15668478 (Banana) - Conf: 0.2448, Lift: 1.7170, Factor: 1; 15668378 (Other Vegetables) - Conf: 0.2317, Lift: 1.6987, Factor: 1; 15668465 (Root Vegetables) - Conf: 0.2088, Lift: 1.6124, Factor: 1"
8279511,15669818; 7570487; 34986123; 15669769; 7613346; 15669880; 15669866; 34987566; 34986130; 15669977; 15669817; 7692619,Whole Spices; Shaving Blade & Razors; Whole Spices; Other Dals; Honey; Sooji & Rava; Other Dals; Whole Spices; Whole Spices; Almonds; Whole Spices; Shaving Blade & Razors,,,
8279743,15669885; 15668520; 15669988; 15668465; 15669884; 34987566; 15669859; 15668381; 21408942; 15670270,Moong Dal; Bread; Other Dals; Root Vegetables; Whole Spices; Whole Spices; Toor Dal; Other Vegetables; Other Rice Products; Other Dals,15669760; 15668381; 15668688; 15668460; 15669878; 15668379; 15668462; 15668467; 15668478; 15668378,Whole Spices; Other Vegetables; Root Vegetables; Gourd & Cucumber; Toor Dal; Other Vegetables; Gourd & Cucumber; Beans; Banana; Other Vegetables,"15669760 (Whole Spices) - Conf: 0.3992, Lift: 3.3414, Factor: 1; 15668381 (Other Vegetables) - Conf: 0.3695, Lift: 1.8093, Factor: 1; 15668688 (Root Vegetables) - Conf: 0.3189, Lift: 1.7170, Factor: 1; 15668460 (Gourd & Cucumber) - Conf: 0.3037, Lift: 1.6454, Factor: 1; 15669878 (Toor Dal) - Conf: 0.2975, Lift: 1.7348, Factor: 1; 15668379 (Other Vegetables) - Conf: 0.2698, Lift: 1.4617, Factor: 1; 15668462 (Gourd & Cucumber) - Conf: 0.2579, Lift: 2.0591, Factor: 1; 15668467 (Beans) - Conf: 0.2531, Lift: 1.8820, Factor: 1; 15668478 (Banana) - Conf: 0.2448, Lift: 1.7170, Factor: 1; 15668378 (Other Vegetables) - Conf: 0.2317, Lift: 1.6987, Factor: 1"
8279863,21409002; 15669772; 34986329; 15669763; 15669857; 15668416; 15669869,Moong Dal; Other Dals; Raw Rice; Other Dals; Raw Peanuts; Banana; Moong Dal,15668478; 15668467,Banana; Beans,"15668478 (Banana) - Conf: 0.1887, Lift: 1.3233, Factor: 1; 15668467 (Beans) - Conf: 0.1775, Lift: 1.3195, Factor: 1"
8280275,15670270; 15669795; 15669965; 15669789; 15669832; 15669790; 15669804; 15669861; 15669872; 15669767,Other Dals; Other Dry Fruits; Raisins; Boiled Rice; Sugar; Other Rice Products; Cashews; Raw Peanuts; Avalakki / Poha; Urad Dal,,,
8282341,15668379; 15668377; 15668460; 34988771; 15668685; 7624792; 21408947,Other Vegetables; Root Vegetables; Gourd & Cucumber; Other Sweets; Beans; Ghee; Other Rice Products,15668688; 15668460; 15668379; 15669777; 15668467; 15669878; 15668478; 15668465; 15669780; 15668468,Root Vegetables; Gourd & Cucumber; Other Vegetables; Urad Dal; Beans; Toor Dal; Banana; Root Vegetables; Sugar; Beans,"15668688 (Root Vegetables) - Conf: 0.3690, Lift: 1.9869, Factor: 1; 15668460 (Gourd & Cucumber) - Conf: 0.3446, Lift: 1.8670, Factor: 1; 15668379 (Other Vegetables) - Conf: 0.3415, Lift: 1.8499, Factor: 1; 15669777 (Urad Dal) - Conf: 0.2888, Lift: 2.5928, Factor: 1; 15668467 (Beans) - Conf: 0.2769, Lift: 2.0591, Factor: 1; 15669878 (Toor Dal) - Conf: 0.2736, Lift: 1.5952, Factor: 1; 15668478 (Banana) - Conf: 0.2619, Lift: 1.8369, Factor: 1; 15668465 (Root Vegetables) - Conf: 0.2573, Lift: 1.9869, Factor: 1; 15669780 (Sugar) - Conf: 0.2270, Lift: 1.5338, Factor: 1; 15668468 (Beans) - Conf: 0.1962, Lift: 1.5525, Factor: 1"
8282484,15669769; 15669760; 15669873; 15669815; 15669823; 92383200; 15669856; 15669860; 15669861; 15669781; 7624790; 15669866; 7623116; 15669777; 15669869; 15669821,Other Dals; Whole Spices; Whole Spices; Jaggery; Whole Spices; Liquid Detergent; Sugar; Moong Dal; Raw Peanuts; Rice Flour; Ghee; Other Dals; Liquid Soaps & Bars; Urad Dal; Moong Dal; Whole Spices,15668381; 15668460; 15668478; 15668378; 15668467; 15668468,Other Vegetables; Gourd & Cucumber; Banana; Other Vegetables; Beans; Beans,"15668381 (Other Vegetables) - Conf: 0.2703, Lift: 1.3233, Factor: 1; 15668460 (Gourd & Cucumber) - Conf: 0.2561, Lift: 1.3874, Factor: 1; 15668478 (Banana) - Conf: 0.1887, Lift: 1.3233, Factor: 1; 15668378 (Other Vegetables) - Conf: 0.1805, Lift: 1.3231, Factor: 1; 15668467 (Beans) - Conf: 0.1775, Lift: 1.3195, Factor: 1; 15668468 (Beans) - Conf: 0.1754, Lift: 1.3874, Factor: 1"
8283042,15668449; 15668478; 15669772; 15669824; 15669863; 15669817; 15669771; 15669764; 15669864; 7624786; 15669769,Exotic Vegetables; Banana; Other Dals; Raw Rice; Moong Dal; Whole Spices; Maida; Besan; Other Dals; Ghee; Other Dals,15668379; 15668688; 15668465; 15669863; 15668462,Other Vegetables; Root Vegetables; Root Vegetables; Moong Dal; Gourd & Cucumber,"15668379 (Other Vegetables) - Conf: 0.3008, Lift: 1.6298, Factor: 1; 15668688 (Root Vegetables) - Conf: 0.2585, Lift: 1.3917, Factor: 1; 15668465 (Root Vegetables) - Conf: 0.2378, Lift: 1.8369, Factor: 1; 15669863 (Moong Dal) - Conf: 0.1820, Lift: 1.4669, Factor: 1; 15668462 (Gourd & Cucumber) - Conf: 0.1691, Lift: 1.3502, Factor: 1"
8283998,15668478; 15669783; 15669760; 15668468; 15669764; 15669824; 15669771; 15669773; 15669880; 15669958,Banana; Sooji & Rava; Whole Spices; Beans; Besan; Raw Rice; Maida; Urad Dal; Sooji & Rava; Other Dry Fruits,15668381; 15668379; 15668688; 15668465; 15668468; 15668467; 15669863; 15669764; 15668462,Other Vegetables; Other Vegetables; Root Vegetables; Root Vegetables; Beans; Beans; Moong Dal; Besan; Gourd & Cucumber,"15668381 (Other Vegetables) - Conf: 0.3155, Lift: 1.5446, Factor: 1; 15668379 (Other Vegetables) - Conf: 0.3008, Lift: 1.6298, Factor: 1; 15668688 (Root Vegetables) - Conf: 0.2585, Lift: 1.3917, Factor: 1; 15668465 (Root Vegetables) - Conf: 0.2378, Lift: 1.8369, Factor: 1; 15668468 (Beans) - Conf: 0.2338, Lift: 1.8499, Factor: 1; 15668467 (Beans) - Conf: 0.2213, Lift: 1.6454, Factor: 1; 15669863 (Moong Dal) - Conf: 0.1820, Lift: 1.4669, Factor: 1; 15669764 (Besan) - Conf: 0.1753, Lift: 1.4579, Factor: 1; 15668462 (Gourd & Cucumber) - Conf: 0.1691, Lift: 1.3502, Factor: 1"
8284234,93009339; 15669792; 15668379; 7587492; 15669954; 7587667; 15669884; 7543241; 34990045; 34986135,"Organic Flours; Other Dry Fruits; Other Vegetables; Organic Salt,Sugar & Jaggery; Other Dry Fruits; Organic Dals & Pulses; Whole Spices; Organic Dals & Pulses; Phenyles & Acids; Whole Spices",15668688; 15668460; 15668379; 15668467; 15668478; 15668465; 15668685,Root Vegetables; Gourd & Cucumber; Other Vegetables; Beans; Banana; Root Vegetables; Beans,"15668688 (Root Vegetables) - Conf: 0.3496, Lift: 1.8820, Factor: 1; 15668460 (Gourd & Cucumber) - Conf: 0.3446, Lift: 1.8670, Factor: 1; 15668379 (Other Vegetables) - Conf: 0.3415, Lift: 1.8499, Factor: 1; 15668467 (Beans) - Conf: 0.2769, Lift: 2.0591, Factor: 1; 15668478 (Banana) - Conf: 0.2619, Lift: 1.8369, Factor: 1; 15668465 (Root Vegetables) - Conf: 0.2573, Lift: 1.9869, Factor: 1; 15668685 (Beans) - Conf: 0.1528, Lift: 1.9633, Factor: 1"
8284427,15669814; 15670269; 15669763; 15669864; 34985989; 21409002; 15669832; 7569799; 7569801; 15669772; 29247044; 15669799,Jaggery; Other Dals; Other Dals; Other Dals; Mustard Oils; Moong Dal; Sugar; Namkeen; Namkeen; Other Dals; Besan; Raisins,,,
8285181,15669780; 15669765; 15669988; 7580184; 15669778; 15669859; 15669866,Sugar; Urad Dal; Other Dals; Health Drinks; Other Dals; Toor Dal; Other Dals,15668460,Gourd & Cucumber,"15668460 (Gourd & Cucumber) - Conf: 0.2443, Lift: 1.3233, Factor: 1"
8285456,15670009; 34986125; 7578347; 34987565; 7572313; 34987566; 29247044; 7572311; 7580780; 7569806; 34986122; 15669884,Almonds; Whole Spices; Chilli & Soya Sauces; Powdered Spices; Namkeen; Whole Spices; Besan; Namkeen; Hand Wash; Namkeen; Whole Spices; Whole Spices,,,
8286457,92387970; 15669864; 7572302; 15669780; 15669772; 15669863; 7569798,Namkeen; Other Dals; Namkeen; Sugar; Other Dals; Moong Dal; Namkeen,15668460; 15668465,Gourd & Cucumber; Root Vegetables,"15668460 (Gourd & Cucumber) - Conf: 0.2443, Lift: 1.3233, Factor: 1; 15668465 (Root Vegetables) - Conf: 0.1712, Lift: 1.3221, Factor: 1"
8287030,15669760; 15669832; 15669881; 15669827; 15669761; 7642814; 15669783; 15669762; 34986129; 34986113; 15669863,Whole Spices; Sugar; Sooji & Rava; Toor Dal; Whole Spices; Basmati Rice; Sooji & Rava; Urad Dal; Whole Spices; Whole Spices; Moong Dal,15668468; 15668465,Beans; Root Vegetables,"15668468 (Beans) - Conf: 0.1754, Lift: 1.3874, Factor: 1; 15668465 (Root Vegetables) - Conf: 0.1712, Lift: 1.3221, Factor: 1"
8287522,15669772; 7753738; 15670157; 15669856; 15669779; 15669797; 34992815,Other Dals; Health Drinks; Organic F&V; Sugar; Boiled Rice; Raisins; Cookies,,,
8288803,15668458; 15668473; 15668375; 7637309; 15668451; 15668468; 15669887,Brinjals; Beans; Root Vegetables; Mosquito Repellent; Brinjals; Beans; Maida,15668381; 15668468; 15668467; 15669764,Other Vegetables; Beans; Beans; Besan,"15668381 (Other Vegetables) - Conf: 0.3266, Lift: 1.5993, Factor: 1; 15668468 (Beans) - Conf: 0.2338, Lift: 1.8499, Factor: 1; 15668467 (Beans) - Conf: 0.2213, Lift: 1.6454, Factor: 1; 15669764 (Besan) - Conf: 0.1753, Lift: 1.4579, Factor: 1"
8288927,15668688; 7580802; 15668460; 15668451; 15668379; 7569799; 15668594; 7624788; 93073679,Root Vegetables; Sunflower Oils; Gourd & Cucumber; Brinjals; Other Vegetables; Namkeen; Exotic Vegetables; Ghee; Namkeen,15668688; 15668460; 15668379; 15668381; 15669777; 15668378; 15668467; 15669878; 15668478; 15668465,Root Vegetables; Gourd & Cucumber; Other Vegetables; Other Vegetables; Urad Dal; Other Vegetables; Beans; Toor Dal; Banana; Root Vegetables,"15668688 (Root Vegetables) - Conf: 0.3690, Lift: 1.9869, Factor: 1; 15668460 (Gourd & Cucumber) - Conf: 0.3446, Lift: 1.8670, Factor: 1; 15668379 (Other Vegetables) - Conf: 0.3415, Lift: 1.8499, Factor: 1; 15668381 (Other Vegetables) - Conf: 0.2985, Lift: 1.4617, Factor: 1; 15669777 (Urad Dal) - Conf: 0.2888, Lift: 2.5928, Factor: 1; 15668378 (Other Vegetables) - Conf: 0.2837, Lift: 2.0794, Factor: 1; 15668467 (Beans) - Conf: 0.2769, Lift: 2.0591, Factor: 1; 15669878 (Toor Dal) - Conf: 0.2736, Lift: 1.5952, Factor: 1; 15668478 (Banana) - Conf: 0.2619, Lift: 1.8369, Factor: 1; 15668465 (Root Vegetables) - Conf: 0.2573, Lift: 1.9869, Factor: 1"
8288966,15668467; 15669832; 7573410; 15668451; 15668378; 15668465; 15668416,Beans; Sugar; Mango Juices; Brinjals; Other Vegetables; Root Vegetables; Banana,15668460; 15669869; 15668688; 15668381; 15669821; 15668467; 15668379; 15669878; 15668462; 15668458,Gourd & Cucumber; Moong Dal; Root Vegetables; Other Vegetables; Whole Spices; Beans; Other Vegetables; Toor Dal; Gourd & Cucumber; Brinjals,"15668460 (Gourd & Cucumber) - Conf: 0.4554, Lift: 2.4674, Factor: 1; 15669869 (Moong Dal) - Conf: 0.3287, Lift: 2.5928, Factor: 1; 15668688 (Root Vegetables) - Conf: 0.3189, Lift: 1.7170, Factor: 1; 15668381 (Other Vegetables) - Conf: 0.3171, Lift: 1.5525, Factor: 1; 15669821 (Whole Spices) - Conf: 0.3065, Lift: 3.3414, Factor: 1; 15668467 (Beans) - Conf: 0.2797, Lift: 2.0794, Factor: 1; 15668379 (Other Vegetables) - Conf: 0.2698, Lift: 1.4617, Factor: 1; 15669878 (Toor Dal) - Conf: 0.2516, Lift: 1.4669, Factor: 1; 15668462 (Gourd & Cucumber) - Conf: 0.2338, Lift: 1.8670, Factor: 1; 15668458 (Brinjals) - Conf: 0.1921, Lift: 2.4674, Factor: 1"
8289377,15668468; 15670251; 15668471; 15668381; 15668451; 15670267; 7642814; 15669818,Beans; Organic F&V; Beans; Other Vegetables; Brinjals; Toor Dal; Basmati Rice; Whole Spices,15669760; 15668381; 15668460; 15668688; 15669878; 15668462; 15668478; 15668468; 15668378; 15668467,Whole Spices; Other Vegetables; Gourd & Cucumber; Root Vegetables; Toor Dal; Gourd & Cucumber; Banana; Beans; Other Vegetables; Beans,"15669760 (Whole Spices) - Conf: 0.3992, Lift: 3.3414, Factor: 1; 15668381 (Other Vegetables) - Conf: 0.3695, Lift: 1.8093, Factor: 1; 15668460 (Gourd & Cucumber) - Conf: 0.3037, Lift: 1.6454, Factor: 1; 15668688 (Root Vegetables) - Conf: 0.3027, Lift: 1.6298, Factor: 1; 15669878 (Toor Dal) - Conf: 0.2975, Lift: 1.7348, Factor: 1; 15668462 (Gourd & Cucumber) - Conf: 0.2579, Lift: 2.0591, Factor: 1; 15668478 (Banana) - Conf: 0.2448, Lift: 1.7170, Factor: 1; 15668468 (Beans) - Conf: 0.2338, Lift: 1.8499, Factor: 1; 15668378 (Other Vegetables) - Conf: 0.2317, Lift: 1.6987, Factor: 1; 15668467 (Beans) - Conf: 0.2213, Lift: 1.6454, Factor: 1"
8289409,7753739; 15669857; 7753732; 7689353; 15669880; 7586073; 15669815; 15669790; 15669777; 15669872,Health Drinks; Raw Peanuts; Health Drinks; Ground Coffee; Sooji & Rava; Instant Pastas; Jaggery; Other Rice Products; Urad Dal; Avalakki / Poha,15668381,Other Vegetables,"15668381 (Other Vegetables) - Conf: 0.2703, Lift: 1.3233, Factor: 1"
8289460,15669771; 34986113; 15669764; 15668473; 15668379; 15669781; 15668460; 15669815; 15668381; 15669857; 15670252; 15669770,Maida; Whole Spices; Besan; Beans; Other Vegetables; Rice Flour; Gourd & Cucumber; Jaggery; Other Vegetables; Raw Peanuts; Organic F&V; Other Flours,15669760; 15668381; 15668688; 15668460; 15668379; 15669878; 15669777; 15668467; 15668478; 15668462,Whole Spices; Other Vegetables; Root Vegetables; Gourd & Cucumber; Other Vegetables; Toor Dal; Urad Dal; Beans; Banana; Gourd & Cucumber,"15669760 (Whole Spices) - Conf: 0.3992, Lift: 3.3414, Factor: 1; 15668381 (Other Vegetables) - Conf: 0.3695, Lift: 1.8093, Factor: 1; 15668688 (Root Vegetables) - Conf: 0.3690, Lift: 1.9869, Factor: 1; 15668460 (Gourd & Cucumber) - Conf: 0.3446, Lift: 1.8670, Factor: 1; 15668379 (Other Vegetables) - Conf: 0.3415, Lift: 1.8499, Factor: 1; 15669878 (Toor Dal) - Conf: 0.2975, Lift: 1.7348, Factor: 1; 15669777 (Urad Dal) - Conf: 0.2888, Lift: 2.5928, Factor: 1; 15668467 (Beans) - Conf: 0.2769, Lift: 2.0591, Factor: 1; 15668478 (Banana) - Conf: 0.2619, Lift: 1.8369, Factor: 1; 15668462 (Gourd & Cucumber) - Conf: 0.2579, Lift: 2.0591, Factor: 1"
8289766,7587674; 15669988; 34986328; 15668465; 21409130; 15669817; 21409004; 29247044; 15669887; 15668379,Organic Masalas & Spices; Other Dals; Toor Dal; Root Vegetables; Other Flours; Whole Spices; Other Dals; Besan; Maida; Other Vegetables,15668688; 15668460; 15668379; 15668381; 15668467; 15668478; 15668465; 15669878; 15669869; 15668685,Root Vegetables; Gourd & Cucumber; Other Vegetables; Other Vegetables; Beans; Banana; Root Vegetables; Toor Dal; Moong Dal; Beans,"15668688 (Root Vegetables) - Conf: 0.3496, Lift: 1.8820, Factor: 1; 15668460 (Gourd & Cucumber) - Conf: 0.3446, Lift: 1.8670, Factor: 1; 15668379 (Other Vegetables) - Conf: 0.3415, Lift: 1.8499, Factor: 1; 15668381 (Other Vegetables) - Conf: 0.3015, Lift: 1.4764, Factor: 1; 15668467 (Beans) - Conf: 0.2769, Lift: 2.0591, Factor: 1; 15668478 (Banana) - Conf: 0.2619, Lift: 1.8369, Factor: 1; 15668465 (Root Vegetables) - Conf: 0.2573, Lift: 1.9869, Factor: 1; 15669878 (Toor Dal) - Conf: 0.2516, Lift: 1.4669, Factor: 1; 15669869 (Moong Dal) - Conf: 0.2022, Lift: 1.5952, Factor: 1; 15668685 (Beans) - Conf: 0.1528, Lift: 1.9633, Factor: 1"
8296564,15669778; 15669995; 15669777; 7627860; 15669827; 15669781; 7637309; 15669872,Other Dals; Other Dals; Urad Dal; Sunflower Oils; Toor Dal; Rice Flour; Mosquito Repellent; Avalakki / Poha,15668381,Other Vegetables,"15668381 (Other Vegetables) - Conf: 0.2703, Lift: 1.3233, Factor: 1"
8304435,15669869; 7578355; 15669885; 15668378; 7570665; 34989501; 15668685; 15668462; 15669872,Moong Dal; Chinese Noodles; Moong Dal; Other Vegetables; Toothpaste; Other Dals; Beans; Gourd & Cucumber; Avalakki / Poha,15668381; 15669869; 15669821; 15668379; 15668467; 15668688; 15668458; 15668478; 15669860,Other Vegetables; Moong Dal; Whole Spices; Other Vegetables; Beans; Root Vegetables; Brinjals; Banana; Moong Dal,"15668381 (Other Vegetables) - Conf: 0.4010, Lift: 1.9633, Factor: 1; 15669869 (Moong Dal) - Conf: 0.3287, Lift: 2.5928, Factor: 1; 15669821 (Whole Spices) - Conf: 0.3065, Lift: 3.3414, Factor: 1; 15668379 (Other Vegetables) - Conf: 0.2976, Lift: 1.6124, Factor: 1; 15668467 (Beans) - Conf: 0.2797, Lift: 2.0794, Factor: 1; 15668688 (Root Vegetables) - Conf: 0.2756, Lift: 1.4836, Factor: 1; 15668458 (Brinjals) - Conf: 0.1921, Lift: 2.4674, Factor: 1; 15668478 (Banana) - Conf: 0.1887, Lift: 1.3233, Factor: 1; 15669860 (Moong Dal) - Conf: 0.1865, Lift: 1.7348, Factor: 1"
8308098,15669765; 15668471; 7575499; 15668685; 15668457; 15668460; 7569803; 15668519,Urad Dal; Beans; Aluminium Foil & Cling Wrap; Beans; Brinjals; Gourd & Cucumber; Namkeen; Bread,15668688; 15668460; 15668379; 15669777; 15669878; 15668478; 15669780; 15668467; 15668465; 15668468,Root Vegetables; Gourd & Cucumber; Other Vegetables; Urad Dal; Toor Dal; Banana; Sugar; Beans; Root Vegetables; Beans,"15668688 (Root Vegetables) - Conf: 0.3690, Lift: 1.9869, Factor: 1; 15668460 (Gourd & Cucumber) - Conf: 0.3340, Lift: 1.8093, Factor: 1; 15668379 (Other Vegetables) - Conf: 0.2976, Lift: 1.6124, Factor: 1; 15669777 (Urad Dal) - Conf: 0.2888, Lift: 2.5928, Factor: 1; 15669878 (Toor Dal) - Conf: 0.2736, Lift: 1.5952, Factor: 1; 15668478 (Banana) - Conf: 0.2276, Lift: 1.5960, Factor: 1; 15669780 (Sugar) - Conf: 0.2270, Lift: 1.5338, Factor: 1; 15668467 (Beans) - Conf: 0.2151, Lift: 1.5993, Factor: 1; 15668465 (Root Vegetables) - Conf: 0.2000, Lift: 1.5446, Factor: 1; 15668468 (Beans) - Conf: 0.1962, Lift: 1.5525, Factor: 1"
8309697,15668378; 15668455; 15669781; 15668685; 15668462; 15668460; 15669910,Other Vegetables; Brinjals; Rice Flour; Beans; Gourd & Cucumber; Gourd & Cucumber; Brinjals,15668381; 15668688; 15668460; 15669869; 15669821; 15668379; 15669777; 15668467; 15669878; 15668478,Other Vegetables; Root Vegetables; Gourd & Cucumber; Moong Dal; Whole Spices; Other Vegetables; Urad Dal; Beans; Toor Dal; Banana,"15668381 (Other Vegetables) - Conf: 0.4010, Lift: 1.9633, Factor: 1; 15668688 (Root Vegetables) - Conf: 0.3690, Lift: 1.9869, Factor: 1; 15668460 (Gourd & Cucumber) - Conf: 0.3340, Lift: 1.8093, Factor: 1; 15669869 (Moong Dal) - Conf: 0.3287, Lift: 2.5928, Factor: 1; 15669821 (Whole Spices) - Conf: 0.3065, Lift: 3.3414, Factor: 1; 15668379 (Other Vegetables) - Conf: 0.2976, Lift: 1.6124, Factor: 1; 15669777 (Urad Dal) - Conf: 0.2888, Lift: 2.5928, Factor: 1; 15668467 (Beans) - Conf: 0.2797, Lift: 2.0794, Factor: 1; 15669878 (Toor Dal) - Conf: 0.2736, Lift: 1.5952, Factor: 1; 15668478 (Banana) - Conf: 0.2276, Lift: 1.5960, Factor: 1"
8314193,15669873; 7729965; 15669965; 15669777; 15669972; 15668449; 15669878; 15669760; 21408947; 92978776,Whole Spices; Sunflower Oils; Raisins; Urad Dal; Cashews; Exotic Vegetables; Toor Dal; Whole Spices; Other Rice Products; Basmati Rice,15668381; 15668379; 15668688; 15668460; 15668468,Other Vegetables; Other Vegetables; Root Vegetables; Gourd & Cucumber; Beans,"15668381 (Other Vegetables) - Conf: 0.2703, Lift: 1.3233, Factor: 1; 15668379 (Other Vegetables) - Conf: 0.2492, Lift: 1.3502, Factor: 1; 15668688 (Root Vegetables) - Conf: 0.2458, Lift: 1.3231, Factor: 1; 15668460 (Gourd & Cucumber) - Conf: 0.2440, Lift: 1.3221, Factor: 1; 15668468 (Beans) - Conf: 0.1754, Lift: 1.3874, Factor: 1"
8315583,34986129; 15668453; 15669873; 21408952; 92435927; 15669782; 7624788; 15669884,Whole Spices; Brinjals; Whole Spices; Whole Spices; Basmati Rice; Raw Rice; Ghee; Whole Spices,,,
8316970,15670267; 15668380; 15668467; 15669869; 15668381; 15668460,Toor Dal; Other Vegetables; Beans; Moong Dal; Other Vegetables; Gourd & Cucumber,15668460; 15669760; 15668381; 15668688; 15669878; 15669777; 15668462; 15668478; 15668378; 15669780,Gourd & Cucumber; Whole Spices; Other Vegetables; Root Vegetables; Toor Dal; Urad Dal; Gourd & Cucumber; Banana; Other Vegetables; Sugar,"15668460 (Gourd & Cucumber) - Conf: 0.4554, Lift: 2.4674, Factor: 1; 15669760 (Whole Spices) - Conf: 0.3992, Lift: 3.3414, Factor: 1; 15668381 (Other Vegetables) - Conf: 0.3695, Lift: 1.8093, Factor: 1; 15668688 (Root Vegetables) - Conf: 0.3690, Lift: 1.9869, Factor: 1; 15669878 (Toor Dal) - Conf: 0.2975, Lift: 1.7348, Factor: 1; 15669777 (Urad Dal) - Conf: 0.2888, Lift: 2.5928, Factor: 1; 15668462 (Gourd & Cucumber) - Conf: 0.2579, Lift: 2.0591, Factor: 1; 15668478 (Banana) - Conf: 0.2448, Lift: 1.7170, Factor: 1; 15668378 (Other Vegetables) - Conf: 0.2317, Lift: 1.6987, Factor: 1; 15669780 (Sugar) - Conf: 0.2270, Lift: 1.5338, Factor: 1"
8317527,7572252; 7569799; 7593949; 7580183; 15669872; 7571454; 7569802; 7572299; 7548511,Cooking Paste; Namkeen; Cream Biscuits; Health Drinks; Avalakki / Poha; Cream Biscuits; Namkeen; Namkeen; Liquid Soaps & Bars,,,
8320908,15668478; 15668465; 15668521; 21409181; 21408947; 34992815; 7637309,Banana; Root Vegetables; Bread; Brinjals; Other Rice Products; Cookies; Mosquito Repellent,15668688; 15668381; 15668379; 15668467; 15669878; 15668465; 15669869; 15669863,Root Vegetables; Other Vegetables; Other Vegetables; Beans; Toor Dal; Root Vegetables; Moong Dal; Moong Dal,"15668688 (Root Vegetables) - Conf: 0.3189, Lift: 1.7170, Factor: 1; 15668381 (Other Vegetables) - Conf: 0.3015, Lift: 1.4764, Factor: 1; 15668379 (Other Vegetables) - Conf: 0.3008, Lift: 1.6298, Factor: 1; 15668467 (Beans) - Conf: 0.2531, Lift: 1.8820, Factor: 1; 15669878 (Toor Dal) - Conf: 0.2516, Lift: 1.4669, Factor: 1; 15668465 (Root Vegetables) - Conf: 0.2378, Lift: 1.8369, Factor: 1; 15669869 (Moong Dal) - Conf: 0.2022, Lift: 1.5952, Factor: 1; 15669863 (Moong Dal) - Conf: 0.1820, Lift: 1.4669, Factor: 1"
8321717,15669887; 15669772; 15669868; 15669863; 34992815; 15669794; 15669787,Maida; Other Dals; Other Dals; Moong Dal; Cookies; Other Dry Fruits; Raw Rice,15668465,Root Vegetables,"15668465 (Root Vegetables) - Conf: 0.1712, Lift: 1.3221, Factor: 1"
8322799,7572302; 15669954; 7586364; 7569802; 7653522; 15669866; 7599091; 15669885; 34992815; 15669812; 7575499,Namkeen; Other Dry Fruits; Namkeen; Namkeen; Namkeen; Other Dals; Namkeen; Moong Dal; Cookies; Jaggery; Aluminium Foil & Cling Wrap,,,
8328427,15669876; 7593949; 15669771; 7625765; 7572252; 15669864; 15669821,Toor Dal; Cream Biscuits; Maida; Sunflower Oils; Cooking Paste; Other Dals; Whole Spices,15668460,Gourd & Cucumber,"15668460 (Gourd & Cucumber) - Conf: 0.2561, Lift: 1.3874, Factor: 1"
8330753,15669866; 15669885; 15668416; 15668477; 15669857; 15668458; 34986123,Other Dals; Moong Dal; Banana; Exotic Vegetables; Raw Peanuts; Brinjals; Whole Spices,15668381,Other Vegetables,"15668381 (Other Vegetables) - Conf: 0.3266, Lift: 1.5993, Factor: 1"
8331278,7569802; 15668521; 15669863; 15668379; 15669778; 15668478; 15669881; 15669864,Namkeen; Bread; Moong Dal; Other Vegetables; Other Dals; Banana; Sooji & Rava; Other Dals,15668688; 15668460; 15668379; 15668467; 15668478; 15668465; 15669863; 15668685,Root Vegetables; Gourd & Cucumber; Other Vegetables; Beans; Banana; Root Vegetables; Moong Dal; Beans,"15668688 (Root Vegetables) - Conf: 0.3496, Lift: 1.8820, Factor: 1; 15668460 (Gourd & Cucumber) - Conf: 0.3446, Lift: 1.8670, Factor: 1; 15668379 (Other Vegetables) - Conf: 0.3415, Lift: 1.8499, Factor: 1; 15668467 (Beans) - Conf: 0.2769, Lift: 2.0591, Factor: 1; 15668478 (Banana) - Conf: 0.2619, Lift: 1.8369, Factor: 1; 15668465 (Root Vegetables) - Conf: 0.2573, Lift: 1.9869, Factor: 1; 15669863 (Moong Dal) - Conf: 0.1820, Lift: 1.4669, Factor: 1; 15668685 (Beans) - Conf: 0.1528, Lift: 1.9633, Factor: 1"
8331712,15668379; 15669821; 15669856; 7627860; 34987565; 34986119; 15668460; 15669885,Other Vegetables; Whole Spices; Sugar; Sunflower Oils; Powdered Spices; Whole Spices; Gourd & Cucumber; Moong Dal,15668688; 15668460; 15668379; 15669777; 15668467; 15669878; 15668478; 15668465; 15669780; 15668468,Root Vegetables; Gourd & Cucumber; Other Vegetables; Urad Dal; Beans; Toor Dal; Banana; Root Vegetables; Sugar; Beans,"15668688 (Root Vegetables) - Conf: 0.3690, Lift: 1.9869, Factor: 1; 15668460 (Gourd & Cucumber) - Conf: 0.3446, Lift: 1.8670, Factor: 1; 15668379 (Other Vegetables) - Conf: 0.3415, Lift: 1.8499, Factor: 1; 15669777 (Urad Dal) - Conf: 0.2888, Lift: 2.5928, Factor: 1; 15668467 (Beans) - Conf: 0.2769, Lift: 2.0591, Factor: 1; 15669878 (Toor Dal) - Conf: 0.2736, Lift: 1.5952, Factor: 1; 15668478 (Banana) - Conf: 0.2619, Lift: 1.8369, Factor: 1; 15668465 (Root Vegetables) - Conf: 0.2573, Lift: 1.9869, Factor: 1; 15669780 (Sugar) - Conf: 0.2270, Lift: 1.5338, Factor: 1; 15668468 (Beans) - Conf: 0.1962, Lift: 1.5525, Factor: 1"
8333457,15668375; 15669799; 15669832; 15668458; 15668378; 15668469; 15668520; 15669958; 15668460; 15668471; 15669976,Root Vegetables; Raisins; Sugar; Brinjals; Other Vegetables; Beans; Bread; Other Dry Fruits; Gourd & Cucumber; Beans; Almonds,15668688; 15668460; 15669869; 15668381; 15669821; 15669777; 15668467; 15669878; 15668478; 15669780,Root Vegetables; Gourd & Cucumber; Moong Dal; Other Vegetables; Whole Spices; Urad Dal; Beans; Toor Dal; Banana; Sugar,"15668688 (Root Vegetables) - Conf: 0.3690, Lift: 1.9869, Factor: 1; 15668460 (Gourd & Cucumber) - Conf: 0.3340, Lift: 1.8093, Factor: 1; 15669869 (Moong Dal) - Conf: 0.3287, Lift: 2.5928, Factor: 1; 15668381 (Other Vegetables) - Conf: 0.3266, Lift: 1.5993, Factor: 1; 15669821 (Whole Spices) - Conf: 0.3065, Lift: 3.3414, Factor: 1; 15669777 (Urad Dal) - Conf: 0.2888, Lift: 2.5928, Factor: 1; 15668467 (Beans) - Conf: 0.2797, Lift: 2.0794, Factor: 1; 15669878 (Toor Dal) - Conf: 0.2736, Lift: 1.5952, Factor: 1; 15668478 (Banana) - Conf: 0.2276, Lift: 1.5960, Factor: 1; 15669780 (Sugar) - Conf: 0.2270, Lift: 1.5338, Factor: 1"
8335367,15668416; 93141092; 15668458; 15669773; 15669856; 15668470; 15668520; 15669775,Banana; Yogurt & Lassi; Brinjals; Urad Dal; Sugar; Beans; Bread; Sooji & Rava,15668381,Other Vegetables,"15668381 (Other Vegetables) - Conf: 0.3266, Lift: 1.5993, Factor: 1"
8336250,34987566; 15669780; 15669869; 15669857; 15669777; 15669880; 34986125; 21408953; 15669872,Whole Spices; Sugar; Moong Dal; Raw Peanuts; Urad Dal; Sooji & Rava; Whole Spices; Whole Spices; Avalakki / Poha,15668381; 15668460; 15668478; 15668467,Other Vegetables; Gourd & Cucumber; Banana; Beans,"15668381 (Other Vegetables) - Conf: 0.2703, Lift: 1.3233, Factor: 1; 15668460 (Gourd & Cucumber) - Conf: 0.2443, Lift: 1.3233, Factor: 1; 15668478 (Banana) - Conf: 0.1887, Lift: 1.3233, Factor: 1; 15668467 (Beans) - Conf: 0.1775, Lift: 1.3195, Factor: 1"
8336683,15669780; 15668465; 15669760; 7572430; 15668494; 7572432; 15669864; 15668379; 15669993; 7578341,Sugar; Root Vegetables; Whole Spices; Cooking Paste; Exotic Vegetables; Cooking Paste; Other Dals; Other Vegetables; Other Dals; Chilli & Soya Sauces,15668688; 15668460; 15668379; 15668381; 15668467; 15668478; 15668465; 15669878; 15669869; 15668468,Root Vegetables; Gourd & Cucumber; Other Vegetables; Other Vegetables; Beans; Banana; Root Vegetables; Toor Dal; Moong Dal; Beans,"15668688 (Root Vegetables) - Conf: 0.3496, Lift: 1.8820, Factor: 1; 15668460 (Gourd & Cucumber) - Conf: 0.3446, Lift: 1.8670, Factor: 1; 15668379 (Other Vegetables) - Conf: 0.3415, Lift: 1.8499, Factor: 1; 15668381 (Other Vegetables) - Conf: 0.3015, Lift: 1.4764, Factor: 1; 15668467 (Beans) - Conf: 0.2769, Lift: 2.0591, Factor: 1; 15668478 (Banana) - Conf: 0.2619, Lift: 1.8369, Factor: 1; 15668465 (Root Vegetables) - Conf: 0.2573, Lift: 1.9869, Factor: 1; 15669878 (Toor Dal) - Conf: 0.2516, Lift: 1.4669, Factor: 1; 15669869 (Moong Dal) - Conf: 0.2022, Lift: 1.5952, Factor: 1; 15668468 (Beans) - Conf: 0.1754, Lift: 1.3874, Factor: 1"
8337624,15669998; 15668467; 15669996; 15668470; 15669859; 15668462; 15668381,Other Dals; Beans; Other Dals; Beans; Toor Dal; Gourd & Cucumber; Other Vegetables,15668460; 15668381; 15669760; 15668688; 15669878; 15668379; 15668462; 15668478; 15668378; 15668465,Gourd & Cucumber; Other Vegetables; Whole Spices; Root Vegetables; Toor Dal; Other Vegetables; Gourd & Cucumber; Banana; Other Vegetables; Root Vegetables,"15668460 (Gourd & Cucumber) - Conf: 0.4554, Lift: 2.4674, Factor: 1; 15668381 (Other Vegetables) - Conf: 0.4010, Lift: 1.9633, Factor: 1; 15669760 (Whole Spices) - Conf: 0.3992, Lift: 3.3414, Factor: 1; 15668688 (Root Vegetables) - Conf: 0.3027, Lift: 1.6298, Factor: 1; 15669878 (Toor Dal) - Conf: 0.2975, Lift: 1.7348, Factor: 1; 15668379 (Other Vegetables) - Conf: 0.2946, Lift: 1.5960, Factor: 1; 15668462 (Gourd & Cucumber) - Conf: 0.2579, Lift: 2.0591, Factor: 1; 15668478 (Banana) - Conf: 0.2448, Lift: 1.7170, Factor: 1; 15668378 (Other Vegetables) - Conf: 0.2317, Lift: 1.6987, Factor: 1; 15668465 (Root Vegetables) - Conf: 0.2088, Lift: 1.6124, Factor: 1"
8338252,92388008; 15669875; 15669824; 92383200; 21408952; 15669869; 7587649; 15669818; 15668520,Namkeen; Toor Dal; Raw Rice; Liquid Detergent; Whole Spices; Moong Dal; Organic Rice & Rice Products; Whole Spices; Bread,15668478; 15668467,Banana; Beans,"15668478 (Banana) - Conf: 0.1887, Lift: 1.3233, Factor: 1; 15668467 (Beans) - Conf: 0.1775, Lift: 1.3195, Factor: 1"
8339302,15668684; 15668468; 15668473; 15668688; 15669818; 15669832; 15669863; 15668455; 15668465,Beans; Beans; Beans; Root Vegetables; Whole Spices; Sugar; Moong Dal; Brinjals; Root Vegetables,15668688; 15668381; 15668378; 15668379; 15669878; 15668467; 15668465; 15668468; 15669869; 15669764,Root Vegetables; Other Vegetables; Other Vegetables; Other Vegetables; Toor Dal; Beans; Root Vegetables; Beans; Moong Dal; Besan,"15668688 (Root Vegetables) - Conf: 0.3189, Lift: 1.7170, Factor: 1; 15668381 (Other Vegetables) - Conf: 0.3155, Lift: 1.5446, Factor: 1; 15668378 (Other Vegetables) - Conf: 0.2837, Lift: 2.0794, Factor: 1; 15668379 (Other Vegetables) - Conf: 0.2698, Lift: 1.4617, Factor: 1; 15669878 (Toor Dal) - Conf: 0.2630, Lift: 1.5338, Factor: 1; 15668467 (Beans) - Conf: 0.2531, Lift: 1.8820, Factor: 1; 15668465 (Root Vegetables) - Conf: 0.2350, Lift: 1.8146, Factor: 1; 15668468 (Beans) - Conf: 0.2338, Lift: 1.8499, Factor: 1; 15669869 (Moong Dal) - Conf: 0.2022, Lift: 1.5952, Factor: 1; 15669764 (Besan) - Conf: 0.1753, Lift: 1.4579, Factor: 1"
8339940,34986329; 15669988; 21408952; 15670269; 15669777; 15669826; 15669887,Raw Rice; Other Dals; Whole Spices; Other Dals; Urad Dal; Raw Rice; Maida,15668381,Other Vegetables,"15668381 (Other Vegetables) - Conf: 0.2703, Lift: 1.3233, Factor: 1"
8341901,15669762; 15669773; 7572252; 15669859; 15668468; 7586072,Urad Dal; Urad Dal; Cooking Paste; Toor Dal; Beans; Instant Pastas,15668381; 15668468; 15668467; 15669764,Other Vegetables; Beans; Beans; Besan,"15668381 (Other Vegetables) - Conf: 0.3155, Lift: 1.5446, Factor: 1; 15668468 (Beans) - Conf: 0.2338, Lift: 1.8499, Factor: 1; 15668467 (Beans) - Conf: 0.2213, Lift: 1.6454, Factor: 1; 15669764 (Besan) - Conf: 0.1753, Lift: 1.4579, Factor: 1"
8342609,15669772; 15668465; 15669868; 15668684; 15669886; 15670267; 15669776; 15668416; 7573376,Other Dals; Root Vegetables; Other Dals; Beans; Sooji & Rava; Toor Dal; Other Dals; Banana; Mango Juices,15668688; 15668381; 15668379; 15668467; 15669878; 15669869,Root Vegetables; Other Vegetables; Other Vegetables; Beans; Toor Dal; Moong Dal,"15668688 (Root Vegetables) - Conf: 0.3189, Lift: 1.7170, Factor: 1; 15668381 (Other Vegetables) - Conf: 0.3015, Lift: 1.4764, Factor: 1; 15668379 (Other Vegetables) - Conf: 0.2698, Lift: 1.4617, Factor: 1; 15668467 (Beans) - Conf: 0.2531, Lift: 1.8820, Factor: 1; 15669878 (Toor Dal) - Conf: 0.2516, Lift: 1.4669, Factor: 1; 15669869 (Moong Dal) - Conf: 0.2022, Lift: 1.5952, Factor: 1"
8342762,15669977; 15669860; 34986120; 15669958; 15669808; 15668462; 15668688; 15669778; 15668480,Almonds; Moong Dal; Unknown; Other Dry Fruits; Other Dry Fruits; Gourd & Cucumber; Root Vegetables; Other Dals; Bread,15668381; 15668379; 15668378; 15668688; 15669878; 15668465; 15669860,Other Vegetables; Other Vegetables; Other Vegetables; Root Vegetables; Toor Dal; Root Vegetables; Moong Dal,"15668381 (Other Vegetables) - Conf: 0.4010, Lift: 1.9633, Factor: 1; 15668379 (Other Vegetables) - Conf: 0.2946, Lift: 1.5960, Factor: 1; 15668378 (Other Vegetables) - Conf: 0.2837, Lift: 2.0794, Factor: 1; 15668688 (Root Vegetables) - Conf: 0.2756, Lift: 1.4836, Factor: 1; 15669878 (Toor Dal) - Conf: 0.2630, Lift: 1.5338, Factor: 1; 15668465 (Root Vegetables) - Conf: 0.2350, Lift: 1.8146, Factor: 1; 15669860 (Moong Dal) - Conf: 0.1865, Lift: 1.7348, Factor: 1"
8343369,15670267; 15669760; 7593949; 15669884; 15669856; 15669860,Toor Dal; Whole Spices; Cream Biscuits; Whole Spices; Sugar; Moong Dal,15668378; 15668468,Other Vegetables; Beans,"15668378 (Other Vegetables) - Conf: 0.1805, Lift: 1.3231, Factor: 1; 15668468 (Beans) - Conf: 0.1754, Lift: 1.3874, Factor: 1"
8344473,7586497; 15668467; 7572300; 93176431; 15668379; 7586509; 7579697,Namkeen; Beans; Namkeen; Namkeen; Other Vegetables; Namkeen; Cream Biscuits,15668460; 15668688; 15668379; 15668381; 15668467; 15668478; 15668465; 15668462; 15668468; 15668685,Gourd & Cucumber; Root Vegetables; Other Vegetables; Other Vegetables; Beans; Banana; Root Vegetables; Gourd & Cucumber; Beans; Beans,"15668460 (Gourd & Cucumber) - Conf: 0.4554, Lift: 2.4674, Factor: 1; 15668688 (Root Vegetables) - Conf: 0.3496, Lift: 1.8820, Factor: 1; 15668379 (Other Vegetables) - Conf: 0.3415, Lift: 1.8499, Factor: 1; 15668381 (Other Vegetables) - Conf: 0.3171, Lift: 1.5525, Factor: 1; 15668467 (Beans) - Conf: 0.2769, Lift: 2.0591, Factor: 1; 15668478 (Banana) - Conf: 0.2619, Lift: 1.8369, Factor: 1; 15668465 (Root Vegetables) - Conf: 0.2573, Lift: 1.9869, Factor: 1; 15668462 (Gourd & Cucumber) - Conf: 0.2338, Lift: 1.8670, Factor: 1; 15668468 (Beans) - Conf: 0.1846, Lift: 1.4609, Factor: 1; 15668685 (Beans) - Conf: 0.1528, Lift: 1.9633, Factor: 1"
8344961,7574197; 15669780; 15669821; 15669885; 15668478; 7625566; 15670008; 15669880; 15669777; 15669799; 7753732; 21409002; 15669995; 15669879,Vermicelli; Sugar; Whole Spices; Moong Dal; Banana; Ground Coffee; Cashews; Sooji & Rava; Urad Dal; Raisins; Health Drinks; Moong Dal; Other Dals; Other Dals,15668379; 15668381; 15668688; 15668460; 15668465; 15669863,Other Vegetables; Other Vegetables; Root Vegetables; Gourd & Cucumber; Root Vegetables; Moong Dal,"15668379 (Other Vegetables) - Conf: 0.3008, Lift: 1.6298, Factor: 1; 15668381 (Other Vegetables) - Conf: 0.2703, Lift: 1.3233, Factor: 1; 15668688 (Root Vegetables) - Conf: 0.2585, Lift: 1.3917, Factor: 1; 15668460 (Gourd & Cucumber) - Conf: 0.2561, Lift: 1.3874, Factor: 1; 15668465 (Root Vegetables) - Conf: 0.2378, Lift: 1.8369, Factor: 1; 15669863 (Moong Dal) - Conf: 0.1820, Lift: 1.4669, Factor: 1"
8345860,34986135; 7578341; 15669831; 34986130; 15669866; 15669988; 15669885,Whole Spices; Chilli & Soya Sauces; Raw Rice; Whole Spices; Other Dals; Other Dals; Moong Dal,,,
8346285,34986118; 15669817; 34986130; 34987567; 15670267; 15669780; 7570488,Whole Spices; Whole Spices; Whole Spices; Whole Spices; Toor Dal; Sugar; Toilet Cleaners,15668460,Gourd & Cucumber,"15668460 (Gourd & Cucumber) - Conf: 0.2443, Lift: 1.3233, Factor: 1"
8348887,7653522; 15670269; 7572300; 34987567; 7572251; 7572310; 7572306,Namkeen; Other Dals; Namkeen; Whole Spices; Cooking Paste; Namkeen; Snacky Nuts,,,
8348918,15670009; 15669884; 15670251; 15668462; 15669783; 7729965; 15669961; 15669859; 15669780,Almonds; Whole Spices; Organic F&V; Gourd & Cucumber; Sooji & Rava; Sunflower Oils; Other Dry Fruits; Toor Dal; Sugar,15668381; 15668379; 15668688; 15668460; 15669860,Other Vegetables; Other Vegetables; Root Vegetables; Gourd & Cucumber; Moong Dal,"15668381 (Other Vegetables) - Conf: 0.4010, Lift: 1.9633, Factor: 1; 15668379 (Other Vegetables) - Conf: 0.2946, Lift: 1.5960, Factor: 1; 15668688 (Root Vegetables) - Conf: 0.2756, Lift: 1.4836, Factor: 1; 15668460 (Gourd & Cucumber) - Conf: 0.2443, Lift: 1.3233, Factor: 1; 15669860 (Moong Dal) - Conf: 0.1865, Lift: 1.7348, Factor: 1"
8352430,15668379; 15668478; 93141023; 15668451; 21408942; 15669790; 15669789,Other Vegetables; Banana; Yogurt & Lassi; Brinjals; Other Rice Products; Other Rice Products; Boiled Rice,15668688; 15668460; 15668379; 15668467; 15668478; 15668465; 15669863; 15668685,Root Vegetables; Gourd & Cucumber; Other Vegetables; Beans; Banana; Root Vegetables; Moong Dal; Beans,"15668688 (Root Vegetables) - Conf: 0.3496, Lift: 1.8820, Factor: 1; 15668460 (Gourd & Cucumber) - Conf: 0.3446, Lift: 1.8670, Factor: 1; 15668379 (Other Vegetables) - Conf: 0.3415, Lift: 1.8499, Factor: 1; 15668467 (Beans) - Conf: 0.2769, Lift: 2.0591, Factor: 1; 15668478 (Banana) - Conf: 0.2619, Lift: 1.8369, Factor: 1; 15668465 (Root Vegetables) - Conf: 0.2573, Lift: 1.9869, Factor: 1; 15669863 (Moong Dal) - Conf: 0.1820, Lift: 1.4669, Factor: 1; 15668685 (Beans) - Conf: 0.1528, Lift: 1.9633, Factor: 1"
8352895,34987566; 15669988; 15669832; 15669819; 29247044; 15669777; 21408952; 15669869; 15669860; 15669772; 15669885; 92388167; 7587656; 15669829,Whole Spices; Other Dals; Sugar; Other Dals; Besan; Urad Dal; Whole Spices; Moong Dal; Moong Dal; Other Dals; Moong Dal; Namkeen; Organic Rice & Rice Products; Raw Rice,15668381; 15668478; 15668378; 15668467,Other Vegetables; Banana; Other Vegetables; Beans,"15668381 (Other Vegetables) - Conf: 0.2703, Lift: 1.3233, Factor: 1; 15668478 (Banana) - Conf: 0.1887, Lift: 1.3233, Factor: 1; 15668378 (Other Vegetables) - Conf: 0.1805, Lift: 1.3231, Factor: 1; 15668467 (Beans) - Conf: 0.1775, Lift: 1.3195, Factor: 1"
8353022,7632452; 93141022; 15668688; 93141092; 15670269; 15669861; 15668457,Liquid Detergent; Yogurt & Lassi; Root Vegetables; Yogurt & Lassi; Other Dals; Raw Peanuts; Brinjals,15668381; 15668378; 15668688; 15669878; 15668465,Other Vegetables; Other Vegetables; Root Vegetables; Toor Dal; Root Vegetables,"15668381 (Other Vegetables) - Conf: 0.2985, Lift: 1.4617, Factor: 1; 15668378 (Other Vegetables) - Conf: 0.2837, Lift: 2.0794, Factor: 1; 15668688 (Root Vegetables) - Conf: 0.2713, Lift: 1.4609, Factor: 1; 15669878 (Toor Dal) - Conf: 0.2630, Lift: 1.5338, Factor: 1; 15668465 (Root Vegetables) - Conf: 0.2350, Lift: 1.8146, Factor: 1"
8353451,15669778; 15668381; 15668375; 15669875; 15669866; 15669910; 15668378,Other Dals; Other Vegetables; Root Vegetables; Toor Dal; Other Dals; Brinjals; Other Vegetables,15669760; 15668381; 15669869; 15669821; 15668460; 15668688; 15669878; 15668467; 15668462; 15668478,Whole Spices; Other Vegetables; Moong Dal; Whole Spices; Gourd & Cucumber; Root Vegetables; Toor Dal; Beans; Gourd & Cucumber; Banana,"15669760 (Whole Spices) - Conf: 0.3992, Lift: 3.3414, Factor: 1; 15668381 (Other Vegetables) - Conf: 0.3695, Lift: 1.8093, Factor: 1; 15669869 (Moong Dal) - Conf: 0.3287, Lift: 2.5928, Factor: 1; 15669821 (Whole Spices) - Conf: 0.3065, Lift: 3.3414, Factor: 1; 15668460 (Gourd & Cucumber) - Conf: 0.3037, Lift: 1.6454, Factor: 1; 15668688 (Root Vegetables) - Conf: 0.3027, Lift: 1.6298, Factor: 1; 15669878 (Toor Dal) - Conf: 0.2975, Lift: 1.7348, Factor: 1; 15668467 (Beans) - Conf: 0.2797, Lift: 2.0794, Factor: 1; 15668462 (Gourd & Cucumber) - Conf: 0.2579, Lift: 2.0591, Factor: 1; 15668478 (Banana) - Conf: 0.2448, Lift: 1.7170, Factor: 1"
8353591,15669869; 7575499; 15670267; 15669817; 7582057; 15668416; 15669777; 15669818,Moong Dal; Aluminium Foil & Cling Wrap; Toor Dal; Whole Spices; Health Drinks; Banana; Urad Dal; Whole Spices,15668381; 15668478; 15668467,Other Vegetables; Banana; Beans,"15668381 (Other Vegetables) - Conf: 0.2703, Lift: 1.3233, Factor: 1; 15668478 (Banana) - Conf: 0.1887, Lift: 1.3233, Factor: 1; 15668467 (Beans) - Conf: 0.1775, Lift: 1.3195, Factor: 1"
8353991,34987568; 34986130; 15668379; 34986129; 34986126; 34986123,Whole Spices; Whole Spices; Other Vegetables; Whole Spices; Whole Spices; Whole Spices,15668688; 15668460; 15668379; 15668467; 15668478; 15668465; 15668685,Root Vegetables; Gourd & Cucumber; Other Vegetables; Beans; Banana; Root Vegetables; Beans,"15668688 (Root Vegetables) - Conf: 0.3496, Lift: 1.8820, Factor: 1; 15668460 (Gourd & Cucumber) - Conf: 0.3446, Lift: 1.8670, Factor: 1; 15668379 (Other Vegetables) - Conf: 0.3415, Lift: 1.8499, Factor: 1; 15668467 (Beans) - Conf: 0.2769, Lift: 2.0591, Factor: 1; 15668478 (Banana) - Conf: 0.2619, Lift: 1.8369, Factor: 1; 15668465 (Root Vegetables) - Conf: 0.2573, Lift: 1.9869, Factor: 1; 15668685 (Beans) - Conf: 0.1528, Lift: 1.9633, Factor: 1"
8354716,15668416; 15668462; 15670251; 15670250; 15670157; 15670253,Banana; Gourd & Cucumber; Organic F&V; Organic F&V; Organic F&V; Organic F&V,15668381; 15668379; 15668688; 15669860,Other Vegetables; Other Vegetables; Root Vegetables; Moong Dal,"15668381 (Other Vegetables) - Conf: 0.4010, Lift: 1.9633, Factor: 1; 15668379 (Other Vegetables) - Conf: 0.2946, Lift: 1.5960, Factor: 1; 15668688 (Root Vegetables) - Conf: 0.2756, Lift: 1.4836, Factor: 1; 15669860 (Moong Dal) - Conf: 0.1865, Lift: 1.7348, Factor: 1"
8355025,15669869; 15669817; 15669761; 15669816; 15669818; 15669994; 7689353; 15669872,Moong Dal; Whole Spices; Whole Spices; Other Dals; Whole Spices; Other Dals; Ground Coffee; Avalakki / Poha,15668478; 15668467,Banana; Beans,"15668478 (Banana) - Conf: 0.1887, Lift: 1.3233, Factor: 1; 15668467 (Beans) - Conf: 0.1775, Lift: 1.3195, Factor: 1"
8355249,7569799; 15670168; 7575499; 7613347; 15669863; 15669760; 15669859; 15668375; 15668478; 15669782,Namkeen; Organic F&V; Aluminium Foil & Cling Wrap; Honey; Moong Dal; Whole Spices; Toor Dal; Root Vegetables; Banana; Raw Rice,15668379; 15668688; 15668465; 15669863; 15668468,Other Vegetables; Root Vegetables; Root Vegetables; Moong Dal; Beans,"15668379 (Other Vegetables) - Conf: 0.3008, Lift: 1.6298, Factor: 1; 15668688 (Root Vegetables) - Conf: 0.2585, Lift: 1.3917, Factor: 1; 15668465 (Root Vegetables) - Conf: 0.2378, Lift: 1.8369, Factor: 1; 15669863 (Moong Dal) - Conf: 0.1820, Lift: 1.4669, Factor: 1; 15668468 (Beans) - Conf: 0.1754, Lift: 1.3874, Factor: 1"
8355842,15669818; 15669791; 15669875; 15669861; 15669817; 15669772; 7580823,Whole Spices; Raw Rice; Toor Dal; Raw Peanuts; Whole Spices; Other Dals; Sunflower Oils,,,
8356240,15668378; 15668688; 15668463; 15668520; 34987614; 15669764; 15668416,Other Vegetables; Root Vegetables; Gourd & Cucumber; Bread; Unknown; Besan; Banana,15669869; 15669821; 15668381; 15668378; 15668467; 15668688; 15669878; 15668465; 15668458; 15668462,Moong Dal; Whole Spices; Other Vegetables; Other Vegetables; Beans; Root Vegetables; Toor Dal; Root Vegetables; Brinjals; Gourd & Cucumber,"15669869 (Moong Dal) - Conf: 0.3287, Lift: 2.5928, Factor: 1; 15669821 (Whole Spices) - Conf: 0.3065, Lift: 3.3414, Factor: 1; 15668381 (Other Vegetables) - Conf: 0.2985, Lift: 1.4617, Factor: 1; 15668378 (Other Vegetables) - Conf: 0.2837, Lift: 2.0794, Factor: 1; 15668467 (Beans) - Conf: 0.2797, Lift: 2.0794, Factor: 1; 15668688 (Root Vegetables) - Conf: 0.2713, Lift: 1.4609, Factor: 1; 15669878 (Toor Dal) - Conf: 0.2630, Lift: 1.5338, Factor: 1; 15668465 (Root Vegetables) - Conf: 0.2350, Lift: 1.8146, Factor: 1; 15668458 (Brinjals) - Conf: 0.1921, Lift: 2.4674, Factor: 1; 15668462 (Gourd & Cucumber) - Conf: 0.1691, Lift: 1.3502, Factor: 1"
8356860,15669823; 7574197; 15669817; 15669821; 15669803; 7753739; 15670271; 34986113; 15669777; 15669878; 15670267; 15669857; 15669776; 21408952,Whole Spices; Vermicelli; Whole Spices; Whole Spices; Cashews; Health Drinks; Other Dals; Whole Spices; Urad Dal; Toor Dal; Toor Dal; Raw Peanuts; Other Dals; Whole Spices,15668381; 15668460; 15668379; 15668688,Other Vegetables; Gourd & Cucumber; Other Vegetables; Root Vegetables,"15668381 (Other Vegetables) - Conf: 0.2703, Lift: 1.3233, Factor: 1; 15668460 (Gourd & Cucumber) - Conf: 0.2561, Lift: 1.3874, Factor: 1; 15668379 (Other Vegetables) - Conf: 0.2492, Lift: 1.3502, Factor: 1; 15668688 (Root Vegetables) - Conf: 0.2458, Lift: 1.3231, Factor: 1"
8362837,15669764; 15669773; 15669883; 15669780; 15669814; 7572858; 15669878,Besan; Urad Dal; Rice Flour; Sugar; Jaggery; Other Pooja Needs; Toor Dal,15668379; 15668688; 15668460; 15668462,Other Vegetables; Root Vegetables; Gourd & Cucumber; Gourd & Cucumber,"15668379 (Other Vegetables) - Conf: 0.2492, Lift: 1.3502, Factor: 1; 15668688 (Root Vegetables) - Conf: 0.2458, Lift: 1.3231, Factor: 1; 15668460 (Gourd & Cucumber) - Conf: 0.2443, Lift: 1.3233, Factor: 1; 15668462 (Gourd & Cucumber) - Conf: 0.1691, Lift: 1.3502, Factor: 1"
8374672,15669859; 15669887; 15669798; 15669778; 15669817; 34985989; 15669773; 15669803,Toor Dal; Maida; Raisins; Other Dals; Whole Spices; Mustard Oils; Urad Dal; Cashews,,,
8378408,15668457; 15669875; 15668465; 15668375; 15668379; 15668455; 15668460; 15668467,Brinjals; Toor Dal; Root Vegetables; Root Vegetables; Other Vegetables; Brinjals; Gourd & Cucumber; Beans,15668460; 15668688; 15668379; 15668381; 15669777; 15668467; 15669878; 15668478; 15668465; 15668462,Gourd & Cucumber; Root Vegetables; Other Vegetables; Other Vegetables; Urad Dal; Beans; Toor Dal; Banana; Root Vegetables; Gourd & Cucumber,"15668460 (Gourd & Cucumber) - Conf: 0.4554, Lift: 2.4674, Factor: 1; 15668688 (Root Vegetables) - Conf: 0.3690, Lift: 1.9869, Factor: 1; 15668379 (Other Vegetables) - Conf: 0.3415, Lift: 1.8499, Factor: 1; 15668381 (Other Vegetables) - Conf: 0.3171, Lift: 1.5525, Factor: 1; 15669777 (Urad Dal) - Conf: 0.2888, Lift: 2.5928, Factor: 1; 15668467 (Beans) - Conf: 0.2769, Lift: 2.0591, Factor: 1; 15669878 (Toor Dal) - Conf: 0.2736, Lift: 1.5952, Factor: 1; 15668478 (Banana) - Conf: 0.2619, Lift: 1.8369, Factor: 1; 15668465 (Root Vegetables) - Conf: 0.2573, Lift: 1.9869, Factor: 1; 15668462 (Gourd & Cucumber) - Conf: 0.2338, Lift: 1.8670, Factor: 1"
8380659,15669864; 15668688; 15669764; 15669817; 15668467; 15669775; 21409002,Other Dals; Root Vegetables; Besan; Whole Spices; Beans; Sooji & Rava; Moong Dal,15668460; 15668381; 15668378; 15668688; 15669878; 15668465; 15668462; 15668468,Gourd & Cucumber; Other Vegetables; Other Vegetables; Root Vegetables; Toor Dal; Root Vegetables; Gourd & Cucumber; Beans,"15668460 (Gourd & Cucumber) - Conf: 0.4554, Lift: 2.4674, Factor: 1; 15668381 (Other Vegetables) - Conf: 0.3171, Lift: 1.5525, Factor: 1; 15668378 (Other Vegetables) - Conf: 0.2837, Lift: 2.0794, Factor: 1; 15668688 (Root Vegetables) - Conf: 0.2713, Lift: 1.4609, Factor: 1; 15669878 (Toor Dal) - Conf: 0.2630, Lift: 1.5338, Factor: 1; 15668465 (Root Vegetables) - Conf: 0.2350, Lift: 1.8146, Factor: 1; 15668462 (Gourd & Cucumber) - Conf: 0.2338, Lift: 1.8670, Factor: 1; 15668468 (Beans) - Conf: 0.1846, Lift: 1.4609, Factor: 1"
8383377,15669875; 7642810; 15669876; 34986129; 15669760; 7580781; 7570594,Toor Dal; Basmati Rice; Toor Dal; Whole Spices; Whole Spices; Hand Wash; Shoe Polish,15668468,Beans,"15668468 (Beans) - Conf: 0.1754, Lift: 1.3874, Factor: 1"
8384422,7541573; 15669861; 15669819; 15669860; 15669869; 7569624; 15669765; 15669875,"Glucose, Marie & Milk Biscuits; Raw Peanuts; Other Dals; Moong Dal; Moong Dal; Salty Biscuits; Urad Dal; Toor Dal",15668478; 15668378; 15668467,Banana; Other Vegetables; Beans,"15668478 (Banana) - Conf: 0.1887, Lift: 1.3233, Factor: 1; 15668378 (Other Vegetables) - Conf: 0.1805, Lift: 1.3231, Factor: 1; 15668467 (Beans) - Conf: 0.1775, Lift: 1.3195, Factor: 1"
8385399,15669887; 7572251; 34986075; 15669780; 7572433; 7593949; 34986112; 93141092,Maida; Cooking Paste; Ghee; Sugar; Cooking Paste; Cream Biscuits; Whole Spices; Yogurt & Lassi,15668460,Gourd & Cucumber,"15668460 (Gourd & Cucumber) - Conf: 0.2443, Lift: 1.3233, Factor: 1"
