,0
0,"Moong Dal,Sugar,Sooji & Rava,Rice Flour,Other Dals,Sooji & Rava,Ghee,Boiled Rice,Whole Spices,Other Dals"
1,"Other Vegetables,Other Vegetables,Root Vegetables,Gourd & Cucumber,Beans,Sugar,Cakes,Cakes,Mustard Oils"
2,"Beans,Other Dals,Urad Dal,Other Dals,Other Dals,Other Dals,Beans,Brinjals,Instant Noodles,Toor Dal"
3,"Root Vegetables,Gourd & Cucumber,Whole Spices,Whole Spices,Moong Dal,Other Dals,Beans,Toor Dal,Raw Rice,Avalakki / Poha,Cooking Paste,Other Dals,Other Rice Products"
4,"Brinjals,Other Vegetables,Beans,Other Vegetables,Gourd & Cucumber,Gourd & Cucumber,Organic F&V,Whole Spices,Powdered Spices"
5,"Bread,Other Vegetables,Banana,Rice Flour,Raisins,Other Dry Fruits,Almonds,Organic F&V,Organic F&V,Namkeen"
6,"Urad Dal,Sooji & Rava,Sooji & Rava,Glucose, Marie & Milk Biscuits,Jaggery,Whole Spices,Raisins,Almonds,Glucose, Marie & Milk Biscuits,Toor Dal"
7,"Root Vegetables,Other Vegetables,Beans,Moong Dal,Other Dals,Toor Dal,Moong Dal,Other Dals,Sugar,Other Dals"
8,"Other Vegetables,Brinjals,Other Vegetables,Banana,Gourd & Cucumber,Other Dals,Urad Dal,Other Dals,Toothpaste,Toor Dal"
9,"Other Vegetables,Other Vegetables,Root Vegetables,Other Dals,Cooking Paste,Avalakki / Poha,Other Dals,Beans,Maida,Other Dals,Toor Dal,Namkeen,Tomato Ketchup,Other Dals,Besan"
10,"Namkeen,Other Vegetables,Beans,Liquid Soaps & Bars,Sugar,Urad Dal,Namkeen,Basmati Rice,Brinjals"
11,"Whole Spices,Moong Dal,Other Dals,Toor Dal,Other Dals,Urad Dal,Other Rice Products,Sugar,Other Dals,Urad Dal,Boiled Rice,Ghee,Health Drinks"
12,"Whole Spices,Moong Dal,Vermicelli,Raw Peanuts,Other Dals,Other Dals,Sooji & Rava,Sooji & Rava,Other Rice Products,Sugar,Maida,Phenyles & Acids,Sugar,Jaggery,Cream Biscuits,Raw Rice,Mosquito Repellent"
13,"Beans,Brinjals,Beans,Raw Peanuts,Other Dals,Banana,Gourd & Cucumber,Raw Rice"
14,"Other Vegetables,Beans,Brinjals,Brinjals,Root Vegetables,Beans,Gourd & Cucumber,Bread,Sunflower Oils"
15,"Bread,Other Vegetables,Root Vegetables,Beans,Gourd & Cucumber,Whole Spices,Urad Dal,Banana,Sooji & Rava,Cashews,Toor Dal"
16,"Root Vegetables,Other Vegetables,Other Vegetables,Beans,Whole Spices,Sugar,Mosquito Repellent,Mosquito Repellent,Sunflower Oils,Raw Rice,Raw Rice,Toor Dal,Other Dals,Other Dals"
17,"Raw Peanuts,Avalakki / Poha,Sooji & Rava,Ghee,Raw Rice,Shaving Blade & Razors,Liquid Soaps & Bars,Toor Dal"
18,"Root Vegetables,Brinjals,Other Vegetables,Other Vegetables,Root Vegetables,Other Dals,Other Dals,Raw Rice,Toothpaste,Other Dals"
19,"Other Vegetables,Beans,Brinjals,Beans,Beans,Boiled Rice,Urad Dal,Namkeen,Cream Biscuits"
20,"Beans,Root Vegetables,Raw Peanuts,Raw Rice,Sugar,Besan,Ghee,Jaggery,Sunflower Oils,Other Dry Fruits,Cashews,Almonds,Besan"
21,"Root Vegetables,Other Vegetables,Root Vegetables,Gourd & Cucumber,Other Dals,Whole Spices,Toor Dal,Other Dals,Whole Spices,Moong Dal,Beans,Urad Dal,Raw Rice,Glucose, Marie & Milk Biscuits,Whole Spices"
22,"Namkeen,Avalakki / Poha,Mosquito Repellent,Namkeen,Cream Biscuits,Instant Noodles,Cashews,Instant Noodles"
23,"Whole Spices,Whole Spices,Sooji & Rava,Other Dals,Organic Salt,Sugar & Jaggery,Organic Dals & Pulses,Organic Rice & Rice Products,Whole Spices"
24,"Other Vegetables,Root Vegetables,Moong Dal,Moong Dal,Other Dals,Sooji & Rava,Besan,Other Dals,Jaggery,Instant Noodles,Toor Dal,Other Rice Products"
25,"Banana,Beans,Whole Spices,Besan,Maida,Cream Biscuits,Cream Biscuits,Sunflower Oils,Toor Dal"
26,"Gourd & Cucumber,Other Dals,Sooji & Rava,Other Dals,Banana,Cooking Paste,Cashews,Namkeen,Toor Dal,Raisins"
27,"Other Vegetables,Beans,Brinjals,Brinjals,Banana,Jaggery,Organic F&V,Organic F&V,Organic F&V,Organic F&V"
28,"Root Vegetables,Other Vegetables,Beans,Gourd & Cucumber,Other Dals,Other Dals,Moong Dal,Urad Dal,Gourd & Cucumber,Urad Dal,Sugar,Other Dals,Almonds,Mustard Oils,Other Dals,Raisins"
29,"Root Vegetables,Other Vegetables,Beans,Raw Peanuts,Whole Spices,Moong Dal,Moong Dal,Avalakki / Poha,Sooji & Rava,Sooji & Rava,Boiled Rice,Urad Dal,Rice Flour,Namkeen,Sugar,Jaggery,Whole Spices,Boiled Rice,Toor Dal,Other Rice Products"
30,"Other Dals,Moong Dal,Organic Masalas & Spices,Whole Spices,Bread,Urad Dal,Urad Dal,Boiled Rice,Toor Dal,Whole Spices,Raw Rice,Other Oils"
31,"Root Vegetables,Other Vegetables,Other Vegetables,Root Vegetables,Beans,Beans,Brinjals,Other Dry Fruits,Almonds,Cashews"
32,"Namkeen,Whole Spices,Toor Dal,Ghee,Sugar,Raw Rice,Raisins,Cashews,Namkeen,Mustard Oils,Besan"
33,"Raw Peanuts,Moong Dal,Moong Dal,Urad Dal,Other Dals,Other Dals,Cashews,Liquid Soaps & Bars,Toor Dal,Whole Spices"
34,"Whole Spices,Moong Dal,Sugar,Besan,Raw Rice,Whole Spices,Raisins,Honey,Almonds,Toor Dal,Other Dals"
35,"Raw Peanuts,Whole Spices,Sooji & Rava,Moong Dal,Raw Rice,Other Rice Products,Sugar,Rice Flour,Jaggery,Ground Coffee,Avalakki / Poha,Ghee,Whole Spices"
36,"Gourd & Cucumber,Other Dals,Moong Dal,Other Dals,Raw Peanuts,Other Dals,Brinjals,Ghee,Toor Dal"
37,"Other Vegetables,Root Vegetables,Root Vegetables,Exotic Vegetables,Exotic Vegetables,Banana,Yogurt & Lassi,Yogurt & Lassi"
38,"Other Vegetables,Banana,Vermicelli,Cooking Paste,Toor Dal,Other Dals,Moong Dal,Besan,Other Dals"
39,"Toor Dal,Ghee,Sunflower Oils,Other Flours,Ground Coffee,Sunflower Oils,Sunflower Oils,Other Sweets,Cashews,Whole Spices"
40,"Other Vegetables,Root Vegetables,Banana,Toor Dal,Beans,Raw Rice,Urad Dal,Ready Mix"
41,"Other Vegetables,Beans,Beans,Beans,Raw Peanuts,Other Dals,Maida,Sugar,Boiled Rice"
42,"Exotic Vegetables,Exotic Vegetables,Other Dals,Exotic Vegetables,Toor Dal,Maida,Brinjals,Raw Rice"
43,"Beans,Beans,Beans,Gourd & Cucumber,Whole Spices,Moong Dal,Gourd & Cucumber,Toor Dal,Other Dals"
44,"Brinjals,Brinjals,Other Vegetables,Root Vegetables,Beans,Other Vegetables,Gourd & Cucumber,Gourd & Cucumber"
45,"Root Vegetables,Other Vegetables,Other Vegetables,Banana,Beans,Moong Dal,Exotic Vegetables,Toor Dal,Cakes,Cakes,Buns & Pavs,Phenyles & Acids,Organic F&V,Liquid Soaps & Bars"
46,"Raw Rice,Sugar,Besan,Urad Dal,Jaggery,Mango Juices,Hand Wash,Cooking Sauce"
47,"Root Vegetables,Brinjals,Root Vegetables,Exotic Vegetables,Ghee,Sanitary Pads,Other Dry Fruits,Cashews,Organic F&V,Basmati Rice,Other Dry Fruits,Curd"
48,"Toor Dal,Bread,Sooji & Rava,Organic Rice & Rice Products,Maida,Chilli & Soya Sauces,Whole Spices,Besan"
49,"Brinjals,Namkeen,Raw Rice,Aluminium Foil & Cling Wrap,Maida,Sugar,Basmati Rice,Toor Dal"
50,"Beans,Other Vegetables,Brinjals,Other Vegetables,Root Vegetables,Other Dry Fruits,Organic F&V,Organic F&V"
51,"Whole Spices,Moong Dal,Urad Dal,Sunflower Oils,Sooji & Rava,Other Rice Products,Sugar,Other Dals,Mosquito Repellent,Whole Spices,Liquid Detergent,Liquid Soaps & Bars,Toor Dal"
52,"Other Vegetables,Other Vegetables,Gourd & Cucumber,Moong Dal,Other Dals,Beans,Beans,Toor Dal,Brinjals,Sugar,Other Dals"
53,"Other Vegetables,Root Vegetables,Other Vegetables,Brinjals,Cooking Paste,Vermicelli,Avalakki / Poha,Sooji & Rava,Besan,Honey"
54,"Whole Spices,Sooji & Rava,Rice Flour,Yogurt & Lassi,Yogurt & Lassi,Yogurt & Lassi,Whole Spices,Milk Drinks"
55,"Brinjals,Other Vegetables,Beans,Raw Peanuts,Brinjals,Other Rice Products,Sugar,Instant Noodles,Glucose, Marie & Milk Biscuits,Cooking Sauce"
56,"Root Vegetables,Beans,Whole Spices,Boiled Rice,Urad Dal,Other Dals,Other Rice Products,Whole Spices,Other Dry Fruits,Curd,Brinjals"
57,"Other Vegetables,Beans,Gourd & Cucumber,Moong Dal,Moong Dal,Urad Dal,Health Drinks,Organic F&V,Brinjals"
58,"Bread,Other Vegetables,Sooji & Rava,Gourd & Cucumber,Other Dals,Maida,Brinjals,Whole Spices"
59,"Other Vegetables,Root Vegetables,Banana,Gourd & Cucumber,Whole Spices,Other Dals,Besan,Sooji & Rava,Jaggery,Whole Spices"
60,"Root Vegetables,Beans,Bread,Other Rice Products,Other Dals,Other Dals,Mosquito Repellent,Avalakki / Poha,Organic F&V,Glucose, Marie & Milk Biscuits"
61,"Namkeen,Other Dals,Raw Peanuts,Health Drinks,Other Dals,Sooji & Rava,Sugar,Namkeen,Cashews,Toffee & Candy,Glucose, Marie & Milk Biscuits,Namkeen,Raisins"
62,"Other Vegetables,Root Vegetables,Gourd & Cucumber,Moong Dal,Raw Rice,Gourd & Cucumber,Brinjals,Namkeen,Cream Biscuits,Namkeen,Namkeen,Snacky Nuts,Namkeen,Basmati Rice,Namkeen"
63,"Namkeen,Namkeen,Namkeen,Namkeen,Namkeen,Glucose, Marie & Milk Biscuits,Namkeen,Namkeen,Namkeen,Namkeen,Healthy Snacks"
64,"Beans,Root Vegetables,Whole Spices,Sooji & Rava,Beans,Avalakki / Poha,Sunflower Oils,Other Dry Fruits,Urad Dal,Other Dals,Other Dals"
65,"Root Vegetables,Other Dals,Rice Flour,Maida,Sooji & Rava,Sooji & Rava,Other Dals,Besan"
66,"Moong Dal,Moong Dal,Other Dals,Sugar,Organic Rice & Rice Products,Moong Dal,Boiled Rice,Urad Dal,Other Dals,Raw Rice,Liquid Detergent,Other Dals,Toor Dal,Other Dals,Whole Spices,Whole Spices,Besan"
67,"Root Vegetables,Root Vegetables,Other Vegetables,Gourd & Cucumber,Banana,Moong Dal,Other Juices,Other Dry Fruits,Other Dry Fruits,Honey,Basmati Rice,Other Dry Fruits"
68,"Root Vegetables,Beans,Other Vegetables,Brinjals,Other Vegetables,Banana,Beans,Exotic Vegetables,Organic F&V,Organic F&V"
69,"Raw Peanuts,Whole Spices,Whole Spices,Avalakki / Poha,Moong Dal,Other Dals,Other Dals,Whole Spices,Sooji & Rava,Sooji & Rava,Health Drinks,Urad Dal,Rice Flour,Other Dals,Maida,Other Dals,Jaggery,Avalakki / Poha,Other Dry Fruits,Raisins,Almonds,Raw Rice,Other Dals,Cashews,Other Spreads,Whole Spices,Whole Spices,Whole Spices,Powdered Spices,Whole Spices,Other Rice Products"
70,"Root Vegetables,Other Vegetables,Root Vegetables,Aluminium Foil & Cling Wrap,Organic Salt,Sugar & Jaggery,Organic F&V,Organic F&V,Besan"
71,"Moong Dal,Other Dals,Toor Dal,Namkeen,Avalakki / Poha,Whole Spices,Toothpaste,Cashews,Raisins,Cream Biscuits"
72,"Other Vegetables,Root Vegetables,Beans,Gourd & Cucumber,Beans,Cooking Paste,Sugar,Brinjals,Urad Dal,Other Dals,Other Dals,Other Rice Products,Boiled Rice,Whole Spices,Boiled Rice,Other Dals,Toor Dal,Curd,Moong Dal,Frozen Chicken"
73,"Other Vegetables,Root Vegetables,Raw Peanuts,Whole Spices,Moong Dal,Banana,Sooji & Rava,Ghee,Raisins,Almonds,Namkeen,Whole Spices,Besan"
74,"Beans,Other Vegetables,Root Vegetables,Beans,Raisins,Other Dry Fruits,Almonds,Cashews,Cotton & Bandages"
75,"Whole Spices,Other Dals,Other Dals,Aluminium Foil & Cling Wrap,Other Dals,Brinjals,Other Insect Repellent,Other Dals"
76,"Other Vegetables,Beans,Sooji & Rava,Maida,Brinjals,Chinese Noodles,Raw Rice,Chinese Noodles,Toor Dal"
77,"Bread,Banana,Moong Dal,Urad Dal,Sugar,Whole Spices,Whole Spices,Sooji & Rava,Rice Flour,Sunflower Oils,Other Rice Products,Other Dals,Raw Rice,Jaggery,Instant Noodles,Sanitary Pads,Boiled Rice,Cashews,Vermicelli,Ground Coffee,Basmati Rice,Other Dals,Whole Spices,Besan"
78,"Other Vegetables,Gourd & Cucumber,Beans,Namkeen,Namkeen,Ice Creams & Desserts,Organic F&V,Namkeen,Ice Creams & Desserts"
79,"Basmati Rice,Other Vegetables,Other Vegetables,Gourd & Cucumber,Whole Spices,Moong Dal,Raw Peanuts,Other Dals,Gourd & Cucumber,Toor Dal,Sooji & Rava,Urad Dal,Sunflower Oils,Jaggery,Sugar,Avalakki / Poha,Powdered Spices"
80,"Root Vegetables,Brinjals,Other Vegetables,Other Vegetables,Root Vegetables,Beans,Gourd & Cucumber,Urad Dal,Banana,Sooji & Rava,Cashews,Tomato Ketchup,Other Oils"
81,"Root Vegetables,Brinjals,Root Vegetables,Beans,Health Drinks,Banana,Sugar,Brinjals"
82,"Brinjals,Urad Dal,Maida,Boiled Rice,Besan,Aluminium Foil & Cling Wrap,Raw Rice,Sunflower Oils,Glucose, Marie & Milk Biscuits,Organic F&V"
83,"Health Drinks,Toor Dal,Moong Dal,Whole Spices,Urad Dal,Sugar,Sunflower Oils,Other Dry Fruits,Liquid Soaps & Bars,Toor Dal,Whole Spices"
84,"Beans,Brinjals,Avalakki / Poha,Other Dals,Other Flours,Other Dals,Glucose, Marie & Milk Biscuits,Other Dals,Toor Dal,Whole Spices"
85,"Ground Coffee,Instant Noodles,Instant Noodles,Instant Noodles,Ice Creams & Desserts,Liquid Soaps & Bars,Namkeen,Namkeen"
86,"Root Vegetables,Beans,Gourd & Cucumber,Beans,Whole Spices,Gourd & Cucumber,Whole Spices,Brinjals"
87,"Ground Coffee,Toor Dal,Sooji & Rava,Raw Rice,Other Rice Products,Sooji & Rava,Sunflower Oils,Sugar,Jaggery,Cooking Sauce"
88,"Whole Spices,Vermicelli,Avalakki / Poha,Raw Peanuts,Sooji & Rava,Sooji & Rava,Urad Dal,Sugar,Whole Spices,Other Dry Fruits,Health Drinks,Whole Spices,Other Rice Products,Raisins"
89,"Namkeen,Raw Peanuts,Whole Spices,Namkeen,Whole Spices,Maida,Besan,Other Dals,Namkeen,Namkeen,Toor Dal"
90,"Ground Coffee,Raw Peanuts,Other Dals,Rice Flour,Other Dals,Other Dals,Urad Dal,Avalakki / Poha,Whole Spices,Other Rice Products"
91,"Root Vegetables,Other Vegetables,Other Vegetables,Root Vegetables,Beans,Moong Dal,Ghee,Urad Dal,Raisins,Other Dry Fruits,Other Dry Fruits"
92,"Basmati Rice,Raw Peanuts,Moong Dal,Whole Spices,Avalakki / Poha,Toor Dal,Sooji & Rava,Sugar,Besan,Maida,Other Dals,Whole Spices,Whole Spices"
93,"Root Vegetables,Moong Dal,Toor Dal,Other Dals,Other Dals,Maida,Ghee,Chinese Noodles,Phenyles & Acids"
94,"Whole Spices,Whole Spices,Other Dals,Whole Spices,Moong Dal,Other Dals,Urad Dal,Sugar,Maida,Mosquito Repellent,Other Dals,Whole Spices,Toor Dal,Whole Spices,Whole Spices,Whole Spices"
95,"Root Vegetables,Gourd & Cucumber,Whole Spices,Whole Spices,Banana,Whole Spices,Gourd & Cucumber,Urad Dal,Whole Spices"
96,"Other Vegetables,Ready Mix,Cakes,Honey,Face Wash,Organic F&V,Organic F&V,Basmati Rice,Curd"
97,"Avalakki / Poha,Organic Dals & Pulses,Organic Dals & Pulses,Sooji & Rava,Organic Salt,Sugar & Jaggery,Whole Spices,Organic Dals & Pulses,Organic Rice & Rice Products"
98,"Other Vegetables,Other Vegetables,Gourd & Cucumber,Beans,Beans,Sugar,Gourd & Cucumber,Brinjals"
99,"Bread,Other Vegetables,Beans,Gourd & Cucumber,Toor Dal,Cooking Paste,Other Dals,Other Dals,Sugar,Brinjals,Liquid Soaps & Bars,Other Dals"
100,"Other Vegetables,Raw Peanuts,Whole Spices,Avalakki / Poha,Raw Rice,Raw Rice,Health Drinks,Sugar,Mosquito Repellent,Cashews,Vermicelli,Organic F&V,Basmati Rice,Other Dals,Other Rice Products"
101,"Whole Spices,Toor Dal,Sooji & Rava,Whole Spices,Whole Spices,Maida,Other Dals,Organic Dals & Pulses,Cashews,Almonds,Phenyles & Acids,Other Dals,Snacky Nuts,Other Dals,Other Dals"
102,"Root Vegetables,Brinjals,Other Vegetables,Other Vegetables,Beans,Beans,Brinjals,Ghee"
103,"Root Vegetables,Root Vegetables,Other Vegetables,Beans,Raw Peanuts,Moong Dal,Sooji & Rava,Beans,Gourd & Cucumber,Raw Rice,Toor Dal,Sooji & Rava,Sugar,Besan,Mosquito Repellent,Phenyles & Acids,Basmati Rice,Whole Spices,Toor Dal"
104,"Beans,Other Vegetables,Ground Coffee,Root Vegetables,Root Vegetables,Beans,Banana,Beans,Health Drinks,Avalakki / Poha,Health Drinks,Urad Dal,Rice Flour,Instant Pastas,Jaggery,Mosquito Repellent,Organic Masalas & Spices,Organic F&V"
105,"Moong Dal,Whole Spices,Other Dals,Urad Dal,Sugar,Sooji & Rava,Urad Dal,Other Dals,Sunflower Oils,Boiled Rice,Other Dals,Toor Dal,Other Dals,Whole Spices,Toilet Cleaners"
106,"Beans,Brinjals,Other Vegetables,Other Vegetables,Beans,Banana,Beans,Sugar,Sunflower Oils,Cashews,Whole Spices"
107,"Exotic Vegetables,Beans,Toor Dal,Sugar,Raw Rice,Agarbatti,Whole Spices,Besan,Raisins"
108,"Namkeen,Other Vegetables,Namkeen,Other Dals,Whole Spices,Sooji & Rava,Namkeen,Maida,Cooking Paste,Brinjals,Besan"
109,"Root Vegetables,Gourd & Cucumber,Beans,Beans,Avalakki / Poha,Brinjals,Other Dals,Other Dals,Other Dals,Other Dals,Other Dals"
110,"Other Vegetables,Moong Dal,Raw Peanuts,Other Dals,Sugar,Sooji & Rava,Moong Dal,Other Rice Products,Urad Dal,Rice Flour,Besan,Other Flours"
111,"Gourd & Cucumber,Other Dals,Moong Dal,Urad Dal,Urad Dal,Phenyles & Acids,Toor Dal,Other Dals,Besan,Other Dals"
112,"Brinjals,Other Vegetables,Root Vegetables,Beans,Other Vegetables,Gourd & Cucumber,Gourd & Cucumber,Brinjals,Basmati Rice"
113,"Root Vegetables,Banana,Raw Rice,Sugar,Boiled Rice,Organic F&V,Organic F&V,Organic F&V,Whole Spices"
114,"Brinjals,Brinjals,Other Vegetables,Other Vegetables,Beans,Other Dals,Whole Spices,Moong Dal,Other Dals,Urad Dal,Other Dals,Other Oils,Toor Dal"
115,"Root Vegetables,Other Vegetables,Brinjals,Moong Dal,Toor Dal,Gourd & Cucumber,Sugar,Jaggery,Raw Rice,Cashews,Whole Spices,Whole Spices"
116,"Root Vegetables,Root Vegetables,Beans,Beans,Bread,Raw Rice,Organic F&V,Organic F&V"
117,"Other Vegetables,Root Vegetables,Banana,Toor Dal,Sugar,Other Dals,Agarbatti,Cooking Sauce,Organic F&V,Other Pooja Needs,Other Rice Products"
118,"Root Vegetables,Brinjals,Other Vegetables,Other Vegetables,Root Vegetables,Banana,Beans,Sooji & Rava,Brinjals"
119,"Brinjals,Other Vegetables,Other Vegetables,Whole Spices,Raw Peanuts,Sooji & Rava,Sugar,Jaggery,Whole Spices,Root Vegetables,Raisins,Whole Spices,Whole Spices,Whole Spices,Whole Spices"
120,"Banana,Beans,Bread,Shoe Polish,Mosquito Repellent,Organic Rice & Rice Products,Shoe Polish,Organic F&V,Organic F&V,Organic F&V"
121,"Sooji & Rava,Moong Dal,Urad Dal,Sooji & Rava,Sooji & Rava,Raw Rice,Urad Dal,Other Dals,Boiled Rice,Cream Biscuits,Boiled Rice,Health Drinks"
122,"Root Vegetables,Root Vegetables,Other Vegetables,Gourd & Cucumber,Other Dals,Whole Spices,Moong Dal,Other Dals,Gourd & Cucumber,Other Dals,Brinjals,Body Wash,Whole Spices"
123,"Other Vegetables,Root Vegetables,Banana,Other Vegetables,Gourd & Cucumber,Beans,Brinjals,Sooji & Rava,Sooji & Rava,Shaving Blade & Razors,Hand Wash"
124,"Bread,Other Vegetables,Namkeen,Beans,Snacky Nuts,Namkeen,Namkeen,Basmati Rice"
125,"Other Vegetables,Other Vegetables,Beans,Gourd & Cucumber,Whole Spices,Avalakki / Poha,Other Rice Products,Brinjals,Agarbatti,Whole Spices"
126,"Health Drinks,Whole Spices,Liquid Soaps & Bars,Ghee,Whole Spices,Avalakki / Poha,Raw Rice,Almonds"
127,"Root Vegetables,Other Vegetables,Brinjals,Beans,Gourd & Cucumber,Beans,Gourd & Cucumber,Organic Dals & Pulses,Other Dals,Whole Spices,Organic F&V,Organic F&V"
128,"Brinjals,Brinjals,Other Vegetables,Gourd & Cucumber,Root Vegetables,Other Dals,Sooji & Rava,Toor Dal,Other Dals,Sugar,Other Dals,Maida,Urad Dal,Besan"
129,"Whole Spices,Boiled Rice,Sugar,Other Dals,Toor Dal,Sunflower Oils,Urad Dal,Whole Spices"
130,"Other Vegetables,Root Vegetables,Beans,Organic Masalas & Spices,Beans,Whole Spices,Cakes,Cashews,Raisins,Cashews,Other Dals,Powdered Spices"
131,"Root Vegetables,Beans,Other Vegetables,Whole Spices,Moong Dal,Raw Rice,Sooji & Rava,Other Rice Products,Sooji & Rava,Ghee,Other Dals,Sugar,Other Flours,Almonds,Basmati Rice,Other Rice Products"
132,"Root Vegetables,Root Vegetables,Banana,Beans,Liquid Soaps & Bars,Other Rice Products,Rice Flour,Other Rice Products,Cream Biscuits,Other Dry Fruits,Regular Pasta,Yogurt & Lassi,Yogurt & Lassi,Curd,Milk Drinks"
133,"Namkeen,Namkeen,Namkeen,Namkeen,Phenyles & Acids,Namkeen,Namkeen,Namkeen,Namkeen"
134,"Root Vegetables,Beans,Other Vegetables,Gourd & Cucumber,Whole Spices,Sooji & Rava,Sugar,Whole Spices,Namkeen,Mosquito Repellent,Whole Spices,Body Wash,Besan"
135,"Brinjals,Banana,Organic Salt,Sugar & Jaggery,Organic F&V,Organic F&V,Organic F&V,Whole Spices,Whole Spices,Whole Spices"
136,"Root Vegetables,Root Vegetables,Beans,Banana,Organic F&V,Organic F&V,Organic F&V,Organic F&V"
137,"Ground Coffee,Whole Spices,Moong Dal,Whole Spices,Toor Dal,Avalakki / Poha,Raw Peanuts,Whole Spices,Sooji & Rava,Sooji & Rava,Other Rice Products,Urad Dal,Rice Flour,Besan,Sooji & Rava,Sugar,Jaggery,Raisins,Cashews,Toor Dal"
138,"Raw Peanuts,Moong Dal,Urad Dal,Besan,Sugar,Raisins,Cashews,Basmati Rice,Other Dals,Toor Dal"
139,"Other Vegetables,Other Dals,Other Dals,Other Rice Products,Urad Dal,Other Rice Products,Raw Rice,Organic F&V,Organic F&V"
140,"Brinjals,Beans,Organic Salt,Sugar & Jaggery,Boiled Rice,Snacky Nuts,Organic Salt,Sugar & Jaggery,Organic F&V,Namkeen"
141,"Whole Spices,Whole Spices,Other Dals,Urad Dal,Other Dals,Sunflower Oils,Boiled Rice,Other Dals,Other Dals,Jaggery,Raw Rice,Honey,Toor Dal,Namkeen,Other Dals,Other Dals"
142,"Root Vegetables,Other Vegetables,Gourd & Cucumber,Beans,Root Vegetables,Brinjals,Gourd & Cucumber,Brinjals"
143,"Brinjals,Raw Peanuts,Whole Spices,Raw Rice,Namkeen,Other Insect Repellent,Other Dals,Phenyles & Acids"
144,"Moong Dal,Toor Dal,Avalakki / Poha,Other Dals,Sooji & Rava,Maida,Raisins,Cashews,Whole Spices,Whole Spices,Whole Spices,Besan"
145,"Exotic Vegetables,Other Vegetables,Gourd & Cucumber,Beans,Root Vegetables,Raw Rice,Banana,Urad Dal,Other Dals,Brinjals,Snacky Nuts,Organic F&V,Toor Dal,Organic F&V"
146,"Moong Dal,Urad Dal,Sooji & Rava,Urad Dal,Sooji & Rava,Cream Biscuits,Cashews,Other Oils,Toor Dal,Whole Spices"
147,"Root Vegetables,Other Vegetables,Root Vegetables,Banana,Gourd & Cucumber,Beans,Beans,Sooji & Rava,Health Drinks"
148,"Banana,Beans,Raw Peanuts,Exotic Vegetables,Whole Spices,Bread,Organic F&V,Organic F&V,Phenyles & Acids,Whole Spices"
149,"Other Vegetables,Brinjals,Whole Spices,Sugar,Other Dals,Other Dals,Jaggery,Whole Spices,Whole Spices,Curd,Curd,Toor Dal,Whole Spices,Whole Spices,Whole Spices"
150,"Whole Spices,Whole Spices,Avalakki / Poha,Beans,Toor Dal,Sugar,Besan,Sunflower Oils,Raw Rice,Agarbatti,Namkeen,Organic F&V,Organic F&V,Organic F&V,Whole Spices,Mustard Oils,Other Rice Products"
151,"Root Vegetables,Banana,Whole Spices,Cooking Paste,Gourd & Cucumber,Raw Rice,Ready Mix,Toor Dal"
152,"Root Vegetables,Root Vegetables,Raw Peanuts,Whole Spices,Sooji & Rava,Sooji & Rava,Urad Dal,Sugar,Other Dals,Mosquito Repellent,Almonds,Raw Rice,Other Dals,Phenyles & Acids,Toor Dal,Whole Spices,Whole Spices,Whole Spices"
153,"Whole Spices,Other Dals,Whole Spices,Whole Spices,Urad Dal,Besan,Other Dals,Sunflower Oils,Cream Biscuits,Raisins,Other Rice Products,Other Dry Fruits,Regular Pasta,Cashews,Yogurt & Lassi,Other Dals,Whole Spices,Whole Spices,Toor Dal,Whole Grains"
154,"Root Vegetables,Exotic Vegetables,Maida,Almonds,Honey,Cooking Sauce,Organic F&V,Organic F&V,Organic F&V,Curd"
155,"Sunflower Oils,Health Drinks,Whole Spices,Raw Peanuts,Raw Rice,Sugar,Whole Spices,Whole Spices"
156,"Other Vegetables,Toor Dal,Urad Dal,Other Rice Products,Other Dals,Ghee,Urad Dal,Jaggery,Sugar,Avalakki / Poha,Organic F&V,Organic F&V"
157,"Root Vegetables,Toor Dal,Raw Rice,Sooji & Rava,Organic Rice & Rice Products,Namkeen,Namkeen,Other Rice Products"
158,"Root Vegetables,Other Vegetables,Banana,Other Dals,Other Oils,Raisins,Cashews,Other Dry Fruits,Other Dals"
159,"Root Vegetables,Root Vegetables,Brinjals,Brinjals,Gourd & Cucumber,Gourd & Cucumber,Brinjals,Health Drinks"
160,"Root Vegetables,Root Vegetables,Raw Peanuts,Moong Dal,Avalakki / Poha,Sunflower Oils,Sooji & Rava,Raw Rice,Health Drinks,Sooji & Rava,Avalakki / Poha,Body Wash,Toothpaste,Other Rice Products"
161,"Whole Spices,Whole Spices,Toor Dal,Avalakki / Poha,Raw Rice,Whole Spices,Organic Dals & Pulses,Boiled Rice,Health Drinks,Jaggery,Other Oils,Avalakki / Poha,Other Dry Fruits,Other Dry Fruits,Urad Dal,Health Drinks,Toothpaste,Other Dals,Whole Spices,Whole Spices,Sugar Cubes"
162,"Other Dals,Other Dals,Other Dals,Sugar,Toor Dal,Sooji & Rava,Besan,Other Dals,Namkeen,Other Dals,Maida,Raisins,Cashews,Mosquito Repellent,Basmati Rice,Namkeen,Whole Spices"
163,"Other Vegetables,Other Vegetables,Exotic Vegetables,Gourd & Cucumber,Whole Spices,Gourd & Cucumber,Regular Pasta,Namkeen,Regular Pasta"
164,"Whole Spices,Toor Dal,Other Dals,Moong Dal,Other Dals,Other Dals,Moong Dal,Urad Dal,Other Dals,Sugar,Other Flours,Raw Rice,Other Dals,Toor Dal,Whole Spices,Besan"
165,"Brinjals,Other Vegetables,Gourd & Cucumber,Other Dals,Other Dals,Bread,Other Dals,Raw Rice,Mustard Oils"
166,"Organic Flours,Root Vegetables,Beans,Beans,Organic Dals & Pulses,Organic Dals & Pulses,Sooji & Rava,Organic Masalas & Spices,Organic Rice & Rice Products,Organic Salt,Sugar & Jaggery,Organic F&V,Organic F&V"
167,"Banana,Vermicelli,Whole Spices,Ghee,Whole Spices,Sunflower Oils,Raisins,Cashews,Other Dry Fruits,Raw Rice,Namkeen,Namkeen,Whole Spices,Sugar Cubes"
168,"Root Vegetables,Moong Dal,Raw Rice,Health Drinks,Sugar,Other Oils,Cream Biscuits,Shaving Cream, Foam & Gels,Basmati Rice,Toilet Cleaners"
169,"Toor Dal,Raw Rice,Other Dals,Sugar,Mosquito Repellent,Sunflower Oils,Organic F&V,Other Spreads,Basmati Rice,Whole Spices"
170,"Root Vegetables,Other Vegetables,Avalakki / Poha,Sooji & Rava,Organic Dals & Pulses,Maida,Gourd & Cucumber,Sugar,Organic F&V"
171,"Moong Dal,Moong Dal,Whole Spices,Sooji & Rava,Raw Rice,Sugar,Ghee,Avalakki / Poha,Liquid Detergent,Raisins,Chilli & Soya Sauces,Other Sauces,Raisins,Other Dals,Other Dals"
172,"Banana,Rice Flour,Boiled Rice,Curd,Glucose, Marie & Milk Biscuits,Whole Spices,Whole Spices,Whole Spices,Raw Rice"
173,"Other Vegetables,Root Vegetables,Whole Spices,Urad Dal,Raw Rice,Sooji & Rava,Cashews,Whole Spices,Other Pooja Needs,Whole Spices,Whole Spices"
174,"Root Vegetables,Gourd & Cucumber,Whole Spices,Whole Spices,Bread,Gourd & Cucumber,Sooji & Rava,Sooji & Rava,Root Vegetables,Raisins,Other Dals,Whole Spices,Whole Spices,Other Dry Fruits,Whole Spices,Whole Spices"
175,"Sunflower Oils,Whole Spices,Whole Spices,Avalakki / Poha,Raw Peanuts,Rice Flour,Other Dals,Sugar,Whole Spices,Maida,Sooji & Rava,Sooji & Rava,Health Drinks,Rice Flour,Ghee,Sunflower Oils,Urad Dal,Cashews,Raw Rice,Whole Spices,Toor Dal"
176,"Other Dals,Sugar,Maida,Sunflower Oils,Other Rice Products,Boiled Rice,Raw Rice,Raw Rice"
177,"Namkeen,Whole Spices,Toor Dal,Moong Dal,Other Dals,Snacky Nuts,Raw Rice,Other Dals,Sunflower Oils"
178,"Exotic Vegetables,Beans,Besan,Maida,Sugar,Raisins,Cashews,Phenyles & Acids"
179,"Whole Spices,Moong Dal,Moong Dal,Whole Spices,Toor Dal,Raw Peanuts,Raw Rice,Other Dals,Sugar,Whole Spices,Maida,Sooji & Rava,Rice Flour,Besan,Other Dals,Sooji & Rava,Ghee,Jaggery,Avalakki / Poha,Basmati Rice,Other Dals,Other Dals,Other Dals,Whole Spices,Whole Spices"
180,"Sunflower Oils,Moong Dal,Whole Spices,Toor Dal,Whole Spices,Other Rice Products,Besan,Cream Biscuits,Hair Colors & Dyes,Other Dals,Other Dals"
181,"Whole Spices,Whole Spices,Sooji & Rava,Raw Peanuts,Urad Dal,Sooji & Rava,Health Drinks,Sooji & Rava,Jaggery,Other Pooja Needs,Basmati Rice,Agarbatti,Other Dals,Toor Dal"
182,"Sunflower Oils,Raw Peanuts,Whole Spices,Whole Spices,Moong Dal,Whole Spices,Rice Flour,Raw Rice,Other Dals,Sugar,Sooji & Rava,Maida,Urad Dal,Jaggery,Raisins,Cashews,Whole Spices,Toor Dal,Whole Spices,Powdered Spices"
183,"Bread,Other Dals,Organic Flours,Organic Dals & Pulses,Regular Pasta,Organic Masalas & Spices,Organic Masalas & Spices,Organic Dals & Pulses,Organic F&V"
184,"Raw Peanuts,Whole Spices,Maida,Besan,Other Flours,Avalakki / Poha,Vermicelli,Other Dals,Besan,Ice Creams & Desserts"
185,"Gourd & Cucumber,Urad Dal,Sooji & Rava,Cooking Paste,Boiled Rice,Whole Spices,Whole Spices,Ice Creams & Desserts"
186,"Other Vegetables,Brinjals,Other Vegetables,Gourd & Cucumber,Urad Dal,Sugar,Other Rice Products,Other Rice Products,Organic F&V"
187,"Root Vegetables,Beans,Brinjals,Root Vegetables,Beans,Other Dals,Banana,Whole Spices"
188,"Root Vegetables,Other Vegetables,Root Vegetables,Exotic Vegetables,Beans,Mosquito Repellent,Hand Wash,Toothpaste,Toilet Cleaners"
189,"Other Vegetables,Beans,Gourd & Cucumber,Toor Dal,Cooking Paste,Bread,Other Dals,Other Dals,Other Dals,Urad Dal,Brinjals,Yogurt & Lassi,Yogurt & Lassi,Yogurt & Lassi,Toilet Cleaners,Besan,Ice Creams & Desserts"
190,"Other Vegetables,Ground Coffee,Root Vegetables,Beans,Health Drinks,Avalakki / Poha,Banana,Health Drinks,Urad Dal,Honey,Raw Rice"
191,"Raw Peanuts,Whole Spices,Whole Spices,Sooji & Rava,Other Dals,Whole Spices,Raw Rice,Urad Dal,Jaggery,Sugar,Mosquito Repellent,Cream Biscuits,Health Drinks,Other Dry Fruits,Raisins,Cashews,Toothpaste"
192,"Raw Peanuts,Other Dals,Whole Spices,Urad Dal,Whole Spices,Sooji & Rava,Health Drinks,Jaggery,Other Dals,Sugar,Cakes,Raw Rice,Agarbatti,Toor Dal,Whole Spices"
193,"Root Vegetables,Banana,Moong Dal,Other Dals,Moong Dal,Other Dals,Organic F&V,Basmati Rice"
194,"Sunflower Oils,Other Vegetables,Brinjals,Moong Dal,Whole Spices,Other Dals,Sooji & Rava,Toor Dal,Urad Dal,Mosquito Repellent"
195,"Root Vegetables,Beans,Other Vegetables,Root Vegetables,Banana,Beans,Beans,Besan,Cakes,Other Sweets"
196,"Beans,Brinjals,Moong Dal,Moong Dal,Raw Rice,Namkeen,Ready Mix,Brinjals,Cooking Sauce,Organic F&V,Other Dals,Other Dals"
197,"Avalakki / Poha,Sooji & Rava,Other Dals,Raw Rice,Sugar,Other Dals,Whole Spices,Health Drinks,Besan"
198,"Raw Peanuts,Whole Spices,Sooji & Rava,Rice Flour,Other Dals,Urad Dal,Sooji & Rava,Sooji & Rava,Besan,Sunflower Oils,Avalakki / Poha,Other Flours,Health Drinks,Whole Spices"
199,"Other Dals,Avalakki / Poha,Sooji & Rava,Moong Dal,Raw Rice,Sugar,Besan,Maida,Sunflower Oils,Other Dals,Whole Spices,Toor Dal,Whole Spices,Other Dals"
200,"Other Vegetables,Exotic Vegetables,Beans,Root Vegetables,Exotic Vegetables,Sugar,Brinjals,Jaggery,Avalakki / Poha,Raisins,Besan"
201,"Moong Dal,Toor Dal,Sooji & Rava,Liquid Soaps & Bars,Maida,Raw Rice,Sugar,Jaggery,Cashews,Urad Dal,Yogurt & Lassi,Whole Spices,Curd"
202,"Beans,Namkeen,Whole Spices,Gourd & Cucumber,Brinjals,Namkeen,Brinjals,Namkeen"
203,"Root Vegetables,Other Vegetables,Gourd & Cucumber,Moong Dal,Urad Dal,Brinjals,Mango Juices,Toffee & Candy"
204,"Ground Coffee,Whole Spices,Whole Spices,Whole Spices,Toor Dal,Raw Peanuts,Moong Dal,Urad Dal,Whole Spices,Urad Dal,Whole Spices,Whole Spices,Boiled Rice,Other Dals,Whole Spices,Whole Spices,Whole Spices,Whole Spices"
205,"Root Vegetables,Other Vegetables,Root Vegetables,Brinjals,Yogurt & Lassi,Yogurt & Lassi,Organic F&V,Organic F&V,Organic F&V,Organic F&V,Curd"
206,"Root Vegetables,Other Vegetables,Banana,Cooking Paste,Liquid Soaps & Bars,Gourd & Cucumber,Sugar,Mosquito Repellent"
207,"Gourd & Cucumber,Raw Peanuts,Moong Dal,Whole Spices,Sooji & Rava,Toor Dal,Maida,Raw Rice,Besan,Honey,Whole Spices,Whole Spices,Whole Spices"
208,"Root Vegetables,Other Vegetables,Root Vegetables,Banana,Brinjals,Beans,Raw Rice,Sugar,Cashews"
209,"Banana,Whole Spices,Sunflower Oils,Toor Dal,Urad Dal,Whole Spices,Whole Spices,Other Rice Products"
210,"Rice Flour,Liquid Soaps & Bars,Sugar,Sooji & Rava,Raw Rice,Namkeen,Namkeen,Exotic Vegetables,Toilet Cleaners"
211,"Other Vegetables,Beans,Raw Peanuts,Other Dals,Maida,Gourd & Cucumber,Other Dals,Brinjals,Yogurt & Lassi,Toor Dal"
212,"Raw Peanuts,Whole Spices,Cooking Paste,Avalakki / Poha,Sugar,Moong Dal,Urad Dal,Other Flours,Whole Spices,Sunflower Oils,Other Dals,Other Dals,Whole Spices,Whole Spices,Whole Spices,Whole Spices"
213,"Root Vegetables,Root Vegetables,Banana,Other Vegetables,Gourd & Cucumber,Beans,Beans,Mosquito Repellent"
214,"Root Vegetables,Other Vegetables,Beans,Beans,Raw Peanuts,Brinjals,Cooking Paste,Jaggery,Cooking Sauce,Glucose, Marie & Milk Biscuits"
215,"Ground Coffee,Vermicelli,Whole Spices,Toor Dal,Moong Dal,Other Dals,Sugar,Whole Spices,Sooji & Rava,Rice Flour,Urad Dal,Avalakki / Poha,Whole Spices,Sunflower Oils,Cashews,Toor Dal,Whole Spices,Whole Spices"
216,"Root Vegetables,Beans,Raw Peanuts,Moong Dal,Banana,Urad Dal,Organic F&V,Organic F&V,Raisins"
217,"Ground Coffee,Root Vegetables,Other Vegetables,Root Vegetables,Gourd & Cucumber,Beans,Sooji & Rava,Organic F&V"
218,"Root Vegetables,Other Vegetables,Moong Dal,Avalakki / Poha,Beans,Gourd & Cucumber,Sooji & Rava,Raw Rice,Sugar,Ghee,Other Rice Products"
219,"Raw Peanuts,Sooji & Rava,Moong Dal,Sooji & Rava,Besan,Sunflower Oils,Urad Dal,Toor Dal"
220,"Whole Spices,Whole Spices,Raw Rice,Sugar,Avalakki / Poha,Shaving Blade & Razors,Phenyles & Acids,Liquid Soaps & Bars,Whole Spices,Whole Spices"
221,"Bread,Other Vegetables,Root Vegetables,Brinjals,Gourd & Cucumber,Other Dals,Whole Spices,Whole Spices,Other Dals,Mosquito Repellent,Other Dals,Toor Dal"
222,"Beans,Other Vegetables,Raw Rice,Organic F&V,Organic F&V,Organic F&V,Organic F&V,Organic F&V"
223,"Other Vegetables,Gourd & Cucumber,Other Dals,Raw Peanuts,Other Dals,Sugar,Besan,Other Dals,Toor Dal"
224,"Other Vegetables,Gourd & Cucumber,Whole Spices,Beans,Snacky Nuts,Sugar,Namkeen,Namkeen,Glucose, Marie & Milk Biscuits,Corn Snacks,Namkeen,Basmati Rice,Agarbatti"
225,"Other Vegetables,Basmati Rice,Root Vegetables,Raw Peanuts,Avalakki / Poha,Beans,Toor Dal,Avalakki / Poha,Cooking Paste,Cooking Paste,Shoe Polish,Whole Spices,Mustard Oils"
226,"Other Vegetables,Gourd & Cucumber,Whole Spices,Whole Spices,Urad Dal,Urad Dal,Whole Spices,Whole Spices"
227,"Sunflower Oils,Moong Dal,Moong Dal,Whole Spices,Avalakki / Poha,Raw Peanuts,Other Dals,Maida,Sooji & Rava,Urad Dal,Rice Flour,Jaggery,Chinese Noodles,Other Oils,Raw Rice,Instant Noodles,Raw Rice,Toor Dal,Whole Spices,Glucose, Marie & Milk Biscuits"
228,"Beans,Urad Dal,Basmati Rice,Chilli & Soya Sauces,Chinese Noodles,Cooking Sauce,Other Dals,Other Dals,Instant Noodles"
229,"Beans,Beans,Gourd & Cucumber,Moong Dal,Toor Dal,Other Flours,Other Dals,Other Dals,Organic F&V,Organic F&V,Other Dals"
230,"Namkeen,Besan,Sugar,Raw Rice,Ghee,Namkeen,Raisins,Cashews,Toor Dal,Other Dals"
231,"Other Vegetables,Beans,Gourd & Cucumber,Toor Dal,Cooking Paste,Other Dals,Sugar,Urad Dal,Brinjals,Other Insect Repellent,Other Dals,Besan"
232,"Root Vegetables,Root Vegetables,Beans,Maida,Cashews,Raisins,Basmati Rice,Whole Spices"
233,"Sunflower Oils,Toor Dal,Avalakki / Poha,Whole Spices,Sooji & Rava,Other Dals,Sugar,Cream Biscuits,Mosquito Repellent,Cream Biscuits,Avalakki / Poha,Other Dry Fruits,Other Dry Fruits,Cashews,Almonds,Raisins,Other Dry Fruits"
234,"Beans,Brinjals,Brinjals,Root Vegetables,Other Dals,Avalakki / Poha,Raw Peanuts,Other Dals,Urad Dal,Rice Flour,Other Flours,Other Rice Products,Toor Dal,Besan,Other Rice Products"
235,"Root Vegetables,Beans,Other Vegetables,Other Vegetables,Gourd & Cucumber,Vermicelli,Beans,Sooji & Rava,Sugar,Whole Spices,Toilet Cleaners,Besan"
236,"Ground Coffee,Whole Spices,Moong Dal,Whole Spices,Toor Dal,Moong Dal,Whole Spices,Sooji & Rava,Besan,Sunflower Oils,Sugar,Whole Spices,Cashews,Whole Spices,Toor Dal,Whole Spices,Whole Spices"
237,"Beans,Root Vegetables,Sooji & Rava,Other Rice Products,Sugar,Other Dals,Sooji & Rava,Other Flours,Jaggery,Other Oils,Avalakki / Poha,Ghee,Whole Spices"
238,"Other Vegetables,Brinjals,Other Vegetables,Root Vegetables,Banana,Beans,Beans,Organic F&V,Whole Spices"
239,"Sunflower Oils,Jaggery,Rice Flour,Other Dals,Regular Pasta,Jaggery,Mosquito Repellent,Health Drinks,Glucose, Marie & Milk Biscuits,Whole Spices"
240,"Whole Spices,Moong Dal,Avalakki / Poha,Raw Peanuts,Jaggery,Sunflower Oils,Cream Biscuits,Cashews,Toor Dal,Whole Spices"
241,"Ground Coffee,Whole Spices,Avalakki / Poha,Raw Peanuts,Moong Dal,Urad Dal,Raw Rice,Boiled Rice,Other Rice Products,Urad Dal,Cashews,Other Dals,Toor Dal,Whole Spices"
242,"Other Vegetables,Banana,Whole Spices,Whole Spices,Sooji & Rava,Raw Rice,Sugar,Ice Creams & Desserts,Whole Spices,Whole Spices"
243,"Root Vegetables,Beans,Raw Peanuts,Beans,Sugar,Sooji & Rava,Raw Rice,Rice Flour,Other Dals,Jaggery,Other Dals"
244,"Moong Dal,Other Dals,Other Dals,Toor Dal,Maida,Raw Rice,Other Dals,Urad Dal,Urad Dal,Sugar,Phenyles & Acids,Other Dals"
245,"Root Vegetables,Banana,Maida,Other Dals,Jaggery,Curd,Organic F&V,Organic F&V,Organic F&V,Organic F&V,Instant Noodles"
246,"Gourd & Cucumber,Whole Spices,Toor Dal,Raw Peanuts,Bread,Gourd & Cucumber,Sugar,Whole Spices,Other Rice Products"
247,"Other Vegetables,Sunflower Oils,Ground Coffee,Root Vegetables,Other Vegetables,Banana,Gourd & Cucumber,Beans,Brinjals,Health Drinks,Organic F&V,Organic F&V"
248,"Other Vegetables,Health Drinks,Sunflower Oils,Maida,Sugar,Besan,Glucose, Marie & Milk Biscuits,Whole Spices,Other Rice Products"
249,"Other Vegetables,Root Vegetables,Brinjals,Beans,Whole Spices,Cooking Paste,Raw Rice,Sugar,Avalakki / Poha,Other Dals,Other Dals,Whole Spices"
250,"Toor Dal,Boiled Rice,Sunflower Oils,Raisins,Liquid Soaps & Bars,Liquid Soaps & Bars,Toilet Cleaners,Moong Dal"
251,"Bread,Root Vegetables,Other Vegetables,Whole Spices,Ghee,Other Dry Fruits,Whole Spices,Whole Spices,Whole Spices,Whole Spices"
252,"Moong Dal,Sunflower Oils,Gourd & Cucumber,Raw Rice,Maida,Basmati Rice,Yogurt & Lassi,Yogurt & Lassi"
253,"Root Vegetables,Root Vegetables,Banana,Gourd & Cucumber,Whole Spices,Sooji & Rava,Sugar,Mango Juices,Whole Spices,Wafers,Whole Spices"
254,"Root Vegetables,Other Vegetables,Brinjals,Beans,Banana,Beans,Gourd & Cucumber,Urad Dal,Gourd & Cucumber"
255,"Root Vegetables,Whole Spices,Whole Spices,Raw Rice,Organic Masalas & Spices,Whole Spices,Buns & Pavs,Phenyles & Acids,Agarbatti,Whole Spices,Other Pooja Needs,Whole Spices"
256,"Other Vegetables,Gourd & Cucumber,Beans,Root Vegetables,Beans,Sugar,Snacky Nuts,Raw Rice"
257,"Vermicelli,Whole Spices,Toor Dal,Other Dals,Whole Spices,Cashews,Shaving Blade & Razors,Toothpaste"
258,"Whole Spices,Rice Flour,Liquid Soaps & Bars,Raw Rice,Sooji & Rava,Other Rice Products,Sugar,Besan,Ground Coffee,Avalakki / Poha,Whole Spices,Sooji & Rava,Avalakki / Poha"
259,"Raw Peanuts,Whole Spices,Whole Spices,Toor Dal,Sooji & Rava,Moong Dal,Other Dals,Urad Dal,Sugar,Cream Biscuits,Cream Biscuits,Other Dals,Other Rice Products"
260,"Beans,Beans,Raw Peanuts,Whole Spices,Moong Dal,Gourd & Cucumber,Sugar,Urad Dal,Raw Rice,Toor Dal"
261,"Whole Spices,Avalakki / Poha,Raw Peanuts,Moong Dal,Sugar,Whole Spices,Sooji & Rava,Urad Dal,Other Flours,Sunflower Oils,Other Dals,Other Dals,Whole Spices,Whole Spices,Whole Spices"
262,"Whole Spices,Banana,Exotic Vegetables,Pasta & Noodles,Organic F&V,Organic F&V,Whole Spices,Ghee,Whole Spices"
263,"Bread,Beans,Brinjals,Other Vegetables,Other Dals,Gourd & Cucumber,Other Dals,Other Dals,Sunflower Oils,Cream Biscuits"
264,"Other Vegetables,Other Vegetables,Banana,Beans,Brinjals,Boiled Rice,Sugar,Ghee,Raw Rice,Mango Juices,Sunflower Oils"
265,"Ground Coffee,Raw Peanuts,Moong Dal,Toor Dal,Sooji & Rava,Raw Rice,Other Rice Products,Urad Dal,Sunflower Oils,Sugar,Agarbatti,Agarbatti"
266,"Other Vegetables,Sunflower Oils,Beans,Root Vegetables,Exotic Vegetables,Whole Spices,Boiled Rice,Urad Dal,Health Drinks,Raw Rice,Toor Dal"
267,"Bread,Other Vegetables,Root Vegetables,Beans,Gourd & Cucumber,Jaggery,Phenyles & Acids,Glucose, Marie & Milk Biscuits"
268,"Other Dals,Other Dals,Sugar,Other Dals,Maida,Toor Dal,Chilli & Soya Sauces,Chilli & Soya Sauces,Other Dals,Raw Rice"
269,"Moong Dal,Urad Dal,Other Dals,Sunflower Oils,Boiled Rice,Raw Rice,Toor Dal,Other Dals"
270,"Brinjals,Root Vegetables,Whole Spices,Toor Dal,Beans,Other Dals,Other Dals,Other Dals"
271,"Root Vegetables,Exotic Vegetables,Exotic Vegetables,Almonds,Organic F&V,Organic F&V,Organic F&V,Organic F&V"
272,"Root Vegetables,Other Vegetables,Root Vegetables,Banana,Beans,Moong Dal,Moong Dal,Toor Dal,Urad Dal,Boiled Rice,Cakes,Cakes,Tomato Ketchup,Raw Rice,Curd"
273,"Other Vegetables,Root Vegetables,Whole Spices,Whole Spices,Beans,Bread,Sooji & Rava,Urad Dal,Cooking Sauce,Basmati Rice"
274,"Beans,Beans,Banana,Ready Mix,Almonds,Cooking Sauce,Organic F&V,Cashews,Organic F&V"
275,"Ground Coffee,Namkeen,Avalakki / Poha,Banana,Sooji & Rava,Jaggery,Ice Creams & Desserts,Namkeen,Snacky Nuts,Almonds,Other Sweets,Snacky Nuts,Ground Coffee,Namkeen,Snacky Nuts,Whole Spices,Ice Creams & Desserts"
276,"Other Vegetables,Banana,Whole Spices,Moong Dal,Other Dals,Moong Dal,Other Dals,Gourd & Cucumber,Organic Dals & Pulses,Yogurt & Lassi,Whole Spices"
277,"Beans,Brinjals,Snacky Nuts,Organic F&V,Organic F&V,Organic F&V,Organic F&V,Other Dals,Liquid Soaps & Bars"
278,"Root Vegetables,Banana,Almonds,Other Dry Fruits,Organic F&V,Organic F&V,Organic F&V,Other Dry Fruits"
279,"Moong Dal,Urad Dal,Avalakki / Poha,Honey,Ground Coffee,Agarbatti,Whole Spices,Whole Spices,Powdered Spices,Whole Spices,Other Dals"
280,"Maida,Sooji & Rava,Urad Dal,Rice Flour,Besan,Jaggery,Organic Masalas & Spices,Almonds,Health Drinks,Other Dals,Whole Spices,Whole Spices,Whole Spices,Whole Spices"
281,"Root Vegetables,Other Vegetables,Gourd & Cucumber,Brinjals,Other Dals,Beans,Almonds,Other Dry Fruits,Moong Dal"
282,"Brinjals,Beans,Moong Dal,Moong Dal,Toor Dal,Urad Dal,Sooji & Rava,Sugar,Urad Dal,Boiled Rice,Almonds,Raw Rice,Other Dals,Other Dals"
283,"Exotic Vegetables,Exotic Vegetables,Other Vegetables,Brinjals,Root Vegetables,Banana,Beans,Phenyles & Acids,Ready Baking Mixes,Phenyles & Acids"
284,"Root Vegetables,Beans,Raw Peanuts,Whole Spices,Beans,Sunflower Oils,Cooking Paste,Whole Spices"
285,"Other Vegetables,Bread,Beans,Brinjals,Other Vegetables,Root Vegetables,Beans,Cream Biscuits,Chips,Phenyles & Acids,Snacky Nuts,Namkeen"
286,"Root Vegetables,Root Vegetables,Banana,Raw Peanuts,Moong Dal,Beans,Gourd & Cucumber,Toor Dal,Raisins,Cashews"
287,"Root Vegetables,Bread,Other Vegetables,Other Vegetables,Root Vegetables,Bread,Namkeen,Cream Biscuits,Namkeen"
288,"Root Vegetables,Raw Peanuts,Rice Flour,Other Dals,Jaggery,Raw Rice,Other Dals,Toothpaste"
289,"Toor Dal,Raw Peanuts,Moong Dal,Sugar,Urad Dal,Other Dals,Health Drinks,Instant Noodles"
290,"Other Vegetables,Namkeen,Namkeen,Sugar,Maida,Other Dals,Namkeen,Namkeen,Almonds,Cashews,Corn Snacks,Namkeen,Cream Biscuits,Glucose, Marie & Milk Biscuits,Toor Dal,Besan,Namkeen"
291,"Root Vegetables,Other Vegetables,Gourd & Cucumber,Beans,Other Dals,Other Dals,Cashews,Almonds,Raisins,Other Dals"
292,"Root Vegetables,Beans,Other Vegetables,Beans,Moong Dal,Toor Dal,Bread,Other Dals,Organic F&V,Namkeen"
293,"Root Vegetables,Root Vegetables,Urad Dal,Banana,Namkeen,Jaggery,Cream Biscuits,Raisins,Organic F&V,Moong Dal"
294,"Other Vegetables,Root Vegetables,Root Vegetables,Root Vegetables,Raw Peanuts,Toor Dal,Other Dals,Urad Dal,Besan,Other Dals,Ready Baking Mixes"
295,"Brinjals,Beans,Raw Peanuts,Toor Dal,Sooji & Rava,Other Dals,Gourd & Cucumber,Other Dals,Other Dals,Whole Spices"
296,"Whole Spices,Namkeen,Other Dals,Whole Spices,Toor Dal,Avalakki / Poha,Urad Dal,Boiled Rice,Sugar,Raw Rice,Raisins,Almonds,Health Drinks,Namkeen,Health Supplements,Whole Spices,Other Rice Products"
297,"Other Vegetables,Exotic Vegetables,Exotic Vegetables,Beans,Banana,Ghee,Chilli & Soya Sauces,Raisins,Cashews,Snacky Nuts"
298,"Root Vegetables,Brinjals,Other Vegetables,Other Dals,Whole Spices,Whole Spices,Other Dals,Whole Spices,Bread,Beans,Liquid Soaps & Bars,Urad Dal,Sooji & Rava,Sooji & Rava,Jaggery,Urad Dal,Cashews,Shoe Polish,Raisins,Whole Spices,Whole Spices,Whole Spices"
299,"Root Vegetables,Root Vegetables,Banana,Beans,Liquid Soaps & Bars,Urad Dal,Sooji & Rava,Sooji & Rava,Raw Rice,Other Rice Products,Jaggery,Beans,Avalakki / Poha,Raisins,Raisins,Organic F&V,Organic F&V,Organic F&V,Organic Flours,Toor Dal,Other Rice Products"
300,"Beans,Brinjals,Whole Spices,Whole Spices,Moong Dal,Urad Dal,Gourd & Cucumber,Brinjals,Cream Biscuits,Cream Biscuits,Whole Spices,Boiled Rice,Cream Biscuits"
301,"Banana,Gourd & Cucumber,Moong Dal,Moong Dal,Other Dals,Beans,Gourd & Cucumber,Besan,Ghee,Namkeen"
302,"Beans,Beans,Banana,Jaggery,Other Dals,Other Dals,Raisins,Glucose, Marie & Milk Biscuits"
303,"Root Vegetables,Other Vegetables,Other Vegetables,Banana,Beans,Gourd & Cucumber,Buns & Pavs,Regular Pasta,Whole Spices"
304,"Other Vegetables,Beans,Other Vegetables,Whole Spices,Toor Dal,Raw Rice,Sugar,Other Dals,Whole Spices"
305,"Bread,Brinjals,Beans,Beans,Gourd & Cucumber,Beans,Gourd & Cucumber,Chilli & Soya Sauces,Cooking Sauce"
306,"Raw Peanuts,Other Dals,Whole Spices,Moong Dal,Other Dals,Other Dals,Sooji & Rava,Urad Dal,Jaggery,Sugar,Other Dals,Boiled Rice,Raw Rice,Other Spreads,Toor Dal,Moong Dal"
307,"Other Vegetables,Banana,Beans,Sugar,Organic Salt,Sugar & Jaggery,Cooking Paste,Cooking Paste,Other Dry Fruits,Mosquito Repellent,Cooking Sauce"
308,"Brinjals,Other Vegetables,Beans,Gourd & Cucumber,Whole Spices,Gourd & Cucumber,Whole Spices,Organic F&V,Whole Spices"
309,"Other Vegetables,Other Vegetables,Banana,Beans,Raw Rice,Mosquito Repellent,Raw Rice,Yogurt & Lassi,Yogurt & Lassi"
310,"Bread,Root Vegetables,Raw Peanuts,Toor Dal,Gourd & Cucumber,Organic Dals & Pulses,Urad Dal,Phenyles & Acids,Mustard Oils"
311,"Gourd & Cucumber,Moong Dal,Other Dals,Other Dals,Glucose, Marie & Milk Biscuits,Namkeen,Almonds,Cream Biscuits,Namkeen,Curd"
312,"Root Vegetables,Other Vegetables,Beans,Other Dals,Toor Dal,Sooji & Rava,Snacky Nuts,Namkeen,Mustard Oils"
313,"Other Vegetables,Gourd & Cucumber,Beans,Gourd & Cucumber,Boiled Rice,Whole Spices,Avalakki / Poha,Organic F&V,Namkeen"
314,"Beans,Organic Flours,Root Vegetables,Organic Flours,Organic Flours,Organic F&V,Organic F&V,Organic F&V"
315,"Brinjals,Brinjals,Other Vegetables,Root Vegetables,Beans,Beans,Banana,Sunflower Oils,Toor Dal"
316,"Other Vegetables,Brinjals,Moong Dal,Avalakki / Poha,Sugar,Brinjals,Mosquito Repellent,Oats,Sugar Cubes"
317,"Moong Dal,Toor Dal,Vermicelli,Sooji & Rava,Sunflower Oils,Raw Rice,Sugar,Other Dals,Other Dals"
318,"Gourd & Cucumber,Liquid Soaps & Bars,Sugar,Sooji & Rava,Urad Dal,Other Rice Products,Toor Dal,Raw Rice"
319,"Root Vegetables,Brinjals,Gourd & Cucumber,Raw Peanuts,Moong Dal,Toor Dal,Organic Masalas & Spices,Brinjals,Almonds,Mustard Oils,Moong Dal"
320,"Whole Spices,Avalakki / Poha,Urad Dal,Sugar,Whole Spices,Sooji & Rava,Sooji & Rava,Sooji & Rava,Urad Dal,Whole Spices,Toor Dal"
321,"Root Vegetables,Brinjals,Root Vegetables,Raw Peanuts,Beans,Brinjals,Sugar,Sooji & Rava,Maida,Gourd & Cucumber"
322,"Root Vegetables,Other Vegetables,Root Vegetables,Brinjals,Brinjals,Namkeen,Cooking Paste,Namkeen"
323,"Beans,Moong Dal,Toor Dal,Moong Dal,Sugar,Organic Dals & Pulses,Regular Pasta,Brinjals,Other Flours,Almonds,Almonds,Liquid Soaps & Bars,Organic F&V"
324,"Other Dals,Jaggery,Other Rice Products,Boiled Rice,Raisins,Other Oils,Cashews,Liquid Soaps & Bars,Whole Spices"
325,"Toothpaste,Raw Peanuts,Moong Dal,Toor Dal,Urad Dal,Gourd & Cucumber,Namkeen,Sugar,Ready Mix,Rasagulla & Gulab Jamun,Namkeen,Other Sweets,Whole Spices,Curd"
326,"Root Vegetables,Beans,Toor Dal,Maida,Other Dals,Sugar,Glucose, Marie & Milk Biscuits,Whole Spices"
327,"Bread,Other Dals,Namkeen,Whole Spices,Raw Peanuts,Liquid Soaps & Bars,Whole Spices,Namkeen,Jaggery,Avalakki / Poha,Organic Dals & Pulses,Almonds,Besan"
328,"Beans,Gourd & Cucumber,Namkeen,Namkeen,Sugar,Gourd & Cucumber,Namkeen,Namkeen,Namkeen"
329,"Sooji & Rava,Other Dals,Namkeen,Other Dals,Namkeen,Namkeen,Yogurt & Lassi,Almonds,Other Dals,Yogurt & Lassi"
330,"Root Vegetables,Brinjals,Gourd & Cucumber,Beans,Jaggery,Namkeen,Namkeen,Other Dals"
331,"Raw Peanuts,Raw Rice,Boiled Rice,Organic Masalas & Spices,Chilli & Soya Sauces,Raw Rice,Organic F&V,Namkeen,Curd,Other Rice Products"
332,"Other Vegetables,Brinjals,Banana,Whole Spices,Gourd & Cucumber,Sunflower Oils,Sooji & Rava,Other Rice Products,Sugar"
333,"Bread,Root Vegetables,Whole Spices,Avalakki / Poha,Raw Peanuts,Organic Masalas & Spices,Brinjals,Brinjals,Organic F&V,Organic F&V,Organic F&V,Organic F&V,Organic F&V,Whole Spices"
334,"Whole Spices,Toor Dal,Urad Dal,Raw Rice,Boiled Rice,Other Oils,Boiled Rice,Other Dals,Other Dals,Ground Coffee,Whole Grains"
335,"Other Vegetables,Other Vegetables,Beans,Whole Spices,Toor Dal,Sooji & Rava,Brinjals,Boiled Rice,Sugar,Ghee,Urad Dal,Raw Rice,Sunflower Oils"
336,"Raw Peanuts,Whole Spices,Avalakki / Poha,Other Dals,Other Dals,Other Dals,Sooji & Rava,Maida,Raisins,Chilli & Soya Sauces,Other Dals,Whole Spices,Raw Rice,Moong Dal"
337,"Gourd & Cucumber,Raw Peanuts,Sugar,Sooji & Rava,Sugar,Sunflower Oils,Raw Rice,Other Dals,Toor Dal"
338,"Banana,Sugar,Rice Flour,Sunflower Oils,Boiled Rice,Sunflower Oils,Cream Biscuits,Boiled Rice"
339,"Root Vegetables,Whole Spices,Gourd & Cucumber,Brinjals,Raisins,Other Dry Fruits,Raisins,Toor Dal,Oats"
340,"Root Vegetables,Whole Spices,Whole Spices,Raw Peanuts,Moong Dal,Cream Biscuits,Organic F&V,Organic F&V,Whole Spices,Whole Spices"
341,"Sooji & Rava,Moong Dal,Boiled Rice,Urad Dal,Raw Rice,Jaggery,Almonds,Raisins"
342,"Other Vegetables,Other Vegetables,Beans,Gourd & Cucumber,Beans,Moong Dal,Gourd & Cucumber,Toor Dal"
343,"Raw Peanuts,Whole Spices,Avalakki / Poha,Sugar,Sunflower Oils,Namkeen,Raisins,Chilli & Soya Sauces,Namkeen,Health Drinks,Cashews,Other Dals,Whole Spices,Whole Spices,Toor Dal,Besan"
344,"Other Dals,Other Dals,Sugar,Namkeen,Moong Dal,Maida,Namkeen,Other Dals"
345,"Moong Dal,Whole Spices,Toor Dal,Sooji & Rava,Urad Dal,Sooji & Rava,Sooji & Rava,Besan,Sugar,Almonds,Cashews,Agarbatti,Whole Spices,Other Pooja Needs,Whole Spices,Whole Spices"
346,"Raw Peanuts,Toor Dal,Sooji & Rava,Raw Rice,Urad Dal,Rice Flour,Urad Dal,Sugar,Cream Biscuits"
347,"Other Vegetables,Root Vegetables,Besan,Other Flours,Avalakki / Poha,Basmati Rice,Other Dry Fruits,Whole Spices"
348,"Other Vegetables,Root Vegetables,Brinjals,Root Vegetables,Banana,Organic Rice & Rice Products,Rice Flour,Other Juices,Cream Biscuits,Buns & Pavs,Cream Biscuits,Organic Salt,Sugar & Jaggery,Basmati Rice,Milk"
349,"Root Vegetables,Bread,Gourd & Cucumber,Vermicelli,Other Dals,Beans,Sunflower Oils,Agarbatti"
350,"Other Dals,Moong Dal,Other Dals,Sooji & Rava,Other Dals,Other Dals,Raw Rice,Moong Dal,Sugar,Besan,Namkeen,Avalakki / Poha,Phenyles & Acids,Basmati Rice,Cashews,Namkeen,Toor Dal,Namkeen"
351,"Other Vegetables,Root Vegetables,Gourd & Cucumber,Namkeen,Namkeen,Namkeen,Agarbatti,Snacky Nuts,Namkeen,Other Pooja Needs"
352,"Bread,Beans,Toor Dal,Cooking Paste,Organic Flours,Sugar,Urad Dal,Other Dals,Other Dals,Brinjals"
353,"Bread,Other Vegetables,Brinjals,Gourd & Cucumber,Whole Spices,Other Dals,Other Dals,Sooji & Rava,Other Dals,Toor Dal,Maida,Exotic Vegetables"
354,"Other Vegetables,Root Vegetables,Other Dals,Raw Peanuts,Namkeen,Moong Dal,Maida,Besan,Urad Dal,Jaggery,Regular Pasta,Whole Spices"
355,"Other Vegetables,Banana,Beans,Cream Biscuits,Cream Biscuits,Cooking Paste,Curd,Other Dals,Yogurt & Lassi"
356,"Root Vegetables,Brinjals,Beans,Banana,Gourd & Cucumber,Whole Spices,Moong Dal,Other Dals,Other Dals,Whole Spices,Gourd & Cucumber,Other Dals,Urad Dal,Sugar,Sunflower Oils,Other Oils,Other Dals,Whole Spices,Other Rice Products"
357,"Bread,Other Vegetables,Root Vegetables,Beans,Brinjals,Brinjals,Other Vegetables,Root Vegetables,Whole Spices,Whole Spices,Aluminium Foil & Cling Wrap,Urad Dal,Namkeen,Boiled Rice,Organic Masalas & Spices,Raw Rice"
358,"Namkeen,Brinjals,Other Vegetables,Namkeen,Cream Biscuits,Namkeen,Other Dals,Other Dals"
359,"Root Vegetables,Other Vegetables,Gourd & Cucumber,Moong Dal,Other Dals,Sugar,Urad Dal,Gourd & Cucumber,Urad Dal,Brinjals,Organic F&V"
360,"Other Vegetables,Gourd & Cucumber,Moong Dal,Other Dals,Namkeen,Gourd & Cucumber,Namkeen,Besan,Organic F&V,Organic F&V,Organic F&V,Organic F&V"
361,"Raw Peanuts,Rice Flour,Whole Spices,Jaggery,Urad Dal,Sunflower Oils,Ghee,Other Dry Fruits,Whole Spices,Whole Spices,Whole Spices,Other Pooja Needs,Whole Spices,Whole Spices"
362,"Other Vegetables,Beans,Brinjals,Banana,Beans,Sunflower Oils,Toor Dal,Curd"
363,"Sunflower Oils,Besan,Maida,Sugar,Cakes,Cakes,Raisins,Cashews,Almonds,Raisins,Agarbatti,Other Flours"
364,"Organic F&V,Organic F&V,Organic F&V,Organic F&V,Organic F&V,Organic F&V,Organic F&V,Organic F&V"
365,"Other Vegetables,Other Vegetables,Root Vegetables,Beans,Sooji & Rava,Sooji & Rava,Other Rice Products,Sugar,Avalakki / Poha,Other Oils"
366,"Other Vegetables,Gourd & Cucumber,Toor Dal,Moong Dal,Namkeen,Health Drinks,Other Dals,Other Dals"
367,"Root Vegetables,Brinjals,Root Vegetables,Banana,Beans,Beans,Sugar,Brinjals"
368,"Other Dals,Other Dals,Sooji & Rava,Other Dals,Toor Dal,Sunflower Oils,Maida,Cream Biscuits"
369,"Other Vegetables,Gourd & Cucumber,Other Dals,Toor Dal,Other Dals,Moong Dal,Other Dals,Moong Dal"
370,"Other Vegetables,Other Vegetables,Beans,Gourd & Cucumber,Beans,Moong Dal,Other Dals,Sugar"
371,"Other Vegetables,Sunflower Oils,Root Vegetables,Bread,Beans,Other Vegetables,Root Vegetables,Beans,Brinjals,Toor Dal,Boiled Rice,Sugar,Urad Dal,Ground Coffee,Raw Rice,Other Dry Fruits,Almonds"
372,"Root Vegetables,Bread,Toothpaste,Brinjals,Vermicelli,Sunflower Oils,Sooji & Rava,Sugar,Sooji & Rava,Phenyles & Acids,Raisins,Boiled Rice,Cashews,Agarbatti,Chilli & Soya Sauces,Liquid Soaps & Bars,Whole Spices,Whole Spices"
373,"Root Vegetables,Other Vegetables,Banana,Beans,Beans,Liquid Detergent,Shaving Blade & Razors,Organic F&V,Organic F&V"
374,"Exotic Vegetables,Root Vegetables,Beans,Urad Dal,Gourd & Cucumber,Organic F&V,Organic F&V,Organic F&V,Organic F&V,Organic F&V"
375,"Beans,Other Vegetables,Organic Dals & Pulses,Organic Salt,Sugar & Jaggery,Yogurt & Lassi,Yogurt & Lassi,Yogurt & Lassi,Organic F&V,Organic F&V,Organic F&V,Organic F&V,Whole Spices,Toothpaste,Milk"
376,"Root Vegetables,Beans,Other Dals,Raw Peanuts,Toor Dal,Besan,Avalakki / Poha,Yogurt & Lassi"
377,"Other Dals,Other Dals,Whole Spices,Raw Rice,Other Dals,Other Dals,Organic F&V,Organic F&V,Toor Dal"
378,"Sooji & Rava,Sunflower Oils,Cream Biscuits,Boiled Rice,Organic F&V,Health Drinks,Toor Dal,Health Drinks,Other Sweets"
379,"Other Dals,Whole Spices,Sugar,Urad Dal,Besan,Raw Rice,Whole Spices,Cooking Paste,Cooking Paste,Chilli & Soya Sauces,Other Dals,Whole Spices"
380,"Other Vegetables,Beans,Whole Spices,Cooking Paste,Toor Dal,Whole Spices,Raw Rice,Sugar,Raw Rice,Brinjals,Other Dals"
381,"Whole Spices,Moong Dal,Urad Dal,Whole Spices,Urad Dal,Toor Dal,Whole Spices,Whole Spices"
382,"Beans,Other Vegetables,Root Vegetables,Beans,Brinjals,Other Vegetables,Root Vegetables,Beans,Gourd & Cucumber,Brinjals,Organic F&V"
383,"Root Vegetables,Brinjals,Banana,Other Dals,Besan,Namkeen,Raisins,Other Dry Fruits"
384,"Other Vegetables,Moong Dal,Toor Dal,Moong Dal,Moong Dal,Cooking Paste,Shoe Polish,Namkeen,Other Dals,Namkeen,Besan"
385,"Beans,Brinjals,Root Vegetables,Gourd & Cucumber,Gourd & Cucumber,Urad Dal,Ghee,Other Dry Fruits,Toilet Cleaners"
386,"Ground Coffee,Moong Dal,Toor Dal,Sooji & Rava,Shoe Polish,Urad Dal,Sunflower Oils,Sugar,Namkeen,Cakes,Cakes,Namkeen,Raw Rice,Other Sweets"
387,"Bread,Other Vegetables,Root Vegetables,Beans,Beans,Beans,Brinjals,Raw Peanuts,Banana,Sooji & Rava,Organic Rice & Rice Products,Boiled Rice,Sunflower Oils,Sunflower Oils,Almonds,Organic F&V,Whole Spices"
388,"Namkeen,Namkeen,Namkeen,Namkeen,Namkeen,Namkeen,Snacky Nuts,Namkeen,Healthy Snacks"
389,"Bread,Root Vegetables,Sooji & Rava,Organic Dals & Pulses,Organic Dals & Pulses,Organic Dals & Pulses,Namkeen,Organic Masalas & Spices,Raisins,Boiled Rice,Almonds,Cashews"
390,"Brinjals,Root Vegetables,Banana,Beans,Cooking Paste,Gourd & Cucumber,Sooji & Rava,Besan,Sooji & Rava,Organic F&V,Organic F&V"
391,"Brinjals,Gourd & Cucumber,Namkeen,Beans,Gourd & Cucumber,Brinjals,Sugar,Namkeen"
392,"Other Vegetables,Exotic Vegetables,Exotic Vegetables,Banana,Raw Peanuts,Beans,Sugar,Maida"
393,"Whole Spices,Boiled Rice,Other Dals,Urad Dal,Other Dals,Organic Masalas & Spices,Other Dals,Whole Spices"
394,"Moong Dal,Moong Dal,Maida,Other Rice Products,Raisins,Cashews,Liquid Soaps & Bars,Whole Spices,Toothpaste"
395,"Exotic Vegetables,Exotic Vegetables,Namkeen,Other Vegetables,Gourd & Cucumber,Namkeen,Other Dry Fruits,Organic F&V,Organic F&V,Organic F&V,Cooking Sauce"
396,"Beans,Other Vegetables,Brinjals,Root Vegetables,Exotic Vegetables,Exotic Vegetables,Banana,Boiled Rice,Honey,Cooking Sauce"
397,"Beans,Other Vegetables,Other Vegetables,Root Vegetables,Exotic Vegetables,Banana,Bread,Cream Biscuits,Raisins,Cashews,Yogurt & Lassi,Healthy Snacks,Exotic Vegetables,Ice Creams & Desserts"
398,"Other Vegetables,Other Vegetables,Gourd & Cucumber,Sugar,Urad Dal,Other Dals,Brinjals,Toor Dal,Liquid Soaps & Bars,Other Dals"
399,"Whole Spices,Moong Dal,Sooji & Rava,Sooji & Rava,Urad Dal,Glucose, Marie & Milk Biscuits,Urad Dal,Whole Spices,Other Oils,Cream Biscuits,Phenyles & Acids,Glucose, Marie & Milk Biscuits,Toor Dal,Whole Spices,Whole Spices,Whole Spices"
400,"Other Vegetables,Beans,Gourd & Cucumber,Gourd & Cucumber,Moong Dal,Namkeen,Organic F&V,Organic F&V"
401,"Other Dals,Whole Spices,Whole Spices,Whole Spices,Avalakki / Poha,Raw Peanuts,Urad Dal,Whole Spices,Sooji & Rava,Organic Dals & Pulses,Sooji & Rava,Maida,Other Rice Products,Other Dals,Organic Masalas & Spices,Jaggery,Other Oils,Avalakki / Poha,Almonds,Other Dry Fruits,Raisins,Cashews,Other Dals,Whole Spices,Whole Spices,Toor Dal,Whole Spices,Whole Spices"
402,"Avalakki / Poha,Moong Dal,Raw Rice,Raw Rice,Sugar,Whole Spices,Organic Dals & Pulses,Maida,Urad Dal,Sunflower Oils,Toor Dal,Whole Spices,Besan,Other Dals"
403,"Beans,Gourd & Cucumber,Moong Dal,Whole Spices,Sunflower Oils,Moong Dal,Sugar,Cooking Sauce"
404,"Other Vegetables,Whole Spices,Whole Spices,Avalakki / Poha,Sunflower Oils,Sooji & Rava,Raw Rice,Raw Rice,Health Drinks,Urad Dal,Jaggery,Avalakki / Poha,Whole Spices,Whole Spices"
405,"Raw Rice,Toor Dal,Ghee,Urad Dal,Sugar,Raw Rice,Raisins,Basmati Rice,Cashews,Raisins,Whole Spices,Other Dals"
406,"Root Vegetables,Namkeen,Raw Peanuts,Beans,Namkeen,Sooji & Rava,Sooji & Rava,Rice Flour,Other Dals,Jaggery,Namkeen,Other Dals"
407,"Other Vegetables,Root Vegetables,Whole Spices,Vermicelli,Whole Spices,Sooji & Rava,Sunflower Oils,Raw Rice,Sugar,Ground Coffee,Brinjals,Other Dals,Liquid Soaps & Bars,Toor Dal,Other Dals,Whole Spices"
408,"Exotic Vegetables,Gourd & Cucumber,Toor Dal,Sugar,Gourd & Cucumber,Raw Rice,Sooji & Rava,Urad Dal,Root Vegetables,Basmati Rice,Namkeen,Other Rice Products"
409,"Brinjals,Beans,Gourd & Cucumber,Whole Spices,Bread,Moong Dal,Urad Dal,Almonds,Whole Spices,Whole Spices,Moong Dal"
410,"Whole Spices,Liquid Soaps & Bars,Organic Masalas & Spices,Sugar,Jaggery,Urad Dal,Health Drinks,Ghee,Avalakki / Poha,Raw Rice,Almonds,Honey,Whole Spices"
411,"Root Vegetables,Banana,Root Vegetables,Organic Dals & Pulses,Toothpaste,Organic F&V,Organic F&V,Organic F&V"
412,"Other Vegetables,Brinjals,Banana,Beans,Toor Dal,Mosquito Repellent,Organic F&V,Curd,Other Rice Products"
413,"Other Vegetables,Root Vegetables,Moong Dal,Avalakki / Poha,Beans,Toor Dal,Raw Rice,Sugar,Cooking Sauce"
414,"Other Vegetables,Beans,Toor Dal,Brinjals,Boiled Rice,Sugar,Ghee,Raw Rice,Mango Juices,Sunflower Oils"
415,"Ground Coffee,Whole Spices,Whole Spices,Whole Spices,Avalakki / Poha,Raw Peanuts,Moong Dal,Banana,Urad Dal,Rice Flour,Other Dals,Jaggery,Other Dals,Whole Spices"
416,"Other Vegetables,Brinjals,Other Vegetables,Root Vegetables,Cooking Paste,Whole Spices,Toor Dal,Organic Dals & Pulses,Raw Rice,Honey,Chilli & Soya Sauces"
417,"Root Vegetables,Namkeen,Sugar,Avalakki / Poha,Other Dry Fruits,Cashews,Organic F&V,Organic F&V,Whole Spices,Sugar Cubes"
418,"Beans,Gourd & Cucumber,Other Dals,Raw Peanuts,Whole Spices,Moong Dal,Other Dals,Moong Dal,Beans,Other Dals,Organic Rice & Rice Products,Other Dals,Brinjals,Namkeen,Organic Rice & Rice Products,Other Dals,Besan"
419,"Root Vegetables,Banana,Whole Spices,Avalakki / Poha,Moong Dal,Sooji & Rava,Avalakki / Poha,Organic F&V,Organic F&V,Whole Spices"
420,"Root Vegetables,Root Vegetables,Beans,Gourd & Cucumber,Toor Dal,Gourd & Cucumber,Honey,Other Dals"
421,"Root Vegetables,Banana,Gourd & Cucumber,Exotic Vegetables,Shoe Polish,Liquid Soaps & Bars,Cakes,Organic F&V,Shoe Polish"
422,"Whole Spices,Moong Dal,Toor Dal,Raw Peanuts,Other Dals,Urad Dal,Sooji & Rava,Sugar,Whole Spices,Whole Spices,Whole Spices,Whole Spices"
423,"Ground Coffee,Other Vegetables,Beans,Whole Spices,Avalakki / Poha,Gourd & Cucumber,Sooji & Rava,Jaggery,Urad Dal,Sugar,Cooking Paste,Toor Dal,Whole Spices,Moong Dal"
424,"Root Vegetables,Brinjals,Beans,Moong Dal,Moong Dal,Whole Spices,Whole Spices,Raw Peanuts,Raw Rice,Other Dals,Urad Dal,Sugar,Whole Spices,Maida,Sooji & Rava,Sooji & Rava,Other Rice Products,Urad Dal,Rice Flour,Sooji & Rava,Ghee,Other Flours,Avalakki / Poha,Root Vegetables,Raisins,Cashews,Toor Dal,Other Dals,Whole Spices,Whole Spices"
425,"Beans,Moong Dal,Avalakki / Poha,Raw Peanuts,Urad Dal,Sugar,Sooji & Rava,Rice Flour,Other Dals,Jaggery,Avalakki / Poha,Health Drinks,Toor Dal"
426,"Whole Spices,Whole Spices,Whole Spices,Sugar,Jaggery,Avalakki / Poha,Cashews,Raw Rice"
427,"Beans,Other Dals,Organic Rice & Rice Products,Maida,Namkeen,Other Dals,Toor Dal,Besan"
428,"Gourd & Cucumber,Beans,Whole Spices,Other Dals,Moong Dal,Health Drinks,Whole Spices,Besan"
429,"Brinjals,Beans,Gourd & Cucumber,Sooji & Rava,Namkeen,Namkeen,Gourd & Cucumber,Ghee,Namkeen,Namkeen"
430,"Other Vegetables,Root Vegetables,Brinjals,Namkeen,Urad Dal,Brinjals,Cooking Paste,Almonds"
431,"Whole Spices,Other Dals,Sugar,Other Dals,Raisins,Namkeen,Cashews,Shaving Cream, Foam & Gels,Mosquito Repellent,Basmati Rice,Namkeen,Whole Spices"
432,"Raw Peanuts,Whole Spices,Whole Spices,Whole Spices,Moong Dal,Whole Spices,Sooji & Rava,Other Dals,Sugar,Sooji & Rava,Sooji & Rava,Besan,Sunflower Oils,Jaggery,Avalakki / Poha,Ghee,Phenyles & Acids,Raisins,Urad Dal,Cashews,Toor Dal,Whole Spices,Whole Spices,Whole Spices"
433,"Other Vegetables,Root Vegetables,Beans,Brinjals,Namkeen,Namkeen,Namkeen,Namkeen"
434,"Other Vegetables,Root Vegetables,Root Vegetables,Banana,Bread,Beans,Sugar,Ready Mix,Namkeen,Organic F&V"
435,"Other Dals,Raw Peanuts,Whole Spices,Moong Dal,Moong Dal,Toor Dal,Sunflower Oils,Hand Wash,Mustard Oils,Whole Spices"
436,"Toor Dal,Maida,Raw Rice,Sugar,Buns & Pavs,Snacky Nuts,Organic F&V,Basmati Rice"
437,"Brinjals,Other Vegetables,Raw Peanuts,Moong Dal,Whole Spices,Sugar,Whole Spices,Whole Spices,Sunflower Oils,Toor Dal,Hand Wash,Whole Spices,Whole Spices,Whole Spices,Whole Spices,Toilet Cleaners"
438,"Beans,Gourd & Cucumber,Other Dals,Urad Dal,Brinjals,Liquid Detergent,Organic F&V,Organic F&V,Other Dals"
439,"Root Vegetables,Brinjals,Other Vegetables,Other Vegetables,Root Vegetables,Beans,Gourd & Cucumber,Gourd & Cucumber,Snacky Nuts,Namkeen,Namkeen,Namkeen,Namkeen"
440,"Whole Spices,Raw Rice,Other Dals,Organic Rice & Rice Products,Urad Dal,Other Dals,Boiled Rice,Liquid Soaps & Bars,Besan"
441,"Namkeen,Namkeen,Namkeen,Namkeen,Namkeen,Namkeen,Cream Biscuits,Namkeen"
442,"Other Vegetables,Avalakki / Poha,Sugar,Sooji & Rava,Urad Dal,Gourd & Cucumber,Other Rice Products,Toor Dal"
443,"Bread,Sooji & Rava,Organic F&V,Organic F&V,Organic F&V,Organic F&V,Snacky Nuts,Namkeen,Organic F&V"
444,"Root Vegetables,Raw Peanuts,Whole Spices,Sooji & Rava,Sooji & Rava,Jaggery,Organic Masalas & Spices,Cream Biscuits,Organic Salt,Sugar & Jaggery,Other Dals,Organic Masalas & Spices,Milk"
445,"Root Vegetables,Other Vegetables,Root Vegetables,Beans,Banana,Gourd & Cucumber,Beans,Organic F&V,Organic F&V"
446,"Other Vegetables,Beans,Gourd & Cucumber,Bread,Beans,Shoe Polish,Banana,Whole Spices,Avalakki / Poha,Vermicelli,Cooking Paste"
447,"Other Vegetables,Other Vegetables,Beans,Banana,Beans,Gourd & Cucumber,Beans,Moong Dal,Other Dals,Gourd & Cucumber,Toor Dal,Sugar,Other Dals"
448,"Moong Dal,Cooking Paste,Whole Spices,Toor Dal,Avalakki / Poha,Other Dals,Moong Dal,Raw Rice,Sugar,Organic Dals & Pulses,Besan,Ghee,Maida,Urad Dal,Sunflower Oils,Other Flours,Cooking Paste,Cooking Paste,Toor Dal"
449,"Other Vegetables,Root Vegetables,Sooji & Rava,Besan,Other Flours,Namkeen,Glucose, Marie & Milk Biscuits,Namkeen"
450,"Bread,Brinjals,Namkeen,Jaggery,Avalakki / Poha,Organic F&V,Organic F&V,Regular Pasta"
451,"Root Vegetables,Beans,Bread,Instant Pastas,Avalakki / Poha,Other Flours,Hair Colors & Dyes,Boiled Rice,Yogurt & Lassi,Yogurt & Lassi,Whole Spices"
452,"Whole Spices,Sunflower Oils,Urad Dal,Sanitary Pads,Avalakki / Poha,Ready Baking Mixes,Raisins,Cream Biscuits"
453,"Raw Peanuts,Toor Dal,Moong Dal,Namkeen,Namkeen,Basmati Rice,Cashews,Raisins,Other Dals,Almonds"
454,"Other Vegetables,Root Vegetables,Raw Peanuts,Avalakki / Poha,Beans,Sugar,Other Dals,Health Drinks,Health Drinks,Organic F&V,Organic F&V"
455,"Raw Rice,Sugar,Sunflower Oils,Mosquito Repellent,Whole Spices,Sunflower Oils,Health Drinks,Cashews,Almonds,Urad Dal,Glucose, Marie & Milk Biscuits"
456,"Other Vegetables,Other Vegetables,Beans,Whole Spices,Toor Dal,Brinjals,Boiled Rice,Sugar,Ghee,Urad Dal,Raw Rice,Whole Spices,Sunflower Oils"
457,"Moong Dal,Moong Dal,Raw Rice,Raw Rice,Other Dals,Sugar,Cream Biscuits,Whole Spices,Whole Spices,Wafers,Glucose, Marie & Milk Biscuits,Toor Dal"
458,"Other Vegetables,Root Vegetables,Banana,Raw Peanuts,Beans,Sooji & Rava,Basmati Rice,Raw Rice"
459,"Ground Coffee,Toor Dal,Sugar,Cakes,Cakes,Namkeen,Yogurt & Lassi,Namkeen,Raw Rice"
460,"Ground Coffee,Brinjals,Other Dals,Other Dals,Sooji & Rava,Rice Flour,Other Dals,Other Dals,Other Dals,Other Dry Fruits,Cashews,Almonds,Other Dals,Raw Rice"
461,"Other Vegetables,Brinjals,Brinjals,Banana,Raw Peanuts,Sugar,Gourd & Cucumber,Other Dals,Sunflower Oils,Ghee"
462,"Moong Dal,Cakes,Almonds,Other Dry Fruits,Raisins,Almonds,Cashews,Whole Spices"
463,"Other Vegetables,Root Vegetables,Beans,Beans,Jaggery,Other Oils,Cashews,Organic F&V"
464,"Raw Peanuts,Whole Spices,Whole Spices,Toor Dal,Moong Dal,Sugar,Raw Rice,Boiled Rice,Jaggery,Other Dals,Urad Dal"
465,"Root Vegetables,Root Vegetables,Vermicelli,Maida,Jaggery,Sugar,Almonds,Sunflower Oils"
466,"Bread,Namkeen,Avalakki / Poha,Sooji & Rava,Other Dals,Raw Rice,Namkeen,Organic F&V,Besan"
467,"Other Vegetables,Brinjals,Other Vegetables,Root Vegetables,Beans,Beans,Raw Rice,Sugar,Brinjals"
468,"Ground Coffee,Brinjals,Other Vegetables,Whole Spices,Gourd & Cucumber,Ghee,Boiled Rice,Whole Spices"
469,"Whole Spices,Moong Dal,Moong Dal,Whole Spices,Avalakki / Poha,Raw Rice,Sooji & Rava,Urad Dal,Raisins,Almonds,Body Wash,Agarbatti,Besan"
470,"Root Vegetables,Banana,Organic F&V,Organic F&V,Organic F&V,Whole Spices,Packaged Drinking Water,Toor Dal"
471,"Root Vegetables,Other Vegetables,Gourd & Cucumber,Raw Peanuts,Health Drinks,Other Dals,Sooji & Rava,Snacky Nuts,Glucose, Marie & Milk Biscuits,Cream Biscuits,Namkeen,Whole Spices,Powdered Spices"
472,"Bread,Other Vegetables,Toor Dal,Other Dals,Moong Dal,Gourd & Cucumber,Other Dals,Raisins,Other Dry Fruits,Almonds,Cashews"
473,"Beans,Other Vegetables,Root Vegetables,Raw Peanuts,Moong Dal,Toor Dal,Sooji & Rava,Moong Dal,Other Dals,Sugar,Whole Spices,Organic Dals & Pulses,Urad Dal,Jaggery,Brinjals,Basmati Rice,Almonds,Raisins"
474,"Brinjals,Root Vegetables,Banana,Maida,Sugar,Diapers & Wipes,Organic F&V,Organic F&V,Organic F&V,Agarbatti"
475,"Other Vegetables,Banana,Raw Peanuts,Whole Spices,Avalakki / Poha,Cashews,Whole Spices,Sunflower Oils,Other Rice Products,Namkeen,Raisins,Organic F&V,Namkeen,Organic F&V"
476,"Other Vegetables,Urad Dal,Boiled Rice,Raw Rice,Organic F&V,Organic F&V,Whole Spices,Other Dry Fruits"
477,"Moong Dal,Raw Rice,Sugar,Besan,Sugar,Mosquito Repellent,Mango Juices,Namkeen"
478,"Raw Peanuts,Avalakki / Poha,Raw Rice,Besan,Organic Masalas & Spices,Avalakki / Poha,Cooking Paste,Almonds,Other Dry Fruits,Whole Spices"
479,"Toothpaste,Raw Peanuts,Whole Spices,Avalakki / Poha,Namkeen,Liquid Soaps & Bars,Sooji & Rava,Besan,Instant Noodles,Cashews,Namkeen,Other Rice Products"
480,"Bread,Raw Peanuts,Moong Dal,Toor Dal,Sugar,Urad Dal,Besan,Other Dals,Sooji & Rava,Sunflower Oils,Boiled Rice,Whole Spices"
481,"Moong Dal,Toor Dal,Raw Rice,Ghee,Urad Dal,Sugar,Liquid Detergent,Raisins,Shaving Cream, Foam & Gels,Health Drinks"
482,"Beans,Organic Dals & Pulses,Organic Dals & Pulses,Buns & Pavs,Glucose, Marie & Milk Biscuits,Organic F&V,Organic F&V,Organic F&V,Organic F&V,Organic F&V,Organic F&V,Organic F&V,Toothpaste"
483,"Other Vegetables,Sunflower Oils,Root Vegetables,Beans,Root Vegetables,Avalakki / Poha,Raw Rice,Banana,Urad Dal"
484,"Root Vegetables,Maida,Namkeen,Namkeen,Organic F&V,Organic F&V,Organic F&V,Organic F&V,Organic F&V,Organic F&V,Organic F&V,Healthy Snacks,Besan"
485,"Raw Peanuts,Whole Spices,Moong Dal,Avalakki / Poha,Sooji & Rava,Other Dals,Urad Dal,Sugar,Sooji & Rava,Sooji & Rava,Jaggery,Besan,Sunflower Oils,Shaving Blade & Razors,Avalakki / Poha,Health Drinks,Toor Dal"
486,"Brinjals,Gourd & Cucumber,Gourd & Cucumber,Organic Rice & Rice Products,Almonds,Namkeen,Organic F&V,Organic F&V,Organic F&V,Organic F&V"
487,"Whole Spices,Sugar,Sugar,Boiled Rice,Avalakki / Poha,Ghee,Cashews,Toor Dal"
488,"Other Vegetables,Moong Dal,Other Dals,Whole Spices,Other Dals,Sunflower Oils,Sugar,Toor Dal,Raw Rice,Liquid Detergent"
489,"Other Vegetables,Beans,Gourd & Cucumber,Gourd & Cucumber,Brinjals,Other Dry Fruits,Other Dry Fruits,Basmati Rice"
490,"Other Dals,Moong Dal,Other Dals,Whole Spices,Urad Dal,Maida,Other Dals,Ghee,Raw Rice,Mosquito Repellent,Namkeen,Phenyles & Acids"
491,"Other Vegetables,Namkeen,Moong Dal,Other Dals,Gourd & Cucumber,Namkeen,Organic F&V,Organic F&V,Organic F&V,Organic F&V"
492,"Ground Coffee,Root Vegetables,Other Vegetables,Other Vegetables,Root Vegetables,Jaggery,Mosquito Repellent,Almonds,Organic F&V,Organic F&V,Namkeen,Whole Spices"
493,"Root Vegetables,Root Vegetables,Toor Dal,Raw Rice,Boiled Rice,Organic Dals & Pulses,Sanitary Pads,Organic F&V,Organic F&V"
494,"Raw Peanuts,Other Dals,Sugar,Besan,Other Dals,Namkeen,Whole Spices,Avalakki / Poha,Raisins,Cashews,Basmati Rice,Namkeen,Whole Spices"
495,"Other Vegetables,Root Vegetables,Exotic Vegetables,Whole Spices,Namkeen,Urad Dal,Namkeen,Namkeen,Cream Biscuits,Chilli & Soya Sauces,Other Sauces,Chinese Noodles,Other Dals,Other Dals"
496,"Moong Dal,Sooji & Rava,Toor Dal,Urad Dal,Ground Coffee,Sunflower Oils,Regular Pasta,Whole Spices"
497,"Other Vegetables,Root Vegetables,Banana,Gourd & Cucumber,Brinjals,Sugar,Sunflower Oils,Cashews"
498,"Raw Peanuts,Moong Dal,Whole Spices,Whole Spices,Raw Rice,Sooji & Rava,Other Rice Products,Urad Dal,Sugar,Besan,Maida,Jaggery,Other Flours,Ground Coffee,Avalakki / Poha,Whole Spices,Sooji & Rava,Avalakki / Poha,Ghee,Cashews,Whole Spices"
499,"Moong Dal,Other Dals,Whole Spices,Whole Spices,Urad Dal,Maida,Organic Masalas & Spices,Snacky Nuts,Honey,Other Dals,Other Dals"
500,"Whole Spices,Moong Dal,Other Dals,Other Dals,Sugar,Mosquito Repellent,Namkeen,Other Oils,Other Dry Fruits,Almonds,Raisins,Glucose, Marie & Milk Biscuits,Namkeen,Other Dals"
501,"Root Vegetables,Other Vegetables,Root Vegetables,Gourd & Cucumber,Beans,Raw Peanuts,Moong Dal,Other Dals,Other Dals,Toor Dal,Urad Dal,Gourd & Cucumber,Mango Juices"
502,"Other Vegetables,Exotic Vegetables,Whole Spices,Organic Masalas & Spices,Curd,Organic F&V,Organic F&V,Organic F&V,Organic F&V,Whole Spices"
503,"Other Vegetables,Root Vegetables,Root Vegetables,Toor Dal,Sooji & Rava,Urad Dal,Boiled Rice,Besan,Sunflower Oils,Sugar,Other Flours,Other Dals,Almonds,Other Dals,Other Dals,Other Dals,Other Dry Fruits,Other Dals"
504,"Other Vegetables,Brinjals,Other Vegetables,Other Dals,Other Dals,Beans,Sugar,Other Dals,Cakes,Cakes,Ghee"
505,"Banana,Sooji & Rava,Sunflower Oils,Raw Rice,Sugar,Urad Dal,Raisins,Liquid Soaps & Bars"
506,"Other Vegetables,Ground Coffee,Other Vegetables,Root Vegetables,Beans,Beans,Gourd & Cucumber,Whole Spices,Toor Dal,Organic Dals & Pulses,Urad Dal,Toothpaste,Other Dals,Other Dry Fruits,Honey,Whole Spices,Whole Spices,Whole Spices"
507,"Other Vegetables,Other Vegetables,Banana,Other Dals,Other Dals,Other Dals,Moong Dal,Urad Dal,Sugar,Urad Dal,Other Dals,Urad Dal,Mustard Oils,Other Dals"
508,"Whole Spices,Moong Dal,Cooking Paste,Toor Dal,Raw Peanuts,Beans,Urad Dal,Sugar,Maida,Sooji & Rava,Other Rice Products,Rice Flour,Ghee,Jaggery,Almonds,Other Dry Fruits,Raisins,Raw Rice,Other Dals,Other Dals,Whole Spices,Whole Spices,Whole Spices"
509,"Moong Dal,Moong Dal,Other Dals,Maida,Moong Dal,Raw Rice,Urad Dal,Besan,Basmati Rice"
510,"Other Vegetables,Brinjals,Other Vegetables,Whole Spices,Avalakki / Poha,Toor Dal,Raw Rice,Organic F&V,Organic F&V,Whole Spices,Other Dals,Other Rice Products"
511,"Toothpaste,Whole Spices,Whole Spices,Raw Peanuts,Moong Dal,Jaggery,Urad Dal,Sugar,Maida,Cashews,Glucose, Marie & Milk Biscuits,Toor Dal,Whole Spices,Other Dry Fruits,Whole Spices,Whole Spices,Whole Spices,Besan"
512,"Other Vegetables,Root Vegetables,Whole Spices,Health Drinks,Ghee,Raw Rice,Agarbatti,Whole Spices"
513,"Toothpaste,Raw Peanuts,Whole Spices,Sooji & Rava,Sugar,Besan,Ghee,Avalakki / Poha,Chilli & Soya Sauces,Toor Dal"
514,"Exotic Vegetables,Root Vegetables,Almonds,Yogurt & Lassi,Yogurt & Lassi,Whole Spices,Whole Spices,Yogurt & Lassi"
515,"Urad Dal,Maida,Boiled Rice,Besan,Sunflower Oils,Sugar,Sunflower Oils,Organic F&V,Health Drinks,Toor Dal"
516,"Brinjals,Root Vegetables,Beans,Shoe Polish,Other Dals,Toor Dal,Raisins,Other Dry Fruits,Almonds,Cooking Sauce,Organic F&V,Organic F&V,Organic F&V,Other Dals"
517,"Ground Coffee,Moong Dal,Urad Dal,Whole Spices,Rice Flour,Sunflower Oils,Jaggery,Sugar,Whole Spices,Toor Dal,Whole Spices"
518,"Other Vegetables,Banana,Cream Biscuits,Cream Biscuits,Yogurt & Lassi,Yogurt & Lassi,Yogurt & Lassi,Milk"
519,"Other Vegetables,Other Vegetables,Root Vegetables,Beans,Brinjals,Moong Dal,Other Flours,Jaggery,Organic F&V,Other Flours"
520,"Exotic Vegetables,Exotic Vegetables,Other Vegetables,Brinjals,Whole Spices,Moong Dal,Sunflower Oils,Jaggery,Urad Dal,Rice Flour,Brinjals,Whole Spices,Whole Spices,Whole Spices,Other Rice Products"
521,"Other Vegetables,Root Vegetables,Root Vegetables,Beans,Beans,Bread,Butter & Cream,Organic F&V,Organic F&V,Organic F&V"
522,"Other Vegetables,Beans,Beans,Beans,Whole Spices,Whole Spices,Whole Spices,Avalakki / Poha,Raw Peanuts,Other Dals,Sugar,Gourd & Cucumber,Sooji & Rava,Sooji & Rava,Other Dals,Sooji & Rava,Urad Dal,Jaggery,Other Oils,Ghee,Root Vegetables,Cashews,Health Drinks,Toor Dal,Other Dals,Whole Spices,Whole Spices"
523,"Other Vegetables,Moong Dal,Toor Dal,Beans,Whole Spices,Urad Dal,Boiled Rice,Raisins,Cashews,Liquid Soaps & Bars,Whole Spices"
524,"Other Vegetables,Root Vegetables,Beans,Gourd & Cucumber,Whole Spices,Avalakki / Poha,Sooji & Rava,Sugar,Other Dals,Toor Dal,Buns & Pavs,Curd"
525,"Root Vegetables,Brinjals,Whole Spices,Moong Dal,Other Dals,Organic F&V,Organic F&V,Whole Spices"
526,"Exotic Vegetables,Exotic Vegetables,Banana,Organic F&V,Organic F&V,Organic F&V,Organic F&V,Organic F&V,Organic F&V,Organic F&V,Organic F&V"
527,"Other Vegetables,Root Vegetables,Other Vegetables,Root Vegetables,Beans,Banana,Brinjals,Organic F&V,Organic F&V"
528,"Other Dry Fruits,Other Dry Fruits,Health Drinks,Cashews,Raisins,Other Dry Fruits,Agarbatti,Whole Spices"
529,"Bread,Other Vegetables,Exotic Vegetables,Exotic Vegetables,Brinjals,Namkeen,Moong Dal,Namkeen,Namkeen,Cream Biscuits,Other Dry Fruits,Raisins,Cashews,Other Dals,Organic F&V,Namkeen,Health Supplements"
530,"Other Vegetables,Whole Spices,Whole Spices,Avalakki / Poha,Raw Peanuts,Sooji & Rava,Raw Rice,Gourd & Cucumber,Whole Spices,Other Rice Products"
531,"Raw Peanuts,Urad Dal,Sugar,Sooji & Rava,Sooji & Rava,Sooji & Rava,Jaggery,Toor Dal"
532,"Root Vegetables,Sugar,Cream Biscuits,Cooking Paste,Cooking Paste,Organic F&V,Organic F&V,Organic F&V,Organic F&V,Organic F&V,Organic F&V"
533,"Other Vegetables,Root Vegetables,Banana,Other Flours,Organic Salt,Sugar & Jaggery,Cooking Paste,Whole Spices,Boiled Rice,Organic Salt,Sugar & Jaggery,Honey,Whole Spices,Whole Spices,Besan"
534,"Other Vegetables,Root Vegetables,Banana,Beans,Gourd & Cucumber,Beans,Moong Dal,Gourd & Cucumber"
535,"Beans,Brinjals,Other Vegetables,Beans,Raw Peanuts,Moong Dal,Moong Dal,Other Dals,Bread,Gourd & Cucumber,Organic F&V"
536,"Other Vegetables,Other Vegetables,Beans,Moong Dal,Sooji & Rava,Gourd & Cucumber,Raw Rice,Sugar,Root Vegetables,Ghee,Almonds,Other Dry Fruits,Other Dry Fruits,Cashews"
537,"Gourd & Cucumber,Whole Spices,Whole Spices,Bread,Exotic Vegetables,Brinjals,Toor Dal,Whole Spices,Besan"
538,"Whole Spices,Vermicelli,Whole Spices,Raw Peanuts,Sooji & Rava,Sooji & Rava,Other Rice Products,Urad Dal,Besan,Other Dals,Jaggery,Other Flours,Raw Rice,Cashews,Mosquito Repellent,Toor Dal,Whole Spices,Whole Spices"
539,"Exotic Vegetables,Banana,Exotic Vegetables,Namkeen,Organic F&V,Organic F&V,Organic F&V,Namkeen"
540,"Other Vegetables,Banana,Toor Dal,Namkeen,Brinjals,Avalakki / Poha,Cooking Paste,Basmati Rice"
541,"Other Vegetables,Root Vegetables,Other Vegetables,Gourd & Cucumber,Raw Peanuts,Whole Spices,Whole Spices,Whole Spices,Moong Dal,Moong Dal,Raw Rice,Jaggery,Sugar,Other Dry Fruits,Other Dry Fruits,Namkeen,Basmati Rice,Whole Spices,Whole Spices,Toor Dal,Whole Spices,Besan,Other Rice Products,Other Dals"
542,"Whole Spices,Whole Spices,Avalakki / Poha,Raw Peanuts,Sugar,Sooji & Rava,Jaggery,Urad Dal,Sunflower Oils,Other Flours,Whole Spices,Toor Dal,Other Dals,Whole Spices"
543,"Toothpaste,Raw Peanuts,Toor Dal,Urad Dal,Sunflower Oils,Almonds,Health Drinks,Moong Dal"
544,"Other Vegetables,Brinjals,Root Vegetables,Other Dals,Whole Spices,Organic Rice & Rice Products,Moong Dal,Rice Flour,Maida,Sunflower Oils,Basmati Rice,Raw Rice,Agarbatti,Toor Dal,Other Dals,Whole Spices"
545,"Root Vegetables,Brinjals,Root Vegetables,Gourd & Cucumber,Beans,Toor Dal,Health Drinks,Whole Spices"
546,"Raw Peanuts,Moong Dal,Toor Dal,Avalakki / Poha,Sooji & Rava,Raw Rice,Other Rice Products,Sunflower Oils,Sugar,Jaggery"
547,"Root Vegetables,Brinjals,Other Vegetables,Root Vegetables,Beans,Gourd & Cucumber,Gourd & Cucumber,Brinjals"
548,"Banana,Other Dals,Namkeen,Organic F&V,Organic F&V,Organic F&V,Ghee,Organic F&V"
549,"Other Vegetables,Root Vegetables,Beans,Beans,Gourd & Cucumber,Organic F&V,Organic F&V,Organic F&V"
550,"Ground Coffee,Banana,Toor Dal,Moong Dal,Urad Dal,Rice Flour,Raw Rice,Ground Coffee,Whole Spices"
551,"Other Vegetables,Root Vegetables,Toothpaste,Beans,Raw Peanuts,Gourd & Cucumber,Other Dals,Other Dals,Organic F&V,Organic F&V,Other Dals"
552,"Sooji & Rava,Whole Spices,Toor Dal,Rice Flour,Raw Rice,Organic Dals & Pulses,Ghee,Sugar,Boiled Rice,Raisins,Health Drinks,Ground Coffee,Whole Spices"
553,"Other Vegetables,Beans,Other Vegetables,Gourd & Cucumber,Brinjals,Beans,Sooji & Rava,Urad Dal,Sugar,Jaggery,Ground Coffee,Glucose, Marie & Milk Biscuits"
554,"Toothpaste,Whole Spices,Whole Spices,Cooking Paste,Avalakki / Poha,Sooji & Rava,Other Dals,Sugar,Other Rice Products,Urad Dal,Rice Flour,Besan,Jaggery,Cream Biscuits,Avalakki / Poha,Other Dals,Whole Spices,Moong Dal"
555,"Beans,Vermicelli,Cooking Paste,Urad Dal,Sugar,Banana,Raw Rice,Raw Rice,Boiled Rice,Other Dals,Maida,Other Rice Products,Chilli & Soya Sauces,Basmati Rice,Cooking Paste,Namkeen"
556,"Other Vegetables,Root Vegetables,Beans,Beans,Gourd & Cucumber,Cream Biscuits,Organic F&V,Curd"
557,"Raw Peanuts,Whole Spices,Other Dals,Whole Spices,Avalakki / Poha,Moong Dal,Sugar,Sooji & Rava,Urad Dal,Rice Flour,Other Dals,Other Oils,Health Drinks,Other Dals,Glucose, Marie & Milk Biscuits,Toor Dal,Whole Spices"
558,"Root Vegetables,Brinjals,Root Vegetables,Gourd & Cucumber,Other Dals,Raw Peanuts,Moong Dal,Other Dals,Beans,Sooji & Rava,Namkeen,Avalakki / Poha,Namkeen"
559,"Moong Dal,Other Dals,Avalakki / Poha,Other Dals,Sooji & Rava,Other Dals,Other Dals,Sooji & Rava,Sooji & Rava,Besan,Sooji & Rava,Raisins,Cashews,Cashews,Almonds,Raw Rice,Other Dals,Other Rice Products,Other Rice Products"
560,"Exotic Vegetables,Organic F&V,Organic F&V,Organic F&V,Organic F&V,Organic F&V,Organic F&V,Organic F&V"
561,"Brinjals,Root Vegetables,Banana,Raw Peanuts,Moong Dal,Organic Dals & Pulses,Jaggery,Boiled Rice,Toor Dal"
562,"Brinjals,Whole Spices,Liquid Soaps & Bars,Other Dals,Sugar,Other Dals,Other Dals,Raisins,Raw Rice,Almonds,Health Drinks"
563,"Brinjals,Gourd & Cucumber,Organic Masalas & Spices,Beans,Organic Masalas & Spices,Gourd & Cucumber,Whole Spices,Maida,Organic Masalas & Spices,Organic Masalas & Spices,Whole Spices,Whole Spices,Whole Spices,Mustard Oils,Whole Spices,Whole Spices"
564,"Root Vegetables,Other Dals,Raw Peanuts,Moong Dal,Other Dals,Gourd & Cucumber,Jaggery,Cream Biscuits,Other Dals,Other Dry Fruits,Snacky Nuts,Namkeen,Other Dals,Other Dals,Whole Spices"
565,"Other Vegetables,Moong Dal,Moong Dal,Beans,Toor Dal,Organic F&V,Organic F&V,Other Dals"
566,"Other Vegetables,Ground Coffee,Brinjals,Other Vegetables,Beans,Gourd & Cucumber,Whole Spices,Banana,Snacky Nuts"
567,"Sunflower Oils,Exotic Vegetables,Other Dals,Raw Rice,Namkeen,Organic Rice & Rice Products,Almonds,Other Dry Fruits"
568,"Other Vegetables,Root Vegetables,Beans,Exotic Vegetables,Liquid Soaps & Bars,Other Flours,Organic Salt,Sugar & Jaggery,Other Dry Fruits,Organic F&V,Organic F&V,Organic F&V,Organic F&V,Organic F&V"
569,"Namkeen,Other Dals,Other Dals,Sugar,Snacky Nuts,Almonds,Other Dry Fruits,Namkeen"
570,"Whole Spices,Whole Spices,Avalakki / Poha,Raw Peanuts,Other Dals,Urad Dal,Sugar,Sooji & Rava,Jaggery,Other Flours,Whole Spices,Sunflower Oils,Other Dals,Whole Spices,Whole Spices"
571,"Beans,Other Vegetables,Root Vegetables,Other Vegetables,Root Vegetables,Other Oils,Other Dry Fruits,Cashews,Other Dry Fruits"
572,"Exotic Vegetables,Bread,Banana,Organic Dals & Pulses,Ready Baking Mixes,Organic F&V,Organic F&V,Organic F&V,Organic F&V,Organic F&V,Organic F&V"
573,"Sooji & Rava,Glucose, Marie & Milk Biscuits,Other Dry Fruits,Almonds,Raisins,Health Drinks,Liquid Soaps & Bars,Other Dals,Ghee,Besan"
574,"Whole Spices,Whole Spices,Avalakki / Poha,Sooji & Rava,Other Rice Products,Sugar,Vermicelli,Toor Dal"
575,"Bread,Health Drinks,Avalakki / Poha,Banana,Raw Rice,Health Drinks,Rice Flour,Instant Pastas,Urad Dal,Instant Pastas,Jaggery,Mosquito Repellent,Other Oils,Other Rice Products"
576,"Other Vegetables,Raw Peanuts,Whole Spices,Sooji & Rava,Sugar,Avalakki / Poha,Raw Rice,Yogurt & Lassi,Yogurt & Lassi,Cashews,Yogurt & Lassi,Whole Spices"
577,"Root Vegetables,Raw Peanuts,Urad Dal,Health Drinks,Besan,Sugar,Jaggery,Whole Spices,Almonds,Glucose, Marie & Milk Biscuits,Organic F&V"
578,"Root Vegetables,Beans,Gourd & Cucumber,Moong Dal,Urad Dal,Whole Spices,Whole Spices,Sooji & Rava,Brinjals,Jaggery,Urad Dal,Ghee,Sunflower Oils,Sugar,Other Dals,Toor Dal"
579,"Whole Spices,Moong Dal,Moong Dal,Whole Spices,Toor Dal,Raw Peanuts,Raw Rice,Urad Dal,Sugar,Maida,Sooji & Rava,Rice Flour,Sooji & Rava,Ghee,Sugar,Jaggery,Raisins,Other Rice Products"
580,"Other Vegetables,Root Vegetables,Whole Spices,Maida,Gourd & Cucumber,Brinjals,Organic F&V,Organic F&V,Whole Spices"
581,"Bread,Other Vegetables,Beans,Gourd & Cucumber,Brinjals,Cakes,Namkeen,Health Drinks"
582,"Other Dals,Whole Spices,Vermicelli,Whole Spices,Avalakki / Poha,Raw Peanuts,Other Dals,Sooji & Rava,Other Rice Products,Urad Dal,Maida,Jaggery,Sunflower Oils,Other Dals,Whole Spices,Whole Spices"
583,"Namkeen,Namkeen,Sugar,Namkeen,Instant Noodles,Organic F&V,Namkeen,Basmati Rice,Organic F&V"
584,"Other Vegetables,Root Vegetables,Beans,Sooji & Rava,Moong Dal,Gourd & Cucumber,Sugar,Sooji & Rava,Jaggery,Ghee"
585,"Beans,Root Vegetables,Root Vegetables,Beans,Avalakki / Poha,Sooji & Rava,Moong Dal,Rice Flour,Raw Rice,Maida,Sooji & Rava,Health Drinks,Other Flours,Cakes,Cakes,Namkeen,Yogurt & Lassi,Ground Coffee"
586,"Bread,Brinjals,Beans,Beans,Sooji & Rava,Whole Spices,Other Dals,Gourd & Cucumber,Rice Flour,Boiled Rice,Boiled Rice"
587,"Root Vegetables,Banana,Bread,Other Dals,Ghee,Toilet Cleaners,Organic F&V,Organic F&V,Organic F&V,Besan"
588,"Brinjals,Moong Dal,Toor Dal,Raw Peanuts,Liquid Soaps & Bars,Urad Dal,Boiled Rice,Sunflower Oils,Other Dry Fruits,Health Drinks"
589,"Root Vegetables,Beans,Brinjals,Whole Spices,Exotic Vegetables,Toor Dal,Other Dals,Raw Rice,Other Dals,Sugar,Brinjals,Cooking Paste,Other Dals,Toilet Cleaners,Besan,Namkeen"
590,"Other Vegetables,Gourd & Cucumber,Whole Spices,Namkeen,Buns & Pavs,Avalakki / Poha,Almonds,Face Wash,Other Dals"
591,"Beans,Other Vegetables,Root Vegetables,Beans,Gourd & Cucumber,Organic F&V,Organic F&V,Other Sweets"
592,"Sunflower Oils,Bread,Root Vegetables,Beans,Other Dals,Whole Spices,Vermicelli,Toor Dal,Sugar,Beans,Raw Rice,Other Dry Fruits,Almonds,Whole Spices,Whole Spices,Whole Spices,Whole Spices,Whole Spices"
593,"Sunflower Oils,Vermicelli,Namkeen,Moong Dal,Other Dals,Avalakki / Poha,Urad Dal,Namkeen,Sooji & Rava,Sugar,Namkeen,Curd,Toor Dal,Curd"
594,"Whole Spices,Sugar,Maida,Namkeen,Namkeen,Namkeen,Other Dals,Mustard Oils"
595,"Other Vegetables,Beans,Other Vegetables,Beans,Banana,Gourd & Cucumber,Brinjals,Beans,Beans"
596,"Vermicelli,Whole Spices,Whole Spices,Toor Dal,Moong Dal,Whole Spices,Sooji & Rava,Urad Dal,Sugar,Whole Spices,Boiled Rice,Whole Spices,Whole Spices"
597,"Other Vegetables,Moong Dal,Moong Dal,Other Dals,Beans,Aluminium Foil & Cling Wrap,Moong Dal,Other Dals,Other Dals,Wafers,Toffee & Candy,Organic F&V,Organic F&V,Organic F&V"
598,"Other Vegetables,Other Vegetables,Root Vegetables,Beans,Beans,Exotic Vegetables,Gourd & Cucumber,Beans"
599,"Root Vegetables,Exotic Vegetables,Beans,Moong Dal,Sugar,Jaggery,Cooking Sauce,Other Dals"
600,"Sunflower Oils,Raw Peanuts,Whole Spices,Jaggery,Health Drinks,Sooji & Rava,Other Dry Fruits,Basmati Rice"
601,"Moong Dal,Shoe Polish,Other Dals,Chilli & Soya Sauces,Urad Dal,Glucose, Marie & Milk Biscuits,Honey,Other Pooja Needs"
602,"Raw Peanuts,Moong Dal,Other Dals,Other Dals,Sunflower Oils,Maida,Wafers,Toothpaste"
603,"Other Vegetables,Root Vegetables,Brinjals,Root Vegetables,Beans,Bread,Butter & Cream,Avalakki / Poha,Organic F&V,Organic F&V"
604,"Beans,Other Vegetables,Root Vegetables,Other Vegetables,Root Vegetables,Beans,Gourd & Cucumber,Whole Spices,Urad Dal,Sugar,Banana,Boiled Rice,Other Rice Products,Raw Rice,Cream Biscuits,Cakes,Cakes,Curd"
605,"Other Vegetables,Brinjals,Root Vegetables,Toor Dal,Brinjals,Sugar,Sunflower Oils,Agarbatti"
606,"Other Vegetables,Namkeen,Namkeen,Instant Pastas,Namkeen,Cooking Paste,Ice Creams & Desserts,Wafers,Organic F&V,Organic F&V"
607,"Other Vegetables,Beans,Raw Peanuts,Whole Spices,Maida,Brinjals,Other Rice Products,Rice Flour,Sooji & Rava,Sugar,Instant Noodles,Cream Biscuits,Cooking Sauce"
608,"Root Vegetables,Other Vegetables,Banana,Vermicelli,Whole Spices,Other Dals,Other Dals,Toor Dal"
609,"Beans,Other Vegetables,Exotic Vegetables,Bread,Beans,Gourd & Cucumber,Urad Dal,Corn Snacks"
610,"Other Vegetables,Root Vegetables,Other Vegetables,Beans,Gourd & Cucumber,Sugar,Urad Dal,Other Dals,Organic F&V,Other Dals"
611,"Beans,Banana,Beans,Gourd & Cucumber,Beans,Gourd & Cucumber,Sugar,Organic F&V,Organic F&V,Organic F&V,Toor Dal"
612,"Whole Spices,Namkeen,Moong Dal,Raw Peanuts,Liquid Soaps & Bars,Sugar,Namkeen,Urad Dal,Phenyles & Acids,Other Dals,Mango Juices,Mosquito Repellent,Namkeen,Liquid Soaps & Bars,Whole Spices,Besan"
613,"Other Dals,Vermicelli,Other Dals,Whole Spices,Sooji & Rava,Sunflower Oils,Maida,Raw Rice,Sugar,Ground Coffee,Toor Dal,Whole Spices"
614,"Other Vegetables,Bread,Beans,Brinjals,Root Vegetables,Beans,Other Dals,Whole Spices,Moong Dal,Raw Peanuts,Moong Dal,Banana,Other Rice Products,Urad Dal,Rice Flour,Avalakki / Poha,Other Pooja Needs,Other Dals,Toilet Cleaners"
615,"Bread,Brinjals,Other Vegetables,Whole Spices,Whole Spices,Toor Dal,Beans,Raw Rice,Sugar,Buns & Pavs,Glucose, Marie & Milk Biscuits,Whole Spices"
616,"Root Vegetables,Beans,Root Vegetables,Beans,Beans,Gourd & Cucumber,Beans,Urad Dal,Gourd & Cucumber,Brinjals,Boiled Rice"
617,"Whole Spices,Sugar,Regular Pasta,Cashews,Almonds,Other Dals,Raisins,Other Dals"
618,"Whole Spices,Whole Spices,Sooji & Rava,Other Dals,Whole Spices,Toor Dal,Raw Rice,Urad Dal,Ghee,Sugar,Boiled Rice,Raisins,Honey,Health Drinks,Ground Coffee,Whole Spices"
619,"Whole Spices,Whole Spices,Toor Dal,Raw Peanuts,Moong Dal,Whole Spices,Maida,Rice Flour,Urad Dal,Jaggery,Instant Noodles,Whole Spices,Other Oils,Other Pooja Needs,Cashews,Raisins,Whole Spices,Toor Dal,Whole Spices"
620,"Other Dals,Whole Spices,Raw Peanuts,Other Dals,Other Dals,Sugar,Sooji & Rava,Other Rice Products,Urad Dal,Rice Flour,Besan,Phenyles & Acids,Jaggery,Boiled Rice,Wafers,Other Dals,Whole Spices"
621,"Brinjals,Other Vegetables,Other Vegetables,Gourd & Cucumber,Beans,Toor Dal,Other Dals,Other Dals,Sugar,Toor Dal"
622,"Beans,Moong Dal,Toor Dal,Moong Dal,Sugar,Other Dals,Other Rice Products,Instant Noodles,Raisins,Urad Dal,Organic F&V"
623,"Other Vegetables,Root Vegetables,Exotic Vegetables,Namkeen,Toor Dal,Raw Rice,Sugar,Ghee,Brinjals"
624,"Whole Spices,Whole Spices,Raw Peanuts,Moong Dal,Other Dals,Urad Dal,Sugar,Besan,Raw Rice,Toor Dal,Whole Spices,Whole Spices"
625,"Moong Dal,Other Dals,Maida,Health Drinks,Jaggery,Other Rice Products,Other Dals,Liquid Soaps & Bars,Liquid Soaps & Bars,Toothpaste,Whole Spices"
626,"Vermicelli,Moong Dal,Toor Dal,Urad Dal,Sooji & Rava,Sooji & Rava,Sugar,Jaggery,Almonds,Cashews,Agarbatti,Whole Spices,Whole Spices,Whole Spices"
627,"Banana,Urad Dal,Maida,Health Drinks,Namkeen,Namkeen,Mustard Oils,Toor Dal,Namkeen"
628,"Beans,Other Vegetables,Beans,Brinjals,Brinjals,Root Vegetables,Whole Spices,Namkeen,Whole Spices,Other Dals,Other Dals,Toor Dal,Moong Dal,Moong Dal,Urad Dal,Namkeen,Namkeen"
629,"Other Vegetables,Root Vegetables,Gourd & Cucumber,Beans,Other Dals,Other Dals,Gourd & Cucumber,Sunflower Oils,Urad Dal,Brinjals"
630,"Root Vegetables,Brinjals,Brinjals,Other Vegetables,Root Vegetables,Beans,Beans,Brinjals"
631,"Root Vegetables,Beans,Almonds,Other Dry Fruits,Raisins,Organic F&V,Organic F&V,Organic F&V"
632,"Beans,Other Vegetables,Root Vegetables,Whole Spices,Whole Spices,Beans,Brinjals,Other Juices,Raw Rice,Whole Spices"
633,"Root Vegetables,Brinjals,Other Vegetables,Exotic Vegetables,Beans,Boiled Rice,Other Rice Products,Other Pooja Needs,Raw Rice"
634,"Other Vegetables,Beans,Gourd & Cucumber,Whole Spices,Sugar,Gourd & Cucumber,Cooking Paste,Brinjals,Whole Spices,Whole Spices"
635,"Other Vegetables,Root Vegetables,Beans,Root Vegetables,Banana,Beans,Gourd & Cucumber,Raw Peanuts,Yogurt & Lassi"
636,"Other Dals,Raw Rice,Sooji & Rava,Raw Rice,Sooji & Rava,Raisins,Raisins,Cashews,Other Dals,Other Dals"
637,"Other Vegetables,Namkeen,Exotic Vegetables,Namkeen,Namkeen,Namkeen,Ice Creams & Desserts,Namkeen,Namkeen"
638,"Other Vegetables,Banana,Beans,Organic F&V,Organic F&V,Organic F&V,Organic F&V,Organic F&V"
639,"Toothpaste,Beans,Banana,Maida,Exotic Vegetables,Organic F&V,Organic F&V,Organic F&V,Organic F&V,Organic F&V,Organic F&V,Organic F&V,Organic F&V"
640,"Other Vegetables,Namkeen,Exotic Vegetables,Namkeen,Exotic Vegetables,Raw Rice,Sugar,Namkeen,Namkeen"
641,"Other Vegetables,Whole Spices,Sooji & Rava,Other Dals,Raw Peanuts,Other Dals,Whole Spices,Urad Dal,Whole Spices,Other Dals,Toor Dal"
642,"Sooji & Rava,Brinjals,Other Dry Fruits,Other Dry Fruits,Organic F&V,Organic F&V,Organic F&V,Organic F&V,Organic F&V,Organic F&V,Other Dry Fruits"
643,"Other Vegetables,Sunflower Oils,Root Vegetables,Bread,Root Vegetables,Brinjals,Moong Dal,Sooji & Rava,Toor Dal,Beans,Boiled Rice,Sugar,Urad Dal,Raw Rice,Cream Biscuits"
644,"Root Vegetables,Namkeen,Moong Dal,Other Dals,Sugar,Avalakki / Poha,Namkeen,Ghee,Namkeen,Namkeen,Rasagulla & Gulab Jamun,Namkeen"
645,"Raw Rice,Boiled Rice,Hand Wash,Almonds,Urad Dal,Other Oils,Organic F&V,Organic F&V,Organic F&V,Organic F&V"
646,"Root Vegetables,Other Vegetables,Moong Dal,Beans,Sooji & Rava,Urad Dal,Organic F&V,Toilet Cleaners"
647,"Other Vegetables,Root Vegetables,Banana,Moong Dal,Other Dals,Namkeen,Namkeen,Other Flours,Cakes,Cashews,Other Dals,Other Dals"
648,"Other Vegetables,Other Vegetables,Exotic Vegetables,Moong Dal,Other Dals,Urad Dal,Other Dals,Sooji & Rava,Other Rice Products,Avalakki / Poha,Other Dals"
649,"Beans,Root Vegetables,Root Vegetables,Urad Dal,Sugar,Other Dals,Jaggery,Organic F&V,Organic F&V,Organic F&V,Organic F&V"
650,"Other Vegetables,Other Vegetables,Beans,Banana,Gourd & Cucumber,Beans,Gourd & Cucumber,Brinjals,Sooji & Rava"
651,"Ground Coffee,Raw Peanuts,Avalakki / Poha,Sooji & Rava,Health Drinks,Besan,Sooji & Rava,Sunflower Oils,Cooking Sauce,Other Sweets"
652,"Maida,Besan,Namkeen,Almonds,Other Dry Fruits,Other Dry Fruits,Namkeen,Organic F&V,Organic F&V,Organic F&V,Organic F&V,Organic F&V,Organic F&V,Organic F&V,Chips"
653,"Raw Peanuts,Other Dals,Sunflower Oils,Maida,Besan,Sooji & Rava,Urad Dal,Other Dals,Jaggery,Buns & Pavs,Ready Baking Mixes,Toor Dal"
654,"Bread,Root Vegetables,Brinjals,Beans,Banana,Raw Rice,Instant Pastas,Instant Pastas"
655,"Other Vegetables,Root Vegetables,Gourd & Cucumber,Whole Spices,Organic F&V,Whole Spices,Whole Spices,Whole Spices"
656,"Root Vegetables,Brinjals,Root Vegetables,Banana,Gourd & Cucumber,Mango Juices,Organic F&V,Health Drinks"
657,"Root Vegetables,Bread,Other Vegetables,Root Vegetables,Raw Peanuts,Banana,Gourd & Cucumber,Other Dry Fruits,Almonds"
658,"Other Vegetables,Root Vegetables,Beans,Gourd & Cucumber,Whole Spices,Whole Spices,Gourd & Cucumber,Other Dry Fruits"
659,"Brinjals,Brinjals,Urad Dal,Banana,Sooji & Rava,Namkeen,Namkeen,Raisins,Other Dals"
660,"Other Vegetables,Beans,Brinjals,Other Vegetables,Beans,Gourd & Cucumber,Beans,Beans,Brinjals"
661,"Avalakki / Poha,Cream Biscuits,Cakes,Namkeen,Mosquito Repellent,Curd,Brinjals,Toothpaste"
662,"Sunflower Oils,Brinjals,Other Vegetables,Root Vegetables,Raw Peanuts,Whole Spices,Sooji & Rava,Rice Flour,Other Dals,Ghee,Sunflower Oils,Sunflower Oils,Sooji & Rava,Other Dals,Whole Spices,Whole Spices,Whole Spices"
663,"Bread,Sunflower Oils,Yogurt & Lassi,Yogurt & Lassi,Other Dals,Organic F&V,Organic F&V,Other Dals,Mustard Oils"
664,"Moong Dal,Toor Dal,Moong Dal,Urad Dal,Raw Rice,Jaggery,Other Dals,Jaggery,Shoe Polish,Other Dals"
665,"Yogurt & Lassi,Basmati Rice,Organic F&V,Organic F&V,Organic F&V,Buttermilk,Organic F&V,Yogurt & Lassi,Milk Drinks"
666,"Brinjals,Root Vegetables,Other Dals,Whole Spices,Ghee,Raisins,Cashews,Whole Spices,Whole Spices,Whole Spices"
667,"Other Vegetables,Brinjals,Root Vegetables,Banana,Beans,Sugar,Besan,Sanitary Pads,Raw Rice,Whole Spices"
668,"Whole Spices,Moong Dal,Moong Dal,Avalakki / Poha,Raw Peanuts,Urad Dal,Sugar,Whole Spices,Sooji & Rava,Sooji & Rava,Jaggery,Other Dals,Health Drinks,Almonds,Other Dals"
669,"Toothpaste,Toor Dal,Raw Peanuts,Raw Rice,Moong Dal,Urad Dal,Raisins,Liquid Soaps & Bars,Powdered Spices"
670,"Namkeen,Beans,Brinjals,Beans,Banana,Namkeen,Other Dals,Sooji & Rava,Phenyles & Acids,Buns & Pavs,Avalakki / Poha,Boiled Rice,Namkeen"
671,"Whole Spices,Moong Dal,Moong Dal,Toor Dal,Urad Dal,Sugar,Sunflower Oils,Jaggery,Sunflower Oils,Instant Noodles"
672,"Other Vegetables,Other Dals,Toor Dal,Besan,Other Dals,Sugar,Other Dals,Other Dals"
673,"Whole Spices,Other Dals,Whole Spices,Avalakki / Poha,Moong Dal,Sunflower Oils,Sooji & Rava,Rice Flour,Other Dals,Other Dals,Glucose, Marie & Milk Biscuits"
674,"Bread,Whole Spices,Phenyles & Acids,Whole Spices,Other Oils,Toor Dal,Whole Spices,Whole Spices"
675,"Other Vegetables,Other Vegetables,Root Vegetables,Whole Spices,Beans,Whole Spices,Sunflower Oils,Whole Spices"
676,"Brinjals,Other Vegetables,Beans,Toor Dal,Other Dals,Gourd & Cucumber,Urad Dal,Other Dals,Phenyles & Acids"
677,"Whole Spices,Bread,Namkeen,Besan,Maida,Buns & Pavs,Namkeen,Other Dals,Other Sweets"
678,"Other Vegetables,Root Vegetables,Raw Peanuts,Banana,Gourd & Cucumber,Brinjals,Buns & Pavs,Organic F&V,Namkeen"
679,"Moong Dal,Other Dals,Avalakki / Poha,Raw Peanuts,Other Dals,Sugar,Sooji & Rava,Besan,Other Dals,Maida,Namkeen,Snacky Nuts,Namkeen"
680,"Whole Spices,Toor Dal,Urad Dal,Sooji & Rava,Sugar,Health Drinks,Whole Spices,Toothpaste,Raw Rice,Agarbatti,Whole Spices,Whole Spices"
681,"Root Vegetables,Whole Spices,Namkeen,Namkeen,Organic Rice & Rice Products,Namkeen,Namkeen,Organic Dals & Pulses,Organic F&V"
682,"Basmati Rice,Toor Dal,Sooji & Rava,Moong Dal,Other Dals,Sugar,Organic Dals & Pulses,Besan,Brinjals,Almonds,Cashews,Raisins,Health Drinks,Liquid Soaps & Bars"
683,"Beans,Root Vegetables,Brinjals,Brinjals,Other Vegetables,Banana,Beans,Gourd & Cucumber,Organic F&V"
684,"Other Vegetables,Other Dals,Moong Dal,Other Dals,Other Dals,Sugar,Sunflower Oils,Urad Dal,Mango Juices,Almonds,Other Dals"
685,"Beans,Other Dals,Toor Dal,Banana,Gourd & Cucumber,Ground Coffee,Raw Rice,Brinjals,Whole Spices,Ghee,Vermicelli,Cashews,Liquid Soaps & Bars"
686,"Other Vegetables,Brinjals,Moong Dal,Raw Peanuts,Other Dals,Banana,Other Dry Fruits,Wafers,Raisins,Almonds,Other Dry Fruits"
687,"Other Vegetables,Brinjals,Gourd & Cucumber,Raw Peanuts,Beans,Avalakki / Poha,Namkeen,Buttermilk"
688,"Other Vegetables,Other Vegetables,Banana,Moong Dal,Sugar,Other Dals,Other Dals,Almonds"
689,"Banana,Whole Spices,Toor Dal,Boiled Rice,Sugar,Besan,Ghee,Raw Rice,Sunflower Oils"
690,"Beans,Toor Dal,Beans,Sugar,Cakes,Cakes,Namkeen,Other Sweets"
691,"Sunflower Oils,Root Vegetables,Root Vegetables,Toor Dal,Bread,Boiled Rice,Sugar,Besan,Urad Dal"
692,"Root Vegetables,Beans,Moong Dal,Toor Dal,Bread,Gourd & Cucumber,Brinjals,Other Dals"
693,"Root Vegetables,Brinjals,Raw Peanuts,Sooji & Rava,Toor Dal,Raw Rice,Namkeen,Namkeen,Shaving Blade & Razors,Glucose, Marie & Milk Biscuits,Namkeen"
694,"Other Vegetables,Brinjals,Sooji & Rava,Beans,Other Dals,Other Dals,Organic Dals & Pulses,Organic Dals & Pulses,Organic Dals & Pulses,Other Dals,Namkeen,Organic Masalas & Spices,Other Dals"
695,"Exotic Vegetables,Exotic Vegetables,Ready Mix,Organic Salt,Sugar & Jaggery,Cooking Sauce,Honey,Organic F&V,Organic F&V,Organic F&V,Other Dry Fruits,Toothpaste"
696,"Beans,Root Vegetables,Banana,Maida,Sugar,Besan,Sunflower Oils,Diapers & Wipes,Cashews,Organic F&V,Organic F&V,Organic F&V"
697,"Root Vegetables,Other Vegetables,Root Vegetables,Beans,Banana,Beans,Beans,Organic F&V,Organic F&V,Organic F&V,Organic F&V"
698,"Other Vegetables,Root Vegetables,Beans,Beans,Namkeen,Beans,Raisins,Namkeen,Organic F&V,Organic F&V,Organic F&V,Organic F&V,Organic F&V,Organic F&V"
699,"Other Vegetables,Gourd & Cucumber,Raw Peanuts,Cooking Paste,Gourd & Cucumber,Sooji & Rava,Sugar,Rice Flour,Mosquito Repellent,Root Vegetables,Whole Spices"
700,"Raw Peanuts,Moong Dal,Other Dals,Toor Dal,Moong Dal,Other Dals,Urad Dal,Rice Flour,Besan,Other Dals,Other Dals,Sugar,Other Dals,Whole Spices,Whole Spices"
701,"Other Vegetables,Root Vegetables,Beans,Banana,Gourd & Cucumber,Whole Spices,Moong Dal,Avalakki / Poha,Beans,Besan,Urad Dal,Brinjals"
702,"Other Vegetables,Brinjals,Root Vegetables,Beans,Banana,Beans,Gourd & Cucumber,Brinjals,Gourd & Cucumber"
703,"Root Vegetables,Namkeen,Other Vegetables,Banana,Toor Dal,Namkeen,Almonds,Other Dals,Organic Salt,Sugar & Jaggery,Organic F&V"
704,"Moong Dal,Other Dals,Moong Dal,Whole Spices,Organic Rice & Rice Products,Urad Dal,Other Dals,Maida,Sunflower Oils,Organic Masalas & Spices,Raisins,Whole Spices"
705,"Other Vegetables,Root Vegetables,Root Vegetables,Banana,Moong Dal,Beans,Other Oils,Organic F&V,Organic F&V,Organic F&V,Organic F&V"
706,"Other Vegetables,Root Vegetables,Beans,Beans,Brinjals,Rice Flour,Sooji & Rava,Sugar,Avalakki / Poha,Urad Dal"
707,"Other Vegetables,Root Vegetables,Root Vegetables,Banana,Namkeen,Moong Dal,Toor Dal,Sooji & Rava,Raw Rice,Namkeen"
708,"Other Dals,Namkeen,Moong Dal,Other Dals,Sooji & Rava,Other Dals,Jaggery,Mango Juices,Namkeen,Hand Wash,Toilet Cleaners,Tomato Ketchup,Shoe Polish,Raw Rice,Namkeen,Namkeen"
709,"Sunflower Oils,Other Dals,Whole Spices,Toor Dal,Other Dals,Moong Dal,Sugar,Sooji & Rava,Besan,Maida,Urad Dal,Other Flours,Basmati Rice,Raw Rice,Other Dals"
710,"Root Vegetables,Root Vegetables,Raw Rice,Other Dry Fruits,Organic F&V,Organic F&V,Organic F&V,Organic F&V"
711,"Sooji & Rava,Organic F&V,Organic F&V,Organic F&V,Organic F&V,Organic F&V,Organic F&V,Organic F&V"
712,"Other Vegetables,Other Vegetables,Gourd & Cucumber,Other Dals,Other Dals,Raw Rice,Besan,Brinjals,Other Dals"
713,"Root Vegetables,Root Vegetables,Banana,Avalakki / Poha,Organic F&V,Organic F&V,Organic F&V,Organic F&V,Organic F&V,Organic F&V,Packaged Drinking Water,Organic F&V"
714,"Whole Spices,Toor Dal,Other Dals,Sooji & Rava,Urad Dal,Sugar,Sunflower Oils,Instant Noodles"
715,"Sunflower Oils,Raw Peanuts,Moong Dal,Sooji & Rava,Rice Flour,Banana,Sooji & Rava,Urad Dal,Glucose, Marie & Milk Biscuits,Ground Coffee,Raw Rice,Other Flours,Whole Spices,Boiled Rice,Whole Spices"
716,"Brinjals,Other Vegetables,Gourd & Cucumber,Beans,Exotic Vegetables,Moong Dal,Other Dals,Gourd & Cucumber,Mosquito Repellent,Exotic Vegetables"
717,"Moong Dal,Banana,Urad Dal,Sugar,Sugar,Ground Coffee,Toothpaste,Ghee,Cashews"
718,"Other Vegetables,Brinjals,Root Vegetables,Other Dals,Moong Dal,Avalakki / Poha,Raw Peanuts,Moong Dal,Other Dals,Moong Dal,Urad Dal,Namkeen,Sunflower Oils,Organic Flours,Organic F&V,Organic F&V,Namkeen,Organic F&V,Toor Dal,Other Dals,Whole Spices"
719,"Other Vegetables,Brinjals,Avalakki / Poha,Shoe Polish,Sugar,Besan,Namkeen,Namkeen"
720,"Beans,Whole Spices,Sooji & Rava,Whole Spices,Raw Rice,Other Dals,Sooji & Rava,Other Rice Products,Urad Dal,Sugar,Ghee,Other Oils,Avalakki / Poha,Cashews,Almonds,Other Dals,Whole Spices,Whole Spices"
721,"Root Vegetables,Other Vegetables,Root Vegetables,Banana,Gourd & Cucumber,Yogurt & Lassi,Curd,Organic F&V,Organic F&V,Other Rice Products"
722,"Other Vegetables,Root Vegetables,Gourd & Cucumber,Beans,Other Dals,Other Rice Products,Urad Dal,Raisins,Organic F&V"
723,"Toor Dal,Other Dals,Urad Dal,Sugar,Raw Rice,Mango Juices,Boiled Rice,Cashews,Raisins"
724,"Root Vegetables,Brinjals,Other Vegetables,Gourd & Cucumber,Beans,Cream Biscuits,Glucose, Marie & Milk Biscuits,Organic F&V,Regular Pasta"
725,"Other Dals,Sooji & Rava,Moong Dal,Other Dals,Sugar,Organic Rice & Rice Products,Moong Dal,Raw Rice,Urad Dal,Glucose, Marie & Milk Biscuits,Besan,Other Dals,Boiled Rice,Other Dals,Toor Dal"
726,"Raw Peanuts,Moong Dal,Whole Spices,Avalakki / Poha,Other Dals,Urad Dal,Sooji & Rava,Other Rice Products,Ghee,Whole Spices,Raisins,Other Dry Fruits,Other Dals,Toor Dal,Whole Spices,Whole Spices,Whole Spices,Whole Spices,Whole Spices"
727,"Beans,Other Vegetables,Avalakki / Poha,Beans,Organic Dals & Pulses,Other Rice Products,Mosquito Repellent,Sunflower Oils,Ghee,Other Dals"
728,"Exotic Vegetables,Sugar,Organic Dals & Pulses,Organic Flours,Organic Rice & Rice Products,Organic F&V,Organic F&V,Organic F&V,Organic F&V,Organic F&V,Organic F&V,Organic F&V,Organic F&V,Organic F&V,Organic F&V,Organic F&V,Organic F&V"
729,"Other Vegetables,Exotic Vegetables,Banana,Exotic Vegetables,Sooji & Rava,Urad Dal,Other Flours,Almonds,Raisins,Raisins,Cooking Paste,Other Dry Fruits,Whole Spices,Other Dry Fruits,Other Dry Fruits"
730,"Other Vegetables,Beans,Gourd & Cucumber,Bread,Beans,Cream Biscuits,Namkeen,Organic F&V,Organic F&V,Namkeen"
731,"Beans,Brinjals,Other Vegetables,Beans,Gourd & Cucumber,Moong Dal,Sooji & Rava,Beans,Moong Dal,Urad Dal,Sugar,Cream Biscuits,Boiled Rice"
732,"Root Vegetables,Whole Spices,Vermicelli,Whole Spices,Moong Dal,Toor Dal,Other Dals,Sooji & Rava,Other Dals,Whole Spices,Sunflower Oils,Urad Dal,Shaving Blade & Razors,Other Dals,Other Dals,Toothpaste,Other Dals,Whole Spices,Whole Spices"
733,"Ground Coffee,Toor Dal,Avalakki / Poha,Other Dals,Maida,Sooji & Rava,Raw Rice,Other Rice Products,Urad Dal,Sooji & Rava,Sunflower Oils,Sugar,Jaggery,Almonds,Raisins"
734,"Root Vegetables,Other Vegetables,Root Vegetables,Beans,Avalakki / Poha,Raw Peanuts,Moong Dal,Sooji & Rava,Sugar,Other Flours,Organic F&V,Toor Dal,Agarbatti,Agarbatti,Other Dals"
735,"Other Vegetables,Root Vegetables,Banana,Beans,Sugar,Ground Coffee,Other Rice Products,Namkeen,Namkeen,Cakes,Cooking Sauce"
736,"Other Vegetables,Root Vegetables,Exotic Vegetables,Banana,Organic Rice & Rice Products,Organic F&V,Organic F&V,Glucose, Marie & Milk Biscuits"
737,"Moong Dal,Moong Dal,Other Dals,Toor Dal,Raw Rice,Raw Rice,Sugar,Besan,Maida,Raisins"
738,"Other Vegetables,Root Vegetables,Toor Dal,Other Dals,Sunflower Oils,Organic F&V,Agarbatti,Raw Rice"
739,"Whole Spices,Whole Spices,Moong Dal,Urad Dal,Boiled Rice,Sugar,Boiled Rice,Organic Rice & Rice Products,Raisins,Honey,Almonds,Other Dry Fruits,Health Supplements,Whole Spices"
740,"Bread,Other Vegetables,Other Vegetables,Whole Spices,Other Dals,Brinjals,Other Dals,Brinjals,Other Insect Repellent"
741,"Other Vegetables,Root Vegetables,Root Vegetables,Beans,Gourd & Cucumber,Moong Dal,Sugar,Gourd & Cucumber,Aluminium Foil & Cling Wrap,Brinjals,Namkeen"
742,"Other Vegetables,Root Vegetables,Brinjals,Root Vegetables,Exotic Vegetables,Exotic Vegetables,Beans,Banana,Gourd & Cucumber,Other Dals,Beans,Other Dals,Brinjals,Other Dals,Other Dals"
743,"Other Vegetables,Vermicelli,Sooji & Rava,Liquid Soaps & Bars,Raw Rice,Sugar,Instant Noodles,Cakes,Snacky Nuts,Namkeen,Namkeen,Agarbatti,Toor Dal,Whole Spices"
744,"Root Vegetables,Beans,Exotic Vegetables,Whole Spices,Aluminium Foil & Cling Wrap,Raw Rice,Brinjals,Root Vegetables,Ghee,Curd,Mosquito Repellent,Whole Spices,Toor Dal"
745,"Exotic Vegetables,Other Dals,Moong Dal,Whole Spices,Other Dals,Moong Dal,Aluminium Foil & Cling Wrap,Urad Dal,Instant Pastas,Whole Spices,Basmati Rice,Whole Spices,Whole Spices"
746,"Other Vegetables,Root Vegetables,Root Vegetables,Beans,Beans,Banana,Raisins,Namkeen,Namkeen"
747,"Other Vegetables,Root Vegetables,Raw Peanuts,Beans,Moong Dal,Moong Dal,Whole Spices,Whole Spices,Avalakki / Poha,Whole Spices,Whole Spices,Sooji & Rava,Sooji & Rava,Urad Dal,Rice Flour,Urad Dal,Glucose, Marie & Milk Biscuits,Toor Dal,Raw Rice,Toothpaste,Whole Spices,Whole Spices"
748,"Sunflower Oils,Avalakki / Poha,Sooji & Rava,Raw Rice,Raw Rice,Ground Coffee,Whole Spices,Whole Spices"
749,"Toor Dal,Beans,Jaggery,Whole Spices,Whole Spices,Whole Spices,Whole Spices,Whole Spices"
750,"Banana,Raw Peanuts,Whole Spices,Avalakki / Poha,Gourd & Cucumber,Bread,Raw Rice,Avalakki / Poha,Sunflower Oils,Hand Wash,Cashews,Raisins,Raw Rice,Organic F&V,Organic F&V,Liquid Soaps & Bars"
751,"Bread,Other Dals,Toor Dal,Other Dals,Sooji & Rava,Raw Rice,Boiled Rice,Jaggery,Sugar,Other Flours,Boiled Rice,Whole Spices,Sunflower Oils"
752,"Other Vegetables,Bread,Other Vegetables,Root Vegetables,Exotic Vegetables,Rice Flour,Ghee,Namkeen"
753,"Whole Spices,Moong Dal,Other Dals,Other Dals,Maida,Jaggery,Sugar,Other Dals,Agarbatti,Whole Spices,Whole Spices"
754,"Root Vegetables,Other Vegetables,Beans,Gourd & Cucumber,Urad Dal,Sugar,Snacky Nuts,Snacky Nuts,Avalakki / Poha,Snacky Nuts,Chips,Namkeen,Snacky Nuts"
755,"Ground Coffee,Whole Spices,Whole Spices,Avalakki / Poha,Moong Dal,Other Dals,Urad Dal,Whole Spices,Whole Spices,Jaggery,Urad Dal,Mosquito Repellent,Jaggery,Whole Spices,Other Dry Fruits,Raisins,Almonds,Other Dals,Other Dals,Other Dry Fruits,Toor Dal,Other Dals,Whole Spices,Whole Spices,Whole Spices,Whole Spices"
756,"Bread,Root Vegetables,Beans,Gourd & Cucumber,Other Dals,Gourd & Cucumber,Sugar,Brinjals,Sunflower Oils,Basmati Rice"
757,"Organic Masalas & Spices,Toor Dal,Organic Flours,Urad Dal,Organic Masalas & Spices,Organic Masalas & Spices,Organic Masalas & Spices,Boiled Rice"
758,"Bread,Gourd & Cucumber,Beans,Moong Dal,Other Dals,Other Dals,Namkeen,Other Dals,Brinjals,Cooking Paste,Toor Dal,Whole Spices"
759,"Beans,Exotic Vegetables,Gourd & Cucumber,Moong Dal,Exotic Vegetables,Beans,Gourd & Cucumber,Organic Rice & Rice Products"
760,"Whole Spices,Moong Dal,Whole Spices,Urad Dal,Sunflower Oils,Sooji & Rava,Other Rice Products,Sugar,Besan,Mosquito Repellent,Boiled Rice,Liquid Detergent,Cashews,Liquid Soaps & Bars,Toor Dal,Mustard Oils"
761,"Exotic Vegetables,Exotic Vegetables,Toor Dal,Raw Peanuts,Raw Rice,Urad Dal,Rice Flour,Maida,Sunflower Oils,Glucose, Marie & Milk Biscuits,Basmati Rice,Other Dals,Whole Spices"
762,"Whole Spices,Whole Spices,Moong Dal,Avalakki / Poha,Raw Peanuts,Sugar,Whole Spices,Sooji & Rava,Urad Dal,Jaggery,Glucose, Marie & Milk Biscuits,Phenyles & Acids,Organic F&V,Other Dals,Whole Spices"
763,"Raw Peanuts,Other Dals,Other Dals,Sugar,Urad Dal,Besan,Other Dals,Mosquito Repellent,Namkeen,Shaving Blade & Razors,Phenyles & Acids,Basmati Rice,Namkeen,Whole Spices"
764,"Moong Dal,Moong Dal,Urad Dal,Maida,Boiled Rice,Sugar,Jaggery,Sunflower Oils,Organic F&V,Other Sweets"
765,"Raw Peanuts,Whole Spices,Whole Spices,Moong Dal,Other Dals,Urad Dal,Maida,Sooji & Rava,Sooji & Rava,Sooji & Rava,Other Rice Products,Sunflower Oils,Sugar,Mosquito Repellent,Avalakki / Poha,Whole Spices,Instant Noodles,Hand Wash,Agarbatti,Other Dry Fruits,Other Dals,Whole Spices,Whole Spices,Whole Spices"
766,"Exotic Vegetables,Exotic Vegetables,Root Vegetables,Exotic Vegetables,Exotic Vegetables,Whole Spices,Sooji & Rava,Moong Dal,Other Dals,Other Dals,Sugar,Raw Rice,Boiled Rice,Besan,Other Dals,Sunflower Oils,Ready Mix,Urad Dal,Cashews,Other Dals,Cooking Sauce,Toor Dal,Other Dals,Whole Spices"
767,"Beans,Root Vegetables,Gourd & Cucumber,Whole Spices,Beans,Beans,Sooji & Rava,Jaggery,Sugar,Other Flours,Whole Spices,Phenyles & Acids,Whole Spices"
768,"Moong Dal,Toor Dal,Moong Dal,Other Dals,Sugar,Mosquito Repellent,Raisins,Almonds"
769,"Namkeen,Namkeen,Namkeen,Namkeen,Snacky Nuts,Namkeen,Namkeen,Namkeen"
770,"Other Vegetables,Root Vegetables,Raw Rice,Buns & Pavs,Chilli & Soya Sauces,Whole Spices,Other Dry Fruits,Buttermilk,Yogurt & Lassi,Whole Spices"
771,"Other Vegetables,Root Vegetables,Exotic Vegetables,Toor Dal,Beans,Gourd & Cucumber,Cashews,Other Dals"
772,"Beans,Root Vegetables,Banana,Other Dals,Other Dals,Urad Dal,Diapers & Wipes,Health Drinks,Organic F&V,Organic F&V,Agarbatti,Whole Spices,Whole Spices"
773,"Other Vegetables,Beans,Brinjals,Root Vegetables,Whole Spices,Beans,Raisins,Cashews"
774,"Other Dals,Sooji & Rava,Sugar,Sunflower Oils,Sugar,Phenyles & Acids,Raisins,Urad Dal,Cashews,Health Drinks"
775,"Moong Dal,Whole Spices,Sooji & Rava,Rice Flour,Liquid Soaps & Bars,Other Dals,Raw Rice,Other Rice Products,Urad Dal,Sugar,Maida,Ground Coffee,Avalakki / Poha,Sooji & Rava,Ghee,Whole Spices"
776,"Banana,Whole Spices,Moong Dal,Moong Dal,Other Dals,Sooji & Rava,Organic Masalas & Spices,Other Dals,Other Dals,Sugar,Toor Dal,Raw Rice,Besan,Other Dals,Urad Dal,Health Drinks,Phenyles & Acids,Other Dals,Whole Spices"
777,"Brinjals,Sooji & Rava,Sooji & Rava,Sugar,Mosquito Repellent,Avalakki / Poha,Namkeen,Toor Dal"
778,"Namkeen,Brinjals,Namkeen,Whole Spices,Sooji & Rava,Whole Spices,Moong Dal,Other Dals,Gourd & Cucumber,Sooji & Rava,Namkeen,Moong Dal,Namkeen,Namkeen,Sugar,Namkeen,Phenyles & Acids,Other Dals,Snacky Nuts,Namkeen,Other Dals,Whole Spices,Whole Spices,Toor Dal,Whole Spices,Corn Snacks"
779,"Other Dals,Organic Masalas & Spices,Organic Masalas & Spices,Organic Masalas & Spices,Basmati Rice,Organic Masalas & Spices,Ghee,Other Dals,Cooking Sauce,Toor Dal"
780,"Moong Dal,Whole Spices,Sooji & Rava,Other Dals,Raw Rice,Sugar,Other Insect Repellent,Avalakki / Poha,Hand Wash,Phenyles & Acids,Almonds,Namkeen,Regular Pasta,Namkeen"
781,"Brinjals,Root Vegetables,Beans,Health Drinks,Moong Dal,Other Dals,Jaggery,Cakes,Namkeen,Namkeen,Namkeen,Raisins,Cashews,Cream Biscuits"
782,"Other Vegetables,Beans,Gourd & Cucumber,Beans,Raw Peanuts,Gourd & Cucumber,Moong Dal,Brinjals,Boiled Rice,Cream Biscuits,Organic F&V,Other Dry Fruits,Whole Spices"
783,"Exotic Vegetables,Exotic Vegetables,Root Vegetables,Whole Spices,Whole Spices,Exotic Vegetables,Avalakki / Poha,Beans,Sunflower Oils,Other Rice Products,Brinjals,Regular Pasta,Toor Dal,Whole Spices,Powdered Spices"
784,"Root Vegetables,Toothpaste,Gourd & Cucumber,Namkeen,Gourd & Cucumber,Brinjals,Toothpaste,Health Drinks,Namkeen,Snacky Nuts"
785,"Raw Peanuts,Whole Spices,Moong Dal,Moong Dal,Whole Spices,Toor Dal,Other Dals,Sooji & Rava,Rice Flour,Other Dals,Sunflower Oils,Boiled Rice,Besan,Other Dals,Jaggery,Sugar,Whole Spices,Cashews,Other Dals,Regular Pasta,Other Dals,Other Dals"
786,"Beans,Sunflower Oils,Gourd & Cucumber,Whole Spices,Beans,Raw Rice,Cooking Paste,Organic F&V,Organic F&V"
787,"Other Vegetables,Beans,Gourd & Cucumber,Raw Peanuts,Organic F&V,Organic F&V,Organic F&V,Whole Spices,Whole Spices,Whole Spices"
788,"Ground Coffee,Whole Spices,Toor Dal,Avalakki / Poha,Raw Peanuts,Other Dals,Whole Spices,Boiled Rice,Other Rice Products,Urad Dal,Other Dals,Whole Spices"
789,"Bread,Other Vegetables,Root Vegetables,Moong Dal,Other Dals,Toor Dal,Raw Rice,Buns & Pavs,Other Sweets"
790,"Root Vegetables,Root Vegetables,Whole Spices,Beans,Urad Dal,Sugar,Brinjals,Other Rice Products,Whole Spices"
791,"Beans,Root Vegetables,Bread,Root Vegetables,Beans,Namkeen,Raw Peanuts,Namkeen,Namkeen"
792,"Namkeen,Brinjals,Gourd & Cucumber,Brinjals,Moong Dal,Other Dals,Whole Spices,Namkeen,Besan,Other Dals,Raw Rice,Namkeen"
793,"Other Vegetables,Other Vegetables,Beans,Gourd & Cucumber,Moong Dal,Urad Dal,Other Dals,Whole Spices,Sunflower Oils,Organic F&V,Organic F&V,Organic F&V,Organic F&V"
794,"Brinjals,Root Vegetables,Beans,Raw Peanuts,Health Drinks,Toor Dal,Jaggery,Raisins,Cashews"
795,"Other Vegetables,Brinjals,Root Vegetables,Whole Spices,Whole Spices,Namkeen,Namkeen,Namkeen,Namkeen,Ice Creams & Desserts,Yogurt & Lassi,Snacky Nuts"
796,"Whole Spices,Whole Spices,Moong Dal,Avalakki / Poha,Raw Peanuts,Sooji & Rava,Urad Dal,Rice Flour,Maida,Organic Masalas & Spices,Jaggery,Other Flours"
797,"Root Vegetables,Whole Spices,Avalakki / Poha,Sooji & Rava,Boiled Rice,Other Rice Products,Sooji & Rava,Ghee,Urad Dal,Shaving Blade & Razors,Other Dals,Organic F&V,Other Dals,Mustard Oils"
798,"Beans,Root Vegetables,Beans,Brinjals,Other Vegetables,Root Vegetables,Banana,Namkeen,Namkeen"
799,"Other Vegetables,Other Vegetables,Moong Dal,Toor Dal,Banana,Brinjals,Other Dals,Cooking Paste,Cooking Paste,Vermicelli,Cooking Paste,Namkeen"
800,"Exotic Vegetables,Whole Spices,Moong Dal,Whole Spices,Banana,Bread,Sugar,Ghee,Almonds,Raisins,Cashews,Whole Spices"
801,"Other Vegetables,Root Vegetables,Beans,Whole Spices,Moong Dal,Moong Dal,Sooji & Rava,Besan,Urad Dal"
802,"Whole Spices,Other Dals,Other Dals,Organic Rice & Rice Products,Raw Rice,Moong Dal,Urad Dal,Glucose, Marie & Milk Biscuits,Sugar,Besan,Sugar,Boiled Rice,Namkeen"
803,"Whole Spices,Shoe Polish,Other Dals,Sunflower Oils,Sugar,Other Dals,Hand Wash,Liquid Soaps & Bars,Whole Spices"
804,"Root Vegetables,Other Vegetables,Root Vegetables,Gourd & Cucumber,Brinjals,Cooking Paste,Banana,Urad Dal,Brinjals,Cooking Paste"
805,"Raw Peanuts,Whole Spices,Whole Spices,Whole Spices,Whole Spices,Moong Dal,Other Dals,Sugar,Sooji & Rava,Jaggery,Sunflower Oils,Mosquito Repellent,Avalakki / Poha,Urad Dal,Health Drinks,Toor Dal"
806,"Other Vegetables,Brinjals,Brinjals,Whole Spices,Namkeen,Whole Spices,Sooji & Rava,Urad Dal,Instant Pastas,Namkeen,Cream Biscuits,Instant Pastas,Snacky Nuts,Namkeen"
807,"Root Vegetables,Root Vegetables,Banana,Exotic Vegetables,Beans,Cooking Sauce,Honey,Organic F&V"
808,"Beans,Root Vegetables,Beans,Other Vegetables,Root Vegetables,Beans,Phenyles & Acids,Agarbatti"
809,"Other Vegetables,Root Vegetables,Exotic Vegetables,Exotic Vegetables,Other Dals,Avalakki / Poha,Sunflower Oils,Sugar,Raw Rice,Raisins,Yogurt & Lassi,Raisins,Curd,Yogurt & Lassi,Snacky Nuts"
810,"Moong Dal,Urad Dal,Whole Spices,Sooji & Rava,Urad Dal,Sugar,Ghee,Namkeen,Sunflower Oils,Other Dals,Toor Dal"
811,"Root Vegetables,Root Vegetables,Beans,Beans,Toor Dal,Moong Dal,Other Dals,Sooji & Rava,Urad Dal,Other Sweets,Raw Rice"
812,"Other Vegetables,Root Vegetables,Other Vegetables,Banana,Toor Dal,Brinjals,Ghee,Urad Dal,Raw Rice,Shaving Blade & Razors"
813,"Root Vegetables,Gourd & Cucumber,Toor Dal,Sugar,Organic F&V,Organic F&V,Organic F&V,Organic F&V,Organic F&V"
814,"Other Vegetables,Root Vegetables,Other Vegetables,Root Vegetables,Banana,Cooking Paste,Beans,Mosquito Repellent,Sunflower Oils,Cashews,Raisins,Almonds,Cooking Paste,Organic F&V,Organic F&V"
815,"Sunflower Oils,Brinjals,Toor Dal,Moong Dal,Other Dals,Other Dals,Other Dals,Brinjals,Urad Dal,Other Dals,Sugar,Other Dals,Raw Rice,Other Oils,Boiled Rice,Phenyles & Acids,Other Rice Products"
816,"Root Vegetables,Other Vegetables,Namkeen,Other Vegetables,Root Vegetables,Namkeen,Banana,Namkeen,Brinjals,Namkeen,Snacky Nuts,Chips,Toffee & Candy"
817,"Beans,Sugar,Sooji & Rava,Organic F&V,Organic F&V,Organic F&V,Organic F&V,Organic F&V"
818,"Whole Spices,Toor Dal,Whole Spices,Liquid Soaps & Bars,Other Dals,Urad Dal,Sunflower Oils,Boiled Rice"
819,"Beans,Other Vegetables,Root Vegetables,Beans,Brinjals,Brinjals,Other Vegetables,Root Vegetables,Gourd & Cucumber"
820,"Other Vegetables,Gourd & Cucumber,Exotic Vegetables,Bread,Beans,Brinjals,Namkeen,Gourd & Cucumber,Beans,Brinjals,Namkeen,Namkeen,Namkeen"
821,"Ghee,Mosquito Repellent,Shaving Blade & Razors,Instant Noodles,Instant Noodles,Instant Noodles,Liquid Soaps & Bars,Toothpaste"
822,"Other Dals,Raw Rice,Glucose, Marie & Milk Biscuits,Sugar,Besan,Raisins,Cashews,Basmati Rice,Whole Spices,Whole Spices,Whole Spices"
823,"Root Vegetables,Toor Dal,Sunflower Oils,Other Rice Products,Sugar,Other Dals,Boiled Rice,Toor Dal"
824,"Root Vegetables,Raw Peanuts,Other Dals,Whole Spices,Avalakki / Poha,Moong Dal,Raw Rice,Sunflower Oils,Urad Dal,Besan,Other Dals,Sugar,Toor Dal"
825,"Whole Spices,Vermicelli,Health Drinks,Whole Spices,Raw Rice,Urad Dal,Whole Spices,Maida,Besan,Whole Spices,Boiled Rice,Whole Spices,Whole Spices"
826,"Brinjals,Other Vegetables,Root Vegetables,Gourd & Cucumber,Beans,Other Dals,Gourd & Cucumber,Brinjals"
827,"Whole Spices,Moong Dal,Whole Spices,Other Dals,Namkeen,Whole Spices,Bread,Maida,Raw Rice,Besan,Other Dals,Urad Dal,Glucose, Marie & Milk Biscuits,Organic F&V,Organic F&V,Organic F&V,Organic F&V,Other Dry Fruits"
828,"Beans,Other Vegetables,Brinjals,Brinjals,Root Vegetables,Banana,Moong Dal,Other Dals,Other Dals,Aluminium Foil & Cling Wrap,Urad Dal,Other Dals,Jaggery,Mosquito Repellent"
829,"Other Vegetables,Namkeen,Brinjals,Organic Masalas & Spices,Maida,Other Oils,Cakes,Health Drinks,Other Dals,Organic F&V,Organic F&V,Other Dals"
830,"Bread,Other Vegetables,Banana,Cooking Paste,Sooji & Rava,Beans,Raw Rice,Boiled Rice,Instant Noodles,Namkeen,Organic F&V"
831,"Other Dals,Banana,Raw Rice,Namkeen,Urad Dal,Brinjals,Namkeen,Regular Pasta"
832,"Other Vegetables,Other Vegetables,Other Dals,Moong Dal,Other Dals,Toor Dal,Urad Dal,Glucose, Marie & Milk Biscuits"
833,"Whole Spices,Urad Dal,Whole Spices,Boiled Rice,Urad Dal,Raw Rice,Sunflower Oils,Other Dry Fruits,Toor Dal,Other Dry Fruits"
834,"Other Vegetables,Brinjals,Root Vegetables,Whole Spices,Urad Dal,Raw Rice,Maida,Besan,Basmati Rice"
835,"Whole Spices,Moong Dal,Moong Dal,Whole Spices,Toor Dal,Moong Dal,Sugar,Almonds,Other Dry Fruits,Whole Spices"
836,"Other Vegetables,Root Vegetables,Other Vegetables,Beans,Beans,Raw Peanuts,Moong Dal,Sooji & Rava,Besan,Ghee,Raw Rice,Raisins,Basmati Rice,Glucose, Marie & Milk Biscuits,Ground Coffee"
837,"Namkeen,Other Vegetables,Gourd & Cucumber,Aluminium Foil & Cling Wrap,Beans,Ice Creams & Desserts,Namkeen,Phenyles & Acids,Corn Snacks"
838,"Moong Dal,Raw Rice,Sugar,Whole Spices,Sooji & Rava,Rice Flour,Sunflower Oils,Urad Dal,Jaggery,Mosquito Repellent,Toor Dal"
839,"Root Vegetables,Whole Spices,Whole Spices,Raw Peanuts,Sooji & Rava,Besan,Liquid Soaps & Bars,Liquid Soaps & Bars,Other Dals,Toor Dal,Whole Spices,Whole Spices,Raw Rice,Whole Spices"
840,"Brinjals,Other Vegetables,Root Vegetables,Toor Dal,Beans,Boiled Rice,Raisins,Almonds,Cashews,Namkeen"
841,"Toothpaste,Other Dals,Sooji & Rava,Moong Dal,Avalakki / Poha,Raw Peanuts,Other Dals,Sugar,Sooji & Rava,Other Rice Products,Urad Dal,Phenyles & Acids,Maida,Health Drinks,Toor Dal,Basmati Rice,Whole Spices,Other Dry Fruits"
842,"Other Vegetables,Other Dals,Other Dals,Whole Spices,Beans,Gourd & Cucumber,Toor Dal,Sunflower Oils"
843,"Beans,Other Vegetables,Root Vegetables,Gourd & Cucumber,Beans,Gourd & Cucumber,Organic F&V,Organic F&V,Organic F&V"
844,"Raw Peanuts,Whole Spices,Moong Dal,Other Dals,Whole Spices,Other Dals,Maida,Jaggery,Mosquito Repellent,Toilet Cleaners,Cashews,Health Drinks,Agarbatti,Whole Spices,Whole Spices,Whole Spices"
845,"Moong Dal,Moong Dal,Other Dals,Raw Rice,Other Rice Products,Urad Dal,Sugar,Urad Dal,Ground Coffee,Avalakki / Poha,Sooji & Rava,Ghee"
846,"Sunflower Oils,Bread,Whole Spices,Moong Dal,Whole Spices,Urad Dal,Instant Pastas,Sugar,Buns & Pavs,Cashews,Other Rice Products,Chilli & Soya Sauces,Other Dals,Phenyles & Acids"
847,"Other Vegetables,Beans,Gourd & Cucumber,Raw Peanuts,Avalakki / Poha,Ghee,Sunflower Oils,Brinjals,Organic F&V,Organic F&V,Toor Dal,Raw Rice"
848,"Raw Peanuts,Moong Dal,Avalakki / Poha,Organic Masalas & Spices,Moong Dal,Organic Masalas & Spices,Raw Rice,Organic Masalas & Spices,Organic Masalas & Spices,Organic Masalas & Spices,Almonds,Other Dry Fruits"
849,"Other Dals,Raw Peanuts,Other Dals,Raw Rice,Sunflower Oils,Sugar,Toor Dal,Phenyles & Acids,Whole Spices"
850,"Whole Spices,Moong Dal,Urad Dal,Other Rice Products,Raw Rice,Sugar,Almonds,Other Dry Fruits,Whole Spices"
851,"Other Vegetables,Beans,Brinjals,Banana,Yogurt & Lassi,Yogurt & Lassi,Yogurt & Lassi,Whole Spices"
852,"Other Vegetables,Ground Coffee,Root Vegetables,Beans,Beans,Whole Spices,Banana,Sugar,Ground Coffee,Jaggery,Cakes,Rasagulla & Gulab Jamun,Yogurt & Lassi,Namkeen,Raw Rice"
853,"Root Vegetables,Brinjals,Root Vegetables,Vermicelli,Moong Dal,Other Dals,Maida,Urad Dal,Other Dals,Sunflower Oils,Toor Dal"
854,"Whole Spices,Moong Dal,Whole Spices,Whole Spices,Sunflower Oils,Sooji & Rava,Other Rice Products,Besan,Other Dals,Cashews,Urad Dal"
855,"Moong Dal,Bread,Organic Masalas & Spices,Organic Masalas & Spices,Sugar,Ghee,Organic Masalas & Spices,Brinjals,Mosquito Repellent,Organic Masalas & Spices,Other Dals,Cream Biscuits,Other Dals"
856,"Whole Spices,Raw Peanuts,Urad Dal,Sooji & Rava,Urad Dal,Boiled Rice,Other Rice Products,Liquid Soaps & Bars,Whole Spices"
857,"Namkeen,Root Vegetables,Banana,Raw Peanuts,Namkeen,Moong Dal,Toor Dal,Aluminium Foil & Cling Wrap,Namkeen"
858,"Other Vegetables,Other Dals,Whole Spices,Moong Dal,Toor Dal,Other Dals,Moong Dal,Other Dals,Urad Dal"
859,"Raw Peanuts,Moong Dal,Other Dals,Whole Spices,Other Dals,Other Dals,Sugar,Besan,Other Dals,Sugar,Mosquito Repellent,Namkeen,Avalakki / Poha,Raisins,Namkeen,Cashews,Phenyles & Acids"
860,"Raw Peanuts,Whole Spices,Moong Dal,Toor Dal,Sooji & Rava,Whole Spices,Sooji & Rava,Buns & Pavs,Almonds,Liquid Soaps & Bars"
861,"Root Vegetables,Whole Spices,Moong Dal,Whole Spices,Moong Dal,Urad Dal,Aluminium Foil & Cling Wrap,Other Dals,Whole Spices"
862,"Exotic Vegetables,Banana,Whole Spices,Bread,Toothpaste,Organic F&V,Organic F&V,Organic F&V"
863,"Beans,Urad Dal,Banana,Health Drinks,Other Rice Products,Sugar,Other Oils,Boiled Rice,Raisins,Instant Noodles,Chilli & Soya Sauces,Phenyles & Acids,Whole Spices"
864,"Other Vegetables,Gourd & Cucumber,Beans,Beans,Gourd & Cucumber,Organic F&V,Organic F&V,Organic F&V,Organic F&V"
865,"Brinjals,Root Vegetables,Gourd & Cucumber,Banana,Whole Spices,Agarbatti,Toor Dal,Whole Spices"
866,"Root Vegetables,Root Vegetables,Shaving Blade & Razors,Diapers & Wipes,Other Dals,Organic F&V,Organic F&V,Agarbatti,Organic F&V"
867,"Raw Peanuts,Whole Spices,Whole Spices,Vermicelli,Avalakki / Poha,Other Dals,Moong Dal,Urad Dal,Whole Spices,Health Drinks,Other Rice Products,Rice Flour,Aluminium Foil & Cling Wrap,Jaggery,Sugar,Mosquito Repellent,Organic Masalas & Spices,Mosquito Repellent,Avalakki / Poha,Raw Rice,Raisins,Cashews,Other Dals,Whole Spices,Whole Spices,Whole Spices"
868,"Other Vegetables,Beans,Brinjals,Other Vegetables,Other Dals,Basmati Rice,Other Dals,Organic F&V"
869,"Bread,Other Vegetables,Brinjals,Other Vegetables,Gourd & Cucumber,Beans,Other Dals,Sooji & Rava,Organic Rice & Rice Products,Maida,Toor Dal,Other Dals"
870,"Gourd & Cucumber,Other Dals,Health Drinks,Namkeen,Moong Dal,Avalakki / Poha,Other Dals,Sugar,Namkeen,Other Dals"
871,"Namkeen,Namkeen,Rice Flour,Maida,Sunflower Oils,Whole Spices,Namkeen,Basmati Rice"
872,"Beans,Brinjals,Whole Spices,Moong Dal,Whole Spices,Raw Peanuts,Raw Rice,Urad Dal,Sugar,Maida,Sooji & Rava,Rice Flour,Other Dals,Sooji & Rava,Ghee,Other Flours,Other Rice Products,Other Dals,Other Dals,Phenyles & Acids,Healthy Snacks,Toor Dal,Other Dals,Whole Spices,Whole Spices"
873,"Ground Coffee,Root Vegetables,Other Vegetables,Root Vegetables,Gourd & Cucumber,Sooji & Rava,Banana,Jaggery,Mosquito Repellent,Mosquito Repellent,Avalakki / Poha,Chips,Namkeen,Namkeen"
874,"Other Vegetables,Root Vegetables,Gourd & Cucumber,Raw Peanuts,Sooji & Rava,Moong Dal,Besan,Other Dals,Sunflower Oils,Hair Oil,Other Dals,Other Dals"
875,"Beans,Root Vegetables,Other Vegetables,Other Vegetables,Exotic Vegetables,Bread,Beans,Gourd & Cucumber,Buns & Pavs,Root Vegetables"
876,"Other Dals,Sooji & Rava,Rice Flour,Besan,Sooji & Rava,Sugar,Cream Biscuits,Organic Masalas & Spices,Whole Spices,Other Dals,Whole Spices"
877,"Other Vegetables,Gourd & Cucumber,Brinjals,Other Dals,Gourd & Cucumber,Toor Dal,Yogurt & Lassi,Yogurt & Lassi,Milk"
878,"Gourd & Cucumber,Namkeen,Whole Spices,Namkeen,Urad Dal,Other Insect Repellent,Chinese Noodles,Whole Spices,Namkeen,Chinese Noodles,Health Drinks,Namkeen"
879,"Other Vegetables,Brinjals,Brinjals,Gourd & Cucumber,Beans,Whole Spices,Sunflower Oils,Whole Spices"
880,"Organic Flours,Avalakki / Poha,Organic Masalas & Spices,Organic Dals & Pulses,Aluminium Foil & Cling Wrap,Other Rice Products,Raw Rice,Other Pooja Needs,Avalakki / Poha,Raisins,Other Insect Repellent,Toor Dal"
881,"Namkeen,Other Dals,Moong Dal,Mosquito Repellent,Other Dry Fruits,Other Dry Fruits,Organic F&V,Namkeen"
882,"Beans,Gourd & Cucumber,Whole Spices,Toor Dal,Moong Dal,Other Dals,Sooji & Rava,Other Dals,Sunflower Oils,Raw Rice,Namkeen,Jaggery,Sugar,Namkeen,Other Dals,Namkeen"
883,"Beans,Basmati Rice,Bread,Root Vegetables,Banana,Moong Dal,Brinjals,Other Dals,Other Dals"
884,"Namkeen,Namkeen,Namkeen,Cream Biscuits,Namkeen,Snacky Nuts,Namkeen,Namkeen"
885,"Beans,Brinjals,Other Vegetables,Gourd & Cucumber,Beans,Beans,Cream Biscuits,Liquid Soaps & Bars"
886,"Root Vegetables,Other Vegetables,Root Vegetables,Banana,Other Dals,Sugar,Cooking Paste,Diapers & Wipes,Other Dals,Organic F&V,Organic F&V"
887,"Other Vegetables,Other Vegetables,Other Dals,Other Dals,Urad Dal,Glucose, Marie & Milk Biscuits,Other Dals,Mustard Oils"
888,"Other Dals,Avalakki / Poha,Sunflower Oils,Sugar,Boiled Rice,Other Rice Products,Phenyles & Acids,Maida,Jaggery,Toor Dal"
889,"Other Vegetables,Gourd & Cucumber,Other Dals,Other Dals,Other Dals,Sugar,Other Dals,Other Dals"
890,"Beans,Other Vegetables,Brinjals,Other Vegetables,Exotic Vegetables,Beans,Ghee,Other Dals"
891,"Other Vegetables,Other Vegetables,Whole Spices,Moong Dal,Other Dals,Whole Spices,Sugar,Root Vegetables"
892,"Beans,Root Vegetables,Exotic Vegetables,Sooji & Rava,Besan,Ghee,Exotic Vegetables,Sugar"
893,"Exotic Vegetables,Exotic Vegetables,Beans,Brinjals,Gourd & Cucumber,Exotic Vegetables,Moong Dal,Moong Dal,Beans,Boiled Rice,Toor Dal"
894,"Bread,Other Vegetables,Root Vegetables,Beans,Gourd & Cucumber,Whole Spices,Namkeen,Whole Spices"
895,"Root Vegetables,Brinjals,Beans,Banana,Whole Spices,Toor Dal,Moong Dal,Glucose, Marie & Milk Biscuits,Organic F&V,Liquid Soaps & Bars"
896,"Whole Spices,Moong Dal,Rice Flour,Other Dals,Urad Dal,Whole Spices,Urad Dal,Besan,Gourd & Cucumber,Avalakki / Poha,Boiled Rice,Toor Dal"
897,"Whole Spices,Whole Spices,Toor Dal,Other Dals,Other Dals,Other Dals,Sugar,Raw Rice,Maida,Urad Dal,Honey,Tomato Ketchup,Shaving Blade & Razors,Almonds,Other Dals,Other Dals"
898,"Brinjals,Other Vegetables,Root Vegetables,Whole Spices,Sunflower Oils,Organic Dals & Pulses,Maida,Whole Spices,Hand Wash,Glucose, Marie & Milk Biscuits,Organic F&V,Organic F&V"
899,"Beans,Brinjals,Banana,Gourd & Cucumber,Whole Spices,Gourd & Cucumber,Other Dals,Buttermilk,Other Dals,Yogurt & Lassi,Whole Spices"
900,"Other Dals,Beans,Raw Rice,Health Drinks,Sugar,Other Oils,Cream Biscuits,Ice Creams & Desserts,Agarbatti"
901,"Moong Dal,Whole Spices,Besan,Aluminium Foil & Cling Wrap,Maida,Other Dals,Other Dals,Mustard Oils"
902,"Other Vegetables,Other Vegetables,Root Vegetables,Exotic Vegetables,Exotic Vegetables,Whole Spices,Exotic Vegetables,Other Dals,Moong Dal,Health Drinks,Sugar,Urad Dal,Exotic Vegetables,Whole Spices,Honey,Other Dals,Other Dals,Toor Dal"
903,"Other Vegetables,Root Vegetables,Beans,Gourd & Cucumber,Ready Baking Mixes,Moong Dal,Sugar,Banana,Gourd & Cucumber,Health Drinks,Besan,Brinjals,Namkeen"
904,"Ground Coffee,Moong Dal,Avalakki / Poha,Raw Peanuts,Sooji & Rava,Urad Dal,Besan,Almonds,Raw Rice,Toor Dal,Other Dry Fruits,Other Dals"
905,"Other Dals,Moong Dal,Whole Spices,Other Dals,Moong Dal,Other Dals,Sooji & Rava,Urad Dal,Cream Biscuits,Namkeen,Instant Noodles,Other Dals,Other Dals"
906,"Exotic Vegetables,Exotic Vegetables,Sooji & Rava,Boiled Rice,Maida,Jaggery,Other Rice Products,Whole Spices,Vermicelli,Regular Pasta,Raw Rice"
907,"Moong Dal,Whole Spices,Whole Spices,Banana,Sugar,Rice Flour,Besan,Maida,Sunflower Oils,Sugar,Phenyles & Acids,Raw Rice,Toor Dal"
908,"Whole Spices,Moong Dal,Other Dals,Raw Rice,Maida,Sugar,Mosquito Repellent,Raisins,Whole Spices"
909,"Other Dals,Moong Dal,Moong Dal,Other Dals,Whole Spices,Toor Dal,Other Dals,Sooji & Rava,Urad Dal,Toor Dal,Sugar,Cashews,Raisins,Agarbatti"
910,"Raw Peanuts,Whole Spices,Toor Dal,Raw Rice,Urad Dal,Maida,Ghee,Sooji & Rava,Other Flours,Jaggery,Boiled Rice,Health Drinks"
911,"Sunflower Oils,Sugar,Namkeen,Namkeen,Namkeen,Namkeen,Organic F&V,Organic F&V"
912,"Other Vegetables,Other Vegetables,Root Vegetables,Toor Dal,Raw Rice,Sunflower Oils,Sugar,Organic F&V"
913,"Beans,Beans,Exotic Vegetables,Beans,Namkeen,Organic F&V,Namkeen,Namkeen"
914,"Beans,Other Vegetables,Root Vegetables,Sooji & Rava,Exotic Vegetables,Moong Dal,Sooji & Rava,Other Dals,Exotic Vegetables,Toor Dal,Exotic Vegetables,Yogurt & Lassi,Yogurt & Lassi"
915,"Root Vegetables,Exotic Vegetables,Exotic Vegetables,Gourd & Cucumber,Moong Dal,Beans,Moong Dal,Sugar,Chinese Noodles,Other Dals,Toor Dal"
916,"Whole Spices,Whole Spices,Whole Spices,Whole Spices,Sooji & Rava,Rice Flour,Liquid Soaps & Bars,Raw Rice,Other Rice Products,Urad Dal,Sugar,Besan,Maida,Ground Coffee,Avalakki / Poha,Cashews"
917,"Root Vegetables,Other Vegetables,Whole Spices,Avalakki / Poha,Raw Rice,Sunflower Oils,Sugar,Mosquito Repellent,Other Insect Repellent,Liquid Detergent"
918,"Other Dals,Urad Dal,Whole Spices,Sooji & Rava,Sooji & Rava,Urad Dal,Sunflower Oils,Sugar,Jaggery,Ghee,Whole Spices"
919,"Toor Dal,Urad Dal,Maida,Sooji & Rava,Besan,Cream Biscuits,Raw Rice,Raisins,Cashews,Whole Spices,Other Pooja Needs"
920,"Whole Spices,Toor Dal,Raw Rice,Sooji & Rava,Other Rice Products,Besan,Other Dals,Urad Dal,Jaggery,Sugar,Sunflower Oils"
921,"Whole Spices,Namkeen,Whole Spices,Sugar,Sooji & Rava,Besan,Phenyles & Acids,Jaggery,Mango Juices,Namkeen,Tomato Ketchup,Raw Rice,Namkeen,Liquid Soaps & Bars,Namkeen,Whole Spices"
922,"Exotic Vegetables,Other Dals,Moong Dal,Urad Dal,Sugar,Banana,Aluminium Foil & Cling Wrap,Mosquito Repellent,Almonds,Cashews,Toor Dal,Whole Spices,Whole Spices"
923,"Moong Dal,Whole Spices,Other Dals,Namkeen,Sugar,Mosquito Repellent,Cashews,Namkeen,Whole Spices,Whole Spices,Whole Spices"
924,"Root Vegetables,Other Vegetables,Exotic Vegetables,Exotic Vegetables,Exotic Vegetables,Exotic Vegetables,Banana,Toor Dal,Besan"
925,"Exotic Vegetables,Exotic Vegetables,Beans,Brinjals,Gourd & Cucumber,Exotic Vegetables,Whole Spices,Organic F&V,Organic F&V,Organic F&V,Organic F&V"
926,"Bread,Other Vegetables,Exotic Vegetables,Gourd & Cucumber,Namkeen,Moong Dal,Rice Flour,Sugar,Banana,Toor Dal,Sooji & Rava"
927,"Beans,Namkeen,Snacky Nuts,Namkeen,Namkeen,Cooking Paste,Namkeen,Namkeen,Sunflower Oils,Namkeen"
928,"Banana,Cashews,Sunflower Oils,Raisins,Other Dry Fruits,Raw Rice,Yogurt & Lassi,Organic F&V,Other Dry Fruits,Whole Spices"
929,"Root Vegetables,Beans,Gourd & Cucumber,Whole Spices,Moong Dal,Moong Dal,Whole Spices,Toor Dal,Raw Peanuts,Whole Spices,Maida,Sooji & Rava,Rice Flour,Sooji & Rava,Ghee,Sugar,Jaggery,Raisins,Cashews,Raw Rice,Phenyles & Acids,Whole Spices,Whole Spices"
930,"Moong Dal,Urad Dal,Besan,Other Dals,Maida,Other Dals,Sugar,Whole Spices,Sunflower Oils,Whole Spices,Raw Rice"
931,"Other Vegetables,Gourd & Cucumber,Other Dals,Other Dals,Other Rice Products,Besan,Urad Dal,Sugar,Other Dals,Other Dals,Other Dals"
932,"Other Vegetables,Beans,Raw Peanuts,Vermicelli,Liquid Soaps & Bars,Maida,Brinjals,Rice Flour,Jaggery,Sugar,Avalakki / Poha,Other Rice Products,Organic F&V,Other Dals"
933,"Other Vegetables,Beans,Gourd & Cucumber,Namkeen,Namkeen,Namkeen,Other Oils,Other Dals,Organic F&V"
934,"Sooji & Rava,Exotic Vegetables,Avalakki / Poha,Raw Rice,Jaggery,Ghee,Other Rice Products,Raisins,Cashews,Organic F&V"
935,"Beans,Urad Dal,Sugar,Organic F&V,Organic F&V,Organic F&V,Agarbatti,Organic F&V"
936,"Namkeen,Brinjals,Beans,Namkeen,Besan,Sugar,Namkeen,Sooji & Rava"
937,"Other Vegetables,Ground Coffee,Root Vegetables,Beans,Other Vegetables,Root Vegetables,Whole Spices,Whole Spices,Banana,Organic F&V,Namkeen,Organic F&V,Namkeen"
938,"Other Vegetables,Other Vegetables,Root Vegetables,Beans,Beans,Exotic Vegetables,Urad Dal,Other Rice Products,Sugar,Sunflower Oils"
939,"Namkeen,Other Dals,Toor Dal,Ghee,Sugar,Namkeen,Whole Spices,Whole Spices,Whole Spices,Whole Spices"
940,"Beans,Beans,Banana,Sunflower Oils,Buns & Pavs,Organic F&V,Organic F&V,Organic F&V"
941,"Beans,Ground Coffee,Brinjals,Moong Dal,Whole Spices,Raw Peanuts,Banana,Raw Rice,Instant Noodles,Whole Spices,Organic Rice & Rice Products,Instant Noodles,Raisins,Cashews,Organic F&V"
942,"Other Vegetables,Gourd & Cucumber,Raw Peanuts,Organic Dals & Pulses,Brinjals,Organic Rice & Rice Products,Basmati Rice,Other Dals,Regular Pasta"
943,"Root Vegetables,Exotic Vegetables,Whole Spices,Moong Dal,Other Dals,Avalakki / Poha,Other Dals,Sugar,Besan,Whole Spices,Phenyles & Acids,Salty Biscuits"
944,"Other Vegetables,Beans,Moong Dal,Other Dals,Toor Dal,Brinjals,Urad Dal,Sugar,Jaggery,Avalakki / Poha,Mustard Oils"
945,"Other Vegetables,Other Vegetables,Moong Dal,Other Dals,Beans,Brinjals,Root Vegetables,Salty Biscuits"
946,"Whole Spices,Whole Spices,Avalakki / Poha,Other Dals,Sugar,Glucose, Marie & Milk Biscuits,Other Dals,Sooji & Rava,Maida,Namkeen,Sunflower Oils,Namkeen,Namkeen,Basmati Rice,Toor Dal,Other Dals,Mustard Oils"
947,"Moong Dal,Jaggery,Namkeen,Almonds,Namkeen,Namkeen,Whole Spices,Whole Spices"
948,"Whole Spices,Whole Spices,Toor Dal,Sugar,Besan,Other Dals,Other Dals,Boiled Rice"
949,"Bread,Raw Peanuts,Other Dals,Organic Masalas & Spices,Other Dals,Organic Masalas & Spices,Whole Spices,Whole Spices,Whole Spices"
950,"Banana,Raw Peanuts,Rice Flour,Sugar,Urad Dal,Jaggery,Other Flours,Cashews,Organic F&V"
951,"Beans,Other Vegetables,Other Vegetables,Exotic Vegetables,Raw Peanuts,Moong Dal,Maida,Besan,Brinjals"
952,"Brinjals,Root Vegetables,Banana,Beans,Sooji & Rava,Other Oils,Avalakki / Poha,Honey,Ground Coffee"
953,"Root Vegetables,Beans,Banana,Jaggery,Urad Dal,Sugar,Raw Rice,Regular Pasta"
954,"Banana,Namkeen,Ice Creams & Desserts,Yogurt & Lassi,Wafers,Rasagulla & Gulab Jamun,Organic F&V,Organic F&V,Organic F&V,Curd"
955,"Gourd & Cucumber,Raw Peanuts,Other Dals,Other Dals,Ice Creams & Desserts,Regular Pasta,Other Dals,Other Dals"
956,"Other Vegetables,Other Vegetables,Root Vegetables,Beans,Gourd & Cucumber,Brinjals,Ghee,Namkeen,Namkeen"
957,"Other Vegetables,Root Vegetables,Beans,Banana,Moong Dal,Whole Spices,Other Dals,Other Dals,Other Dals,Other Dals,Whole Spices,Whole Spices,Whole Spices,Whole Spices,Whole Spices"
958,"Other Vegetables,Root Vegetables,Other Vegetables,Gourd & Cucumber,Moong Dal,Maida,Sugar,Brinjals,Organic F&V"
959,"Other Vegetables,Root Vegetables,Gourd & Cucumber,Beans,Banana,Jaggery,Snacky Nuts,Organic F&V,Organic F&V,Organic F&V,Organic F&V,Namkeen,Organic F&V"
960,"Root Vegetables,Beans,Other Vegetables,Beans,Beans,Banana,Namkeen,Namkeen,Root Vegetables,Organic F&V,Organic F&V,Organic F&V,Organic F&V"
961,"Whole Spices,Whole Spices,Moong Dal,Whole Spices,Rice Flour,Maida,Jaggery,Snacky Nuts,Liquid Detergent,Almonds,Chips,Namkeen"
962,"Gourd & Cucumber,Whole Spices,Mosquito Repellent,Ice Creams & Desserts,Whole Spices,Organic F&V,Organic F&V,Organic F&V,Whole Spices,Whole Spices"
963,"Other Vegetables,Beans,Gourd & Cucumber,Brinjals,Whole Spices,Cooking Paste,Beans,Sunflower Oils,Basmati Rice"
964,"Other Vegetables,Brinjals,Exotic Vegetables,Whole Spices,Moong Dal,Other Dals,Banana,Namkeen,Sugar,Namkeen"
965,"Root Vegetables,Raw Peanuts,Whole Spices,Whole Spices,Toor Dal,Mosquito Repellent,Whole Spices,Cashews,Shaving Cream, Foam & Gels,Glucose, Marie & Milk Biscuits"
966,"Whole Spices,Moong Dal,Toor Dal,Whole Spices,Other Dals,Urad Dal,Raw Rice,Whole Spices,Other Dals"
967,"Beans,Other Vegetables,Other Vegetables,Root Vegetables,Brinjals,Bread,Sooji & Rava,Sooji & Rava"
968,"Exotic Vegetables,Exotic Vegetables,Exotic Vegetables,Phenyles & Acids,Liquid Detergent,Yogurt & Lassi,Yogurt & Lassi,Liquid Soaps & Bars,Yogurt & Lassi"
969,"Root Vegetables,Root Vegetables,Whole Spices,Moong Dal,Other Dals,Sooji & Rava,Besan,Other Dry Fruits"
970,"Other Vegetables,Beans,Other Vegetables,Gourd & Cucumber,Brinjals,Gourd & Cucumber,Beans,Organic F&V"
971,"Namkeen,Sooji & Rava,Moong Dal,Sunflower Oils,Sugar,Namkeen,Almonds,Glucose, Marie & Milk Biscuits"
972,"Avalakki / Poha,Organic Dals & Pulses,Toothpaste,Organic Masalas & Spices,Organic F&V,Organic F&V,Organic F&V,Organic F&V,Organic F&V,Organic F&V,Organic F&V"
973,"Beans,Other Vegetables,Toor Dal,Whole Spices,Urad Dal,Sugar,Root Vegetables,Other Dals"
974,"Gourd & Cucumber,Ground Coffee,Other Vegetables,Moong Dal,Beans,Boiled Rice,Avalakki / Poha,Raw Rice,Organic F&V"
975,"Bread,Other Vegetables,Other Vegetables,Gourd & Cucumber,Beans,Beans,Sugar,Brinjals,Root Vegetables"
976,"Whole Spices,Whole Spices,Moong Dal,Whole Spices,Whole Spices,Raw Peanuts,Other Dals,Sooji & Rava,Raw Rice,Other Rice Products,Sugar,Besan,Maida,Jaggery,Raw Rice,Toor Dal"
977,"Root Vegetables,Other Vegetables,Other Vegetables,Beans,Moong Dal,Toor Dal,Other Dals,Beans,Raw Rice,Sunflower Oils,Toilet Cleaners"
978,"Toothpaste,Raw Peanuts,Moong Dal,Toor Dal,Urad Dal,Other Rice Products,Other Dals,Sunflower Oils,Liquid Soaps & Bars,Liquid Soaps & Bars"
979,"Raw Peanuts,Exotic Vegetables,Avalakki / Poha,Raw Rice,Toor Dal,Exotic Vegetables,Root Vegetables,Almonds,Mosquito Repellent"
980,"Root Vegetables,Other Vegetables,Ground Coffee,Other Vegetables,Whole Spices,Moong Dal,Raw Peanuts,Moong Dal,Banana,Urad Dal,Other Dry Fruits,Almonds,Raisins,Almonds,Other Dry Fruits,Other Dals"
981,"Other Vegetables,Banana,Beans,Whole Spices,Brinjals,Urad Dal,Mango Juices,Whole Spices,Sunflower Oils"
982,"Gourd & Cucumber,Root Vegetables,Brinjals,Other Vegetables,Other Vegetables,Root Vegetables,Exotic Vegetables,Exotic Vegetables,Beans,Gourd & Cucumber,Besan,Regular Pasta,Exotic Vegetables"
983,"Gourd & Cucumber,Bread,Other Dals,Beans,Root Vegetables,Chinese Noodles,Organic F&V,Organic F&V,Organic F&V"
984,"Exotic Vegetables,Gourd & Cucumber,Brinjals,Toor Dal,Moong Dal,Beans,Boiled Rice,Organic Rice & Rice Products,Organic F&V,Other Dals"
985,"Bread,Organic Dals & Pulses,Organic Dals & Pulses,Organic Dals & Pulses,Organic Rice & Rice Products,Organic Dals & Pulses,Ghee,Organic Masalas & Spices,Organic Rice & Rice Products,Organic Dals & Pulses"
986,"Moong Dal,Whole Spices,Other Dals,Moong Dal,Moong Dal,Urad Dal,Urad Dal,Urad Dal,Basmati Rice,Cream Biscuits,Cooking Sauce,Other Dals"
987,"Whole Spices,Other Dals,Moong Dal,Shoe Polish,Other Dals,Moong Dal,Urad Dal,Sugar,Besan,Sugar,Boiled Rice,Other Oils,Namkeen,Other Dals,Toor Dal"
988,"Other Dals,Sugar,Besan,Maida,Jaggery,Mosquito Repellent,Whole Spices,Toilet Cleaners,Ghee,Raisins,Urad Dal,Cashews,Other Dals,Liquid Soaps & Bars,Agarbatti,Whole Spices,Whole Spices"
989,"Bread,Banana,Gourd & Cucumber,Namkeen,Besan,Organic F&V,Organic F&V,Organic F&V,Organic F&V"
990,"Other Vegetables,Brinjals,Other Dals,Other Dals,Gourd & Cucumber,Brinjals,Other Rice Products,Organic F&V"
991,"Banana,Jaggery,Ground Coffee,Besan,Namkeen,Snacky Nuts,Snacky Nuts,Snacky Nuts,Corn Snacks,Ground Coffee,Namkeen"
992,"Other Vegetables,Banana,Exotic Vegetables,Root Vegetables,Phenyles & Acids,Honey,Organic F&V,Organic F&V,Organic F&V"
993,"Gourd & Cucumber,Beans,Beans,Exotic Vegetables,Root Vegetables,Organic F&V,Organic F&V,Organic F&V,Organic F&V,Organic F&V,Organic F&V"
994,"Raw Peanuts,Moong Dal,Gourd & Cucumber,Toor Dal,Brinjals,Other Rice Products,Sooji & Rava,Sugar,Avalakki / Poha,Liquid Soaps & Bars"
995,"Whole Spices,Toor Dal,Other Dals,Moong Dal,Urad Dal,Namkeen,Cream Biscuits,Other Dals"
996,"Other Vegetables,Beans,Vermicelli,Moong Dal,Other Dals,Moong Dal,Banana,Sooji & Rava,Besan,Instant Pastas,Other Dals,Jaggery,Other Dals,Instant Pastas,Avalakki / Poha,Boiled Rice,Cashews,Almonds,Raw Rice,Other Dals,Toor Dal,Other Dals"
997,"Other Vegetables,Other Vegetables,Banana,Gourd & Cucumber,Cooking Paste,Sugar,Raw Rice,Sunflower Oils,Root Vegetables,Cashews,Raw Rice,Ghee"
998,"Whole Spices,Whole Spices,Avalakki / Poha,Other Dals,Moong Dal,Other Dals,Sugar,Whole Spices,Sooji & Rava,Urad Dal,Rice Flour,Besan,Sunflower Oils,Jaggery,Other Flours"
999,"Whole Spices,Moong Dal,Toor Dal,Moong Dal,Whole Spices,Sunflower Oils,Raw Rice,Maida,Besan,Other Dals,Jaggery,Sugar,Phenyles & Acids"
1000,"Moong Dal,Moong Dal,Other Dals,Moong Dal,Urad Dal,Toor Dal,Hand Wash,Other Dals"
1001,"Sunflower Oils,Whole Spices,Moong Dal,Moong Dal,Other Dals,Raw Peanuts,Urad Dal,Sugar,Whole Spices,Sooji & Rava,Besan,Other Dals,Maida,Ghee,Jaggery,Health Drinks,Agarbatti,Almonds,Other Dals,Other Dals,Toor Dal"
1002,"Sunflower Oils,Moong Dal,Toor Dal,Avalakki / Poha,Other Dals,Urad Dal,Sunflower Oils,Raw Rice,Sooji & Rava,Rice Flour,Other Dals,Other Dals,Other Dals,Urad Dal,Jaggery,Toothpaste,Almonds,Other Dry Fruits,Toor Dal,Other Dals"
1003,"Ground Coffee,Moong Dal,Toor Dal,Raw Peanuts,Rice Flour,Other Dals,Whole Spices,Whole Spices,Urad Dal,Besan,Other Dry Fruits,Other Dry Fruits,Raisins,Almonds,Raisins,Other Dry Fruits,Toor Dal,Whole Spices"
1004,"Namkeen,Other Dals,Avalakki / Poha,Whole Spices,Namkeen,Sunflower Oils,Toilet Cleaners,Raw Rice,Boiled Rice,Toor Dal,Health Drinks"
1005,"Other Vegetables,Banana,Beans,Sunflower Oils,Boiled Rice,Yogurt & Lassi,Yogurt & Lassi,Glucose, Marie & Milk Biscuits,Liquid Soaps & Bars"
1006,"Beans,Other Vegetables,Brinjals,Exotic Vegetables,Bread,Other Dals,Toor Dal,Tomato Ketchup,Organic F&V"
1007,"Raw Peanuts,Moong Dal,Whole Spices,Other Dals,Sugar,Besan,Other Dals,Namkeen,Body Wash,Namkeen,Whole Spices,Whole Spices"
1008,"Gourd & Cucumber,Other Vegetables,Root Vegetables,Exotic Vegetables,Exotic Vegetables,Banana,Beans,Other Dals,Other Dals,Other Dals,Sooji & Rava,Root Vegetables,Other Dals"
1009,"Other Vegetables,Other Vegetables,Gourd & Cucumber,Other Dals,Whole Spices,Gourd & Cucumber,Cooking Paste,Brinjals,Toor Dal"
1010,"Other Vegetables,Beans,Beans,Sunflower Oils,Whole Spices,Cream Biscuits,Whole Spices,Whole Spices"
1011,"Other Vegetables,Other Vegetables,Gourd & Cucumber,Beans,Gourd & Cucumber,Other Dals,Toothpaste,Organic F&V"
1012,"Other Vegetables,Gourd & Cucumber,Brinjals,Whole Spices,Moong Dal,Whole Spices,Toor Dal,Rice Flour,Sugar,Whole Spices,Gourd & Cucumber,Maida,Sooji & Rava,Other Dals,Sooji & Rava,Ghee,Jaggery,Other Rice Products,Boiled Rice,Urad Dal,Whole Spices,Whole Spices"
1013,"Root Vegetables,Banana,Moong Dal,Moong Dal,Other Dals,Toor Dal,Other Dals,Urad Dal,Other Dals,Instant Pastas,Brinjals,Root Vegetables"
1014,"Gourd & Cucumber,Other Vegetables,Root Vegetables,Brinjals,Other Vegetables,Beans,Rice Flour,Other Flours,Namkeen,Organic F&V,Whole Spices"
1015,"Gourd & Cucumber,Moong Dal,Beans,Urad Dal,Maida,Sooji & Rava,Besan,Ghee,Almonds"
1016,"Other Vegetables,Sunflower Oils,Toor Dal,Root Vegetables,Other Dry Fruits,Organic F&V,Organic F&V,Organic F&V"
1017,"Raw Peanuts,Whole Spices,Sooji & Rava,Moong Dal,Urad Dal,Sugar,Rice Flour,Besan,Maida,Jaggery,Other Flours,Snacky Nuts,Avalakki / Poha,Avalakki / Poha,Cashews"
1018,"Other Vegetables,Root Vegetables,Other Vegetables,Gourd & Cucumber,Beans,Gourd & Cucumber,Brinjals,Mosquito Repellent,Toilet Cleaners,Root Vegetables"
1019,"Gourd & Cucumber,Brinjals,Other Vegetables,Banana,Toor Dal,Beans,Sugar,Besan,Sooji & Rava,Mosquito Repellent"
1020,"Other Vegetables,Banana,Toor Dal,Namkeen,Brinjals,Ghee,Urad Dal,Mango Juices,Namkeen,Snacky Nuts,Sunflower Oils,Namkeen,Liquid Soaps & Bars"
1021,"Bread,Other Vegetables,Brinjals,Moong Dal,Whole Spices,Other Dals,Brinjals,Buns & Pavs"
1022,"Bread,Other Vegetables,Root Vegetables,Bread,Brinjals,Other Vegetables,Beans,Beans,Liquid Soaps & Bars"
1023,"Root Vegetables,Beans,Other Dals,Gourd & Cucumber,Raw Rice,Other Dals,Sugar,Brinjals"
1024,"Beans,Other Dals,Other Dals,Other Dals,Snacky Nuts,Whole Spices,Whole Spices,Root Vegetables,Namkeen,Whole Spices"
1025,"Other Vegetables,Other Vegetables,Banana,Whole Spices,Brinjals,Boiled Rice,Sugar,Ghee,Mango Juices,Sunflower Oils"
1026,"Raw Peanuts,Whole Spices,Avalakki / Poha,Moong Dal,Other Dals,Urad Dal,Sugar,Whole Spices,Sooji & Rava,Sooji & Rava,Besan,Sunflower Oils,Shaving Blade & Razors,Avalakki / Poha,Toor Dal,Whole Spices"
1027,"Moong Dal,Moong Dal,Sooji & Rava,Sunflower Oils,Toor Dal,Maida,Besan,Other Dals,Jaggery,Instant Pastas,Mango Juices,Other Dals,Other Dals"
1028,"Other Vegetables,Moong Dal,Toor Dal,Other Dals,Other Dals,Brinjals,Root Vegetables,Other Dals"
1029,"Beans,Other Vegetables,Whole Spices,Beans,Sunflower Oils,Gourd & Cucumber,Raw Rice,Besan,Aluminium Foil & Cling Wrap,Raisins,Honey"
1030,"Whole Spices,Exotic Vegetables,Bread,Avalakki / Poha,Other Dry Fruits,Other Dry Fruits,Other Dry Fruits,Organic F&V,Organic F&V"
1031,"Whole Spices,Whole Spices,Toor Dal,Moong Dal,Raw Rice,Whole Spices,Boiled Rice,Other Rice Products,Urad Dal,Sugar,Glucose, Marie & Milk Biscuits,Namkeen,Other Dals,Mosquito Repellent,Raisins,Namkeen,Ground Coffee"
1032,"Other Vegetables,Raw Peanuts,Whole Spices,Other Dals,Raw Rice,Other Dals,Whole Spices,Toor Dal,Buns & Pavs,Root Vegetables"
1033,"Gourd & Cucumber,Avalakki / Poha,Basmati Rice,Organic F&V,Organic F&V,Organic F&V,Organic F&V,Organic F&V,Organic F&V,Organic F&V"
1034,"Whole Spices,Raw Peanuts,Moong Dal,Other Dals,Maida,Organic Flours,Organic Dals & Pulses,Ghee,Almonds,Other Dals,Other Dals,Whole Spices"
1035,"Beans,Other Vegetables,Whole Spices,Whole Spices,Moong Dal,Raw Peanuts,Banana,Gourd & Cucumber,Jaggery,Sugar,Mosquito Repellent,Vermicelli,Toor Dal"
1036,"Sugar,Toor Dal,Namkeen,Sunflower Oils,Cashews,Other Dry Fruits,Raisins,Almonds,Agarbatti,Hair Oil"
1037,"Exotic Vegetables,Banana,Exotic Vegetables,Toor Dal,Raw Rice,Sugar,Exotic Vegetables,Root Vegetables,Other Dry Fruits"
1038,"Root Vegetables,Exotic Vegetables,Banana,Moong Dal,Exotic Vegetables,Moong Dal,Beans,Root Vegetables,Organic F&V"
1039,"Other Vegetables,Other Vegetables,Gourd & Cucumber,Whole Spices,Sooji & Rava,Maida,Brinjals,Shoe Polish"
1040,"Other Vegetables,Gourd & Cucumber,Beans,Exotic Vegetables,Whole Spices,Banana,Urad Dal,Besan,Other Dals,Health Drinks,Snacky Nuts,Health Drinks,Organic F&V,Namkeen,Namkeen,Whole Spices,Health Supplements,Whole Spices"
1041,"Namkeen,Namkeen,Namkeen,Cream Biscuits,Snacky Nuts,Namkeen,Namkeen,Namkeen,Healthy Snacks"
1042,"Beans,Other Vegetables,Moong Dal,Beans,Banana,Raw Rice,Root Vegetables,Organic F&V,Namkeen"
1043,"Raw Peanuts,Whole Spices,Other Rice Products,Sugar,Avalakki / Poha,Other Dals,Other Dals,Other Dals"
1044,"Shoe Polish,Jaggery,Organic F&V,Organic F&V,Organic F&V,Organic F&V,Shoe Polish,Whole Spices"
1045,"Namkeen,Beans,Gourd & Cucumber,Whole Spices,Whole Spices,Avalakki / Poha,Organic F&V,Organic F&V,Organic F&V"
1046,"Other Vegetables,Brinjals,Root Vegetables,Gourd & Cucumber,Moong Dal,Brinjals,Whole Spices,Other Oils,Whole Spices"
1047,"Other Vegetables,Root Vegetables,Gourd & Cucumber,Moong Dal,Beans,Gourd & Cucumber,Brinjals,Other Rice Products,Glucose, Marie & Milk Biscuits"
1048,"Other Dals,Sooji & Rava,Moong Dal,Other Dals,Other Dals,Besan,Other Dals,Toor Dal,Chilli & Soya Sauces"
1049,"Root Vegetables,Brinjals,Exotic Vegetables,Gourd & Cucumber,Whole Spices,Banana,Urad Dal,Urad Dal"
1050,"Whole Spices,Whole Spices,Beans,Organic Dals & Pulses,Organic Dals & Pulses,Besan,Raw Rice,Buns & Pavs,Organic F&V"
1051,"Gourd & Cucumber,Cooking Paste,Besan,Jaggery,Instant Pastas,Hand Wash,Instant Pastas,Yogurt & Lassi,Organic Flours,Yogurt & Lassi"
1052,"Basmati Rice,Namkeen,Beans,Other Vegetables,Whole Spices,Urad Dal,Tomato Ketchup,Organic F&V"
1053,"Beans,Other Vegetables,Root Vegetables,Exotic Vegetables,Exotic Vegetables,Other Dals,Exotic Vegetables,Brinjals,Organic Rice & Rice Products"
1054,"Other Vegetables,Root Vegetables,Exotic Vegetables,Sooji & Rava,Beans,Beans,Vermicelli,Other Pooja Needs"
1055,"Namkeen,Brinjals,Gourd & Cucumber,Namkeen,Beans,Sunflower Oils,Other Sweets,Healthy Snacks"
1056,"Gourd & Cucumber,Whole Spices,Toor Dal,Other Dals,Sooji & Rava,Urad Dal,Sunflower Oils,Whole Spices,Honey,Yogurt & Lassi,Yogurt & Lassi,Organic F&V,Whole Spices"
1057,"Root Vegetables,Moong Dal,Sooji & Rava,Moong Dal,Beans,Urad Dal,Other Dals,Sugar,Glucose, Marie & Milk Biscuits"
1058,"Other Vegetables,Gourd & Cucumber,Moong Dal,Other Dals,Sooji & Rava,Moong Dal,Beans,Banana,Gourd & Cucumber,Raw Rice,Besan,Cooking Paste,Cooking Paste"
1059,"Moong Dal,Organic Masalas & Spices,Moong Dal,Sooji & Rava,Sunflower Oils,Namkeen,Honey,Glucose, Marie & Milk Biscuits"
1060,"Gourd & Cucumber,Other Vegetables,Brinjals,Other Vegetables,Beans,Beans,Exotic Vegetables,Gourd & Cucumber,Organic F&V,Organic F&V,Organic F&V,Organic F&V"
1061,"Root Vegetables,Gourd & Cucumber,Exotic Vegetables,Exotic Vegetables,Moong Dal,Banana,Exotic Vegetables,Root Vegetables"
1062,"Sooji & Rava,Moong Dal,Other Dals,Besan,Aluminium Foil & Cling Wrap,Maida,Other Dals,Raisins,Almonds,Body Wash,Toor Dal,Other Dals"
1063,"Other Vegetables,Beans,Moong Dal,Other Dals,Brinjals,Glucose, Marie & Milk Biscuits,Sugar,Exotic Vegetables,Snacky Nuts,Other Dry Fruits,Almonds,Glucose, Marie & Milk Biscuits,Healthy Snacks,Toor Dal"
1064,"Other Vegetables,Beans,Beans,Beans,Jaggery,Besan,Exotic Vegetables,Organic F&V,Organic F&V,Organic F&V,Organic F&V,Organic F&V,Organic F&V"
1065,"Gourd & Cucumber,Other Vegetables,Moong Dal,Toor Dal,Liquid Soaps & Bars,Regular Pasta,Namkeen,Namkeen,Other Oils,Organic F&V,Organic F&V"
1066,"Toor Dal,Raw Peanuts,Urad Dal,Sugar,Jaggery,Mosquito Repellent,Avalakki / Poha,Other Dals"
1067,"Whole Spices,Whole Spices,Whole Spices,Sooji & Rava,Besan,Other Dals,Mango Juices,Whole Spices"
1068,"Root Vegetables,Brinjals,Other Vegetables,Other Vegetables,Exotic Vegetables,Exotic Vegetables,Exotic Vegetables,Banana,Gourd & Cucumber"
1069,"Vermicelli,Whole Spices,Rice Flour,Sugar,Raw Rice,Sooji & Rava,Boiled Rice,Jaggery,Avalakki / Poha,Whole Spices,Toothpaste,Cashews,Other Dry Fruits,Other Oils,Other Dry Fruits"
1070,"Toothpaste,Other Dals,Ready Baking Mixes,Sunflower Oils,Sugar,Toor Dal,Sooji & Rava,Maida,Regular Pasta,Urad Dal,Ready Mix,Cooking Paste,Cooking Paste,Other Sauces,Urad Dal,Cooking Paste,Cooking Sauce,Basmati Rice"
1071,"Root Vegetables,Brinjals,Other Vegetables,Other Vegetables,Beans,Beans,Gourd & Cucumber,Beans,Brinjals,Moong Dal,Other Dals,Toor Dal,Other Dals,Sunflower Oils,Other Dals,Root Vegetables"
1072,"Moong Dal,Other Dals,Boiled Rice,Urad Dal,Besan,Jaggery,Avalakki / Poha,Other Dals,Glucose, Marie & Milk Biscuits,Raw Rice"
1073,"Other Vegetables,Beans,Vermicelli,Exotic Vegetables,Whole Spices,Beans,Sooji & Rava,Sunflower Oils,Organic Salt,Sugar & Jaggery,Honey"
1074,"Banana,Boiled Rice,Sugar,Buns & Pavs,Organic F&V,Organic F&V,Organic F&V,Organic F&V,Organic F&V,Organic F&V"
1075,"Organic Masalas & Spices,Organic Dals & Pulses,Rice Flour,Organic Masalas & Spices,Organic Masalas & Spices,Sooji & Rava,Organic Rice & Rice Products,Organic F&V,Organic F&V,Organic F&V"
1076,"Other Dals,Sunflower Oils,Sugar,Organic F&V,Organic F&V,Organic F&V,Organic F&V,Organic F&V,Organic F&V"
1077,"Raw Peanuts,Moong Dal,Exotic Vegetables,Moong Dal,Other Dals,Other Dals,Jaggery,Basmati Rice,Organic F&V"
1078,"Sunflower Oils,Whole Spices,Whole Spices,Moong Dal,Avalakki / Poha,Urad Dal,Sugar,Whole Spices,Maida,Sooji & Rava,Glucose, Marie & Milk Biscuits,Sooji & Rava,Jaggery,Other Dals,Toor Dal,Other Dals"
1079,"Basmati Rice,Other Vegetables,Other Vegetables,Moong Dal,Bread,Sugar,Besan,Sooji & Rava,Sunflower Oils"
1080,"Other Vegetables,Banana,Organic Salt,Sugar & Jaggery,Cashews,Yogurt & Lassi,Yogurt & Lassi,Organic Rice & Rice Products,Organic F&V,Organic F&V,Organic F&V,Organic F&V"
1081,"Moong Dal,Toor Dal,Aluminium Foil & Cling Wrap,Sugar,Raw Rice,Other Oils,Other Dals,Other Dals"
1082,"Raw Peanuts,Other Dals,Sugar,Maida,Mosquito Repellent,Other Dry Fruits,Almonds,Organic F&V,Toor Dal"
1083,"Vermicelli,Moong Dal,Other Dals,Sooji & Rava,Besan,Cream Biscuits,Liquid Detergent,Mango Juices,Urad Dal,Shaving Blade & Razors"
1084,"Other Dals,Raw Peanuts,Other Dals,Urad Dal,Urad Dal,Instant Pastas,Namkeen,Basmati Rice,Namkeen,Instant Noodles,Glucose, Marie & Milk Biscuits,Chinese Noodles"
1085,"Basmati Rice,Brinjals,Other Vegetables,Gourd & Cucumber,Whole Spices,Other Dals,Sugar,Sunflower Oils,Glucose, Marie & Milk Biscuits"
1086,"Organic Flours,Other Dals,Other Dals,Toor Dal,Organic Masalas & Spices,Moong Dal,Other Dals,Sooji & Rava,Organic Dals & Pulses,Urad Dal,Organic Dals & Pulses,Organic Masalas & Spices,Organic Rice & Rice Products,Other Dry Fruits,Almonds,Cashews,Shaving Cream, Foam & Gels,Hand Wash,Cashews,Raisins,Ghee"
1087,"Gourd & Cucumber,Other Vegetables,Beans,Gourd & Cucumber,Besan,Yogurt & Lassi,Yogurt & Lassi,Yogurt & Lassi"
1088,"Liquid Soaps & Bars,Glucose, Marie & Milk Biscuits,Hair Oil,Organic F&V,Organic F&V,Organic F&V,Organic F&V,Organic F&V,Organic F&V"
1089,"Gourd & Cucumber,Beans,Brinjals,Other Vegetables,Brinjals,Toor Dal,Beans,Cream Biscuits,Chilli & Soya Sauces,Organic F&V,Oats"
1090,"Other Vegetables,Other Vegetables,Beans,Sooji & Rava,Rice Flour,Other Dals,Raw Rice,Besan,Root Vegetables,Organic Masalas & Spices,Cashews,Basmati Rice,Organic F&V,Organic F&V,Organic F&V,Organic F&V"
1091,"Root Vegetables,Other Vegetables,Root Vegetables,Beans,Beans,Rice Flour,Toor Dal,Exotic Vegetables,Sugar,Other Dry Fruits"
1092,"Other Vegetables,Gourd & Cucumber,Other Dals,Beans,Other Dals,Sugar,Phenyles & Acids,Chilli & Soya Sauces,Health Supplements,Liquid Soaps & Bars,Other Dals,Toor Dal"
1093,"Gourd & Cucumber,Other Vegetables,Brinjals,Beans,Moong Dal,Gourd & Cucumber,Sugar,Toor Dal"
1094,"Raw Peanuts,Whole Spices,Whole Spices,Toor Dal,Avalakki / Poha,Rice Flour,Sugar,Whole Spices,Gourd & Cucumber,Sooji & Rava,Other Dals,Jaggery,Urad Dal"
1095,"Raw Peanuts,Whole Spices,Avalakki / Poha,Other Dals,Urad Dal,Sugar,Whole Spices,Sooji & Rava,Sooji & Rava,Health Drinks,Sunflower Oils,Organic Masalas & Spices,Toothpaste,Toor Dal"
1096,"Whole Spices,Moong Dal,Raw Rice,Other Dals,Sooji & Rava,Sooji & Rava,Boiled Rice,Urad Dal,Glucose, Marie & Milk Biscuits,Sugar,Rice Flour,Sooji & Rava,Maida,Sugar,Avalakki / Poha,Sunflower Oils,Ground Coffee,Toor Dal,Other Dals"
1097,"Moong Dal,Liquid Soaps & Bars,Sunflower Oils,Sugar,Other Dals,Whole Spices,Cashews,Toor Dal"
1098,"Other Vegetables,Brinjals,Whole Spices,Avalakki / Poha,Whole Spices,Sugar,Brinjals,Toor Dal,Other Dals"
1099,"Other Vegetables,Beans,Exotic Vegetables,Beans,Exotic Vegetables,Root Vegetables,Honey,Organic F&V,Organic F&V,Organic F&V,Organic F&V"
1100,"Moong Dal,Other Dals,Toor Dal,Maida,Ghee,Sunflower Oils,Sugar,Cream Biscuits,Honey"
1101,"Other Vegetables,Health Drinks,Exotic Vegetables,Toor Dal,Boiled Rice,Cakes,Root Vegetables,Urad Dal"
1102,"Liquid Soaps & Bars,Organic Dals & Pulses,Organic Dals & Pulses,Maida,Organic Masalas & Spices,Organic Masalas & Spices,Namkeen,Namkeen"
1103,"Basmati Rice,Toor Dal,Moong Dal,Other Dals,Sugar,Organic Dals & Pulses,Health Drinks,Maida,Phenyles & Acids,Toilet Cleaners"
1104,"Other Vegetables,Root Vegetables,Brinjals,Other Vegetables,Gourd & Cucumber,Whole Spices,Sugar,Gourd & Cucumber,Whole Spices,Brinjals,Cream Biscuits"
1105,"Gourd & Cucumber,Brinjals,Whole Spices,Raw Peanuts,Urad Dal,Gourd & Cucumber,Sooji & Rava,Sooji & Rava,Sooji & Rava,Other Dals,Sugar,Other Dals,Avalakki / Poha,Other Dals"
1106,"Exotic Vegetables,Other Vegetables,Other Vegetables,Boiled Rice,Basmati Rice,Organic F&V,Organic F&V,Organic F&V"
1107,"Raw Peanuts,Sooji & Rava,Whole Spices,Toor Dal,Raw Rice,Sooji & Rava,Sugar,Whole Spices,Boiled Rice,Raisins,Honey,Health Drinks,Ground Coffee"
1108,"Namkeen,Banana,Moong Dal,Toor Dal,Besan,Namkeen,Organic F&V,Organic F&V,Organic F&V,Namkeen,Organic F&V,Organic F&V"
1109,"Whole Spices,Moong Dal,Other Dals,Avalakki / Poha,Other Dals,Moong Dal,Other Dals,Sooji & Rava,Urad Dal,Rice Flour,Sooji & Rava,Maida,Raw Rice,Whole Spices,Cashews,Almonds,Raisins,Other Dals,Other Dals,Other Dals,Toor Dal"
1110,"Moong Dal,Toor Dal,Boiled Rice,Mango Juices,Basmati Rice,Organic Dals & Pulses,Cooking Paste,Honey,Other Dals"
1111,"Beans,Banana,Organic F&V,Organic F&V,Organic F&V,Organic F&V,Organic F&V,Organic F&V,Organic F&V"
1112,"Gourd & Cucumber,Bread,Other Vegetables,Whole Spices,Beans,Gourd & Cucumber,Sugar,Toor Dal"
1113,"Other Vegetables,Whole Spices,Whole Spices,Sooji & Rava,Organic Dals & Pulses,Other Oils,Organic Flours,Cashews,Organic Dals & Pulses,Organic Rice & Rice Products,Organic F&V,Organic F&V,Organic F&V"
1114,"Raw Peanuts,Whole Spices,Avalakki / Poha,Other Dals,Urad Dal,Sugar,Whole Spices,Whole Spices,Sooji & Rava,Sooji & Rava,Liquid Soaps & Bars,Toor Dal"
1115,"Other Vegetables,Beans,Exotic Vegetables,Raw Rice,Banana,Urad Dal,Rice Flour,Whole Spices,Cashews,Raisins,Toor Dal"
1116,"Bread,Brinjals,Organic Salt,Sugar & Jaggery,Glucose, Marie & Milk Biscuits,Organic F&V,Organic F&V,Organic F&V,Organic F&V"
1117,"Gourd & Cucumber,Brinjals,Beans,Raw Peanuts,Other Dals,Urad Dal,Toor Dal,Sooji & Rava"
1118,"Root Vegetables,Brinjals,Whole Spices,Cashews,Basmati Rice,Organic F&V,Organic F&V,Organic Flours"
1119,"Gourd & Cucumber,Other Vegetables,Exotic Vegetables,Exotic Vegetables,Banana,Beans,Namkeen,Root Vegetables,Shaving Cream, Foam & Gels,Namkeen,Healthy Snacks"
1120,"Root Vegetables,Exotic Vegetables,Beans,Bread,Besan,Gourd & Cucumber,Exotic Vegetables,Root Vegetables"
1121,"Brinjals,Other Dals,Brinjals,Sunflower Oils,Basmati Rice,Root Vegetables,Other Dals,Toor Dal,Other Dals"
1122,"Other Vegetables,Banana,Moong Dal,Other Dals,Sooji & Rava,Urad Dal,Other Rice Products,Sugar,Glucose, Marie & Milk Biscuits"
1123,"Sunflower Oils,Bread,Banana,Whole Spices,Boiled Rice,Other Dals,Urad Dal,Sugar,Raw Rice,Buns & Pavs,Whole Spices,Root Vegetables,Basmati Rice,Organic F&V,Other Dals"
1124,"Beans,Other Vegetables,Other Vegetables,Exotic Vegetables,Brinjals,Bread,Namkeen,Snacky Nuts,Root Vegetables,Snacky Nuts"
1125,"Mosquito Repellent,Organic Masalas & Spices,Mosquito Repellent,Organic Masalas & Spices,Organic Masalas & Spices,Other Dry Fruits,Cashews,Organic Masalas & Spices"
1126,"Gourd & Cucumber,Other Vegetables,Banana,Namkeen,Gourd & Cucumber,Namkeen,Raw Rice,Other Dry Fruits"
1127,"Exotic Vegetables,Vermicelli,Sooji & Rava,Sooji & Rava,Other Rice Products,Sooji & Rava,Instant Noodles,Other Dry Fruits,Instant Noodles,Almonds"
1128,"Bread,Whole Spices,Sooji & Rava,Other Dals,Other Dals,Organic Dals & Pulses,Organic Dals & Pulses,Organic Dals & Pulses,Organic Dals & Pulses,Namkeen,Organic Dals & Pulses,Organic Masalas & Spices,Other Dals,Other Dals"
1129,"Other Vegetables,Toor Dal,Moong Dal,Sugar,Whole Spices,Mango Juices,Sunflower Oils,Namkeen"
1130,"Gourd & Cucumber,Brinjals,Other Vegetables,Whole Spices,Sooji & Rava,Toor Dal,Beans,Sugar,Other Rice Products,Instant Pastas"
1131,"Gourd & Cucumber,Other Vegetables,Brinjals,Banana,Brinjals,Beans,Bread,Raw Rice,Ghee,Organic F&V"
1132,"Root Vegetables,Other Vegetables,Other Vegetables,Gourd & Cucumber,Beans,Gourd & Cucumber,Brinjals,Root Vegetables"
1133,"Gourd & Cucumber,Other Vegetables,Brinjals,Other Dals,Other Dals,Gourd & Cucumber,Sugar,Rice Flour,Other Flours,Urad Dal,Organic F&V,Organic F&V"
1134,"Namkeen,Banana,Namkeen,Butter & Cream,Cakes,Shaving Blade & Razors,Packaged Drinking Water,Snacky Nuts"
1135,"Namkeen,Namkeen,Namkeen,Glucose, Marie & Milk Biscuits,Namkeen,Cream Biscuits,Namkeen,Namkeen"
1136,"Gourd & Cucumber,Root Vegetables,Banana,Toor Dal,Gourd & Cucumber,Moong Dal,Root Vegetables,Organic F&V"
1137,"Other Vegetables,Beans,Brinjals,Boiled Rice,Ghee,Urad Dal,Mango Juices,Sunflower Oils,Other Sweets"
1138,"Beans,Root Vegetables,Moong Dal,Toor Dal,Beans,Beans,Namkeen,Organic F&V,Organic F&V,Organic F&V,Organic F&V,Organic F&V,Organic F&V,Organic F&V,Organic F&V"
1139,"Raw Peanuts,Whole Spices,Whole Spices,Moong Dal,Whole Spices,Moong Dal,Other Dals,Sugar,Maida,Urad Dal,Rice Flour,Besan,Other Dals,Other Dals,Other Dals,Cream Biscuits,Whole Spices,Cream Biscuits,Toor Dal"
1140,"Whole Spices,Toor Dal,Moong Dal,Other Rice Products,Exotic Vegetables,Brinjals,Ghee,Organic F&V"
1141,"Other Vegetables,Brinjals,Other Vegetables,Beans,Toor Dal,Moong Dal,Besan,Avalakki / Poha,Namkeen,Hair Colors & Dyes"
1142,"Root Vegetables,Other Vegetables,Beans,Brinjals,Beans,Toor Dal,Brinjals,Gourd & Cucumber,Sooji & Rava,Sugar,Other Vegetables,Beans,Ground Coffee,Toothpaste,Root Vegetables"
1143,"Bread,Other Vegetables,Other Dals,Whole Spices,Cooking Paste,Toor Dal,Other Dals,Cashews,Yogurt & Lassi,Brinjals,Cashews"
1144,"Brinjals,Beans,Beans,Urad Dal,Gourd & Cucumber,Maida,Other Dals,Other Dals,Sunflower Oils,Cream Biscuits,Root Vegetables,Organic F&V"
1145,"Gourd & Cucumber,Brinjals,Other Vegetables,Moong Dal,Other Dals,Beans,Gourd & Cucumber,Sugar,Toor Dal,Root Vegetables,Other Dals"
1146,"Root Vegetables,Gourd & Cucumber,Toor Dal,Organic Flours,Root Vegetables,Organic Flours,Organic F&V,Organic Flours"
1147,"Other Vegetables,Root Vegetables,Banana,Exotic Vegetables,Other Dry Fruits,Raisins,Other Dry Fruits,Cashews"
1148,"Gourd & Cucumber,Other Vegetables,Other Vegetables,Exotic Vegetables,Exotic Vegetables,Beans,Beans,Exotic Vegetables,Beans,Banana,Gourd & Cucumber,Exotic Vegetables,Root Vegetables"
1149,"Exotic Vegetables,Gourd & Cucumber,Root Vegetables,Exotic Vegetables,Beans,Banana,Other Vegetables,Gourd & Cucumber,Exotic Vegetables"
1150,"Root Vegetables,Root Vegetables,Banana,Beans,Other Dals,Other Dals,Beans,Maida,Other Rice Products,Glucose, Marie & Milk Biscuits,Besan,Honey"
1151,"Basmati Rice,Whole Spices,Toor Dal,Whole Spices,Raw Peanuts,Moong Dal,Sugar,Sooji & Rava,Raw Rice,Besan,Jaggery,Other Oils,Cream Biscuits,Boiled Rice,Raisins,Other Dry Fruits,Other Oils,Other Dry Fruits,Other Dals"
1152,"Other Vegetables,Banana,Organic Dals & Pulses,Other Vegetables,Curd,Raisins,Cashews,Yogurt & Lassi,Yogurt & Lassi,Honey,Organic F&V,Other Spreads"
1153,"Organic Masalas & Spices,Sooji & Rava,Organic Rice & Rice Products,Sugar,Other Vegetables,Organic Masalas & Spices,Buns & Pavs,Wafers,Organic Rice & Rice Products,Organic F&V"
1154,"Root Vegetables,Raw Peanuts,Other Dals,Liquid Soaps & Bars,Banana,Glucose, Marie & Milk Biscuits,Other Vegetables,Sugar,Jaggery,Glucose, Marie & Milk Biscuits"
1155,"Ground Coffee,Organic Dals & Pulses,Boiled Rice,Other Rice Products,Organic Rice & Rice Products,Organic Masalas & Spices,Organic Salt,Sugar & Jaggery,Organic Masalas & Spices,Organic Dals & Pulses,Organic Masalas & Spices"
1156,"Root Vegetables,Brinjals,Beans,Beans,Gourd & Cucumber,Beans,Beans,Toor Dal,Moong Dal,Other Dals,Brinjals,Other Dals,Root Vegetables,Organic F&V,Organic F&V,Organic F&V"
1157,"Beans,Gourd & Cucumber,Moong Dal,Other Dals,Gourd & Cucumber,Other Vegetables,Yogurt & Lassi,Yogurt & Lassi"
1158,"Beans,Other Vegetables,Gourd & Cucumber,Brinjals,Toor Dal,Beans,Organic F&V,Namkeen"
1159,"Root Vegetables,Other Vegetables,Brinjals,Toor Dal,Besan,Other Vegetables,Shaving Blade & Razors,Cakes,Root Vegetables,Namkeen"
1160,"Bread,Other Vegetables,Brinjals,Other Vegetables,Exotic Vegetables,Organic Dals & Pulses,Namkeen,Organic Dals & Pulses,Other Dals,Other Dals,Organic F&V"
1161,"Beans,Gourd & Cucumber,Other Dals,Raw Rice,Other Dals,Organic F&V,Organic F&V,Organic F&V,Organic F&V,Organic F&V,Other Dals"
1162,"Other Vegetables,Banana,Exotic Vegetables,Other Dals,Raw Rice,Other Vegetables,Urad Dal,Glucose, Marie & Milk Biscuits,Cream Biscuits,Cream Biscuits,Mango Juices,Cream Biscuits,Other Dals,Organic F&V"
1163,"Gourd & Cucumber,Bread,Namkeen,Namkeen,Maida,Root Vegetables,Almonds,Organic F&V,Organic F&V,Snacky Nuts"
1164,"Brinjals,Whole Spices,Vermicelli,Root Vegetables,Organic F&V,Organic F&V,Organic F&V,Organic F&V"
1165,"Gourd & Cucumber,Beans,Beans,Other Vegetables,Beans,Brinjals,Beans,Gourd & Cucumber,Other Vegetables,Root Vegetables"
1166,"Beans,Beans,Beans,Raw Peanuts,Beans,Namkeen,Namkeen,Liquid Soaps & Bars,Sooji & Rava,Sugar,Cream Biscuits,Mosquito Repellent,Sunflower Oils,Raisins,Chinese Noodles,Namkeen"
1167,"Exotic Vegetables,Exotic Vegetables,Other Vegetables,Beans,Toor Dal,Exotic Vegetables,Other Dals,Moong Dal,Sunflower Oils,Exotic Vegetables,Sanitary Pads,Organic Rice & Rice Products,Other Dals,Raisins,Cashews"
1168,"Bread,Beans,Toor Dal,Other Dals,Moong Dal,Beans,Gourd & Cucumber,Raw Rice,Ghee,Sugar,Other Dry Fruits,Almonds,Other Dry Fruits,Cashews"
1169,"Other Dals,Whole Spices,Moong Dal,Toor Dal,Other Dals,Other Dals,Regular Pasta,Glucose, Marie & Milk Biscuits,Other Dals"
1170,"Gourd & Cucumber,Other Vegetables,Beans,Toor Dal,Snacky Nuts,Avalakki / Poha,Yogurt & Lassi,Organic F&V,Organic F&V,Liquid Soaps & Bars,Glucose, Marie & Milk Biscuits"
1171,"Brinjals,Other Vegetables,Other Vegetables,Beans,Toor Dal,Sooji & Rava,Gourd & Cucumber,Sugar,Sanitary Pads"
1172,"Gourd & Cucumber,Root Vegetables,Other Vegetables,Root Vegetables,Beans,Beans,Beans,Gourd & Cucumber"
1173,"Other Vegetables,Beans,Banana,Organic Dals & Pulses,Yogurt & Lassi,Raisins,Organic Salt,Sugar & Jaggery,Organic F&V,Organic F&V,Organic F&V,Organic F&V"
1174,"Gourd & Cucumber,Other Vegetables,Organic Flours,Other Vegetables,Root Vegetables,Brinjals,Beans,Buns & Pavs,Organic F&V"
1175,"Root Vegetables,Namkeen,Beans,Brinjals,Glucose, Marie & Milk Biscuits,Namkeen,Cream Biscuits,Brinjals"
1176,"Other Vegetables,Other Vegetables,Beans,Root Vegetables,Organic F&V,Organic F&V,Organic F&V,Organic F&V"
1177,"Other Vegetables,Beans,Beans,Toor Dal,Raw Rice,Organic F&V,Organic F&V,Organic F&V"
1178,"Bread,Brinjals,Beans,Moong Dal,Toor Dal,Moong Dal,Moong Dal,Urad Dal,Urad Dal,Chilli & Soya Sauces,Organic F&V"
1179,"Other Vegetables,Beans,Gourd & Cucumber,Beans,Exotic Vegetables,Sugar,Gourd & Cucumber,Exotic Vegetables,Sunflower Oils,Root Vegetables,Honey"
1180,"Vermicelli,Sooji & Rava,Banana,Urad Dal,Besan,Instant Pastas,Buns & Pavs,Organic F&V,Organic F&V,Organic F&V,Organic F&V"
1181,"Raw Peanuts,Sooji & Rava,Moong Dal,Sooji & Rava,Namkeen,Moong Dal,Namkeen,Honey,Liquid Soaps & Bars"
1182,"Gourd & Cucumber,Brinjals,Raw Peanuts,Whole Spices,Urad Dal,Whole Spices,Sugar,Instant Noodles,Cashews,Instant Noodles,Organic F&V,Organic F&V,Health Drinks"
1183,"Avalakki / Poha,Raw Rice,Sugar,Banana,Jaggery,Avalakki / Poha,Toor Dal,Other Dals"
1184,"Other Vegetables,Banana,Organic Dals & Pulses,Cashews,Other Dry Fruits,Organic F&V,Organic F&V,Organic F&V"
1185,"Other Vegetables,Other Vegetables,Brinjals,Beans,Beans,Gourd & Cucumber,Beans,Organic F&V,Organic F&V,Glucose, Marie & Milk Biscuits,Glucose, Marie & Milk Biscuits"
1186,"Other Vegetables,Gourd & Cucumber,Brinjals,Whole Spices,Toor Dal,Raw Peanuts,Sugar,Sunflower Oils,Beans"
1187,"Whole Spices,Toor Dal,Whole Spices,Raw Peanuts,Moong Dal,Other Dals,Maida,Organic Rice & Rice Products,Other Dals,Sugar,Mosquito Repellent,Raisins,Cashews"
1188,"Moong Dal,Whole Spices,Raw Rice,Sugar,Mosquito Repellent,Cream Biscuits,Health Drinks,Other Dals"
1189,"Other Dals,Whole Spices,Sugar,Mosquito Repellent,Shaving Blade & Razors,Raisins,Cashews,Basmati Rice,Basmati Rice,Liquid Soaps & Bars,Namkeen"
1190,"Root Vegetables,Raw Peanuts,Toor Dal,Sooji & Rava,Other Dals,Sugar,Sunflower Oils,Whole Spices,Honey"
1191,"Raw Peanuts,Whole Spices,Whole Spices,Moong Dal,Moong Dal,Other Dals,Raw Rice,Other Dals,Urad Dal,Sunflower Oils,Toor Dal,Sugar,Ready Mix,Cream Biscuits"
1192,"Beans,Other Vegetables,Banana,Gourd & Cucumber,Other Dals,Other Dals,Moong Dal,Raw Rice,Sugar,Organic F&V,Organic F&V"
1193,"Bread,Brinjals,Other Vegetables,Moong Dal,Sooji & Rava,Other Dals,Other Dals,Sunflower Oils,Toor Dal,Other Dals"
1194,"Root Vegetables,Gourd & Cucumber,Brinjals,Brinjals,Other Vegetables,Root Vegetables,Beans,Beans,Gourd & Cucumber,Sugar,Avalakki / Poha"
1195,"Other Vegetables,Beans,Gourd & Cucumber,Other Dals,Gourd & Cucumber,Sugar,Brinjals,Organic F&V"
1196,"Whole Spices,Toor Dal,Other Dals,Sugar,Other Dals,Maida,Other Dals,Raisins,Agarbatti"
1197,"Moong Dal,Whole Spices,Whole Spices,Raw Peanuts,Sugar,Other Rice Products,Urad Dal,Besan,Buns & Pavs,Health Drinks,Other Dals"
1198,"Vermicelli,Whole Spices,Moong Dal,Other Dals,Moong Dal,Other Dals,Other Dals,Sugar,Toor Dal,Maida,Sooji & Rava,Other Dals,Urad Dal,Organic Flours,Phenyles & Acids,Other Dals"
1199,"Other Vegetables,Beans,Sugar,Gourd & Cucumber,Ground Coffee,Maida,Instant Noodles,Sunflower Oils,Root Vegetables,Ground Coffee"
1200,"Other Vegetables,Other Vegetables,Gourd & Cucumber,Beans,Beans,Beans,Beans,Brinjals"
1201,"Other Vegetables,Beans,Organic Dals & Pulses,Organic Dals & Pulses,Organic Dals & Pulses,Organic Dals & Pulses,Organic F&V,Organic F&V,Organic F&V"
1202,"Raw Peanuts,Sooji & Rava,Toor Dal,Raw Rice,Urad Dal,Sugar,Other Flours,Boiled Rice,Honey,Health Drinks"
1203,"Brinjals,Root Vegetables,Moong Dal,Toor Dal,Sooji & Rava,Sooji & Rava,Besan,Sugar,Raw Rice,Organic F&V"
1204,"Other Vegetables,Raw Peanuts,Other Dals,Gourd & Cucumber,Sugar,Ghee,Phenyles & Acids,Chilli & Soya Sauces,Organic F&V,Organic F&V"
1205,"Other Vegetables,Other Dals,Toor Dal,Liquid Soaps & Bars,Urad Dal,Rice Flour,Instant Noodles,Liquid Soaps & Bars"
1206,"Moong Dal,Toor Dal,Sooji & Rava,Raw Rice,Other Dals,Maida,Sooji & Rava,Boiled Rice,Urad Dal,Rice Flour,Besan,Sooji & Rava,Jaggery,Sugar,Ground Coffee"
1207,"Root Vegetables,Other Vegetables,Exotic Vegetables,Exotic Vegetables,Beans,Banana,Gourd & Cucumber,Exotic Vegetables"
1208,"Whole Spices,Moong Dal,Whole Spices,Toor Dal,Avalakki / Poha,Raw Peanuts,Rice Flour,Other Dals,Sugar,Whole Spices,Sooji & Rava,Besan,Other Dals,Sooji & Rava,Ghee,Urad Dal"
1209,"Other Vegetables,Root Vegetables,Whole Spices,Sooji & Rava,Beans,Beans,Besan,Maida,Brinjals,Chilli & Soya Sauces,Organic F&V"
1210,"Organic Masalas & Spices,Organic Dals & Pulses,Organic Rice & Rice Products,Other Dals,Other Dals,Other Dals,Organic Masalas & Spices,Avalakki / Poha,Buns & Pavs,Organic Salt,Sugar & Jaggery,Other Dals,Organic F&V,Basmati Rice,Organic F&V,Health Drinks"
1211,"Banana,Toor Dal,Wafers,Other Oils,Organic F&V,Organic F&V,Organic F&V,Liquid Soaps & Bars,Organic F&V"
1212,"Toor Dal,Namkeen,Besan,Sooji & Rava,Maida,Sugar,Cream Biscuits,Cream Biscuits,Ghee,Other Dals"
1213,"Moong Dal,Toor Dal,Avalakki / Poha,Raw Rice,Other Rice Products,Jaggery,Other Dals,Toor Dal"
1214,"Root Vegetables,Beans,Brinjals,Other Vegetables,Banana,Boiled Rice,Cream Biscuits,Buns & Pavs"
1215,"Beans,Beans,Banana,Glucose, Marie & Milk Biscuits,Cream Biscuits,Namkeen,Buns & Pavs,Glucose, Marie & Milk Biscuits,Namkeen,Organic F&V,Organic F&V,Honey,Organic F&V,Organic F&V,Organic F&V,Organic F&V"
1216,"Exotic Vegetables,Root Vegetables,Organic Rice & Rice Products,Organic F&V,Organic F&V,Organic F&V,Organic F&V,Organic F&V"
1217,"Other Vegetables,Root Vegetables,Beans,Gourd & Cucumber,Other Dals,Raw Rice,Gourd & Cucumber,Brinjals"
1218,"Brinjals,Other Vegetables,Other Vegetables,Beans,Beans,Beans,Brinjals,Gourd & Cucumber"
1219,"Other Vegetables,Brinjals,Vermicelli,Beans,Boiled Rice,Other Rice Products,Urad Dal,Sugar,Instant Pastas,Buns & Pavs,Avalakki / Poha,Instant Pastas"
1220,"Root Vegetables,Bread,Beans,Other Rice Products,Cream Biscuits,Cakes,Cream Biscuits,Root Vegetables,Raisins,Boiled Rice,Wafers,Cream Biscuits,Organic F&V"
1221,"Other Vegetables,Root Vegetables,Banana,Brinjals,Exotic Vegetables,Toor Dal,Besan,Root Vegetables"
1222,"Other Vegetables,Other Vegetables,Root Vegetables,Toothpaste,Beans,Vermicelli,Urad Dal,Sooji & Rava,Urad Dal,Sugar,Gourd & Cucumber,Jaggery,Whole Spices,Sunflower Oils,Cream Biscuits,Liquid Soaps & Bars,Toor Dal"
1223,"Exotic Vegetables,Gourd & Cucumber,Beans,Moong Dal,Toor Dal,Raw Peanuts,Sooji & Rava,Moong Dal,Urad Dal,Besan,Other Dals,Brinjals,Sunflower Oils,Other Dry Fruits,Raw Rice"
1224,"Whole Spices,Banana,Organic Dals & Pulses,Cashews,Other Dry Fruits,Raisins,Organic F&V,Organic F&V,Organic F&V,Organic F&V,Organic F&V,Almonds"
1225,"Brinjals,Brinjals,Exotic Vegetables,Bread,Beans,Other Juices,Root Vegetables,Raisins,Organic F&V"
1226,"Exotic Vegetables,Exotic Vegetables,Root Vegetables,Organic F&V,Organic F&V,Organic F&V,Organic F&V,Organic F&V,Organic F&V,Organic F&V,Exotic Vegetables"
1227,"Basmati Rice,Banana,Toor Dal,Bread,Namkeen,Toilet Cleaners,Pasta & Noodles,Honey"
1228,"Whole Spices,Toor Dal,Jaggery,Sugar,Raisins,Other Dry Fruits,Other Dry Fruits,Other Dry Fruits,Ground Coffee"
1229,"Gourd & Cucumber,Other Vegetables,Root Vegetables,Exotic Vegetables,Beans,Gourd & Cucumber,Maida,Buns & Pavs,Organic F&V,Organic F&V,Organic F&V"
1230,"Other Vegetables,Other Vegetables,Beans,Brinjals,Whole Spices,Sugar,Whole Spices,Root Vegetables"
1231,"Whole Spices,Avalakki / Poha,Sooji & Rava,Organic Dals & Pulses,Organic Dals & Pulses,Sooji & Rava,Other Oils,Organic Flours,Organic Salt,Sugar & Jaggery,Organic Rice & Rice Products,Organic F&V,Organic F&V,Organic F&V"
1232,"Namkeen,Namkeen,Cream Biscuits,Namkeen,Glucose, Marie & Milk Biscuits,Snacky Nuts,Namkeen,Cream Biscuits"
1233,"Bread,Other Vegetables,Gourd & Cucumber,Beans,Bread,Other Dals,Sooji & Rava,Organic Rice & Rice Products,Raw Rice,Toor Dal"
1234,"Bread,Exotic Vegetables,Beans,Gourd & Cucumber,Organic Flours,Cakes,Cakes,Root Vegetables,Organic Dals & Pulses,Health Drinks,Glucose, Marie & Milk Biscuits,Organic F&V,Organic F&V,Liquid Detergent"
1235,"Other Vegetables,Other Vegetables,Banana,Raw Peanuts,Raw Rice,Sugar,Sunflower Oils,Organic F&V,Toor Dal"
1236,"Other Vegetables,Moong Dal,Beans,Raw Rice,Toor Dal,Sugar,Root Vegetables,Organic F&V,Organic F&V,Organic F&V,Organic F&V,Organic F&V,Organic F&V"
1237,"Gourd & Cucumber,Bread,Other Vegetables,Sooji & Rava,Banana,Gourd & Cucumber,Maida,Aluminium Foil & Cling Wrap,Exotic Vegetables,Regular Pasta,Namkeen,Namkeen"
1238,"Gourd & Cucumber,Other Vegetables,Brinjals,Toor Dal,Bread,Moong Dal,Urad Dal,Toilet Cleaners"
1239,"Banana,Raw Peanuts,Toor Dal,Sooji & Rava,Ghee,Cooking Paste,Chilli & Soya Sauces,Avalakki / Poha,Chilli & Soya Sauces"
1240,"Exotic Vegetables,Beans,Banana,Beans,Raw Peanuts,Whole Spices,Moong Dal,Rice Flour,Other Dals,Whole Spices,Bread,Maida,Sooji & Rava,Besan,Ghee,Sunflower Oils,Sugar,Root Vegetables,Almonds,Vermicelli,Cashews"
1241,"Raw Peanuts,Vermicelli,Toor Dal,Organic Rice & Rice Products,Sugar,Other Flours,Cream Biscuits,Honey,Other Dry Fruits,Organic F&V"
1242,"Beans,Exotic Vegetables,Other Dals,Other Dals,Moong Dal,Other Dals,Organic F&V,Organic F&V,Organic F&V"
1243,"Brinjals,Root Vegetables,Beans,Moong Dal,Other Dals,Other Dals,Other Dals,Urad Dal"
1244,"Beans,Toothpaste,Gourd & Cucumber,Other Dals,Gourd & Cucumber,Other Dals,Honey,Organic F&V,Organic F&V,Organic F&V,Namkeen,Salty Biscuits"
1245,"Other Vegetables,Gourd & Cucumber,Toor Dal,Gourd & Cucumber,Sugar,Mosquito Repellent,Health Drinks,Health Supplements"
1246,"Whole Spices,Moong Dal,Toor Dal,Other Dals,Whole Spices,Whole Spices,Sugar,Whole Spices,Boiled Rice,Vermicelli"
1247,"Root Vegetables,Gourd & Cucumber,Beans,Brinjals,Beans,Raw Peanuts,Gourd & Cucumber,Brinjals,Sooji & Rava,Beans"
1248,"Moong Dal,Whole Spices,Toor Dal,Other Dals,Moong Dal,Whole Spices,Sooji & Rava,Other Rice Products,Urad Dal,Sunflower Oils,Sugar,Almonds,Raisins,Yogurt & Lassi,Buttermilk"
1249,"Gourd & Cucumber,Brinjals,Other Vegetables,Banana,Beans,Whole Spices,Toor Dal,Sooji & Rava,Other Dals,Other Dals,Other Dals,Moong Dal,Other Dals,Urad Dal,Other Flours,Organic F&V,Organic F&V,Organic F&V,Organic F&V,Organic F&V"
1250,"Raw Peanuts,Whole Spices,Toor Dal,Other Dals,Sooji & Rava,Moong Dal,Rice Flour,Sunflower Oils,Raw Rice,Urad Dal,Jaggery,Cream Biscuits,Raisins"
1251,"Other Vegetables,Brinjals,Other Vegetables,Toor Dal,Other Dals,Moong Dal,Other Dals,Sugar,Other Dals,Liquid Detergent,Toothpaste,Regular Pasta,Liquid Soaps & Bars"
1252,"Gourd & Cucumber,Other Vegetables,Root Vegetables,Root Vegetables,Toor Dal,Beans,Sugar,Raw Rice,Sugar,Exotic Vegetables,Other Vegetables"
1253,"Vermicelli,Rice Flour,Raw Rice,Sooji & Rava,Sooji & Rava,Phenyles & Acids,Other Rice Products,Boiled Rice"
1254,"Root Vegetables,Organic Flours,Shoe Polish,Organic Dals & Pulses,Organic Flours,Cream Biscuits,Mosquito Repellent,Organic Dals & Pulses,Organic Dals & Pulses,Other Vegetables"
1255,"Gourd & Cucumber,Other Vegetables,Root Vegetables,Brinjals,Root Vegetables,Beans,Beans,Other Dals,Toor Dal,Other Dals,Gourd & Cucumber,Raw Rice,Other Vegetables,Other Dals"
1256,"Bread,Other Dals,Toor Dal,Namkeen,Other Dals,Namkeen,Other Dals,Urad Dal,Liquid Detergent,Other Dry Fruits,Namkeen"
1257,"Toor Dal,Rice Flour,Raw Rice,Sugar,Whole Spices,Boiled Rice,Sunflower Oils,Jaggery,Whole Spices,Cashews"
1258,"Whole Spices,Moong Dal,Raw Peanuts,Raw Rice,Other Dals,Urad Dal,Whole Spices,Sooji & Rava,Raw Rice,Sugar,Sunflower Oils,Sugar,Avalakki / Poha,Urad Dal,Health Drinks"
1259,"Moong Dal,Toor Dal,Rice Flour,Sugar,Whole Spices,Whole Spices,Sooji & Rava,Sooji & Rava,Maida,Ghee,Jaggery,Ghee,Raisins,Urad Dal,Other Dals,Basmati Rice"
1260,"Moong Dal,Other Dals,Toor Dal,Avalakki / Poha,Other Dals,Other Dals,Other Dals,Other Dals,Urad Dal,Jaggery,Yogurt & Lassi,Cooking Paste"
1261,"Brinjals,Beans,Beans,Gourd & Cucumber,Banana,Gourd & Cucumber,Exotic Vegetables,Organic F&V,Organic F&V,Organic F&V,Organic F&V"
1262,"Whole Spices,Toor Dal,Avalakki / Poha,Raw Peanuts,Other Dals,Urad Dal,Sugar,Whole Spices,Whole Spices,Sooji & Rava,Sooji & Rava,Health Drinks,Liquid Soaps & Bars"
1263,"Bread,Other Vegetables,Brinjals,Namkeen,Mango Juices,Yogurt & Lassi,Phenyles & Acids,Mosquito Repellent,Namkeen"
1264,"Organic Flours,Gourd & Cucumber,Sooji & Rava,Gourd & Cucumber,Brinjals,Avalakki / Poha,Other Dals,Other Dals,Cashews,Organic Rice & Rice Products"
1265,"Beans,Brinjals,Other Vegetables,Exotic Vegetables,Brinjals,Toor Dal,Moong Dal,Other Dals,Maida,Besan"
1266,"Gourd & Cucumber,Beans,Beans,Brinjals,Other Vegetables,Beans,Brinjals,Honey,Other Vegetables"
1267,"Other Dals,Raw Peanuts,Other Dals,Other Dals,Maida,Urad Dal,Besan,Urad Dal,Sugar,Avalakki / Poha"
1268,"Whole Spices,Moong Dal,Toor Dal,Raw Rice,Other Dals,Sooji & Rava,Sooji & Rava,Boiled Rice,Urad Dal,Sugar,Rice Flour,Other Dals,Maida,Ground Coffee,Whole Spices,Sunflower Oils,Packaged Drinking Water"
1269,"Health Drinks,Exotic Vegetables,Toor Dal,Other Dals,Moong Dal,Sooji & Rava,Sugar,Whole Spices,Phenyles & Acids,Raisins,Cashews,Other Vegetables,Glucose, Marie & Milk Biscuits"
1270,"Exotic Vegetables,Other Vegetables,Beans,Beans,Sooji & Rava,Besan,Maida,Sugar,Exotic Vegetables,Other Vegetables"
1271,"Other Vegetables,Moong Dal,Gourd & Cucumber,Toor Dal,Besan,Instant Pastas,Glucose, Marie & Milk Biscuits,Instant Pastas,Other Vegetables"
1272,"Other Vegetables,Namkeen,Raw Peanuts,Whole Spices,Exotic Vegetables,Other Dals,Other Dals,Sooji & Rava,Namkeen,Namkeen,Namkeen,Phenyles & Acids"
1273,"Brinjals,Other Vegetables,Gourd & Cucumber,Brinjals,Namkeen,Other Dals,Glucose, Marie & Milk Biscuits,Sugar,Other Dals,Mosquito Repellent"
1274,"Other Vegetables,Banana,Gourd & Cucumber,Toor Dal,Raw Rice,Boiled Rice,Sugar,Jaggery,Other Vegetables"
1275,"Beans,Whole Spices,Exotic Vegetables,Toor Dal,Moong Dal,Other Dals,Sugar,Brinjals,Basmati Rice,Toilet Cleaners,Health Drinks"
1276,"Banana,Beans,Exotic Vegetables,Root Vegetables,Phenyles & Acids,Phenyles & Acids,Honey,Ghee"
1277,"Gourd & Cucumber,Brinjals,Exotic Vegetables,Exotic Vegetables,Other Dals,Beans,Gourd & Cucumber,Other Vegetables"
1278,"Gourd & Cucumber,Brinjals,Whole Spices,Sooji & Rava,Avalakki / Poha,Other Dals,Banana,Moong Dal,Urad Dal,Urad Dal,Other Dals,Gourd & Cucumber,Other Flours,Brinjals,Mosquito Repellent,Other Dry Fruits,Almonds,Cashews"
1279,"Whole Spices,Avalakki / Poha,Raw Peanuts,Sooji & Rava,Organic Dals & Pulses,Organic Dals & Pulses,Sooji & Rava,Other Dry Fruits,Organic Dals & Pulses"
1280,"Root Vegetables,Bread,Exotic Vegetables,Curd,Exotic Vegetables,Organic F&V,Organic F&V,Organic F&V,Other Vegetables,Organic F&V,Organic F&V"
1281,"Whole Spices,Raw Rice,Sugar,Urad Dal,Toor Dal,Snacky Nuts,Snacky Nuts,Other Dals,Other Vegetables"
1282,"Other Vegetables,Beans,Brinjals,Beans,Gourd & Cucumber,Vermicelli,Beans,Banana,Gourd & Cucumber,Brinjals,Other Vegetables,Ground Coffee,Namkeen,Organic F&V,Organic F&V"
1283,"Other Dals,Whole Spices,Avalakki / Poha,Other Dals,Sugar,Sooji & Rava,Rice Flour,Other Dals,Other Dals,Other Oils,Health Drinks,Health Drinks,Other Dals,Toor Dal"
1284,"Other Vegetables,Beans,Moong Dal,Moong Dal,Whole Spices,Avalakki / Poha,Other Dals,Beans,Toor Dal,Sugar,Namkeen,Jaggery,Namkeen,Other Vegetables"
1285,"Beans,Gourd & Cucumber,Beans,Beans,Brinjals,Organic F&V,Organic F&V,Organic F&V"
1286,"Gourd & Cucumber,Banana,Gourd & Cucumber,Cashews,Raisins,Organic F&V,Organic F&V,Organic F&V,Other Vegetables"
1287,"Other Vegetables,Root Vegetables,Toor Dal,Urad Dal,Besan,Sooji & Rava,Sunflower Oils,Brinjals"
1288,"Beans,Banana,Beans,Brinjals,Other Vegetables,Namkeen,Cream Biscuits,Namkeen"
1289,"Root Vegetables,Beans,Beans,Beans,Vermicelli,Toor Dal,Brinjals,Moong Dal,Other Dals,Urad Dal,Gourd & Cucumber,Besan,Other Dals,Sooji & Rava,Sunflower Oils,Glucose, Marie & Milk Biscuits,Whole Spices,Other Dals,Other Vegetables"
1290,"Buns & Pavs,Organic F&V,Organic F&V,Organic F&V,Organic F&V,Organic F&V,Organic F&V,Organic F&V,Organic F&V,Organic F&V,Organic F&V,Organic F&V"
1291,"Banana,Namkeen,Chilli & Soya Sauces,Namkeen,Chilli & Soya Sauces,Chilli & Soya Sauces,Organic F&V,Organic F&V,Namkeen,Namkeen,Face Wash"
1292,"Bread,Bread,Other Vegetables,Other Vegetables,Root Vegetables,Banana,Beans,Sunflower Oils,Organic F&V"
1293,"Sunflower Oils,Beans,Root Vegetables,Other Dals,Whole Spices,Toor Dal,Avalakki / Poha,Raw Peanuts,Beans,Other Dals,Sugar,Whole Spices,Sooji & Rava,Sooji & Rava,Other Rice Products,Urad Dal,Rice Flour,Besan,Jaggery,Avalakki / Poha"
1294,"Beans,Beans,Exotic Vegetables,Organic F&V,Organic F&V,Organic F&V,Organic F&V,Organic F&V,Organic F&V,Organic F&V,Organic F&V,Organic F&V,Organic F&V,Organic F&V,Organic F&V"
1295,"Exotic Vegetables,Brinjals,Beans,Banana,Beans,Liquid Soaps & Bars,Beans,Cream Biscuits,Cooking Sauce,Other Vegetables"
1296,"Bread,Other Vegetables,Beans,Sugar,Brinjals,Snacky Nuts,Yogurt & Lassi,Yogurt & Lassi,Raisins,Namkeen"
1297,"Bread,Other Vegetables,Gourd & Cucumber,Brinjals,Banana,Besan,Maida,Gourd & Cucumber,Brinjals,Liquid Detergent,Ghee,Namkeen"
1298,"Other Vegetables,Raw Peanuts,Other Dals,Toor Dal,Other Dals,Moong Dal,Other Dals,Other Dals,Moong Dal,Raw Rice,Other Dals,Cakes,Other Dals"
1299,"Moong Dal,Namkeen,Moong Dal,Namkeen,Namkeen,Vermicelli,Glucose, Marie & Milk Biscuits,Ghee"
1300,"Gourd & Cucumber,Beans,Other Vegetables,Brinjals,Banana,Beans,Gourd & Cucumber,Raw Rice,Other Rice Products,Organic F&V"
1301,"Banana,Brinjals,Beans,Raw Rice,Gourd & Cucumber,Whole Spices,Cream Biscuits,Root Vegetables"
1302,"Other Vegetables,Root Vegetables,Beans,Exotic Vegetables,Raw Peanuts,Brinjals,Exotic Vegetables,Banana,Bread,Other Vegetables"
1303,"Vermicelli,Whole Spices,Toor Dal,Raw Peanuts,Other Dals,Snacky Nuts,Sooji & Rava,Namkeen,Diapers & Wipes,Namkeen"
1304,"Bread,Root Vegetables,Beans,Exotic Vegetables,Other Dals,Gourd & Cucumber,Jaggery,Other Dals,Buns & Pavs,Exotic Vegetables,Cooking Sauce"
1305,"Toor Dal,Moong Dal,Raw Rice,Urad Dal,Sooji & Rava,Jaggery,Liquid Detergent,Boiled Rice,Raisins,Ground Coffee"
1306,"Whole Spices,Whole Spices,Vermicelli,Whole Spices,Toor Dal,Moong Dal,Other Dals,Sooji & Rava,Sooji & Rava,Sooji & Rava,Jaggery,Urad Dal,Sugar,Whole Spices,Cashews,Almonds"
1307,"Exotic Vegetables,Exotic Vegetables,Bread,Root Vegetables,Other Vegetables,Banana,Whole Spices,Whole Spices,Sooji & Rava,Raw Rice,Health Drinks,Boiled Rice,Rice Flour,Sunflower Oils,Sugar,Other Flours,Jaggery,Ground Coffee,Salty Biscuits"
1308,"Brinjals,Beans,Gourd & Cucumber,Whole Spices,Beans,Whole Spices,Other Vegetables,Sunflower Oils"
1309,"Banana,Ready Mix,Chilli & Soya Sauces,Honey,Organic F&V,Organic F&V,Organic F&V,Organic F&V,Organic F&V,Organic F&V"
1310,"Vermicelli,Toor Dal,Sugar,Jaggery,Sunflower Oils,Cashews,Regular Pasta,Namkeen"
1311,"Moong Dal,Moong Dal,Other Dals,Toor Dal,Maida,Sooji & Rava,Raw Rice,Other Rice Products,Urad Dal,Other Dals,Ghee,Other Dals,Sunflower Oils,Boiled Rice,Basmati Rice,Health Drinks,Raisins,Other Dals,Namkeen,Other Dry Fruits"
1312,"Other Vegetables,Brinjals,Other Dals,Toor Dal,Liquid Soaps & Bars,Other Vegetables,Shaving Blade & Razors,Root Vegetables"
1313,"Whole Spices,Toor Dal,Moong Dal,Other Dals,Sugar,Aluminium Foil & Cling Wrap,Maida,Organic Dals & Pulses,Besan,Brinjals,Basmati Rice,Toilet Cleaners,Almonds,Cashews,Chinese Noodles,Raisins,Health Drinks"
1314,"Banana,Gourd & Cucumber,Organic F&V,Organic F&V,Organic F&V,Organic F&V,Organic F&V,Organic F&V"
1315,"Brinjals,Other Vegetables,Whole Spices,Namkeen,Organic Masalas & Spices,Organic F&V,Organic F&V,Cream Biscuits,Organic F&V,Organic Dals & Pulses"
1316,"Ground Coffee,Organic Masalas & Spices,Organic Masalas & Spices,Organic Dals & Pulses,Organic Dals & Pulses,Boiled Rice,Other Rice Products,Organic Masalas & Spices,Organic Rice & Rice Products,Organic Rice & Rice Products,Organic Salt,Sugar & Jaggery,Raisins,Cashews,Cashews,Almonds"
1317,"Whole Spices,Moong Dal,Toor Dal,Other Dals,Urad Dal,Toor Dal,Boiled Rice,Sugar,Jaggery,Boiled Rice"
1318,"Ground Coffee,Boiled Rice,Glucose, Marie & Milk Biscuits,Ground Coffee,Mosquito Repellent,Ready Mix,Cream Biscuits,Cream Biscuits,Organic F&V"
1319,"Beans,Banana,Other Dals,Gourd & Cucumber,Sooji & Rava,Sugar,Organic F&V,Organic F&V,Organic F&V,Glucose, Marie & Milk Biscuits"
1320,"Beans,Gourd & Cucumber,Brooms & Dust Pans,Organic F&V,Organic F&V,Organic F&V,Liquid Soaps & Bars,Organic F&V,Organic F&V,Organic Flours"
1321,"Beans,Beans,Ready Mix,Root Vegetables,Cooking Paste,Organic F&V,Organic F&V,Organic F&V,Organic F&V,Organic F&V"
1322,"Gourd & Cucumber,Whole Spices,Organic F&V,Organic F&V,Organic F&V,Organic F&V,Organic F&V,Glucose, Marie & Milk Biscuits,Other Dals"
1323,"Moong Dal,Toor Dal,Avalakki / Poha,Raw Peanuts,Other Dals,Urad Dal,Urad Dal,Other Rice Products,Boiled Rice,Other Rice Products,Phenyles & Acids,Basmati Rice,Other Dals"
1324,"Raw Peanuts,Raw Rice,Bread,Sugar,Sugar,Toothpaste,Health Drinks,Phenyles & Acids"
1325,"Beans,Root Vegetables,Beans,Gourd & Cucumber,Raw Peanuts,Brinjals,Toor Dal,Beans,Raw Rice,Gourd & Cucumber,Sugar,Mango Juices,Glucose, Marie & Milk Biscuits"
1326,"Gourd & Cucumber,Beans,Beans,Brinjals,Other Vegetables,Root Vegetables,Beans,Brinjals,Gourd & Cucumber"
1327,"Avalakki / Poha,Liquid Soaps & Bars,Sooji & Rava,Glucose, Marie & Milk Biscuits,Sugar,Namkeen,Namkeen,Organic F&V,Organic F&V,Organic F&V"
1328,"Beans,Brinjals,Brinjals,Other Vegetables,Gourd & Cucumber,Toor Dal,Moong Dal,Beans,Sugar,Besan,Urad Dal,Raw Rice"
1329,"Gourd & Cucumber,Root Vegetables,Beans,Other Vegetables,Beans,Banana,Exotic Vegetables,Sugar,Exotic Vegetables,Organic F&V,Organic F&V,Organic F&V,Organic F&V,Organic F&V,Organic F&V"
1330,"Sugar,Organic Dals & Pulses,Organic Dals & Pulses,Mango Juices,Organic Dals & Pulses,Ready Mix,Cooking Sauce,Sunflower Oils,Other Dry Fruits,Regular Pasta"
1331,"Other Vegetables,Other Vegetables,Beans,Beans,Beans,Root Vegetables,Organic F&V,Organic F&V"
1332,"Aluminium Foil & Cling Wrap,Exotic Vegetables,Organic Rice & Rice Products,Yogurt & Lassi,Organic F&V,Organic F&V,Organic F&V,Organic F&V,Namkeen,Organic F&V,Organic F&V,Organic F&V"
1333,"Gourd & Cucumber,Brinjals,Toor Dal,Gourd & Cucumber,Other Vegetables,Ghee,Sugar,Root Vegetables"
1334,"Other Dals,Whole Spices,Other Dals,Sugar,Besan,Other Dals,Avalakki / Poha,Cashews,Shaving Blade & Razors,Basmati Rice"
1335,"Brinjals,Other Vegetables,Beans,Beans,Gourd & Cucumber,Beans,Toor Dal,Other Dals,Other Vegetables"
1336,"Gourd & Cucumber,Other Vegetables,Root Vegetables,Basmati Rice,Exotic Vegetables,Banana,Brinjals,Exotic Vegetables,Root Vegetables,Pasta & Noodles"
1337,"Brinjals,Other Vegetables,Brinjals,Exotic Vegetables,Exotic Vegetables,Banana,Sooji & Rava,Rice Flour,Root Vegetables,Basmati Rice"
1338,"Toothpaste,Vermicelli,Whole Spices,Moong Dal,Moong Dal,Other Dals,Other Dals,Other Dals,Sugar,Raw Rice,Besan,Other Dals,Regular Pasta,Phenyles & Acids"
1339,"Other Dals,Moong Dal,Other Dals,Toor Dal,Raw Rice,Sunflower Oils,Urad Dal,Sugar,Avalakki / Poha"
1340,"Exotic Vegetables,Raw Rice,Sunflower Oils,Organic Flours,Mosquito Repellent,Organic Rice & Rice Products,Root Vegetables,Organic Masalas & Spices,Organic F&V,Organic F&V,Organic F&V,Organic F&V"
1341,"Other Vegetables,Beans,Other Vegetables,Brinjals,Brinjals,Jaggery,Beans,Organic F&V,Organic F&V,Organic F&V"
1342,"Other Vegetables,Brinjals,Other Vegetables,Gourd & Cucumber,Beans,Besan,Sugar,Avalakki / Poha"
1343,"Basmati Rice,Whole Spices,Toor Dal,Sunflower Oils,Organic Dals & Pulses,Sugar,Organic Masalas & Spices,Organic Masalas & Spices,Snacky Nuts,Hand Wash,Other Dals,Corn Snacks,Liquid Soaps & Bars,Glucose, Marie & Milk Biscuits"
1344,"Whole Spices,Banana,Raw Rice,Other Rice Products,Sugar,Cream Biscuits,Buns & Pavs,Cream Biscuits"
1345,"Bread,Other Vegetables,Other Dals,Almonds,Phenyles & Acids,Organic F&V,Organic Flours,Other Dals"
1346,"Raw Peanuts,Moong Dal,Other Dals,Toor Dal,Raw Rice,Other Dals,Maida,Sooji & Rava,Boiled Rice,Urad Dal,Glucose, Marie & Milk Biscuits,Rice Flour,Sooji & Rava,Sugar,Sunflower Oils,Ground Coffee"
1347,"Raw Peanuts,Whole Spices,Toor Dal,Avalakki / Poha,Other Dals,Whole Spices,Whole Spices,Sooji & Rava,Sooji & Rava,Health Drinks,Organic Masalas & Spices,Urad Dal,Liquid Soaps & Bars"
1348,"Other Vegetables,Whole Spices,Brinjals,Whole Spices,Exotic Vegetables,Beans,Other Rice Products,Toor Dal,Cream Biscuits"
1349,"Raw Peanuts,Whole Spices,Toor Dal,Avalakki / Poha,Rice Flour,Sugar,Whole Spices,Whole Spices,Maida,Sooji & Rava,Ghee,Other Flours,Ghee,Raisins,Cashews,Urad Dal"
1350,"Brinjals,Other Vegetables,Banana,Raw Peanuts,Toor Dal,Brinjals,Besan,Organic Dals & Pulses,Other Dry Fruits,Cooking Paste"
1351,"Other Vegetables,Whole Spices,Avalakki / Poha,Brinjals,Rice Flour,Urad Dal,Sugar,Buns & Pavs,Raisins,Cashews,Wafers"
1352,"Sunflower Oils,Root Vegetables,Beans,Brinjals,Toor Dal,Moong Dal,Other Dals,Gourd & Cucumber,Whole Spices,Raw Rice,Boiled Rice,Urad Dal,Cashews,Instant Noodles,Cashews,Organic F&V"
1353,"Beans,Ground Coffee,Root Vegetables,Brinjals,Root Vegetables,Gourd & Cucumber,Beans,Namkeen,Mosquito Repellent,Sanitary Pads,Organic F&V,Organic F&V,Healthy Snacks"
1354,"Other Vegetables,Basmati Rice,Bread,Beans,Namkeen,Namkeen,Toor Dal,Ghee,Namkeen,Avalakki / Poha,Namkeen,Root Vegetables"
1355,"Gourd & Cucumber,Other Vegetables,Beans,Health Drinks,Other Dals,Whole Spices,Honey,Agarbatti"
1356,"Toor Dal,Raw Peanuts,Rice Flour,Raw Rice,Sooji & Rava,Urad Dal,Besan,Other Dals,Sunflower Oils"
1357,"Other Vegetables,Beans,Brinjals,Whole Spices,Sugar,Banana,Gourd & Cucumber,Namkeen,Corn Snacks,Corn Snacks"
1358,"Banana,Other Vegetables,Raisins,Cashews,Yogurt & Lassi,Yogurt & Lassi,Raisins,Organic F&V,Chips,Organic F&V"
1359,"Beans,Other Vegetables,Organic F&V,Organic F&V,Organic F&V,Organic F&V,Organic F&V,Organic F&V"
1360,"Toor Dal,Besan,Maida,Glucose, Marie & Milk Biscuits,Brinjals,Cream Biscuits,Buns & Pavs,Organic F&V,Organic F&V"
1361,"Gourd & Cucumber,Brinjals,Banana,Gourd & Cucumber,Organic F&V,Organic F&V,Organic F&V,Organic F&V,Organic F&V,Organic F&V"
1362,"Gourd & Cucumber,Beans,Brinjals,Brinjals,Brinjals,Moong Dal,Beans,Beans,Organic Masalas & Spices,Other Vegetables,Namkeen,Namkeen"
1363,"Raw Peanuts,Other Dals,Whole Spices,Avalakki / Poha,Moong Dal,Other Dals,Sooji & Rava,Jaggery,Glucose, Marie & Milk Biscuits,Rice Flour,Other Oils,Glucose, Marie & Milk Biscuits"
1364,"Exotic Vegetables,Other Vegetables,Brinjals,Banana,Other Dals,Sooji & Rava,Organic F&V,Organic F&V,Cream Biscuits"
1365,"Beans,Brinjals,Brinjals,Other Vegetables,Other Vegetables,Gourd & Cucumber,Beans,Gourd & Cucumber,Raisins"
1366,"Beans,Brinjals,Other Vegetables,Gourd & Cucumber,Brinjals,Moong Dal,Toor Dal,Moong Dal,Gourd & Cucumber,Moong Dal,Other Vegetables,Cream Biscuits,Avalakki / Poha"
1367,"Beans,Banana,Beans,Raw Rice,Sugar,Sunflower Oils,Organic F&V,Organic F&V,Organic F&V"
1368,"Other Vegetables,Banana,Gourd & Cucumber,Moong Dal,Jaggery,Other Vegetables,Regular Pasta,Sugar"
1369,"Whole Spices,Avalakki / Poha,Raw Rice,Other Rice Products,Besan,Other Dals,Maida,Sugar,Jaggery"
1370,"Moong Dal,Toor Dal,Raw Rice,Banana,Namkeen,Cream Biscuits,Shaving Cream, Foam & Gels,Other Oils,Namkeen,Organic F&V"
1371,"Raw Peanuts,Brinjals,Exotic Vegetables,Moong Dal,Toor Dal,Other Dals,Moong Dal,Raw Rice,Urad Dal,Other Vegetables,Regular Pasta,Other Dals,Root Vegetables,Cooking Sauce,Basmati Rice,Organic F&V"
1372,"Gourd & Cucumber,Bread,Beans,Gourd & Cucumber,Namkeen,Root Vegetables,Avalakki / Poha,Shoe Polish"
1373,"Banana,Sooji & Rava,Moong Dal,Whole Spices,Toor Dal,Other Dals,Moong Dal,Other Dals,Other Dals,Maida,Other Dals,Other Dals,Other Dals,Organic F&V"
1374,"Gourd & Cucumber,Banana,Beans,Organic Masalas & Spices,Cashews,Other Dals,Organic F&V,Organic F&V,Organic F&V,Organic F&V,Organic F&V"
1375,"Brinjals,Organic Flours,Beans,Raw Peanuts,Whole Spices,Toor Dal,Beans,Banana,Other Dals,Jaggery,Other Dals"
1376,"Gourd & Cucumber,Other Vegetables,Other Vegetables,Moong Dal,Toor Dal,Other Dals,Cooking Paste,Sooji & Rava,Besan,Aluminium Foil & Cling Wrap,Sugar,Root Vegetables,Phenyles & Acids,Basmati Rice,Honey"
1377,"Gourd & Cucumber,Beans,Organic Masalas & Spices,Beans,Gourd & Cucumber,Sunflower Oils,Organic Dals & Pulses,Besan,Other Vegetables,Organic Rice & Rice Products"
1378,"Root Vegetables,Bread,Other Vegetables,Other Vegetables,Beans,Other Dals,Urad Dal,Buns & Pavs,Root Vegetables,Other Dry Fruits,Cashews"
1379,"Other Vegetables,Sunflower Oils,Beans,Brinjals,Other Dals,Sooji & Rava,Sooji & Rava,Ghee,Sugar,Root Vegetables,Almonds"
1380,"Bread,Other Vegetables,Beans,Brinjals,Toor Dal,Urad Dal,Ghee,Health Drinks"
1381,"Other Vegetables,Brinjals,Root Vegetables,Brinjals,Moong Dal,Yogurt & Lassi,Yogurt & Lassi,Raisins,Organic F&V,Organic F&V"
1382,"Other Vegetables,Bread,Toor Dal,Gourd & Cucumber,Other Vegetables,Sugar,Brinjals,Other Dry Fruits"
1383,"Ground Coffee,Other Vegetables,Whole Spices,Sooji & Rava,Moong Dal,Other Dals,Whole Spices,Toor Dal,Raw Peanuts,Moong Dal,Urad Dal,Whole Spices,Whole Spices,Sooji & Rava,Raw Rice,Boiled Rice,Other Rice Products,Besan,Other Dals,Sugar,Other Flours,Jaggery,Whole Spices,Avalakki / Poha,Raisins,Other Dry Fruits,Other Dals"
1384,"Sunflower Oils,Whole Spices,Moong Dal,Other Dals,Whole Spices,Moong Dal,Whole Spices,Sooji & Rava,Sugar,Other Dals"
1385,"Root Vegetables,Brinjals,Other Vegetables,Root Vegetables,Beans,Beans,Sunflower Oils,Banana,Gourd & Cucumber,Jaggery,Ghee,Other Spreads"
1386,"Gourd & Cucumber,Beans,Beans,Exotic Vegetables,Exotic Vegetables,Exotic Vegetables,Root Vegetables,Organic F&V,Organic F&V,Organic F&V,Organic F&V,Organic F&V,Organic F&V,Organic F&V,Organic F&V"
1387,"Other Vegetables,Beans,Other Dals,Moong Dal,Toor Dal,Whole Spices,Moong Dal,Namkeen,Other Vegetables,Sugar,Almonds,Other Dry Fruits"
1388,"Bread,Brinjals,Other Vegetables,Beans,Beans,Instant Noodles,Root Vegetables,Instant Noodles"
1389,"Root Vegetables,Gourd & Cucumber,Namkeen,Namkeen,Gourd & Cucumber,Namkeen,Instant Noodles,Namkeen,Cooking Paste,Instant Noodles"
1390,"Chinese Noodles,Vermicelli,Other Dals,Whole Spices,Sooji & Rava,Beans,Urad Dal,Besan,Mosquito Repellent,Cream Biscuits,Cashews"
1391,"Bread,Beans,Brinjals,Beans,Sooji & Rava,Toor Dal,Other Dals,Urad Dal,Other Dals,Sugar,Namkeen"
1392,"Other Vegetables,Beans,Gourd & Cucumber,Chinese Noodles,Beans,Namkeen,Gourd & Cucumber,Other Vegetables,Corn Snacks,Namkeen,Namkeen,Namkeen"
1393,"Whole Spices,Moong Dal,Toor Dal,Sooji & Rava,Raw Rice,Boiled Rice,Rice Flour,Sunflower Oils,Sugar,Cashews"
1394,"Whole Spices,Avalakki / Poha,Raw Peanuts,Sooji & Rava,Sooji & Rava,Organic Dals & Pulses,Mosquito Repellent,Sugar,Tomato Ketchup,Organic Masalas & Spices,Other Dry Fruits,Cashews,Almonds"
1395,"Brinjals,Other Vegetables,Beans,Chinese Noodles,Other Dals,Other Dals,Beans,Root Vegetables,Other Dals,Other Dals,Other Dals"
1396,"Brinjals,Other Vegetables,Root Vegetables,Exotic Vegetables,Exotic Vegetables,Beans,Brinjals,Other Vegetables"
1397,"Other Vegetables,Gourd & Cucumber,Whole Spices,Other Dals,Toor Dal,Besan,Other Vegetables,Maida,Brinjals,Cashews,Other Dals"
1398,"Root Vegetables,Exotic Vegetables,Banana,Moong Dal,Other Dals,Beans,Jaggery,Other Vegetables,Root Vegetables,Cooking Sauce,Other Dals,Organic F&V,Body Wash"
1399,"Brinjals,Other Vegetables,Root Vegetables,Root Vegetables,Beans,Urad Dal,Cream Biscuits,Salty Biscuits"
1400,"Root Vegetables,Beans,Beans,Other Dals,Toor Dal,Moong Dal,Gourd & Cucumber,Raw Rice,Besan,Root Vegetables"
1401,"Moong Dal,Beans,Namkeen,Root Vegetables,Namkeen,Regular Pasta,Yogurt & Lassi,Yogurt & Lassi,Yogurt & Lassi"
1402,"Vermicelli,Whole Spices,Sooji & Rava,Raw Rice,Maida,Exotic Vegetables,Mosquito Repellent,Namkeen,Namkeen,Namkeen,Namkeen"
1403,"Other Vegetables,Other Vegetables,Moong Dal,Sugar,Ghee,Organic F&V,Organic F&V,Organic F&V,Organic F&V,Organic F&V"
1404,"Brinjals,Bread,Other Vegetables,Root Vegetables,Banana,Chinese Noodles,Beans,Beans,Maida,Boiled Rice,Ready Mix,Sunflower Oils,Root Vegetables,Ice Creams & Desserts,Other Dals"
1405,"Gourd & Cucumber,Beans,Beans,Brinjals,Brinjals,Other Vegetables,Beans,Bread,Gourd & Cucumber,Other Vegetables,Root Vegetables"
1406,"Raw Peanuts,Whole Spices,Other Dals,Avalakki / Poha,Sooji & Rava,Rice Flour,Besan,Other Dals,Other Dals,Other Oils,Health Drinks,Other Dals"
1407,"Brinjals,Other Vegetables,Root Vegetables,Other Dals,Beans,Gourd & Cucumber,Raw Rice,Organic F&V,Organic F&V,Organic F&V,Organic F&V,Organic F&V"
1408,"Gourd & Cucumber,Beans,Root Vegetables,Other Vegetables,Beans,Gourd & Cucumber,Glucose, Marie & Milk Biscuits,Maida,Brinjals,Buns & Pavs,Chilli & Soya Sauces,Almonds"
1409,"Brinjals,Brinjals,Root Vegetables,Beans,Banana,Beans,Beans,Gourd & Cucumber,Brinjals,Sugar,Cream Biscuits"
1410,"Raw Peanuts,Whole Spices,Whole Spices,Whole Spices,Toor Dal,Avalakki / Poha,Other Dals,Whole Spices,Sooji & Rava,Sooji & Rava,Sooji & Rava,Health Drinks,Ghee,Urad Dal,Other Flours,Avalakki / Poha,Brooms & Dust Pans"
1411,"Sooji & Rava,Moong Dal,Other Dals,Moong Dal,Sooji & Rava,Urad Dal,Whole Spices,Instant Noodles,Phenyles & Acids,Other Dals,Toor Dal"
1412,"Other Vegetables,Beans,Gourd & Cucumber,Brinjals,Whole Spices,Moong Dal,Other Dals,Toor Dal,Moong Dal,Sunflower Oils,Moong Dal,Other Dals,Aluminium Foil & Cling Wrap,Sooji & Rava,Instant Pastas,Ghee"
1413,"Other Vegetables,Beans,Brinjals,Other Dals,Raw Rice,Banana,Health Drinks,Other Vegetables,Other Dals,Sugar,Root Vegetables,Boiled Rice,Organic Dals & Pulses,Glucose, Marie & Milk Biscuits"
1414,"Gourd & Cucumber,Bread,Beans,Brinjals,Banana,Gourd & Cucumber,Regular Pasta,Health Supplements"
1415,"Sunflower Oils,Basmati Rice,Other Dals,Moong Dal,Sooji & Rava,Moong Dal,Cooking Paste,Moong Dal,Sooji & Rava,Moong Dal,Boiled Rice,Cream Biscuits,Mango Juices,Liquid Detergent,Urad Dal,Shaving Blade & Razors,Cooking Sauce,Brooms & Dust Pans,Health Supplements"
1416,"Exotic Vegetables,Exotic Vegetables,Beans,Beans,Exotic Vegetables,Root Vegetables,Organic F&V,Organic F&V,Organic F&V,Organic F&V,Organic F&V,Organic F&V,Organic F&V,Organic F&V"
1417,"Whole Spices,Avalakki / Poha,Sunflower Oils,Sugar,Ghee,Urad Dal,Other Rice Products,Jaggery,Cashews,Liquid Soaps & Bars"
1418,"Beans,Other Vegetables,Other Vegetables,Exotic Vegetables,Beans,Chinese Noodles,Bread,Moong Dal,Yogurt & Lassi,Yogurt & Lassi,Yogurt & Lassi"
1419,"Other Vegetables,Brinjals,Beans,Gourd & Cucumber,Glucose, Marie & Milk Biscuits,Mosquito Repellent,Namkeen,Glucose, Marie & Milk Biscuits,Health Drinks"
1420,"Raw Peanuts,Toor Dal,Other Dals,Moong Dal,Other Dals,Other Dals,Other Dals,Sugar,Sooji & Rava,Urad Dal,Besan,Other Dals,Urad Dal,Yogurt & Lassi,Yogurt & Lassi,Ready Baking Mixes,Almonds,Namkeen,Liquid Soaps & Bars,Liquid Soaps & Bars,Namkeen"
1421,"Moong Dal,Sooji & Rava,Whole Spices,Toor Dal,Raw Peanuts,Other Dals,Sooji & Rava,Sooji & Rava,Urad Dal,Boiled Rice,Other Rice Products"
1422,"Other Vegetables,Beans,Bread,Raw Rice,Organic Masalas & Spices,Avalakki / Poha,Root Vegetables,Organic F&V,Organic F&V"
1423,"Gourd & Cucumber,Other Vegetables,Other Vegetables,Brinjals,Toor Dal,Beans,Gourd & Cucumber,Root Vegetables"
1424,"Beans,Other Vegetables,Beans,Other Vegetables,Whole Spices,Toor Dal,Raw Peanuts,Sugar,Sooji & Rava,Raw Rice"
1425,"Root Vegetables,Bread,Beans,Root Vegetables,Gourd & Cucumber,Brinjals,Whole Spices,Toor Dal,Raw Peanuts,Other Dals,Urad Dal,Other Vegetables,Other Dals,Phenyles & Acids"
1426,"Other Vegetables,Other Vegetables,Beans,Beans,Snacky Nuts,Cakes,Root Vegetables,Instant Noodles"
1427,"Brinjals,Root Vegetables,Beans,Beans,Gourd & Cucumber,Other Dals,Aluminium Foil & Cling Wrap,Raw Rice,Brinjals,Other Dals,Gourd & Cucumber,Honey"
1428,"Whole Spices,Whole Spices,Toor Dal,Whole Spices,Maida,Sunflower Oils,Mosquito Repellent,Whole Spices,Cashews"
1429,"Root Vegetables,Other Vegetables,Brinjals,Beans,Beans,Beans,Brinjals,Other Vegetables,Root Vegetables"
1430,"Other Vegetables,Banana,Beans,Gourd & Cucumber,Besan,Gourd & Cucumber,Ghee,Other Oils,Root Vegetables,Cashews"
1431,"Banana,Moong Dal,Moong Dal,Raw Peanuts,Other Dals,Namkeen,Sugar,Other Dals,Sunflower Oils,Instant Noodles,Instant Noodles"
1432,"Gourd & Cucumber,Beans,Other Vegetables,Banana,Beans,Whole Spices,Whole Spices,Sooji & Rava,Moong Dal,Moong Dal,Maida,Sooji & Rava,Moong Dal,Urad Dal,Other Dals,Sugar,Root Vegetables,Almonds,Phenyles & Acids,Organic F&V,Organic F&V,Organic F&V"
1433,"Gourd & Cucumber,Other Vegetables,Beans,Exotic Vegetables,Root Vegetables,Organic F&V,Organic F&V,Organic F&V,Organic F&V,Organic F&V,Organic F&V"
1434,"Beans,Banana,Health Drinks,Brinjals,Raw Peanuts,Sooji & Rava,Besan,Other Vegetables,Sunflower Oils,Cream Biscuits,Root Vegetables,Phenyles & Acids"
1435,"Gourd & Cucumber,Other Vegetables,Root Vegetables,Other Vegetables,Root Vegetables,Other Flours,Other Sweets,Yogurt & Lassi"
1436,"Exotic Vegetables,Other Dals,Gourd & Cucumber,Bread,Regular Pasta,Avalakki / Poha,Root Vegetables,Regular Pasta,Organic F&V,Organic F&V"
1437,"Other Vegetables,Root Vegetables,Exotic Vegetables,Beans,Bread,Namkeen,Yogurt & Lassi,Yogurt & Lassi,Regular Pasta"
1438,"Whole Spices,Vermicelli,Whole Spices,Moong Dal,Toor Dal,Moong Dal,Whole Spices,Sooji & Rava,Urad Dal,Avalakki / Poha,Cream Biscuits,Cream Biscuits"
1439,"Banana,Toor Dal,Beans,Namkeen,Urad Dal,Sugar,Root Vegetables,Namkeen,Phenyles & Acids"
1440,"Banana,Toor Dal,Moong Dal,Other Dals,Sunflower Oils,Raw Rice,Yogurt & Lassi,Liquid Soaps & Bars"
1441,"Brinjals,Beans,Moong Dal,Toor Dal,Gourd & Cucumber,Other Dals,Raisins,Almonds"
1442,"Other Dals,Namkeen,Sooji & Rava,Namkeen,Sunflower Oils,Avalakki / Poha,Cakes,Namkeen,Glucose, Marie & Milk Biscuits"
1443,"Other Vegetables,Root Vegetables,Root Vegetables,Exotic Vegetables,Regular Pasta,Almonds,Instant Pastas,Almonds,Raisins,Cashews,Organic F&V,Health Supplements"
1444,"Root Vegetables,Brinjals,Banana,Gourd & Cucumber,Sooji & Rava,Other Vegetables,Namkeen,Avalakki / Poha,Namkeen"
1445,"Sunflower Oils,Moong Dal,Other Dals,Urad Dal,Toor Dal,Sooji & Rava,Sugar,Maida,Other Dals,Urad Dal,Instant Noodles"
1446,"Moong Dal,Toor Dal,Moong Dal,Other Dals,Other Dals,Whole Spices,Sugar,Jaggery,Boiled Rice"
1447,"Other Vegetables,Root Vegetables,Beans,Beans,Gourd & Cucumber,Brinjals,Other Vegetables,Cakes"
1448,"Bread,Moong Dal,Other Dals,Cooking Paste,Other Dals,Moong Dal,Other Dals,Maida,Sooji & Rava,Jaggery,Avalakki / Poha,Basmati Rice,Mosquito Repellent,Toor Dal"
1449,"Other Dals,Toor Dal,Maida,Raw Rice,Besan,Sugar,Instant Noodles,Liquid Detergent,Body Wash"
1450,"Other Vegetables,Other Vegetables,Beans,Beans,Beans,Gourd & Cucumber,Moong Dal,Namkeen,Gourd & Cucumber,Besan,Mosquito Repellent,Corn Snacks,Namkeen,Other Dals,Corn Snacks,Corn Snacks,Namkeen"
1451,"Root Vegetables,Gourd & Cucumber,Beans,Brinjals,Other Vegetables,Root Vegetables,Other Dals,Gourd & Cucumber,Sooji & Rava,Sooji & Rava,Urad Dal"
1452,"Brinjals,Other Vegetables,Root Vegetables,Other Dals,Beans,Bread,Namkeen,Raw Rice,Aluminium Foil & Cling Wrap,Avalakki / Poha,Cashews,Organic F&V"
1453,"Bread,Organic Masalas & Spices,Organic Flours,Organic Dals & Pulses,Organic Dals & Pulses,Organic Rice & Rice Products,Sugar,Organic Masalas & Spices,Liquid Detergent,Vermicelli,Honey"
1454,"Gourd & Cucumber,Beans,Brinjals,Banana,Vermicelli,Toor Dal,Beans,Raw Rice,Sugar,Cream Biscuits,Mango Juices,Phenyles & Acids,Organic F&V,Organic F&V,Sunflower Oils"
1455,"Other Vegetables,Banana,Namkeen,Sooji & Rava,Toor Dal,Other Dals,Gourd & Cucumber,Sugar,Shaving Blade & Razors"
1456,"Toor Dal,Moong Dal,Sooji & Rava,Aluminium Foil & Cling Wrap,Sugar,Avalakki / Poha,Yogurt & Lassi,Curd"
1457,"Beans,Vermicelli,Moong Dal,Other Dals,Toor Dal,Moong Dal,Beans,Rice Flour,Raw Rice,Maida,Sooji & Rava,Sooji & Rava,Boiled Rice,Urad Dal,Sugar,Other Flours,Ground Coffee,Sunflower Oils,Root Vegetables"
1458,"Other Vegetables,Other Vegetables,Beans,Gourd & Cucumber,Brinjals,Other Dals,Other Dals,Moong Dal,Beans,Urad Dal,Health Drinks,Maida,Regular Pasta,Almonds,Namkeen"
1459,"Gourd & Cucumber,Other Vegetables,Banana,Regular Pasta,Brinjals,Root Vegetables,Organic F&V,Organic F&V,Organic F&V,Organic F&V"
1460,"Other Dals,Whole Spices,Toor Dal,Raw Peanuts,Rice Flour,Sugar,Whole Spices,Gourd & Cucumber,Sooji & Rava,Other Dals,Sooji & Rava,Ghee,Other Flours,Other Dals,Ghee,Raisins,Urad Dal,Cashews,Basmati Rice,Mosquito Repellent"
1461,"Moong Dal,Other Dals,Moong Dal,Other Dals,Toor Dal,Other Dals,Raw Rice,Other Dals,Phenyles & Acids"
1462,"Other Vegetables,Brinjals,Beans,Beans,Gourd & Cucumber,Brinjals,Other Vegetables,Root Vegetables"
1463,"Raw Peanuts,Whole Spices,Sooji & Rava,Sooji & Rava,Organic Dals & Pulses,Organic Masalas & Spices,Avalakki / Poha,Tomato Ketchup,Other Dry Fruits,Organic Dals & Pulses,Health Supplements"
1464,"Whole Spices,Whole Spices,Sooji & Rava,Whole Spices,Toor Dal,Raw Peanuts,Moong Dal,Urad Dal,Whole Spices,Sooji & Rava,Sooji & Rava,Jaggery,Besan,Urad Dal,Sugar,Jaggery,Toothpaste,Cream Biscuits,Instant Noodles,Glucose, Marie & Milk Biscuits"
1465,"Raw Rice,Other Dals,Sunflower Oils,Organic Masalas & Spices,Sugar,Toor Dal,Sooji & Rava,Organic Dals & Pulses,Organic Dals & Pulses,Regular Pasta,Other Dals,Organic Masalas & Spices,Organic Masalas & Spices,Ready Mix,Sanitary Pads,Organic Dals & Pulses,Other Sauces"
1466,"Brinjals,Other Vegetables,Root Vegetables,Beans,Beans,Banana,Beans,Beans,Gourd & Cucumber,Exotic Vegetables,Brinjals,Exotic Vegetables,Organic F&V,Organic F&V,Organic F&V,Organic F&V,Organic F&V"
1467,"Other Vegetables,Root Vegetables,Other Dals,Other Dals,Raw Rice,Other Dals,Sunflower Oils,Buns & Pavs"
1468,"Gourd & Cucumber,Root Vegetables,Brinjals,Other Vegetables,Root Vegetables,Beans,Other Dals,Other Dals,Toor Dal,Other Dals,Sooji & Rava,Beans,Gourd & Cucumber,Maida,Raw Rice,Besan,Other Vegetables,Other Dals,Sugar"
1469,"Bread,Whole Spices,Beans,Whole Spices,Buns & Pavs,Organic Salt,Sugar & Jaggery,Organic Salt,Sugar & Jaggery,Organic F&V"
1470,"Other Vegetables,Banana,Namkeen,Jaggery,Brinjals,Yogurt & Lassi,Yogurt & Lassi,Corn Snacks,Namkeen"
1471,"Brinjals,Sugar,Whole Spices,Root Vegetables,Cooking Paste,Cooking Paste,Cooking Paste,Mosquito Repellent"
1472,"Whole Spices,Moong Dal,Moong Dal,Other Dals,Toor Dal,Other Dals,Whole Spices,Other Dals,Other Dals,Sugar"
1473,"Whole Spices,Toor Dal,Avalakki / Poha,Other Dals,Sooji & Rava,Sooji & Rava,Sooji & Rava,Sooji & Rava,Urad Dal,Jaggery,Liquid Soaps & Bars"
1474,"Toothpaste,Whole Spices,Moong Dal,Other Dals,Sugar,Urad Dal,Phenyles & Acids,Phenyles & Acids"
1475,"Root Vegetables,Brinjals,Whole Spices,Urad Dal,Other Vegetables,Boiled Rice,Other Sweets,Rasagulla & Gulab Jamun,Honey,Agarbatti"
1476,"Beans,Banana,Beans,Organic F&V,Organic F&V,Organic F&V,Organic F&V,Organic F&V"
1477,"Bread,Other Vegetables,Moong Dal,Other Dals,Other Vegetables,Maida,Brinjals,Shoe Polish"
1478,"Bread,Other Vegetables,Root Vegetables,Whole Spices,Toor Dal,Besan,Other Vegetables,Shaving Blade & Razors,Mosquito Repellent"
1479,"Root Vegetables,Gourd & Cucumber,Brinjals,Beans,Beans,Brinjals,Toor Dal,Sugar,Other Oils,Root Vegetables"
1480,"Brinjals,Brinjals,Other Vegetables,Other Vegetables,Root Vegetables,Beans,Beans,Gourd & Cucumber,Avalakki / Poha,Avalakki / Poha,Organic F&V,Organic F&V,Namkeen"
1481,"Beans,Banana,Brinjals,Sooji & Rava,Beans,Maida,Aluminium Foil & Cling Wrap,Namkeen,Namkeen,Root Vegetables"
1482,"Gourd & Cucumber,Beans,Exotic Vegetables,Exotic Vegetables,Brinjals,Moong Dal,Other Dals,Beans,Exotic Vegetables,Other Oils,Sanitary Pads,Organic F&V"
1483,"Toor Dal,Other Dals,Raw Rice,Maida,Mosquito Repellent,Other Flours,Raisins,Ghee,Honey,Other Insect Repellent"
1484,"Root Vegetables,Other Vegetables,Root Vegetables,Beans,Banana,Beans,Gourd & Cucumber,Other Dals,Whole Spices,Gourd & Cucumber,Sugar,Liquid Soaps & Bars"
1485,"Banana,Beans,Brinjals,Sooji & Rava,Health Drinks,Besan,Other Dals,Health Drinks"
1486,"Beans,Other Vegetables,Bread,Beans,Brinjals,Gourd & Cucumber,Sunflower Oils,Boiled Rice,Urad Dal"
1487,"Brinjals,Other Vegetables,Exotic Vegetables,Gourd & Cucumber,Namkeen,Namkeen,Root Vegetables,Namkeen"
1488,"Beans,Other Vegetables,Exotic Vegetables,Beans,Sunflower Oils,Buns & Pavs,Cooking Sauce,Other Vegetables"
1489,"Whole Spices,Moong Dal,Other Dals,Toor Dal,Moong Dal,Sunflower Oils,Sooji & Rava,Sooji & Rava,Other Dals,Raisins,Urad Dal"
1490,"Beans,Sunflower Oils,Beans,Other Vegetables,Root Vegetables,Brinjals,Beans,Cream Biscuits,Wafers,Organic F&V,Organic F&V,Organic F&V"
1491,"Other Vegetables,Root Vegetables,Root Vegetables,Exotic Vegetables,Banana,Exotic Vegetables,Other Dals,Beans,Maida,Sooji & Rava,Besan,Urad Dal,Other Dals,Jaggery,Other Dals,Curd,Other Vegetables"
1492,"Gourd & Cucumber,Root Vegetables,Exotic Vegetables,Yogurt & Lassi,Yogurt & Lassi,Organic F&V,Organic F&V,Organic F&V,Organic F&V,Agarbatti"
1493,"Root Vegetables,Other Vegetables,Other Dals,Raw Peanuts,Moong Dal,Urad Dal,Other Rice Products,Avalakki / Poha,Other Vegetables"
1494,"Toor Dal,Avalakki / Poha,Moong Dal,Glucose, Marie & Milk Biscuits,Sooji & Rava,Other Oils,Health Drinks,Health Drinks,Glucose, Marie & Milk Biscuits"
1495,"Bread,Other Vegetables,Whole Spices,Namkeen,Yogurt & Lassi,Yogurt & Lassi,Other Oils,Snacky Nuts,Corn Snacks,Brooms & Dust Pans,Namkeen"
1496,"Other Vegetables,Brinjals,Beans,Moong Dal,Other Dals,Boiled Rice,Urad Dal,Other Dals"
1497,"Whole Spices,Toor Dal,Other Dals,Sunflower Oils,Sugar,Organic Masalas & Spices,Shaving Blade & Razors,Hair Oil,Liquid Soaps & Bars"
1498,"Brinjals,Other Vegetables,Other Dals,Beans,Gourd & Cucumber,Raw Rice,Aluminium Foil & Cling Wrap,Avalakki / Poha,Root Vegetables,Organic F&V,Organic F&V"
1499,"Toor Dal,Sooji & Rava,Other Dals,Other Dals,Sugar,Raw Rice,Besan,Other Vegetables"
1500,"Exotic Vegetables,Other Vegetables,Beans,Beans,Beans,Namkeen,Exotic Vegetables,Instant Noodles,Namkeen,Other Vegetables"
1501,"Sunflower Oils,Root Vegetables,Brinjals,Brinjals,Beans,Beans,Gourd & Cucumber,Toor Dal,Whole Spices,Gourd & Cucumber,Sooji & Rava,Raw Rice,Sugar,Other Vegetables"
1502,"Moong Dal,Moong Dal,Toor Dal,Maida,Sooji & Rava,Boiled Rice,Other Rice Products,Ghee,Urad Dal,Sugar,Sunflower Oils,Other Dals,Organic F&V,Organic F&V,Other Vegetables,Agarbatti"
1503,"Gourd & Cucumber,Other Vegetables,Bread,Beans,Brinjals,Other Vegetables,Root Vegetables,Banana,Toor Dal,Other Dals,Beans,Whole Spices,Buns & Pavs"
1504,"Root Vegetables,Brinjals,Other Vegetables,Beans,Beans,Gourd & Cucumber,Brinjals,Other Vegetables,Root Vegetables"
1505,"Bread,Root Vegetables,Exotic Vegetables,Avalakki / Poha,Cooking Sauce,Organic F&V,Organic F&V,Organic F&V,Organic F&V"
1506,"Gourd & Cucumber,Other Vegetables,Other Vegetables,Banana,Brinjals,Beans,Gourd & Cucumber,Organic F&V"
1507,"Gourd & Cucumber,Beans,Beans,Toor Dal,Raw Peanuts,Whole Spices,Sooji & Rava,Brinjals,Other Rice Products,Urad Dal,Urad Dal"
1508,"Root Vegetables,Brinjals,Other Vegetables,Banana,Sunflower Oils,Gourd & Cucumber,Root Vegetables,Organic F&V,Organic F&V"
1509,"Banana,Beans,Gourd & Cucumber,Other Dals,Whole Spices,Other Dals,Other Dals,Gourd & Cucumber,Other Dals,Urad Dal,Root Vegetables,Other Vegetables"
1510,"Bread,Brinjals,Other Vegetables,Beans,Snacky Nuts,Yogurt & Lassi,Yogurt & Lassi,Root Vegetables,Cooking Sauce"
1511,"Moong Dal,Other Dals,Toor Dal,Raw Peanuts,Moong Dal,Raw Rice,Sooji & Rava,Sooji & Rava,Boiled Rice,Organic Masalas & Spices,Sunflower Oils,Other Rice Products,Urad Dal"
1512,"Other Vegetables,Sunflower Oils,Brinjals,Toor Dal,Raw Peanuts,Banana,Raw Rice,Urad Dal,Root Vegetables,Agarbatti,Phenyles & Acids,Organic F&V,Organic F&V,Organic F&V"
1513,"Gourd & Cucumber,Raw Peanuts,Moong Dal,Other Dals,Other Dals,Other Dals,Other Dals,Root Vegetables"
1514,"Toor Dal,Moong Dal,Raw Peanuts,Other Dals,Moong Dal,Rice Flour,Sugar,Other Dals,Sunflower Oils,Mosquito Repellent"
1515,"Exotic Vegetables,Root Vegetables,Bread,Exotic Vegetables,Bread,Banana,Gourd & Cucumber,Other Rice Products,Raisins,Organic F&V,Organic F&V,Organic F&V,Organic F&V,Organic F&V,Other Vegetables"
1516,"Brinjals,Other Vegetables,Other Vegetables,Whole Spices,Moong Dal,Moong Dal,Whole Spices,Beans,Besan,Mosquito Repellent,Instant Noodles,Cooking Sauce,Organic F&V,Organic F&V,Liquid Soaps & Bars,Buttermilk"
1517,"Bread,Other Vegetables,Root Vegetables,Beans,Brinjals,Other Vegetables,Health Drinks,Organic F&V,Organic F&V,Organic F&V,Organic F&V,Organic F&V"
1518,"Raw Peanuts,Toor Dal,Sooji & Rava,Moong Dal,Other Dals,Whole Spices,Urad Dal,Glucose, Marie & Milk Biscuits,Besan,Other Dals,Sugar,Other Dals,Cream Biscuits,Health Drinks"
1519,"Beans,Banana,Toor Dal,Beans,Gourd & Cucumber,Regular Pasta,Sugar,Basmati Rice,Other Vegetables,Organic F&V"
1520,"Brinjals,Beans,Sanitary Pads,Organic F&V,Organic F&V,Organic F&V,Organic F&V,Organic F&V"
1521,"Bread,Other Vegetables,Toor Dal,Beans,Sugar,Organic F&V,Organic F&V,Organic F&V,Other Vegetables"
1522,"Beans,Beans,Beans,Moong Dal,Toor Dal,Gourd & Cucumber,Boiled Rice,Urad Dal"
1523,"Beans,Other Vegetables,Root Vegetables,Brinjals,Toothpaste,Moong Dal,Urad Dal,Yogurt & Lassi,Yogurt & Lassi,Yogurt & Lassi,Organic F&V,Organic F&V"
1524,"Whole Spices,Other Dals,Sooji & Rava,Whole Spices,Toor Dal,Namkeen,Maida,Sugar,Namkeen"
1525,"Gourd & Cucumber,Beans,Gourd & Cucumber,Besan,Sugar,Mosquito Repellent,Other Dals,Other Vegetables"
1526,"Brinjals,Other Vegetables,Whole Spices,Toor Dal,Sooji & Rava,Sooji & Rava,Brinjals,Jaggery,Urad Dal,Sugar,Cashews"
1527,"Root Vegetables,Other Vegetables,Brinjals,Beans,Beans,Brinjals,Other Vegetables,Root Vegetables"
1528,"Brinjals,Beans,Other Dals,Other Dals,Moong Dal,Beans,Gourd & Cucumber,Other Vegetables,Mosquito Repellent"
1529,"Root Vegetables,Gourd & Cucumber,Other Vegetables,Root Vegetables,Sooji & Rava,Beans,Gourd & Cucumber,Brinjals"
1530,"Bread,Brinjals,Exotic Vegetables,Exotic Vegetables,Sooji & Rava,Beans,Organic Dals & Pulses,Namkeen,Organic Masalas & Spices"
1531,"Gourd & Cucumber,Other Vegetables,Beans,Beans,Toor Dal,Moong Dal,Banana,Exotic Vegetables,Root Vegetables,Organic F&V,Organic F&V,Organic F&V"
1532,"Other Dals,Toor Dal,Moong Dal,Whole Spices,Banana,Sooji & Rava,Besan,Aluminium Foil & Cling Wrap,Sugar,Whole Spices,Shoe Polish,Hair Oil,Agarbatti"
1533,"Sunflower Oils,Whole Spices,Whole Spices,Moong Dal,Other Dals,Whole Spices,Toor Dal,Sooji & Rava,Other Dals,Sugar,Other Dals,Urad Dal,Instant Noodles"
1534,"Other Vegetables,Other Vegetables,Banana,Raw Peanuts,Shoe Polish,Urad Dal,Ghee,Root Vegetables,Cashews,Raisins"
1535,"Bread,Root Vegetables,Beans,Cooking Paste,Organic Rice & Rice Products,Snacky Nuts,Yogurt & Lassi,Yogurt & Lassi,Namkeen"
1536,"Bread,Exotic Vegetables,Buns & Pavs,Organic F&V,Organic F&V,Organic F&V,Organic F&V,Organic F&V"
1537,"Organic Masalas & Spices,Organic F&V,Organic F&V,Organic F&V,Organic F&V,Organic F&V,Organic F&V,Organic F&V,Organic F&V"
1538,"Moong Dal,Other Dals,Other Dals,Sooji & Rava,Other Dals,Other Dals,Toor Dal,Raw Rice,Urad Dal,Urad Dal,Sugar,Phenyles & Acids"
1539,"Other Vegetables,Brinjals,Other Dals,Toor Dal,Beans,Besan,Namkeen,Other Vegetables"
1540,"Other Vegetables,Banana,Corn Snacks,Organic F&V,Organic F&V,Organic F&V,Organic F&V,Namkeen"
1541,"Maida,Brinjals,Exotic Vegetables,Yogurt & Lassi,Honey,Organic F&V,Organic F&V,Organic F&V"
1542,"Bread,Organic Flours,Organic Dals & Pulses,Organic Dals & Pulses,Organic Masalas & Spices,Organic Masalas & Spices,Toothpaste,Organic Salt,Sugar & Jaggery,Organic Dals & Pulses,Cream Biscuits,Organic Dals & Pulses"
1543,"Root Vegetables,Other Vegetables,Root Vegetables,Banana,Beans,Gourd & Cucumber,Beans,Moong Dal,Brinjals,Urad Dal,Raw Rice,Health Drinks"
1544,"Bread,Other Vegetables,Banana,Beans,Gourd & Cucumber,Avalakki / Poha,Other Dals,Moong Dal,Other Dals,Raw Rice,Other Vegetables,Urad Dal,Other Oils,Root Vegetables,Namkeen,Other Dry Fruits,Raw Rice,Namkeen"
1545,"Gourd & Cucumber,Other Vegetables,Root Vegetables,Exotic Vegetables,Exotic Vegetables,Beans,Whole Spices,Brinjals,Toor Dal,Rice Flour,Root Vegetables,Raw Rice,Shaving Blade & Razors"
1546,"Sunflower Oils,Beans,Whole Spices,Whole Spices,Moong Dal,Other Dals,Whole Spices,Toor Dal,Raw Peanuts,Urad Dal,Sooji & Rava,Sugar,Cream Biscuits,Cashews,Raw Rice,Health Drinks,Instant Noodles"
1547,"Other Vegetables,Brinjals,Other Vegetables,Gourd & Cucumber,Brinjals,Beans,Beans,Gourd & Cucumber,Root Vegetables,Raw Rice"
1548,"Gourd & Cucumber,Beans,Other Vegetables,Whole Spices,Moong Dal,Beans,Buns & Pavs,Ghee,Cashews,Raw Rice"
1549,"Exotic Vegetables,Exotic Vegetables,Brinjals,Beans,Moong Dal,Toor Dal,Urad Dal,Gourd & Cucumber,Root Vegetables,Curd,Raw Rice"
1550,"Root Vegetables,Moong Dal,Sooji & Rava,Toor Dal,Other Dals,Sugar,Sooji & Rava,Maida,Jaggery,Root Vegetables,Honey,Raw Rice,Other Oils"
1551,"Raw Rice,Urad Dal,Urad Dal,Jaggery,Root Vegetables,Cashews,Instant Noodles,Other Dry Fruits,Raw Rice"
1552,"Root Vegetables,Beans,Gourd & Cucumber,Sugar,Sooji & Rava,Ghee,Raw Rice,Other Oils"
1553,"Bread,Root Vegetables,Other Vegetables,Root Vegetables,Beans,Gourd & Cucumber,Moong Dal,Toor Dal,Other Dals,Beans,Gourd & Cucumber,Besan,Other Dals,Maida,Brinjals,Whole Spices,Organic Flours,Raw Rice"
1554,"Bread,Moong Dal,Other Dals,Toor Dal,Other Dals,Namkeen,Raw Rice,Namkeen,Namkeen,Namkeen,Raw Rice"
1555,"Root Vegetables,Beans,Avalakki / Poha,Banana,Sooji & Rava,Raw Rice,Buns & Pavs,Raw Rice,Cashews"
1556,"Raw Peanuts,Whole Spices,Other Dals,Toor Dal,Sunflower Oils,Bread,Raw Rice,Sugar,Yogurt & Lassi,Raw Rice"
1557,"Other Vegetables,Root Vegetables,Banana,Moong Dal,Other Dals,Other Dals,Moong Dal,Other Dals,Other Dry Fruits,Other Dry Fruits,Organic Salt,Sugar & Jaggery,Raw Rice"
1558,"Bread,Beans,Brinjals,Other Vegetables,Exotic Vegetables,Banana,Beans,Gourd & Cucumber,Root Vegetables,Raw Rice"
1559,"Brinjals,Root Vegetables,Banana,Chinese Noodles,Beans,Other Dals,Toor Dal,Other Rice Products,Sugar,Urad Dal,Brinjals,Other Flours,Yogurt & Lassi"
1560,"Beans,Brinjals,Other Vegetables,Banana,Beans,Gourd & Cucumber,Beans,Root Vegetables,Raw Rice"
1561,"Gourd & Cucumber,Brinjals,Other Vegetables,Root Vegetables,Beans,Beans,Brinjals,Gourd & Cucumber,Other Vegetables,Raw Rice"
1562,"Beans,Beans,Other Vegetables,Root Vegetables,Banana,Beans,Vermicelli,Toor Dal,Avalakki / Poha,Other Dals,Beans,Gourd & Cucumber,Sooji & Rava,Namkeen,Brinjals,Other Vegetables,Other Dals,Urad Dal,Brinjals,Raw Rice"
1563,"Other Vegetables,Beans,Toor Dal,Bread,Sooji & Rava,Beans,Rice Flour,Maida,Jaggery,Raw Rice"
1564,"Brinjals,Brinjals,Other Vegetables,Beans,Gourd & Cucumber,Other Vegetables,Gourd & Cucumber,Raw Rice"
1565,"Root Vegetables,Brinjals,Other Vegetables,Root Vegetables,Gourd & Cucumber,Beans,Brinjals,Sooji & Rava,Toilet Cleaners,Wafers,Almonds,Other Dry Fruits"
1566,"Beans,Other Vegetables,Brinjals,Brinjals,Gourd & Cucumber,Beans,Beans,Gourd & Cucumber,Root Vegetables"
1567,"Beans,Root Vegetables,Brinjals,Other Vegetables,Root Vegetables,Beans,Beans,Moong Dal,Gourd & Cucumber,Other Dals"
1568,"Bread,Root Vegetables,Beans,Banana,Brinjals,Other Vegetables,Buns & Pavs,Exotic Vegetables,Cooking Sauce"
1569,"Chinese Noodles,Moong Dal,Toor Dal,Sooji & Rava,Other Dals,Sunflower Oils,Namkeen,Sooji & Rava,Urad Dal,Sooji & Rava,Sugar,Cream Biscuits,Instant Noodles,Phenyles & Acids,Namkeen,Vermicelli"
1570,"Sunflower Oils,Moong Dal,Cooking Paste,Toor Dal,Other Dals,Urad Dal,Raw Rice,Raw Rice"
1571,"Gourd & Cucumber,Beans,Brinjals,Brinjals,Other Vegetables,Beans,Other Vegetables,Gourd & Cucumber"
1572,"Moong Dal,Toor Dal,Other Dals,Sooji & Rava,Urad Dal,Rice Flour,Other Vegetables,Ground Coffee,Raw Rice"
1573,"Beans,Other Vegetables,Beans,Gourd & Cucumber,Beans,Bread,Gourd & Cucumber,Organic Dals & Pulses,Organic Dals & Pulses,Other Rice Products,Raw Rice"
1574,"Root Vegetables,Other Vegetables,Root Vegetables,Banana,Gourd & Cucumber,Other Dals,Namkeen,Urad Dal,Jaggery,Wafers"
1575,"Gourd & Cucumber,Brinjals,Other Vegetables,Banana,Beans,Toor Dal,Raw Rice,Sugar,Sunflower Oils,Brinjals,Health Drinks"
1576,"Other Dals,Toor Dal,Sooji & Rava,Boiled Rice,Sugar,Butter & Cream,Ghee,Urad Dal,Other Dals,Sunflower Oils,Namkeen,Raisins"
1577,"Root Vegetables,Root Vegetables,Banana,Toor Dal,Other Dals,Beans,Other Dals,Sugar,Hand Wash,Phenyles & Acids,Mosquito Repellent"
1578,"Exotic Vegetables,Other Dals,Beans,Toor Dal,Besan,Regular Pasta,Chinese Noodles,Cooking Sauce,Glucose, Marie & Milk Biscuits"
1579,"Sunflower Oils,Whole Spices,Other Dals,Whole Spices,Toor Dal,Moong Dal,Boiled Rice,Glucose, Marie & Milk Biscuits,Sugar,Other Flours,Cakes,Cream Biscuits,Cakes,Curd,Wafers,Health Drinks"
1580,"Beans,Brinjals,Moong Dal,Other Dals,Sooji & Rava,Beans,Instant Noodles,Phenyles & Acids,Instant Noodles,Glucose, Marie & Milk Biscuits"
1581,"Whole Spices,Toor Dal,Moong Dal,Other Dals,Whole Spices,Sooji & Rava,Boiled Rice,Jaggery,Whole Spices,Boiled Rice"
1582,"Brinjals,Brinjals,Root Vegetables,Banana,Gourd & Cucumber,Beans,Namkeen,Brinjals,Namkeen,Raw Rice,Wafers"
1583,"Sunflower Oils,Other Dals,Toor Dal,Sooji & Rava,Other Dals,Glucose, Marie & Milk Biscuits,Cream Biscuits,Hand Wash,Shaving Blade & Razors"
1584,"Whole Spices,Moong Dal,Other Dals,Whole Spices,Whole Spices,Avalakki / Poha,Other Dals,Organic Masalas & Spices,Sooji & Rava,Organic Dals & Pulses,Organic Dals & Pulses,Organic Dals & Pulses,Organic Dals & Pulses,Other Dals,Sunflower Oils,Tomato Ketchup,Organic Masalas & Spices,Other Dry Fruits,Boiled Rice,Cashews,Raisins,Vermicelli"
1585,"Whole Spices,Toor Dal,Raw Peanuts,Other Dals,Sugar,Other Dals,Regular Pasta,Sunflower Oils,Cashews,Cashews,Agarbatti"
1586,"Banana,Beans,Toor Dal,Whole Spices,Maida,Besan,Other Vegetables,Whole Spices,Sunflower Oils,Boiled Rice,Raw Rice"
1587,"Root Vegetables,Other Vegetables,Other Dals,Moong Dal,Toor Dal,Beans,Whole Spices,Other Vegetables,Besan,Brinjals,Cakes,Almonds"
1588,"Banana,Moong Dal,Moong Dal,Namkeen,Besan,Sunflower Oils,Root Vegetables,Namkeen"
1589,"Bread,Sunflower Oils,Beans,Root Vegetables,Moong Dal,Other Dals,Beans,Sugar,Other Vegetables,Other Dals,Sugar,Ghee,Raisins,Instant Noodles"
1590,"Gourd & Cucumber,Brinjals,Other Vegetables,Root Vegetables,Banana,Beans,Beans,Maida,Sunflower Oils,Ready Mix,Other Flours,Sunflower Oils,Ice Creams & Desserts"
1591,"Whole Spices,Chinese Noodles,Other Dals,Whole Spices,Toor Dal,Other Dals,Moong Dal,Other Dals,Raw Rice,Jaggery,Sugar,Ghee,Chilli & Soya Sauces"
1592,"Moong Dal,Other Dals,Namkeen,Mosquito Repellent,Instant Noodles,Liquid Detergent,Raisins,Other Sauces,Cashews,Other Insect Repellent"
1593,"Beans,Other Dals,Urad Dal,Organic Masalas & Spices,Sooji & Rava,Aluminium Foil & Cling Wrap,Raw Rice,Sugar,Other Dals,Organic Masalas & Spices,Toor Dal,Cream Biscuits,Liquid Detergent,Cream Biscuits,Organic Rice & Rice Products"
1594,"Gourd & Cucumber,Raw Peanuts,Sooji & Rava,Toor Dal,Avalakki / Poha,Brinjals,Sooji & Rava,Namkeen,Raw Rice,Other Vegetables,Urad Dal,Health Drinks"
1595,"Bread,Root Vegetables,Other Vegetables,Root Vegetables,Beans,Gourd & Cucumber,Bread,Beans,Other Dals,Gourd & Cucumber,Sugar,Buns & Pavs"
1596,"Gourd & Cucumber,Brinjals,Root Vegetables,Beans,Beans,Beans,Other Vegetables,Brinjals,Gourd & Cucumber,Other Vegetables"
1597,"Brinjals,Root Vegetables,Banana,Beans,Beans,Other Dals,Toor Dal,Maida,Other Rice Products,Brinjals"
1598,"Bread,Banana,Toor Dal,Other Dals,Moong Dal,Other Dals,Urad Dal,Urad Dal,Root Vegetables"
1599,"Gourd & Cucumber,Other Vegetables,Other Vegetables,Beans,Other Dals,Beans,Sooji & Rava,Beans,Chinese Noodles"
1600,"Gourd & Cucumber,Other Vegetables,Banana,Other Dals,Toor Dal,Besan,Other Dals,Sooji & Rava,Urad Dal,Sunflower Oils,Root Vegetables"
1601,"Toothpaste,Whole Spices,Whole Spices,Sooji & Rava,Sooji & Rava,Sooji & Rava,Maida,Mosquito Repellent,Chilli & Soya Sauces,Other Oils,Phenyles & Acids,Chilli & Soya Sauces"
1602,"Gourd & Cucumber,Other Vegetables,Brinjals,Moong Dal,Toor Dal,Sooji & Rava,Beans,Beans,Liquid Soaps & Bars,Raw Rice,Aluminium Foil & Cling Wrap,Cakes,Root Vegetables"
1603,"Brinjals,Other Vegetables,Root Vegetables,Gourd & Cucumber,Brinjals,Beans,Other Vegetables,Root Vegetables"
1604,"Root Vegetables,Brinjals,Other Vegetables,Root Vegetables,Banana,Gourd & Cucumber,Toor Dal,Other Dals,Beans,Beans,Moong Dal,Other Vegetables,Urad Dal,Toilet Cleaners,Other Dry Fruits"
1605,"Root Vegetables,Beans,Whole Spices,Other Dals,Toor Dal,Other Dals,Sooji & Rava,Besan,Other Dals,Other Dry Fruits"
1606,"Bread,Whole Spices,Moong Dal,Whole Spices,Toor Dal,Avalakki / Poha,Other Dals,Moong Dal,Whole Spices,Sooji & Rava,Urad Dal,Ground Coffee,Besan,Sugar,Other Flours,Phenyles & Acids,Cashews,Vermicelli,Sunflower Oils"
1607,"Other Vegetables,Beans,Other Dals,Toor Dal,Other Dals,Moong Dal,Other Dals,Other Vegetables,Jaggery,Liquid Detergent,Other Dals"
1608,"Beans,Other Vegetables,Moong Dal,Toor Dal,Beans,Sunflower Oils,Moong Dal,Avalakki / Poha"
1609,"Gourd & Cucumber,Toor Dal,Other Dals,Beans,Namkeen,Sooji & Rava,Other Vegetables,Namkeen,Raisins,Cashews"
1610,"Beans,Other Vegetables,Banana,Raw Peanuts,Beans,Instant Noodles,Root Vegetables,Instant Noodles,Chilli & Soya Sauces"
1611,"Exotic Vegetables,Root Vegetables,Beans,Brinjals,Brinjals,Root Vegetables,Beans,Brinjals,Other Vegetables"
1612,"Bread,Root Vegetables,Brinjals,Other Vegetables,Root Vegetables,Gourd & Cucumber,Other Dals,Moong Dal,Gourd & Cucumber,Urad Dal,Jaggery,Sugar"
1613,"Root Vegetables,Beans,Beans,Banana,Sooji & Rava,Sooji & Rava,Rice Flour,Maida,Boiled Rice"
1614,"Bread,Other Dals,Sunflower Oils,Sugar,Urad Dal,Other Dals,Other Dals,Jaggery"
1615,"Beans,Other Vegetables,Brinjals,Brinjals,Toor Dal,Moong Dal,Beans,Gourd & Cucumber,Sooji & Rava,Sugar,Root Vegetables"
1616,"Gourd & Cucumber,Other Vegetables,Sunflower Oils,Root Vegetables,Moong Dal,Whole Spices,Toor Dal,Beans,Other Rice Products,Root Vegetables,Urad Dal"
1617,"Beans,Other Vegetables,Banana,Gourd & Cucumber,Beans,Gourd & Cucumber,Sugar,Glucose, Marie & Milk Biscuits"
1618,"Bread,Other Vegetables,Raw Peanuts,Moong Dal,Rice Flour,Sooji & Rava,Maida,Buns & Pavs,Mosquito Repellent"
1619,"Bread,Whole Spices,Moong Dal,Toor Dal,Namkeen,Sooji & Rava,Raw Rice,Moong Dal,Urad Dal,Besan,Other Dals,Other Dals,Sugar,Jaggery,Namkeen,Other Dals"
1620,"Brinjals,Beans,Other Dals,Banana,Bread,Besan,Sugar,Cooking Sauce,Other Dry Fruits,Almonds"
1621,"Brinjals,Other Vegetables,Gourd & Cucumber,Beans,Beans,Sugar,Toilet Cleaners,Root Vegetables,Almonds"
1622,"Gourd & Cucumber,Bread,Other Vegetables,Banana,Chinese Noodles,Beans,Beans,Brinjals,Root Vegetables,Ice Creams & Desserts"
1623,"Root Vegetables,Beans,Other Vegetables,Brinjals,Root Vegetables,Yogurt & Lassi,Yogurt & Lassi,Namkeen,Rasagulla & Gulab Jamun,Curd"
1624,"Root Vegetables,Other Vegetables,Gourd & Cucumber,Brinjals,Other Dals,Beans,Banana,Curd,Root Vegetables,Other Dals"
1625,"Brinjals,Other Vegetables,Beans,Beans,Banana,Gourd & Cucumber,Other Dals,Root Vegetables,Honey,Glucose, Marie & Milk Biscuits"
1626,"Other Vegetables,Root Vegetables,Toor Dal,Other Dals,Beans,Other Dals,Sunflower Oils,Sugar,Yogurt & Lassi,Cream Biscuits,Root Vegetables,Namkeen"
1627,"Brinjals,Other Dals,Moong Dal,Toor Dal,Moong Dal,Boiled Rice,Other Rice Products,Sunflower Oils,Root Vegetables,Cashews"
1628,"Other Vegetables,Banana,Other Dals,Raw Peanuts,Other Dals,Sooji & Rava,Toor Dal,Sooji & Rava,Besan,Other Dals,Sugar,Liquid Detergent,Root Vegetables,Chilli & Soya Sauces,Regular Pasta,Yogurt & Lassi"
1629,"Gourd & Cucumber,Bread,Brinjals,Root Vegetables,Beans,Namkeen,Cream Biscuits,Glucose, Marie & Milk Biscuits"
1630,"Bread,Whole Spices,Moong Dal,Urad Dal,Sugar,Instant Pastas,Mosquito Repellent,Instant Pastas"
1631,"Gourd & Cucumber,Beans,Other Vegetables,Beans,Other Vegetables,Beans,Banana,Root Vegetables"
1632,"Root Vegetables,Root Vegetables,Raw Peanuts,Whole Spices,Other Dals,Besan,Other Vegetables,Sooji & Rava,Urad Dal,Sugar,Cream Biscuits,Avalakki / Poha,Buns & Pavs"
1633,"Brinjals,Other Vegetables,Root Vegetables,Exotic Vegetables,Exotic Vegetables,Beans,Gourd & Cucumber,Toor Dal,Whole Spices,Exotic Vegetables,Cakes,Cooking Paste,Cooking Paste,Cooking Paste,Mosquito Repellent"
1634,"Whole Spices,Whole Spices,Other Dals,Whole Spices,Sooji & Rava,Sooji & Rava,Sugar,Brinjals,Root Vegetables"
1635,"Root Vegetables,Other Vegetables,Toor Dal,Other Dals,Cooking Paste,Beans,Organic Masalas & Spices,Sugar,Besan,Aluminium Foil & Cling Wrap,Phenyles & Acids"
1636,"Gourd & Cucumber,Brinjals,Beans,Beans,Other Vegetables,Brinjals,Gourd & Cucumber,Other Vegetables,Root Vegetables"
1637,"Beans,Raw Rice,Sunflower Oils,Organic Masalas & Spices,Organic Masalas & Spices,Organic Dals & Pulses,Organic Dals & Pulses,Organic Dals & Pulses,Organic Dals & Pulses,Organic Dals & Pulses,Sugar,Organic Dals & Pulses,Organic Dals & Pulses,Hand Wash,Snacky Nuts"
1638,"Beans,Brinjals,Root Vegetables,Banana,Gourd & Cucumber,Whole Spices,Other Dals,Sooji & Rava,Other Dry Fruits"
1639,"Gourd & Cucumber,Beans,Brinjals,Other Vegetables,Other Vegetables,Root Vegetables,Beans,Whole Spices,Toor Dal,Sooji & Rava,Urad Dal,Brinjals,Namkeen,Other Dals"
1640,"Toor Dal,Whole Spices,Sooji & Rava,Sugar,Ground Coffee,Boiled Rice,Other Dry Fruits,Other Dry Fruits,Vermicelli"
1641,"Basmati Rice,Chinese Noodles,Whole Spices,Moong Dal,Other Dals,Raw Rice,Besan,Maida,Ghee,Liquid Detergent,Namkeen"
1642,"Other Vegetables,Beans,Whole Spices,Organic Masalas & Spices,Beans,Whole Spices,Gourd & Cucumber,Instant Noodles,Sanitary Pads"
1643,"Sunflower Oils,Organic Flours,Bread,Organic Masalas & Spices,Raw Rice,Sugar,Basmati Rice,Other Oils,Organic Flours,Organic Flours"
1644,"Beans,Other Vegetables,Beans,Whole Spices,Sooji & Rava,Organic Dals & Pulses,Gourd & Cucumber,Brinjals"
1645,"Beans,Other Vegetables,Brinjals,Root Vegetables,Gourd & Cucumber,Beans,Beans,Gourd & Cucumber"
1646,"Brinjals,Beans,Raw Peanuts,Chinese Noodles,Toor Dal,Beans,Urad Dal,Root Vegetables"
1647,"Brinjals,Other Vegetables,Gourd & Cucumber,Brinjals,Other Dals,Glucose, Marie & Milk Biscuits,Sunflower Oils,Glucose, Marie & Milk Biscuits,Namkeen,Other Dals"
1648,"Other Vegetables,Root Vegetables,Brinjals,Beans,Banana,Other Vegetables,Gourd & Cucumber,Root Vegetables"
1649,"Other Vegetables,Whole Spices,Other Dals,Urad Dal,Sooji & Rava,Rice Flour,Other Vegetables,Other Flours"
1650,"Other Vegetables,Bread,Brinjals,Banana,Raw Peanuts,Whole Spices,Toor Dal,Bread,Other Dals,Whole Spices,Raw Rice,Toor Dal,Besan,Other Vegetables,Sooji & Rava,Urad Dal,Exotic Vegetables,Instant Noodles,Regular Pasta"
1651,"Gourd & Cucumber,Beans,Beans,Beans,Banana,Maida,Sooji & Rava,Sooji & Rava,Besan,Sugar,Root Vegetables"
1652,"Root Vegetables,Ground Coffee,Other Vegetables,Brinjals,Moong Dal,Toor Dal,Other Vegetables,Sugar"
1653,"Whole Spices,Other Dals,Whole Spices,Toor Dal,Sooji & Rava,Organic Dals & Pulses,Raw Rice,Sugar,Besan,Maida,Other Oils,Ghee,Other Dry Fruits,Almonds"
1654,"Sunflower Oils,Toor Dal,Avalakki / Poha,Raw Peanuts,Other Dals,Other Dals,Whole Spices,Besan,Maida,Avalakki / Poha,Raisins,Cashews"
1655,"Brinjals,Other Vegetables,Beans,Brinjals,Toor Dal,Beans,Banana,Raw Rice,Other Vegetables,Avalakki / Poha"
1656,"Gourd & Cucumber,Beans,Beans,Other Vegetables,Root Vegetables,Beans,Sunflower Oils,Curd"
1657,"Brinjals,Other Vegetables,Health Drinks,Toor Dal,Sugar,Boiled Rice,Mosquito Repellent,Whole Spices,Sunflower Oils,Other Dry Fruits"
1658,"Brinjals,Other Vegetables,Root Vegetables,Beans,Other Dals,Toor Dal,Gourd & Cucumber,Sooji & Rava,Raw Rice,Besan,Other Dals,Sugar,Other Dals"
1659,"Gourd & Cucumber,Other Vegetables,Banana,Beans,Beans,Toor Dal,Other Rice Products,Sugar,Urad Dal,Ice Creams & Desserts,Other Dals"
1660,"Sunflower Oils,Whole Spices,Toor Dal,Whole Spices,Avalakki / Poha,Other Dals,Urad Dal,Sugar,Ground Coffee,Phenyles & Acids"
1661,"Gourd & Cucumber,Brinjals,Other Vegetables,Banana,Whole Spices,Toor Dal,Other Dals,Other Dals,Mosquito Repellent,Root Vegetables,Regular Pasta"
1662,"Root Vegetables,Brinjals,Brinjals,Other Dals,Raw Rice,Namkeen,Cream Biscuits,Root Vegetables,Phenyles & Acids"
1663,"Raw Peanuts,Avalakki / Poha,Other Dals,Sugar,Sooji & Rava,Rice Flour,Jaggery,Whole Spices,Agarbatti"
1664,"Bread,Namkeen,Raw Peanuts,Sooji & Rava,Whole Spices,Whole Spices,Sugar,Phenyles & Acids"
1665,"Root Vegetables,Basmati Rice,Brinjals,Raw Peanuts,Health Drinks,Toor Dal,Moong Dal,Whole Spices,Other Dals,Moong Dal,Other Dals,Maida,Urad Dal,Sugar,Other Rice Products,Jaggery,Cashews,Other Dry Fruits"
1666,"Bread,Chinese Noodles,Brinjals,Moong Dal,Moong Dal,Sooji & Rava,Urad Dal,Ground Coffee,Besan,Sunflower Oils,Sugar,Mosquito Repellent,Sanitary Pads"
1667,"Brinjals,Other Vegetables,Moong Dal,Sooji & Rava,Whole Spices,Toor Dal,Maida,Root Vegetables,Mosquito Repellent"
1668,"Other Vegetables,Exotic Vegetables,Exotic Vegetables,Whole Spices,Other Dals,Organic Dals & Pulses,Organic Dals & Pulses,Aluminium Foil & Cling Wrap,Namkeen,Namkeen,Organic Dals & Pulses,Organic Masalas & Spices,Other Dals,Organic Dals & Pulses"
1669,"Root Vegetables,Beans,Other Vegetables,Other Dals,Moong Dal,Moong Dal,Yogurt & Lassi,Rasagulla & Gulab Jamun"
1670,"Other Vegetables,Sunflower Oils,Beans,Root Vegetables,Beans,Whole Spices,Moong Dal,Other Dals,Toor Dal,Sooji & Rava,Sugar,Other Vegetables,Other Dals,Sugar,Other Dals,Instant Noodles"
1671,"Brinjals,Other Vegetables,Gourd & Cucumber,Moong Dal,Other Dals,Other Dals,Toor Dal,Besan,Organic Masalas & Spices,Basmati Rice,Other Dry Fruits,Health Drinks"
1672,"Other Vegetables,Root Vegetables,Brinjals,Exotic Vegetables,Exotic Vegetables,Banana,Beans,Raw Peanuts,Sooji & Rava"
1673,"Beans,Root Vegetables,Exotic Vegetables,Exotic Vegetables,Cooking Paste,Bread,Moong Dal,Other Vegetables,Namkeen,Chinese Noodles"
1674,"Raw Peanuts,Moong Dal,Beans,Gourd & Cucumber,Moong Dal,Urad Dal,Besan,Toilet Cleaners"
1675,"Gourd & Cucumber,Other Vegetables,Banana,Beans,Beans,Maida,Other Rice Products,Urad Dal,Brinjals,Other Flours,Root Vegetables,Tomato Ketchup,Other Dals"
1676,"Whole Spices,Whole Spices,Toor Dal,Banana,Raw Rice,Urad Dal,Other Dals,Sugar"
1677,"Gourd & Cucumber,Root Vegetables,Other Vegetables,Other Vegetables,Bread,Beans,Other Vegetables,Cooking Sauce"
1678,"Bread,Chinese Noodles,Toor Dal,Other Dals,Sooji & Rava,Maida,Liquid Detergent,Regular Pasta,Other Dals"
1679,"Beans,Bread,Brinjals,Exotic Vegetables,Other Dals,Beans,Beans,Bread,Aluminium Foil & Cling Wrap,Cooking Sauce"
1680,"Other Vegetables,Gourd & Cucumber,Moong Dal,Other Dals,Toor Dal,Sooji & Rava,Other Dals,Urad Dal,Sunflower Oils"
1681,"Gourd & Cucumber,Bread,Other Vegetables,Brinjals,Brinjals,Root Vegetables,Beans,Other Dals,Sooji & Rava,Other Dals,Namkeen,Urad Dal,Sugar,Namkeen,Namkeen"
1682,"Root Vegetables,Brinjals,Other Vegetables,Beans,Beans,Toor Dal,Namkeen,Namkeen,Brinjals,Other Vegetables,Other Dals,Root Vegetables"
1683,"Gourd & Cucumber,Root Vegetables,Bread,Other Vegetables,Brinjals,Beans,Gourd & Cucumber,Organic Rice & Rice Products,Other Vegetables,Root Vegetables"
1684,"Banana,Moong Dal,Moong Dal,Other Dals,Toor Dal,Sooji & Rava,Boiled Rice,Other Rice Products,Urad Dal,Sugar,Ghee,Other Dals,Other Dals,Glucose, Marie & Milk Biscuits"
1685,"Sunflower Oils,Other Dals,Toor Dal,Sooji & Rava,Sugar,Besan,Other Dals,Mosquito Repellent,Ghee,Other Dals,Health Drinks"
1686,"Brinjals,Brinjals,Other Vegetables,Root Vegetables,Banana,Gourd & Cucumber,Other Dals,Other Dals,Sooji & Rava,Beans,Beans,Moong Dal,Brinjals,Namkeen,Other Vegetables,Sunflower Oils,Toilet Cleaners,Phenyles & Acids,Cream Biscuits"
1687,"Other Vegetables,Banana,Brinjals,Sooji & Rava,Sooji & Rava,Ghee,Brinjals,Root Vegetables"
1688,"Other Vegetables,Ground Coffee,Toor Dal,Moong Dal,Urad Dal,Whole Spices,Banana,Raw Rice,Whole Spices,Raw Rice,Urad Dal,Other Dals,Sugar,Boiled Rice,Root Vegetables,Other Dry Fruits"
1689,"Bread,Chinese Noodles,Moong Dal,Toor Dal,Sooji & Rava,Ground Coffee,Sugar,Whole Spices"
1690,"Other Vegetables,Root Vegetables,Beans,Gourd & Cucumber,Whole Spices,Bread,Beans,Beans,Maida,Sooji & Rava,Besan,Other Vegetables,Whole Spices"
1691,"Other Vegetables,Other Dals,Moong Dal,Beans,Sunflower Oils,Cream Biscuits,Beans,Cakes,Cakes,Other Dry Fruits,Raisins,Other Dry Fruits"
1692,"Root Vegetables,Other Vegetables,Brinjals,Moong Dal,Raw Rice,Urad Dal,Other Vegetables,Beans,Root Vegetables,Almonds,Urad Dal"
1693,"Ground Coffee,Brinjals,Banana,Other Vegetables,Gourd & Cucumber,Whole Spices,Moong Dal,Boiled Rice,Other Vegetables,Sunflower Oils"
1694,"Exotic Vegetables,Exotic Vegetables,Beans,Other Dals,Exotic Vegetables,Basmati Rice,Other Dry Fruits,Other Dry Fruits,Other Dry Fruits,Raisins"
1695,"Other Vegetables,Raw Peanuts,Toor Dal,Whole Spices,Other Dals,Organic F&V,Organic F&V,Organic F&V"
1696,"Gourd & Cucumber,Bread,Beans,Moong Dal,Beans,Cashews,Organic F&V,Organic F&V,Organic F&V"
1697,"Beans,Beans,Brinjals,Root Vegetables,Beans,Avalakki / Poha,Boiled Rice,Other Rice Products"
1698,"Exotic Vegetables,Other Dals,Raw Peanuts,Other Dals,Toor Dal,Other Dals,Moong Dal,Other Dals,Bread,Namkeen,Namkeen,Besan,Other Dals,Sugar,Exotic Vegetables,Yogurt & Lassi,Toothpaste,Regular Pasta"
1699,"Other Vegetables,Brinjals,Other Vegetables,Exotic Vegetables,Other Dals,Other Dals,Organic Dals & Pulses,Other Dals,Namkeen,Other Dals"
1700,"Raw Peanuts,Moong Dal,Whole Spices,Moong Dal,Urad Dal,Sooji & Rava,Other Dals,Ghee,Sooji & Rava,Urad Dal,Jaggery,Cashews"
1701,"Gourd & Cucumber,Brinjals,Whole Spices,Moong Dal,Moong Dal,Whole Spices,Beans,Other Dals,Toor Dal,Whole Spices,Sooji & Rava,Other Dals,Sugar,Cakes"
1702,"Beans,Other Vegetables,Root Vegetables,Sooji & Rava,Besan,Curd,Yogurt & Lassi,Yogurt & Lassi,Organic F&V,Organic F&V,Organic F&V,Organic F&V,Organic F&V"
1703,"Root Vegetables,Root Vegetables,Brinjals,Toor Dal,Beans,Ground Coffee,Raisins,Cashews"
1704,"Gourd & Cucumber,Brinjals,Beans,Gourd & Cucumber,Namkeen,Sugar,Toothpaste,Root Vegetables"
1705,"Brinjals,Banana,Toor Dal,Other Dals,Jaggery,Urad Dal,Cream Biscuits,Cream Biscuits,Cooking Sauce,Other Dals,Organic F&V,Organic F&V,Organic F&V"
1706,"Other Vegetables,Brinjals,Moong Dal,Moong Dal,Other Dals,Liquid Soaps & Bars,Other Dals,Glucose, Marie & Milk Biscuits,Root Vegetables,Avalakki / Poha"
1707,"Other Vegetables,Gourd & Cucumber,Raw Peanuts,Other Dals,Other Dals,Maida,Namkeen,Namkeen"
1708,"Gourd & Cucumber,Beans,Brinjals,Brinjals,Beans,Beans,Other Vegetables,Bread,Gourd & Cucumber,Other Vegetables"
1709,"Beans,Beans,Toor Dal,Raw Rice,Urad Dal,Jaggery,Sugar,Sunflower Oils,Avalakki / Poha,Organic F&V,Organic F&V,Organic F&V"
1710,"Gourd & Cucumber,Bread,Brinjals,Other Vegetables,Toor Dal,Moong Dal,Moong Dal,Jaggery,Other Rice Products,Brinjals"
1711,"Beans,Other Vegetables,Brinjals,Root Vegetables,Beans,Moong Dal,Bread,Other Vegetables,Yogurt & Lassi,Yogurt & Lassi,Yogurt & Lassi"
1712,"Bread,Root Vegetables,Root Vegetables,Beans,Banana,Raw Rice,Cream Biscuits,Organic F&V,Organic F&V,Organic F&V,Organic F&V"
1713,"Organic Flours,Bread,Organic Flours,Instant Pastas,Mosquito Repellent,Organic Dals & Pulses,Organic F&V,Organic F&V,Organic F&V"
1714,"Bread,Other Vegetables,Beans,Beans,Moong Dal,Other Vegetables,Namkeen,Buns & Pavs,Root Vegetables,Namkeen"
1715,"Other Dals,Toor Dal,Raw Peanuts,Cashews,Other Dals,Moong Dal,Organic Dals & Pulses,Organic Dals & Pulses,Sugar,Other Dals,Urad Dal,Brinjals,Organic Masalas & Spices,Root Vegetables,Almonds,Other Dry Fruits,Other Dry Fruits,Other Dals,Organic Dals & Pulses,Organic F&V,Organic F&V,Organic F&V,Organic F&V,Organic F&V,Organic F&V"
1716,"Gourd & Cucumber,Other Dals,Avalakki / Poha,Other Dals,Sooji & Rava,Other Rice Products,Urad Dal,Other Vegetables,Brinjals,Root Vegetables,Boiled Rice,Other Dals"
1717,"Other Vegetables,Bread,Brinjals,Other Dals,Whole Spices,Other Dals,Toor Dal,Moong Dal,Beans,Liquid Soaps & Bars,Besan,Other Dals,Sugar,Shaving Blade & Razors,Root Vegetables,Buns & Pavs,Organic F&V,Organic F&V"
1718,"Beans,Brinjals,Moong Dal,Cakes,Cakes,Organic F&V,Organic F&V,Organic F&V"
1719,"Gourd & Cucumber,Brinjals,Brinjals,Other Vegetables,Other Vegetables,Root Vegetables,Beans,Moong Dal,Whole Spices,Bread,Organic Masalas & Spices,Sooji & Rava,Other Vegetables,Avalakki / Poha,Root Vegetables,Urad Dal"
1720,"Other Vegetables,Banana,Raw Peanuts,Whole Spices,Toor Dal,Cashews,Brinjals,Sugar"
1721,"Avalakki / Poha,Rice Flour,Raw Rice,Sooji & Rava,Sooji & Rava,Sugar,Exotic Vegetables,Organic F&V"
1722,"Gourd & Cucumber,Other Vegetables,Banana,Other Dals,Moong Dal,Toor Dal,Other Dals,Beans,Root Vegetables,Phenyles & Acids"
1723,"Gourd & Cucumber,Beans,Raw Peanuts,Other Dals,Gourd & Cucumber,Sooji & Rava,Sooji & Rava,Sugar,Urad Dal"
1724,"Root Vegetables,Brinjals,Beans,Toor Dal,Rice Flour,Cream Biscuits,Organic F&V,Organic F&V"
1725,"Other Vegetables,Bread,Beans,Other Dals,Other Dals,Moong Dal,Shoe Polish,Glucose, Marie & Milk Biscuits,Brinjals,Other Dals"
1726,"Moong Dal,Beans,Banana,Moong Dal,Other Flours,Raisins,Shaving Blade & Razors,Other Dals,Cashews"
1727,"Other Vegetables,Gourd & Cucumber,Brinjals,Sooji & Rava,Toor Dal,Other Dals,Gourd & Cucumber,Sooji & Rava,Raw Rice,Avalakki / Poha,Honey"
1728,"Root Vegetables,Gourd & Cucumber,Beans,Brinjals,Whole Spices,Toor Dal,Beans,Banana,Sugar,Urad Dal,Other Flours,Mango Juices,Cream Biscuits,Cream Biscuits,Cakes,Raw Rice,Organic F&V,Organic F&V"
1729,"Whole Spices,Whole Spices,Toor Dal,Avalakki / Poha,Other Dals,Urad Dal,Whole Spices,Sugar,Jaggery,Whole Spices,Boiled Rice"
1730,"Root Vegetables,Beans,Raw Peanuts,Whole Spices,Health Drinks,Brinjals,Moong Dal,Bread,Other Dals,Urad Dal,Other Vegetables,Sooji & Rava,Sugar,Buns & Pavs,Raisins"
1731,"Whole Spices,Toor Dal,Vermicelli,Moong Dal,Other Dals,Urad Dal,Whole Spices,Sooji & Rava,Sooji & Rava,Sunflower Oils,Jaggery,Sugar,Whole Spices,Raw Rice,Ground Coffee,Liquid Soaps & Bars"
1732,"Root Vegetables,Other Dals,Other Dals,Moong Dal,Raw Rice,Other Dals,Sunflower Oils,Other Dals,Buns & Pavs,Root Vegetables,Health Drinks,Corn Snacks"
1733,"Toor Dal,Other Dals,Moong Dal,Besan,Regular Pasta,Phenyles & Acids,Sugar,Yogurt & Lassi,Raisins,Almonds,Cashews,Liquid Soaps & Bars,Liquid Soaps & Bars"
1734,"Bread,Namkeen,Other Vegetables,Exotic Vegetables,Exotic Vegetables,Beans,Bread,Raw Rice,Namkeen,Yogurt & Lassi,Yogurt & Lassi,Yogurt & Lassi,Namkeen"
1735,"Gourd & Cucumber,Root Vegetables,Other Vegetables,Beans,Brinjals,Beans,Other Vegetables,Root Vegetables"
1736,"Brinjals,Other Vegetables,Beans,Beans,Toor Dal,Other Dals,Namkeen,Brinjals,Other Vegetables,Corn Snacks,Namkeen"
1737,"Gourd & Cucumber,Root Vegetables,Root Vegetables,Other Vegetables,Beans,Beans,Other Dals,Toor Dal,Other Dals,Beans,Other Dals,Other Dals,Other Dals,Urad Dal,Other Dals,Sunflower Oils,Organic Masalas & Spices,Organic Masalas & Spices,Raw Rice"
1738,"Whole Spices,Avalakki / Poha,Organic Masalas & Spices,Sugar,Sooji & Rava,Sooji & Rava,Organic Flours,Organic Dals & Pulses,Organic Dals & Pulses,Organic Dals & Pulses,Organic Dals & Pulses,Organic Dals & Pulses,Organic Dals & Pulses,Organic Rice & Rice Products,Aluminium Foil & Cling Wrap"
1739,"Bread,Beans,Root Vegetables,Root Vegetables,Whole Spices,Maida,Sugar,Namkeen"
1740,"Gourd & Cucumber,Root Vegetables,Toor Dal,Whole Spices,Moong Dal,Raw Rice,Urad Dal,Glucose, Marie & Milk Biscuits,Namkeen,Sooji & Rava,Ghee,Sunflower Oils,Mango Juices,Regular Pasta,Instant Pastas"
1741,"Root Vegetables,Bread,Other Vegetables,Raw Peanuts,Moong Dal,Other Dals,Other Dals,Sugar,Moong Dal,Namkeen,Urad Dal,Other Dals,Urad Dal,Raw Rice,Phenyles & Acids"
1742,"Banana,Raw Peanuts,Whole Spices,Moong Dal,Other Dals,Other Dals,Other Dals,Other Rice Products"
1743,"Raw Peanuts,Whole Spices,Moong Dal,Avalakki / Poha,Other Dals,Boiled Rice,Urad Dal,Sunflower Oils,Jaggery,Mosquito Repellent"
1744,"Root Vegetables,Other Vegetables,Beans,Other Vegetables,Exotic Vegetables,Banana,Exotic Vegetables,Glucose, Marie & Milk Biscuits"
1745,"Gourd & Cucumber,Root Vegetables,Bread,Root Vegetables,Other Vegetables,Other Vegetables,Beans,Beans,Beans,Raw Peanuts,Toor Dal,Other Dals,Brinjals,Other Dals,Other Dals"
1746,"Chinese Noodles,Toor Dal,Whole Spices,Avalakki / Poha,Other Dals,Moong Dal,Glucose, Marie & Milk Biscuits,Maida,Sugar,Mosquito Repellent,Sunflower Oils"
1747,"Bread,Exotic Vegetables,Banana,Whole Spices,Moong Dal,Exotic Vegetables,Other Dals,Whole Spices,Sugar,Urad Dal,Boiled Rice"
1748,"Moong Dal,Other Dals,Sugar,Whole Spices,Sooji & Rava,Sooji & Rava,Organic Dals & Pulses,Organic Dals & Pulses,Organic Rice & Rice Products,Organic Masalas & Spices,Organic Dals & Pulses"
1749,"Root Vegetables,Other Vegetables,Toor Dal,Gourd & Cucumber,Maida,Sugar,Other Rice Products,Cream Biscuits,Instant Pastas,Curd"
1750,"Bread,Root Vegetables,Brinjals,Other Vegetables,Banana,Sugar,Besan,Exotic Vegetables,Organic Masalas & Spices,Organic Masalas & Spices"
1751,"Gourd & Cucumber,Root Vegetables,Other Vegetables,Namkeen,Namkeen,Snacky Nuts,Gourd & Cucumber,Namkeen,Namkeen"
1752,"Gourd & Cucumber,Bread,Root Vegetables,Beans,Exotic Vegetables,Beans,Glucose, Marie & Milk Biscuits,Raw Rice"
1753,"Gourd & Cucumber,Beans,Root Vegetables,Other Vegetables,Beans,Other Vegetables,Brinjals,Beans"
1754,"Banana,Beans,Toor Dal,Other Dals,Sooji & Rava,Raw Rice,Sugar,Other Vegetables,Sunflower Oils,Brinjals,Ice Creams & Desserts"
1755,"Beans,Banana,Beans,Gourd & Cucumber,Other Dals,Cream Biscuits,Avalakki / Poha,Yogurt & Lassi,Cream Biscuits,Snacky Nuts"
1756,"Root Vegetables,Bread,Other Vegetables,Beans,Brinjals,Banana,Gourd & Cucumber,Buns & Pavs"
1757,"Gourd & Cucumber,Root Vegetables,Bread,Banana,Beans,Other Dals,Moong Dal,Other Dals,Whole Spices,Other Dals,Health Drinks"
1758,"Root Vegetables,Bread,Other Vegetables,Other Vegetables,Vermicelli,Toor Dal,Avalakki / Poha,Raw Rice,Other Rice Products,Urad Dal,Sugar,Sunflower Oils"
1759,"Gourd & Cucumber,Other Vegetables,Other Vegetables,Beans,Beans,Exotic Vegetables,Toor Dal,Bread,Gourd & Cucumber,Maida,Sugar"
1760,"Health Drinks,Toor Dal,Moong Dal,Whole Spices,Urad Dal,Rice Flour,Sunflower Oils,Whole Spices"
1761,"Root Vegetables,Other Vegetables,Beans,Brinjals,Packaged Drinking Water,Whole Spices,Exotic Vegetables,Gourd & Cucumber,Sugar,Whole Spices"
1762,"Root Vegetables,Beans,Brinjals,Brinjals,Other Vegetables,Beans,Gourd & Cucumber,Brinjals,Other Vegetables,Gourd & Cucumber"
1763,"Whole Spices,Moong Dal,Whole Spices,Toor Dal,Other Dals,Urad Dal,Sugar,Ground Coffee"
1764,"Other Dals,Raw Peanuts,Moong Dal,Moong Dal,Other Dals,Toor Dal,Sooji & Rava,Toor Dal,Raw Rice,Moong Dal,Sugar"
1765,"Brinjals,Moong Dal,Toor Dal,Other Dals,Raw Rice,Boiled Rice,Sugar,Other Dals,Buns & Pavs,Sunflower Oils,Other Flours"
1766,"Gourd & Cucumber,Root Vegetables,Beans,Brinjals,Other Vegetables,Other Vegetables,Beans,Gourd & Cucumber"
1767,"Root Vegetables,Banana,Beans,Exotic Vegetables,Other Dals,Gourd & Cucumber,Brinjals,Brinjals"
1768,"Beans,Beans,Exotic Vegetables,Brinjals,Sooji & Rava,Whole Spices,Avalakki / Poha,Other Dals,Rice Flour,Banana,Sooji & Rava,Other Dals,Avalakki / Poha,Organic Flours"
1769,"Ground Coffee,Moong Dal,Shoe Polish,Whole Spices,Banana,Boiled Rice,Urad Dal,Maida,Toilet Cleaners"
1770,"Raw Peanuts,Health Drinks,Moong Dal,Other Dals,Toor Dal,Avalakki / Poha,Whole Spices,Jaggery,Sugar,Whole Spices"
1771,"Whole Spices,Toor Dal,Avalakki / Poha,Sugar,Raw Rice,Besan,Sunflower Oils,Other Pooja Needs"
1772,"Moong Dal,Avalakki / Poha,Other Dals,Toor Dal,Sunflower Oils,Maida,Sugar,Organic Rice & Rice Products"
1773,"Banana,Other Vegetables,Organic Masalas & Spices,Organic Masalas & Spices,Organic Flours,Organic Dals & Pulses,Organic Dals & Pulses,Organic Dals & Pulses,Organic Dals & Pulses,Organic Rice & Rice Products,Organic Dals & Pulses,Organic Flours,Other Dals,Organic Dals & Pulses,Organic Rice & Rice Products,Organic Dals & Pulses,Organic Flours,Organic Masalas & Spices,Organic Salt,Sugar & Jaggery"
1774,"Other Vegetables,Root Vegetables,Brinjals,Banana,Beans,Packaged Drinking Water,Sooji & Rava,Other Dals,Sugar,Other Dals"
1775,"Bread,Brinjals,Other Vegetables,Banana,Raw Peanuts,Moong Dal,Moong Dal,Toor Dal,Other Dals,Rice Flour,Whole Spices,Whole Spices,Urad Dal,Other Dals,Sugar,Other Dals"
1776,"Other Dals,Toor Dal,Bread,Maida,Namkeen,Sooji & Rava,Moong Dal,Other Dals,Raw Rice,Avalakki / Poha"
1777,"Gourd & Cucumber,Root Vegetables,Banana,Namkeen,Namkeen,Sugar,Namkeen,Namkeen"
1778,"Raw Peanuts,Moong Dal,Whole Spices,Whole Spices,Sooji & Rava,Other Dals,Other Dals,Sooji & Rava,Urad Dal,Toor Dal,Avalakki / Poha"
1779,"Brinjals,Beans,Chinese Noodles,Organic Dals & Pulses,Organic Rice & Rice Products,Aluminium Foil & Cling Wrap,Namkeen,Yogurt & Lassi,Yogurt & Lassi,Organic Dals & Pulses,Namkeen"
1780,"Root Vegetables,Sooji & Rava,Moong Dal,Vermicelli,Toor Dal,Avalakki / Poha,Moong Dal,Rice Flour,Other Dals,Sunflower Oils,Banana,Sooji & Rava,Urad Dal,Sugar,Jaggery,Root Vegetables"
1781,"Moong Dal,Vermicelli,Avalakki / Poha,Raw Peanuts,Raw Rice,Toor Dal,Sooji & Rava,Sugar,Urad Dal,Sugar,Raw Rice"
1782,"Gourd & Cucumber,Beans,Root Vegetables,Brinjals,Other Vegetables,Beans,Other Vegetables,Gourd & Cucumber"
1783,"Gourd & Cucumber,Root Vegetables,Other Vegetables,Beans,Beans,Beans,Raw Rice,Banana,Gourd & Cucumber,Other Rice Products,Sugar"
1784,"Root Vegetables,Beans,Bread,Banana,Organic Dals & Pulses,Organic Dals & Pulses,Cream Biscuits,Buns & Pavs"
1785,"Raw Peanuts,Whole Spices,Moong Dal,Avalakki / Poha,Banana,Bread,Boiled Rice,Other Rice Products,Urad Dal,Jaggery,Avalakki / Poha,Namkeen,Chips"
1786,"Bread,Toor Dal,Raw Rice,Sooji & Rava,Besan,Namkeen,Maida,Mosquito Repellent,Whole Spices"
1787,"Beans,Gourd & Cucumber,Toor Dal,Other Dals,Bread,Raw Rice,Sugar,Cakes"
1788,"Gourd & Cucumber,Root Vegetables,Other Vegetables,Beans,Beans,Raw Peanuts,Besan,Buns & Pavs"
1789,"Root Vegetables,Beans,Beans,Brinjals,Other Vegetables,Banana,Beans,Sunflower Oils"
1790,"Gourd & Cucumber,Other Vegetables,Beans,Banana,Beans,Raw Peanuts,Vermicelli,Toor Dal,Moong Dal"
1791,"Sunflower Oils,Whole Spices,Toor Dal,Whole Spices,Urad Dal,Besan,Other Dals,Sugar,Instant Noodles,Phenyles & Acids,Diapers & Wipes"
1792,"Gourd & Cucumber,Bread,Other Vegetables,Beans,Moong Dal,Other Dals,Avalakki / Poha,Other Dals,Moong Dal,Other Dals,Other Dals,Other Dals,Gourd & Cucumber,Besan,Ghee,Urad Dal,Other Oils,Root Vegetables"
1793,"Other Vegetables,Raw Peanuts,Bread,Beans,Urad Dal,Whole Spices,Besan,Sugar"
1794,"Root Vegetables,Bread,Beans,Gourd & Cucumber,Ghee,Snacky Nuts,Root Vegetables,Namkeen,Raisins"
1795,"Gourd & Cucumber,Root Vegetables,Whole Spices,Namkeen,Namkeen,Other Dals,Other Dals,Namkeen"
1796,"Gourd & Cucumber,Brinjals,Other Vegetables,Raw Peanuts,Toor Dal,Other Dals,Moong Dal,Other Dals,Gourd & Cucumber,Whole Spices,Sooji & Rava,Sugar,Besan,Other Dals,Maida,Other Dals,Avalakki / Poha,Root Vegetables"
1797,"Gourd & Cucumber,Bread,Brinjals,Moong Dal,Beans,Other Dals,Gourd & Cucumber,Glucose, Marie & Milk Biscuits,Other Vegetables"
1798,"Gourd & Cucumber,Beans,Other Vegetables,Other Vegetables,Beans,Beans,Root Vegetables,Namkeen"
1799,"Gourd & Cucumber,Brinjals,Brinjals,Other Vegetables,Root Vegetables,Beans,Beans,Other Vegetables"
1800,"Whole Spices,Sooji & Rava,Raw Rice,Sooji & Rava,Boiled Rice,Urad Dal,Rice Flour,Sunflower Oils,Raisins,Cashews"
1801,"Beans,Brinjals,Other Vegetables,Exotic Vegetables,Moong Dal,Toor Dal,Moong Dal,Beans,Other Dals,Banana,Raw Rice"
1802,"Gourd & Cucumber,Brinjals,Banana,Gourd & Cucumber,Besan,Other Dals,Maida,Urad Dal"
1803,"Other Dals,Other Dals,Other Dals,Organic Masalas & Spices,Organic Masalas & Spices,Sugar,Sooji & Rava,Organic Dals & Pulses,Organic Dals & Pulses,Organic Dals & Pulses,Organic Dals & Pulses,Organic Dals & Pulses,Raw Rice,Organic Dals & Pulses,Organic Dals & Pulses,Other Dals,Sunflower Oils,Organic Rice & Rice Products,Organic Dals & Pulses,Organic Dals & Pulses"
1804,"Vermicelli,Toor Dal,Sooji & Rava,Organic Rice & Rice Products,Urad Dal,Sugar,Sunflower Oils,Other Dals"
1805,"Chinese Noodles,Avalakki / Poha,Raw Peanuts,Organic Dals & Pulses,Organic Dals & Pulses,Aluminium Foil & Cling Wrap,Avalakki / Poha,Organic Masalas & Spices,Almonds"
1806,"Root Vegetables,Toor Dal,Brinjals,Sugar,Urad Dal,Health Drinks,Other Vegetables,Other Dals,Ghee"
1807,"Ground Coffee,Whole Spices,Avalakki / Poha,Sugar,Whole Spices,Sooji & Rava,Rice Flour,Phenyles & Acids,Raw Rice,Raisins,Almonds,Other Rice Products"
1808,"Bread,Other Vegetables,Brinjals,Other Vegetables,Other Dals,Toor Dal,Raw Peanuts,Other Dals,Aluminium Foil & Cling Wrap,Urad Dal,Besan,Maida,Regular Pasta,Buns & Pavs"
1809,"Other Vegetables,Other Dals,Toor Dal,Avalakki / Poha,Other Dals,Namkeen,Urad Dal,Sugar,Boiled Rice,Namkeen,Boiled Rice,Raw Rice"
1810,"Gourd & Cucumber,Bread,Sunflower Oils,Brinjals,Other Vegetables,Banana,Other Dals,Beans,Other Vegetables"
1811,"Gourd & Cucumber,Root Vegetables,Beans,Beans,Toor Dal,Banana,Gourd & Cucumber,Other Dals,Cream Biscuits,Cream Biscuits,Curd"
1812,"Root Vegetables,Brinjals,Root Vegetables,Beans,Moong Dal,Toor Dal,Gourd & Cucumber,Urad Dal"
1813,"Gourd & Cucumber,Other Vegetables,Root Vegetables,Toor Dal,Other Dals,Beans,Other Dals,Other Vegetables,Other Dals,Brinjals"
1814,"Brinjals,Gourd & Cucumber,Other Dals,Brinjals,Beans,Other Dals,Toor Dal,Gourd & Cucumber,Other Dals"
1815,"Beans,Gourd & Cucumber,Whole Spices,Toor Dal,Other Dals,Beans,Gourd & Cucumber,Sooji & Rava,Besan,Other Vegetables,Namkeen,Health Drinks"
1816,"Gourd & Cucumber,Other Vegetables,Toor Dal,Avalakki / Poha,Gourd & Cucumber,Raw Rice,Other Rice Products,Other Vegetables,Sugar,Basmati Rice"
1817,"Toor Dal,Raw Rice,Sugar,Health Drinks,Cakes,Cream Biscuits,Cakes,Regular Pasta,Tomato Ketchup"
1818,"Other Vegetables,Brinjals,Root Vegetables,Beans,Other Dals,Boiled Rice,Urad Dal,Raw Rice"
1819,"Other Vegetables,Root Vegetables,Beans,Brinjals,Whole Spices,Moong Dal,Other Dals,Whole Spices,Toor Dal,Maida,Other Dals,Urad Dal,Sugar,Jaggery,Sugar,Other Rice Products,Other Flours,Whole Spices,Other Oils,Root Vegetables"
1820,"Beans,Brinjals,Brinjals,Beans,Buns & Pavs,Root Vegetables,Raisins,Almonds,Other Dry Fruits"
1821,"Other Vegetables,Root Vegetables,Gourd & Cucumber,Whole Spices,Moong Dal,Toor Dal,Other Dals,Brinjals,Besan,Raw Rice,Whole Spices"
1822,"Other Vegetables,Brinjals,Root Vegetables,Beans,Gourd & Cucumber,Toor Dal,Banana,Moong Dal,Besan,Other Vegetables,Sugar,Cakes"
1823,"Beans,Other Vegetables,Root Vegetables,Beans,Toor Dal,Brinjals,Other Vegetables,Sugar"
1824,"Brinjals,Other Vegetables,Other Vegetables,Other Dals,Sunflower Oils,Gourd & Cucumber,Namkeen,Chilli & Soya Sauces,Namkeen,Other Dals,Basmati Rice"
1825,"Namkeen,Moong Dal,Moong Dal,Other Dals,Other Dals,Toor Dal,Moong Dal,Other Dals,Urad Dal,Buns & Pavs"
1826,"Brinjals,Moong Dal,Toor Dal,Bread,Sunflower Oils,Urad Dal,Ghee,Mosquito Repellent,Raw Rice,Whole Spices,Root Vegetables"
1827,"Toor Dal,Other Dals,Moong Dal,Namkeen,Moong Dal,Sugar,Besan,Sooji & Rava,Namkeen,Cashews"
1828,"Brinjals,Other Vegetables,Root Vegetables,Banana,Other Dals,Sugar,Brinjals,Other Flours,Tomato Ketchup"
1829,"Gourd & Cucumber,Brinjals,Brinjals,Root Vegetables,Beans,Beans,Other Vegetables,Gourd & Cucumber,Other Vegetables"
1830,"Whole Spices,Moong Dal,Moong Dal,Whole Spices,Toor Dal,Rice Flour,Raw Rice,Other Dals,Urad Dal,Sooji & Rava,Sugar,Mosquito Repellent,Whole Spices,Sanitary Pads,Cashews"
1831,"Sunflower Oils,Moong Dal,Toor Dal,Avalakki / Poha,Other Dals,Health Drinks,Sooji & Rava,Whole Spices,Avalakki / Poha"
1832,"Root Vegetables,Brinjals,Namkeen,Namkeen,Avalakki / Poha,Cakes,Shaving Cream, Foam & Gels,Face Wash"
1833,"Gourd & Cucumber,Brinjals,Other Vegetables,Other Vegetables,Beans,Chinese Noodles,Sooji & Rava,Namkeen,Namkeen,Cream Biscuits,Cashews"
1834,"Other Vegetables,Root Vegetables,Banana,Whole Spices,Buns & Pavs,Cream Biscuits,Cream Biscuits,Sanitary Pads,Curd,Health Drinks"
1835,"Other Dals,Other Dals,Toor Dal,Sunflower Oils,Maida,Sugar,Cream Biscuits,Raisins,Almonds"
1836,"Bread,Other Vegetables,Root Vegetables,Banana,Brinjals,Sunflower Oils,Cream Biscuits,Organic F&V,Glucose, Marie & Milk Biscuits"
1837,"Other Vegetables,Banana,Beans,Liquid Soaps & Bars,Urad Dal,Sugar,Raisins,Snacky Nuts,Sugar Cubes,Eggs"
1838,"Root Vegetables,Other Vegetables,Beans,Banana,Beans,Whole Spices,Raw Peanuts,Sooji & Rava,Sugar,Sooji & Rava,Urad Dal,Jaggery,Whole Spices,Other Dals"
1839,"Root Vegetables,Other Vegetables,Other Vegetables,Gourd & Cucumber,Beans,Gourd & Cucumber,Brinjals,Root Vegetables"
1840,"Other Vegetables,Other Vegetables,Beans,Root Vegetables,Whole Spices,Maida,Boiled Rice,Sooji & Rava,Jaggery,Toor Dal,Whole Spices,Whole Spices"
1841,"Urad Dal,Other Dals,Sugar,Cream Biscuits,Raisins,Cashews,Raisins,Other Dry Fruits,Toor Dal"
1842,"Ground Coffee,Other Vegetables,Whole Spices,Whole Spices,Whole Spices,Moong Dal,Other Dals,Sooji & Rava,Urad Dal,Other Dals,Other Dals,Boiled Rice,Raisins,Cashews,Cashews,Almonds,Raw Rice,Other Dals,Whole Spices,Whole Spices"
1843,"Root Vegetables,Other Vegetables,Other Vegetables,Banana,Gourd & Cucumber,Brinjals,Beans,Gourd & Cucumber,Whole Spices,Sunflower Oils"
1844,"Root Vegetables,Banana,Root Vegetables,Other Dals,Avalakki / Poha,Sooji & Rava,Other Dals,Cream Biscuits,Other Dals,Other Dals,Other Rice Products,Other Rice Products"
1845,"Other Vegetables,Beans,Gourd & Cucumber,Moong Dal,Beans,Rice Flour,Sugar,Banana,Brinjals,Cashews,Cashews,Cashews"
1846,"Root Vegetables,Root Vegetables,Banana,Gourd & Cucumber,Whole Spices,Other Dals,Shoe Polish,Gourd & Cucumber,Other Dals,Cooking Paste,Whole Spices,Face Wash,Whole Spices,Whole Spices"
1847,"Root Vegetables,Other Vegetables,Other Vegetables,Beans,Beans,Gourd & Cucumber,Root Vegetables,Moong Dal,Beans,Sugar,Gourd & Cucumber,Sooji & Rava,Maida,Urad Dal,Brinjals,Toor Dal"
1848,"Root Vegetables,Other Vegetables,Other Vegetables,Gourd & Cucumber,Beans,Toor Dal,Moong Dal,Gourd & Cucumber,Root Vegetables,Other Dals"
1849,"Root Vegetables,Beans,Moong Dal,Brinjals,Beans,Gourd & Cucumber,Maida,Boiled Rice,Cooking Paste"
1850,"Root Vegetables,Brinjals,Other Vegetables,Beans,Gourd & Cucumber,Other Dals,Beans,Maida,Other Dals"
1851,"Other Vegetables,Other Vegetables,Beans,Banana,Sooji & Rava,Moong Dal,Liquid Soaps & Bars,Gourd & Cucumber,Urad Dal,Cream Biscuits,Cream Biscuits,Other Dals,Brinjals"
1852,"Root Vegetables,Beans,Other Dals,Bread,Other Dals,Jaggery,Cashews,Almonds"
1853,"Other Vegetables,Other Vegetables,Gourd & Cucumber,Root Vegetables,Other Dals,Beans,Other Dals,Gourd & Cucumber,Sooji & Rava,Brinjals,Besan,Other Flours"
1854,"Banana,Whole Spices,Beans,Beans,Raw Rice,Boiled Rice,Yogurt & Lassi,Curd,Phenyles & Acids"
1855,"Other Vegetables,Exotic Vegetables,Exotic Vegetables,Banana,Beans,Raw Rice,Instant Noodles,Other Rice Products"
1856,"Root Vegetables,Brinjals,Other Vegetables,Other Vegetables,Root Vegetables,Gourd & Cucumber,Sooji & Rava,Whole Spices,Whole Spices,Hand Wash,Raw Rice,Whole Spices"
1857,"Other Vegetables,Root Vegetables,Beans,Beans,Banana,Bread,Sugar,Jaggery,Namkeen,Snacky Nuts,Sugar Cubes,Other Sweets"
1858,"Other Vegetables,Beans,Brinjals,Banana,Raw Rice,Gourd & Cucumber,Boiled Rice,Brinjals"
1859,"Other Vegetables,Beans,Exotic Vegetables,Beans,Banana,Raw Rice,Organic Salt,Sugar & Jaggery,Ghee,Organic Masalas & Spices,Organic F&V"
1860,"Root Vegetables,Other Vegetables,Root Vegetables,Other Vegetables,Exotic Vegetables,Exotic Vegetables,Beans,Banana,Sooji & Rava,Yogurt & Lassi,Yogurt & Lassi,Cream Biscuits"
1861,"Root Vegetables,Bread,Root Vegetables,Other Vegetables,Beans,Brinjals,Avalakki / Poha,Raw Peanuts,Other Dals,Other Dals,Sooji & Rava,Rice Flour,Gourd & Cucumber"
1862,"Root Vegetables,Other Vegetables,Other Vegetables,Beans,Brinjals,Root Vegetables,Gourd & Cucumber,Glucose, Marie & Milk Biscuits,Glucose, Marie & Milk Biscuits"
1863,"Namkeen,Other Vegetables,Beans,Banana,Gourd & Cucumber,Namkeen,Namkeen,Other Dals,Salty Biscuits"
1864,"Other Vegetables,Gourd & Cucumber,Root Vegetables,Other Dals,Moong Dal,Other Dals,Other Dals,Toor Dal"
1865,"Brinjals,Root Vegetables,Whole Spices,Whole Spices,Beans,Banana,Bread,Boiled Rice,Other Dals,Almonds,Other Rice Products,Snacky Nuts"
1866,"Root Vegetables,Other Vegetables,Other Vegetables,Banana,Gourd & Cucumber,Beans,Avalakki / Poha,Moong Dal,Sooji & Rava,Gourd & Cucumber,Brinjals,Root Vegetables,Other Dals"
1867,"Root Vegetables,Root Vegetables,Raw Peanuts,Urad Dal,Sugar,Banana,Other Dals,Sunflower Oils,Other Dals,Mosquito Repellent"
1868,"Other Vegetables,Root Vegetables,Banana,Beans,Gourd & Cucumber,Raw Peanuts,Moong Dal,Toor Dal,Sooji & Rava,Besan,Brinjals,Root Vegetables,Organic F&V,Eggs"
1869,"Other Vegetables,Other Vegetables,Root Vegetables,Gourd & Cucumber,Beans,Gourd & Cucumber,Boiled Rice,Curd"
1870,"Other Vegetables,Other Vegetables,Moong Dal,Other Dals,Namkeen,Other Dals,Avalakki / Poha,Other Dals,Namkeen,Other Rice Products"
1871,"Sunflower Oils,Sooji & Rava,Raw Rice,Glucose, Marie & Milk Biscuits,Snacky Nuts,Cream Biscuits,Yogurt & Lassi,Yogurt & Lassi,Yogurt & Lassi,Other Rice Products"
1872,"Root Vegetables,Moong Dal,Beans,Raw Rice,Sooji & Rava,Other Rice Products,Urad Dal,Organic Salt,Sugar & Jaggery,Boiled Rice,Liquid Soaps & Bars,Curd"
1873,"Root Vegetables,Other Vegetables,Gourd & Cucumber,Whole Spices,Moong Dal,Gourd & Cucumber,Bread,Health Supplements"
1874,"Root Vegetables,Bread,Banana,Raw Peanuts,Sugar,Cashews,Almonds,Whole Spices,Other Oils"
1875,"Bread,Other Dals,Other Dals,Other Dals,Maida,Boiled Rice,Urad Dal,Almonds,Yogurt & Lassi,Cashews,Yogurt & Lassi"
1876,"Chips,Namkeen,Namkeen,Namkeen,Namkeen,Namkeen,Chips,Namkeen,Other Dals"
1877,"Root Vegetables,Brinjals,Other Vegetables,Root Vegetables,Banana,Gourd & Cucumber,Gourd & Cucumber,Raw Rice,Other Dry Fruits,Raisins,Other Dry Fruits,Other Dry Fruits"
1878,"Other Vegetables,Other Vegetables,Root Vegetables,Exotic Vegetables,Raw Peanuts,Banana,Instant Noodles,Other Dals,Other Dals"
1879,"Other Dals,Raw Peanuts,Moong Dal,Other Dals,Other Dals,Urad Dal,Other Dals,Jaggery,Besan"
1880,"Banana,Ghee,Mosquito Repellent,Hand Wash,Shaving Blade & Razors,Namkeen,Namkeen,Snacky Nuts,Sugar Cubes"
1881,"Root Vegetables,Gourd & Cucumber,Beans,Moong Dal,Gourd & Cucumber,Toor Dal,Urad Dal,Brinjals,Root Vegetables,Organic F&V,Other Dals,Other Dals"
1882,"Raw Peanuts,Sooji & Rava,Rice Flour,Raw Rice,Other Dals,Whole Spices,Boiled Rice,Urad Dal,Sugar,Avalakki / Poha,Glucose, Marie & Milk Biscuits,Other Dals,Toor Dal"
1883,"Other Vegetables,Root Vegetables,Beans,Beans,Banana,Toor Dal,Bread,Boiled Rice,Sugar,Other Dals,Other Dals,Namkeen,Almonds,Other Rice Products,Snacky Nuts,Sugar Cubes,Eggs"
1884,"Root Vegetables,Beans,Moong Dal,Banana,Other Dals,Organic Masalas & Spices,Cooking Paste,Whole Spices"
1885,"Other Vegetables,Brinjals,Gourd & Cucumber,Whole Spices,Beans,Liquid Soaps & Bars,Gourd & Cucumber,Raw Rice,Sugar,Avalakki / Poha,Cooking Paste"
1886,"Other Vegetables,Root Vegetables,Beans,Whole Spices,Sugar,Banana,Other Dals,Basmati Rice,Whole Spices"
1887,"Brinjals,Exotic Vegetables,Other Vegetables,Beans,Root Vegetables,Moong Dal,Whole Spices,Banana,Sooji & Rava,Raw Rice,Sugar,Avalakki / Poha,Other Rice Products,Moong Dal"
1888,"Exotic Vegetables,Exotic Vegetables,Whole Spices,Moong Dal,Urad Dal,Sugar,Whole Spices,Sooji & Rava,Other Dals,Toor Dal,Oats,Raisins"
1889,"Sunflower Oils,Sugar,Raw Rice,Urad Dal,Chinese Noodles,Raisins,Other Dry Fruits,Other Dry Fruits,Chinese Noodles,Cooking Sauce,Chinese Noodles,Cashews,Other Dals,Whole Spices"
1890,"Vermicelli,Moong Dal,Urad Dal,Whole Spices,Sooji & Rava,Sunflower Oils,Boiled Rice,Whole Spices"
1891,"Bread,Brinjals,Other Vegetables,Gourd & Cucumber,Toor Dal,Other Dals,Beans,Gourd & Cucumber,Urad Dal,Urad Dal,Cooking Paste,Boiled Rice,Liquid Soaps & Bars"
1892,"Raw Peanuts,Whole Spices,Moong Dal,Toor Dal,Sooji & Rava,Avalakki / Poha,Other Dals,Maida,Raw Rice,Other Rice Products,Urad Dal,Sugar,Besan,Ghee,Jaggery,Whole Spices"
1893,"Whole Spices,Raw Peanuts,Sooji & Rava,Urad Dal,Sooji & Rava,Sugar,Sunflower Oils,Toor Dal,Avalakki / Poha,Honey,Other Dals,Phenyles & Acids"
1894,"Exotic Vegetables,Other Vegetables,Beans,Banana,Gourd & Cucumber,Exotic Vegetables,Beans,Sooji & Rava,Other Rice Products"
1895,"Root Vegetables,Brinjals,Gourd & Cucumber,Raw Rice,Other Oils,Cream Biscuits,Cashews,Almonds,Other Dry Fruits"
1896,"Root Vegetables,Brinjals,Other Vegetables,Other Vegetables,Root Vegetables,Moong Dal,Beans,Toor Dal,Raw Rice,Sugar,Avalakki / Poha,Toothpaste,Raisins,Cream Biscuits,Liquid Soaps & Bars,Cream Biscuits"
1897,"Banana,Beans,Sooji & Rava,Moong Dal,Whole Spices,Moong Dal,Toor Dal,Jaggery,Other Rice Products,Sugar,Raisins,Cashews,Whole Spices"
1898,"Root Vegetables,Brinjals,Other Vegetables,Beans,Beans,Banana,Gourd & Cucumber,Other Dals,Namkeen,Raisins,Eggs,Soya Products"
1899,"Other Vegetables,Other Vegetables,Banana,Gourd & Cucumber,Beans,Bread,Basmati Rice,Organic F&V,Curd,Sugar Cubes,Sugar Cubes"
1900,"Root Vegetables,Bread,Gourd & Cucumber,Raw Peanuts,Sugar,Banana,Ghee,Exotic Vegetables,Sunflower Oils,Jaggery,Root Vegetables,Health Drinks,Honey"
1901,"Other Vegetables,Gourd & Cucumber,Beans,Brinjals,Root Vegetables,Toor Dal,Brinjals,Sooji & Rava,Organic Rice & Rice Products,Maida,Urad Dal,Cooking Sauce,Other Dals,Raw Rice,Besan,Other Dals"
1902,"Bread,Other Vegetables,Beans,Root Vegetables,Gourd & Cucumber,Other Dals,Whole Spices,Toor Dal,Raw Peanuts,Moong Dal,Beans,Raw Rice,Urad Dal,Brinjals,Sunflower Oils,Organic Flours,Other Dals,Whole Spices,Phenyles & Acids"
1903,"Ground Coffee,Whole Spices,Raw Peanuts,Urad Dal,Sugar,Sooji & Rava,Health Drinks,Rice Flour,Jaggery,Raisins,Almonds,Cashews,Other Dals,Toor Dal"
1904,"Vermicelli,Toor Dal,Sooji & Rava,Other Rice Products,Maida,Boiled Rice,Boiled Rice,Raisins,Other Dals"
1905,"Root Vegetables,Other Vegetables,Beans,Beans,Brinjals,Banana,Raw Rice,Gourd & Cucumber,Brinjals"
1906,"Beans,Gourd & Cucumber,Root Vegetables,Cooking Paste,Sooji & Rava,Sugar,Avalakki / Poha,Hand Wash,Basmati Rice,Raw Rice,Whole Spices"
1907,"Root Vegetables,Other Vegetables,Root Vegetables,Other Vegetables,Gourd & Cucumber,Banana,Gourd & Cucumber,Brinjals,Organic F&V,Organic F&V"
1908,"Raw Peanuts,Moong Dal,Other Dals,Other Dals,Other Dals,Raisins,Cashews,Mosquito Repellent,Basmati Rice,Namkeen,Other Rice Products"
1909,"Raw Peanuts,Raw Rice,Other Dals,Instant Noodles,Whole Spices,Other Oils,Boiled Rice,Avalakki / Poha,Other Dals,Raisins,Honey,Cashews,Soya Products"
1910,"Root Vegetables,Toor Dal,Sugar,Jaggery,Ghee,Sunflower Oils,Hand Wash,Other Dry Fruits,Raisins,Raw Rice,Cashews,Whole Spices,Phenyles & Acids,Whole Spices,Other Dals,Whole Spices"
1911,"Whole Spices,Moong Dal,Toor Dal,Aluminium Foil & Cling Wrap,Sugar,Cooking Paste,Cakes,Avalakki / Poha,Chinese Noodles,Almonds"
1912,"Other Vegetables,Other Vegetables,Whole Spices,Bread,Namkeen,Raw Rice,Avalakki / Poha,Whole Spices,Namkeen,Whole Spices,Namkeen,Other Rice Products"
1913,"Banana,Brinjals,Boiled Rice,Sooji & Rava,Jaggery,Avalakki / Poha,Other Dry Fruits,Whole Spices"
1914,"Other Vegetables,Bread,Other Vegetables,Root Vegetables,Whole Spices,Whole Spices,Whole Spices,Beans,Sunflower Oils,Namkeen,Whole Spices,Whole Spices,Whole Spices,Whole Spices,Salty Biscuits"
1915,"Whole Spices,Moong Dal,Whole Spices,Raw Peanuts,Other Dals,Other Dals,Sooji & Rava,Raw Rice,Other Rice Products,Urad Dal,Maida,Sugar,Jaggery,Cream Biscuits,Raw Rice,Cashews,Almonds,Agarbatti,Mosquito Repellent,Whole Spices"
1916,"Bread,Whole Spices,Sugar,Besan,Maida,Mango Juices,Almonds,Raisins,Raisins,Cashews"
1917,"Root Vegetables,Beans,Gourd & Cucumber,Brinjals,Root Vegetables,Other Dals,Other Dals,Cooking Paste,Agarbatti,Phenyles & Acids"
1918,"Other Vegetables,Exotic Vegetables,Exotic Vegetables,Banana,Beans,Gourd & Cucumber,Organic Rice & Rice Products,Brinjals,Namkeen,Organic Flours,Other Rice Products,Namkeen,Whole Spices"
1919,"Brinjals,Root Vegetables,Toor Dal,Urad Dal,Banana,Sunflower Oils,Other Dals,Whole Spices,Cashews"
1920,"Other Vegetables,Banana,Buns & Pavs,Root Vegetables,Hand Wash,Organic F&V,Organic F&V,Cream Biscuits,Whole Spices"
1921,"Root Vegetables,Namkeen,Brinjals,Snacky Nuts,Cakes,Namkeen,Namkeen,Snacky Nuts,Sugar Cubes,Bread"
1922,"Other Vegetables,Root Vegetables,Banana,Whole Spices,Boiled Rice,Sugar,Whole Spices,Whole Spices"
1923,"Root Vegetables,Root Vegetables,Other Dals,Whole Spices,Toor Dal,Moong Dal,Other Dals,Moong Dal,Sooji & Rava,Namkeen,Besan,Maida,Sugar,Brinjals,Soya Products"
1924,"Other Vegetables,Root Vegetables,Other Vegetables,Gourd & Cucumber,Beans,Other Dals,Other Dals,Besan,Brinjals,Other Dals,Whole Spices"
1925,"Other Vegetables,Banana,Moong Dal,Namkeen,Cashews,Other Dry Fruits,Raisins,Other Dry Fruits,Other Dry Fruits,Toor Dal,Snacky Nuts"
1926,"Root Vegetables,Other Vegetables,Other Vegetables,Exotic Vegetables,Exotic Vegetables,Beans,Banana,Health Drinks,Other Rice Products,Eggs"
1927,"Root Vegetables,Beans,Banana,Gourd & Cucumber,Urad Dal,Cream Biscuits,Regular Pasta,Organic F&V,Whole Spices,Whole Spices,Whole Spices,Instant Noodles,Eggs,Eggs"
1928,"Brinjals,Other Vegetables,Beans,Other Vegetables,Gourd & Cucumber,Toor Dal,Beans,Raw Rice,Other Flours,Other Oils"
1929,"Root Vegetables,Bread,Brinjals,Other Vegetables,Other Vegetables,Beans,Banana,Beans"
1930,"Toor Dal,Sugar,Other Dals,Urad Dal,Other Dry Fruits,Agarbatti,Basmati Rice,Other Dals,Toothpaste"
1931,"Brinjals,Moong Dal,Exotic Vegetables,Moong Dal,Avalakki / Poha,Raw Rice,Moong Dal,Sugar"
1932,"Banana,Whole Spices,Sooji & Rava,Other Dals,Sooji & Rava,Other Dals,Toor Dal,Sugar,Urad Dal,Shaving Blade & Razors,Whole Spices,Cookies"
1933,"Root Vegetables,Whole Spices,Toor Dal,Raw Rice,Sunflower Oils,Maida,Raisins,Cashews,Whole Spices"
1934,"Root Vegetables,Other Vegetables,Other Vegetables,Gourd & Cucumber,Beans,Exotic Vegetables,Moong Dal,Other Dals,Toor Dal,Urad Dal,Urad Dal,Root Vegetables,Other Dals"
1935,"Exotic Vegetables,Other Dals,Namkeen,Maida,Sooji & Rava,Other Rice Products,Namkeen,Mosquito Repellent,Namkeen,Raisins,Agarbatti,Exotic Vegetables,Whole Spices,Toor Dal"
1936,"Other Vegetables,Other Vegetables,Gourd & Cucumber,Bread,Toor Dal,Other Dals,Namkeen,Hand Wash,Health Drinks,Namkeen,Toothpaste"
1937,"Whole Spices,Whole Spices,Moong Dal,Whole Spices,Raw Peanuts,Other Dals,Urad Dal,Whole Spices,Sooji & Rava,Sooji & Rava,Sooji & Rava,Rice Flour,Besan,Sunflower Oils,Jaggery,Avalakki / Poha,Health Drinks,Toor Dal,Whole Spices,Phenyles & Acids"
1938,"Raw Peanuts,Urad Dal,Organic Dals & Pulses,Organic Dals & Pulses,Health Drinks,Mosquito Repellent,Snacky Nuts,Sunflower Oils,Instant Noodles,Health Drinks,Cashews,Toothpaste,Instant Noodles"
1939,"Sunflower Oils,Raw Peanuts,Other Dals,Urad Dal,Sugar,Toor Dal,Maida,Rice Flour,Besan,Whole Spices,Raisins,Raisins,Whole Spices,Whole Spices,Glucose, Marie & Milk Biscuits,Sugar Cubes"
1940,"Ground Coffee,Banana,Whole Spices,Whole Spices,Moong Dal,Sugar,Whole Spices,Raw Rice,Boiled Rice,Rice Flour,Sunflower Oils,Avalakki / Poha,Whole Spices,Toor Dal,Whole Spices,Whole Spices,Whole Spices"
1941,"Moong Dal,Moong Dal,Toor Dal,Moong Dal,Besan,Sugar,Avalakki / Poha,Other Dals,Basmati Rice"
1942,"Exotic Vegetables,Exotic Vegetables,Root Vegetables,Other Vegetables,Other Vegetables,Beans,Gourd & Cucumber,Exotic Vegetables,Banana,Brinjals,Root Vegetables"
1943,"Namkeen,Sugar,Liquid Detergent,Namkeen,Organic Salt,Sugar & Jaggery,Honey,Namkeen,Namkeen,Namkeen,Besan"
1944,"Other Vegetables,Root Vegetables,Root Vegetables,Beans,Beans,Liquid Soaps & Bars,Banana,Gourd & Cucumber,Boiled Rice,Ghee,Raisins,Almonds,Snacky Nuts,Sugar Cubes,Raisins,Eggs,Soya Products,Other Dals"
1945,"Other Vegetables,Other Vegetables,Moong Dal,Other Dals,Urad Dal,Other Dals,Other Dals,Namkeen,Other Dals,Namkeen,Namkeen"
1946,"Root Vegetables,Other Vegetables,Root Vegetables,Banana,Gourd & Cucumber,Besan,Namkeen,Snacky Nuts,Cooking Sauce,Other Dals"
1947,"Whole Spices,Moong Dal,Urad Dal,Whole Spices,Whole Spices,Sunflower Oils,Boiled Rice,Cashews,Toor Dal,Whole Spices,Whole Spices,Whole Spices,Whole Spices"
1948,"Other Vegetables,Root Vegetables,Moong Dal,Beans,Other Rice Products,Jaggery,Avalakki / Poha,Boiled Rice,Whole Spices"
1949,"Root Vegetables,Bread,Other Vegetables,Other Vegetables,Banana,Beans,Exotic Vegetables,Sugar,Avalakki / Poha"
1950,"Other Vegetables,Moong Dal,Toor Dal,Sooji & Rava,Gourd & Cucumber,Boiled Rice,Sugar,Sunflower Oils,Other Dals"
1951,"Root Vegetables,Boiled Rice,Other Rice Products,Sugar,Toor Dal,Jaggery,Boiled Rice,Urad Dal,Whole Spices"
1952,"Ground Coffee,Whole Spices,Moong Dal,Whole Spices,Raw Rice,Sooji & Rava,Whole Spices,Other Dry Fruits,Almonds,Toor Dal,Whole Spices,Whole Spices"
1953,"Root Vegetables,Other Vegetables,Other Vegetables,Gourd & Cucumber,Other Dals,Beans,Beans,Gourd & Cucumber,Moong Dal,Cooking Paste,Brinjals"
1954,"Banana,Moong Dal,Beans,Liquid Soaps & Bars,Other Rice Products,Ghee,Organic Dals & Pulses,Cakes,Other Dals"
1955,"Exotic Vegetables,Exotic Vegetables,Beans,Other Vegetables,Beans,Brinjals,Exotic Vegetables,Brinjals,Gourd & Cucumber"
1956,"Whole Spices,Moong Dal,Avalakki / Poha,Raw Peanuts,Moong Dal,Other Dals,Whole Spices,Whole Spices,Maida,Boiled Rice,Urad Dal,Glucose, Marie & Milk Biscuits,Rice Flour,Besan,Other Dals,Sooji & Rava,Sugar,Other Flours,Other Dals,Raisins,Other Dals,Whole Spices,Whole Spices,Whole Spices,Whole Spices,Whole Spices,Whole Spices,Whole Spices,Powdered Spices,Whole Grains"
1957,"Bread,Brinjals,Other Vegetables,Other Vegetables,Root Vegetables,Banana,Gourd & Cucumber,Sunflower Oils,Organic Salt,Sugar & Jaggery,Eggs"
1958,"Other Vegetables,Root Vegetables,Gourd & Cucumber,Brinjals,Urad Dal,Banana,Beans,Organic F&V,Organic F&V,Cashews,Organic F&V,Organic F&V,Toor Dal"
1959,"Exotic Vegetables,Root Vegetables,Beans,Root Vegetables,Other Vegetables,Beans,Brinjals,Root Vegetables,Avalakki / Poha,Banana,Sooji & Rava,Maida,Other Flours,Beans,Cooking Paste,Sooji & Rava,Besan"
1960,"Moong Dal,Toor Dal,Urad Dal,Sugar,Other Dals,Whole Spices,Sunflower Oils,Health Drinks,Whole Spices"
1961,"Whole Spices,Whole Spices,Moong Dal,Raw Rice,Whole Spices,Maida,Sunflower Oils,Sugar,Whole Spices,Raw Rice,Sunflower Oils,Basmati Rice,Toor Dal,Besan,Other Dals"
1962,"Beans,Whole Spices,Urad Dal,Sugar,Other Dry Fruits,Shoe Polish,Raisins,Eggs"
1963,"Root Vegetables,Other Vegetables,Beans,Other Vegetables,Moong Dal,Other Dals,Sugar,Toor Dal"
1964,"Other Vegetables,Root Vegetables,Other Vegetables,Gourd & Cucumber,Moong Dal,Other Dals,Sooji & Rava,Toor Dal,Sugar,Brinjals"
1965,"Other Vegetables,Other Dals,Toor Dal,Sooji & Rava,Urad Dal,Rice Flour,Maida,Moong Dal"
1966,"Chips,Beans,Root Vegetables,Raw Peanuts,Other Dals,Sooji & Rava,Urad Dal,Sunflower Oils,Snacky Nuts,Chips,Salty Biscuits"
1967,"Exotic Vegetables,Other Vegetables,Root Vegetables,Banana,Bread,Gourd & Cucumber,Toor Dal,Buns & Pavs,Cooking Paste,Organic F&V"
1968,"Root Vegetables,Beans,Exotic Vegetables,Organic F&V,Organic F&V,Organic F&V,Organic F&V,Organic F&V"
1969,"Other Vegetables,Other Vegetables,Gourd & Cucumber,Beans,Sooji & Rava,Sooji & Rava,Root Vegetables,Healthy & Digestive Biscuits"
1970,"Other Dals,Whole Spices,Moong Dal,Sooji & Rava,Avalakki / Poha,Toor Dal,Raw Rice,Whole Spices,Boiled Rice,Oats,Glucose, Marie & Milk Biscuits"
1971,"Other Vegetables,Gourd & Cucumber,Whole Spices,Whole Spices,Toor Dal,Whole Spices,Sooji & Rava,Sooji & Rava,Urad Dal,Other Dals,Urad Dal,Exotic Vegetables,Organic Dals & Pulses,Ready Mix,Brinjals,Regular Pasta,Other Dals,Other Dals,Whole Spices,Moong Dal"
1972,"Other Vegetables,Other Vegetables,Root Vegetables,Beans,Gourd & Cucumber,Rice Flour,Raw Rice,Sugar,Banana,Gourd & Cucumber,Sugar Cubes"
1973,"Other Vegetables,Root Vegetables,Brinjals,Other Vegetables,Beans,Root Vegetables,Moong Dal,Toor Dal,Sooji & Rava"
1974,"Other Vegetables,Root Vegetables,Other Dals,Other Dals,Other Dals,Brinjals,Organic Flours,Other Dals"
1975,"Raw Peanuts,Exotic Vegetables,Other Dals,Sunflower Oils,Brinjals,Urad Dal,Sugar,Other Rice Products"
1976,"Ground Coffee,Raw Peanuts,Whole Spices,Toor Dal,Moong Dal,Other Dals,Whole Spices,Sugar,Jaggery,Cakes,Boiled Rice,Raw Rice,Whole Spices,Whole Spices"
1977,"Other Vegetables,Other Vegetables,Moong Dal,Sooji & Rava,Toor Dal,Bread,Namkeen,Sugar,Avalakki / Poha,Namkeen,Namkeen"
1978,"Other Vegetables,Other Vegetables,Gourd & Cucumber,Beans,Root Vegetables,Beans,Raw Peanuts,Boiled Rice,Urad Dal,Brinjals,Cooking Sauce,Other Dals,Other Dals"
1979,"Root Vegetables,Other Vegetables,Gourd & Cucumber,Sunflower Oils,Brinjals,Sooji & Rava,Brinjals,Sooji & Rava,Other Rice Products"
1980,"Banana,Whole Spices,Boiled Rice,Whole Spices,Urad Dal,Toor Dal,Whole Spices,Whole Spices"
1981,"Ground Coffee,Beans,Moong Dal,Sooji & Rava,Toor Dal,Sooji & Rava,Sunflower Oils,Sunflower Oils,Other Dals,Whole Spices,Toor Dal"
1982,"Other Dals,Raw Peanuts,Whole Spices,Other Dals,Moong Dal,Sooji & Rava,Moong Dal,Sugar,Cooking Sauce"
1983,"Whole Spices,Sooji & Rava,Raw Rice,Liquid Soaps & Bars,Whole Spices,Sugar,Besan,Urad Dal,Jaggery,Sunflower Oils,Health Drinks,Health Drinks,Toor Dal,Whole Spices"
1984,"Other Vegetables,Gourd & Cucumber,Toor Dal,Sooji & Rava,Beans,Gourd & Cucumber,Rice Flour,Besan,Other Dals,Other Dals,Health Drinks,Brinjals"
1985,"Raw Peanuts,Whole Spices,Toor Dal,Urad Dal,Sugar,Ghee,Sunflower Oils,Urad Dal,Whole Spices,Raisins,Whole Spices"
1986,"Raw Peanuts,Moong Dal,Other Dals,Moong Dal,Rice Flour,Raw Rice,Sugar,Sooji & Rava,Urad Dal,Besan,Sooji & Rava,Maida,Jaggery,Avalakki / Poha,Avalakki / Poha,Other Rice Products,Other Dry Fruits,Boiled Rice,Cashews,Raisins,Cashews,Rasagulla & Gulab Jamun,Other Dals,Other Rice Products,Cookies"
1987,"Bread,Gourd & Cucumber,Banana,Other Dals,Maida,Ghee,Exotic Vegetables,Root Vegetables,Other Dals,Honey"
1988,"Beans,Other Vegetables,Gourd & Cucumber,Raw Peanuts,Whole Spices,Urad Dal,Sugar,Sooji & Rava,Sunflower Oils,Ghee,Whole Spices,Moong Dal"
1989,"Root Vegetables,Gourd & Cucumber,Beans,Other Dals,Sooji & Rava,Sugar,Other Dals,Yogurt & Lassi,Exotic Vegetables,Whole Spices"
1990,"Other Vegetables,Exotic Vegetables,Gourd & Cucumber,Beans,Brinjals,Banana,Gourd & Cucumber,Besan,Curd"
1991,"Root Vegetables,Other Vegetables,Other Vegetables,Other Dals,Bread,Health Drinks,Besan,Brinjals,Namkeen,Other Dals"
1992,"Other Vegetables,Other Vegetables,Beans,Beans,Rice Flour,Raw Rice,Brinjals,Mango Juices,Chilli & Soya Sauces"
1993,"Root Vegetables,Other Vegetables,Root Vegetables,Gourd & Cucumber,Avalakki / Poha,Namkeen,Brinjals,Namkeen"
1994,"Toor Dal,Other Dals,Moong Dal,Other Dals,Sunflower Oils,Raw Rice,Raw Rice,Ready Mix,Ghee"
1995,"Root Vegetables,Root Vegetables,Banana,Beans,Gourd & Cucumber,Moong Dal,Other Dals,Moong Dal"
1996,"Whole Spices,Sooji & Rava,Urad Dal,Sunflower Oils,Other Rice Products,Sugar,Mosquito Repellent,Cashews,Urad Dal,Toor Dal,Cookies"
1997,"Other Dals,Raw Peanuts,Moong Dal,Bread,Other Dals,Other Oils,Avalakki / Poha,Regular Pasta"
1998,"Sooji & Rava,Other Dals,Sugar,Toor Dal,Maida,Sooji & Rava,Jaggery,Snacky Nuts,Other Dals,Namkeen,Whole Spices,Curd"
1999,"Other Vegetables,Brinjals,Whole Spices,Bread,Moong Dal,Other Dry Fruits,Other Dry Fruits,Other Dals,Other Dals,Whole Spices"
2000,"Other Vegetables,Gourd & Cucumber,Root Vegetables,Other Dals,Whole Spices,Moong Dal,Whole Spices,Toor Dal,Other Dals,Raw Rice,Other Dals,Sugar,Moong Dal,Urad Dal,Brinjals,Whole Spices,Whole Spices"
2001,"Beans,Beans,Brinjals,Beans,Banana,Sooji & Rava,Cream Biscuits,Raisins"
2002,"Root Vegetables,Beans,Moong Dal,Whole Spices,Beans,Banana,Jaggery,Organic Salt,Sugar & Jaggery,Avalakki / Poha,Boiled Rice,Curd,Phenyles & Acids"
2003,"Other Vegetables,Beans,Raw Rice,Brinjals,Sunflower Oils,Root Vegetables,Glucose, Marie & Milk Biscuits,Chips,Namkeen"
2004,"Root Vegetables,Other Vegetables,Root Vegetables,Beans,Banana,Beans,Raw Rice,Brinjals,Boiled Rice,Organic F&V"
2005,"Root Vegetables,Banana,Bread,Maida,Sugar,Brinjals,Namkeen,Honey,Sugar Cubes"
2006,"Root Vegetables,Beans,Beans,Banana,Toor Dal,Bread,Other Dals,Sugar,Cashews,Raisins,Snacky Nuts,Sugar Cubes,Eggs"
2007,"Exotic Vegetables,Exotic Vegetables,Whole Spices,Sugar,Whole Spices,Sooji & Rava,Urad Dal,Besan,Jaggery,Raisins,Other Dry Fruits,Instant Noodles,Toor Dal,Oats,Whole Spices,Whole Spices"
2008,"Ground Coffee,Moong Dal,Urad Dal,Sugar,Boiled Rice,Cakes,Cakes,Curd"
2009,"Root Vegetables,Raw Peanuts,Moong Dal,Moong Dal,Beans,Bread,Other Dals,Other Dals"
2010,"Root Vegetables,Other Vegetables,Root Vegetables,Beans,Beans,Moong Dal,Toor Dal,Beans,Urad Dal,Raw Rice"
2011,"Moong Dal,Toor Dal,Sooji & Rava,Boiled Rice,Other Rice Products,Maida,Ground Coffee,Boiled Rice,Whole Spices,Almonds,Whole Spices"
2012,"Root Vegetables,Other Vegetables,Whole Spices,Whole Spices,Whole Spices,Sunflower Oils,Whole Spices,Other Rice Products"
2013,"Root Vegetables,Urad Dal,Banana,Toor Dal,Health Drinks,Liquid Soaps & Bars,Toilet Cleaners,Moong Dal"
2014,"Root Vegetables,Other Vegetables,Brinjals,Root Vegetables,Whole Spices,Whole Spices,Raw Peanuts,Moong Dal,Sugar,Gourd & Cucumber,Urad Dal,Other Flours,Avalakki / Poha,Raw Rice,Raisins,Toor Dal,Whole Spices,Whole Spices,Besan"
2015,"Whole Spices,Moong Dal,Avalakki / Poha,Raisins,Almonds,Other Dry Fruits,Whole Spices,Whole Spices,Toothpaste,Besan"
2016,"Sunflower Oils,Other Dals,Raw Peanuts,Moong Dal,Other Dals,Avalakki / Poha,Moong Dal,Other Dals,Sugar,Other Dals,Raw Rice,Buns & Pavs,Cakes,Regular Pasta,Honey,Toor Dal"
2017,"Sunflower Oils,Cooking Paste,Avalakki / Poha,Beans,Almonds,Boiled Rice,Raisins,Namkeen,Other Rice Products"
2018,"Whole Spices,Whole Spices,Avalakki / Poha,Urad Dal,Boiled Rice,Urad Dal,Ground Coffee,Jaggery"
2019,"Raw Peanuts,Whole Spices,Avalakki / Poha,Other Dals,Sooji & Rava,Sooji & Rava,Urad Dal,Sugar,Jaggery,Hand Wash,Raw Rice,Almonds,Other Dry Fruits,Other Dry Fruits,Toor Dal,Health Drinks,Whole Spices,Whole Spices"
2020,"Whole Spices,Sooji & Rava,Raw Rice,Urad Dal,Rice Flour,Sooji & Rava,Sunflower Oils,Toor Dal,Other Dals,Whole Spices,Whole Spices"
2021,"Vermicelli,Avalakki / Poha,Sooji & Rava,Maida,Cream Biscuits,Toilet Cleaners,Cookies,Cookies"
2022,"Moong Dal,Other Dals,Raw Rice,Other Dals,Other Dals,Sugar,Bread,Urad Dal,Ghee,Toor Dal,Toothpaste,Regular Pasta,Phenyles & Acids"
2023,"Root Vegetables,Other Vegetables,Exotic Vegetables,Root Vegetables,Raw Peanuts,Exotic Vegetables,Other Dals,Bread,Beans,Beans,Other Dals,Banana,Regular Pasta,Regular Pasta,Oats,Other Rice Products"
2024,"Other Vegetables,Root Vegetables,Other Vegetables,Beans,Gourd & Cucumber,Beans,Gourd & Cucumber,Brinjals,Brinjals"
2025,"Whole Spices,Whole Spices,Moong Dal,Moong Dal,Whole Spices,Cooking Paste,Raw Peanuts,Urad Dal,Sugar,Maida,Sooji & Rava,Other Rice Products,Rice Flour,Besan,Other Dals,Ghee,Jaggery,Other Flours,Raisins,Cashews,Basmati Rice,Raw Rice,Other Dals,Toor Dal,Other Dals,Whole Spices"
2026,"Other Vegetables,Other Vegetables,Gourd & Cucumber,Beans,Root Vegetables,Beans,Exotic Vegetables,Urad Dal,Brinjals,Raisins,Cooking Sauce,Besan,Other Dals,Moong Dal"
2027,"Beans,Gourd & Cucumber,Moong Dal,Other Dals,Other Dals,Brinjals,Avalakki / Poha,Cashews,Whole Spices"
2028,"Ground Coffee,Whole Spices,Raw Peanuts,Sugar,Sooji & Rava,Health Drinks,Rice Flour,Jaggery,Almonds,Other Dals,Toor Dal"
2029,"Gourd & Cucumber,Raw Peanuts,Whole Spices,Sooji & Rava,Moong Dal,Whole Spices,Avalakki / Poha,Raw Rice,Sooji & Rava,Gourd & Cucumber,Urad Dal,Sugar,Boiled Rice,Ghee,Raisins,Almonds,Toor Dal,Other Dals,Liquid Soaps & Bars,Whole Spices,Whole Spices,Whole Spices"
2030,"Whole Spices,Whole Spices,Whole Spices,Regular Pasta,Jaggery,Other Dry Fruits,Shaving Blade & Razors,Other Dals,Whole Spices,Whole Spices,Raw Rice"
2031,"Root Vegetables,Other Vegetables,Beans,Bread,Maida,Liquid Soaps & Bars,Toilet Cleaners,Curd,Organic Juices"
2032,"Ground Coffee,Toor Dal,Avalakki / Poha,Whole Spices,Sooji & Rava,Raw Rice,Ghee,Sugar,Jaggery,Almonds,Regular Pasta,Other Dry Fruits,Agarbatti,Agarbatti"
2033,"Other Dals,Namkeen,Whole Spices,Sooji & Rava,Other Dals,Health Drinks,Other Dals,Mosquito Repellent,Namkeen,Basmati Rice,Other Dals,Other Dals"
2034,"Other Vegetables,Brinjals,Other Dals,Raw Peanuts,Other Dals,Moong Dal,Gourd & Cucumber,Sooji & Rava,Sugar,Other Insect Repellent,Toor Dal,Whole Spices,Other Rice Products"
2035,"Bread,Sunflower Oils,Banana,Gourd & Cucumber,Exotic Vegetables,Other Dals,Moong Dal,Beans,Gourd & Cucumber,Sooji & Rava,Ghee,Other Rice Products,Whole Spices,Sooji & Rava,Other Dals,Other Dals,Whole Spices,Other Pooja Needs,Other Rice Products"
2036,"Brinjals,Other Vegetables,Gourd & Cucumber,Cooking Paste,Whole Spices,Other Dals,Urad Dal,Toor Dal,Liquid Soaps & Bars"
2037,"Whole Spices,Sooji & Rava,Whole Spices,Raw Peanuts,Moong Dal,Whole Spices,Maida,Sooji & Rava,Urad Dal,Raisins,Cashews,Toor Dal,Whole Spices,Powdered Spices"
2038,"Moong Dal,Whole Spices,Raw Peanuts,Sooji & Rava,Rice Flour,Raw Rice,Other Dals,Whole Spices,Sooji & Rava,Sooji & Rava,Rice Flour,Urad Dal,Jaggery,Sugar,Sooji & Rava,Other Oils,Ghee,Raw Rice,Raisins,Cashews,Toor Dal,Whole Spices"
2039,"Other Vegetables,Toor Dal,Avalakki / Poha,Sooji & Rava,Sugar,Brinjals,Other Dals,Whole Spices"
2040,"Moong Dal,Whole Spices,Sooji & Rava,Urad Dal,Toor Dal,Sooji & Rava,Sugar,Sugar,Instant Noodles,Other Dals,Other Rice Products,Health Drinks,Whole Spices,Salty Biscuits"
2041,"Other Vegetables,Other Vegetables,Gourd & Cucumber,Raw Peanuts,Moong Dal,Brinjals,Namkeen,Instant Noodles,Instant Noodles"
2042,"Health Drinks,Whole Spices,Liquid Soaps & Bars,Sugar,Jaggery,Ghee,Avalakki / Poha,Raw Rice,Almonds,Honey,Whole Spices"
2043,"Root Vegetables,Brinjals,Other Vegetables,Root Vegetables,Exotic Vegetables,Whole Spices,Raw Peanuts,Liquid Soaps & Bars,Banana,Gourd & Cucumber,Other Dry Fruits,Organic F&V,Organic F&V,Organic F&V,Organic F&V,Whole Spices"
2044,"Other Vegetables,Other Vegetables,Banana,Exotic Vegetables,Avalakki / Poha,Beans,Jaggery,Cashews"
2045,"Raw Peanuts,Sugar,Sooji & Rava,Besan,Maida,Mosquito Repellent,Raisins,Cashews,Basmati Rice,Namkeen,Namkeen,Whole Spices"
2046,"Brinjals,Beans,Raw Peanuts,Maida,Sugar,Cooking Paste,Instant Noodles,Avalakki / Poha,Whole Spices,Other Rice Products"
2047,"Ground Coffee,Besan,Other Flours,Jaggery,Other Oils,Raisins,Honey,Whole Spices,Whole Spices,Soya Products"
2048,"Other Vegetables,Beans,Root Vegetables,Whole Spices,Whole Spices,Urad Dal,Banana,Bread,Boiled Rice,Sugar,Jaggery,Namkeen,Other Rice Products,Liquid Soaps & Bars,Liquid Soaps & Bars,Snacky Nuts,Other Dals"
2049,"Whole Spices,Whole Spices,Moong Dal,Whole Spices,Whole Spices,Raw Peanuts,Other Dals,Sooji & Rava,Sooji & Rava,Sooji & Rava,Urad Dal,Rice Flour,Besan,Sooji & Rava,Maida,Sugar,Cooking Paste,Cream Biscuits,Cashews,Almonds,Agarbatti,Toor Dal,Whole Spices,Whole Spices,Whole Spices,Whole Spices,Other Rice Products"
2050,"Other Dals,Moong Dal,Moong Dal,Other Dals,Sugar,Raw Rice,Other Dals,Mustard Oils,Soya Products"
2051,"Bread,Root Vegetables,Brinjals,Other Vegetables,Other Vegetables,Avalakki / Poha,Sugar,Moong Dal,Toor Dal"
2052,"Other Vegetables,Beans,Gourd & Cucumber,Brinjals,Root Vegetables,Banana,Gourd & Cucumber,Other Dals,Brinjals,Sugar Cubes,Phenyles & Acids"
2053,"Root Vegetables,Beans,Moong Dal,Banana,Maida,Sooji & Rava,Urad Dal,Sunflower Oils,Other Dals,Cashews"
2054,"Exotic Vegetables,Exotic Vegetables,Root Vegetables,Exotic Vegetables,Raw Rice,Health Drinks,Other Dry Fruits,Almonds,Basmati Rice,Cooking Sauce,Organic F&V,Organic F&V"
2055,"Sugar,Sooji & Rava,Health Drinks,Regular Pasta,Basmati Rice,Raisins,Body Wash,Cashews,Whole Spices,Whole Spices,Besan"
2056,"Beans,Toothpaste,Beans,Vermicelli,Whole Spices,Beans,Bread,Sunflower Oils"
2057,"Exotic Vegetables,Moong Dal,Other Dals,Other Dals,Other Dals,Sooji & Rava,Urad Dal,Jaggery,Avalakki / Poha,Other Dry Fruits,Health Drinks,Toor Dal"
2058,"Other Dals,Whole Spices,Raw Rice,Sugar,Sooji & Rava,Sunflower Oils,Sugar,Cashews,Other Dals,Toor Dal"
2059,"Bread,Other Vegetables,Beans,Brinjals,Root Vegetables,Beans,Beans,Brinjals,Brinjals,Ice Creams & Desserts,Whole Spices,Whole Spices"
2060,"Root Vegetables,Whole Spices,Whole Spices,Toor Dal,Sooji & Rava,Beans,Beans,Banana,Other Rice Products,Urad Dal,Boiled Rice,Whole Spices,Whole Spices,Curd"
2061,"Whole Spices,Other Dals,Toor Dal,Raw Peanuts,Sooji & Rava,Urad Dal,Sugar,Maida,Sooji & Rava,Sooji & Rava,Other Dals,Whole Spices,Cream Biscuits,Sunflower Oils,Basmati Rice,Cashews,Agarbatti,Whole Spices,Whole Spices,Whole Spices,Whole Spices,Whole Spices,Other Rice Products,Moong Dal,Sugar Cubes"
2062,"Cooking Paste,Namkeen,Namkeen,Chilli & Soya Sauces,Tomato Ketchup,Rasagulla & Gulab Jamun,Namkeen,Curd"
2063,"Root Vegetables,Root Vegetables,Beans,Brinjals,Other Vegetables,Beans,Other Oils,Toor Dal"
2064,"Root Vegetables,Root Vegetables,Gourd & Cucumber,Moong Dal,Other Dals,Beans,Sunflower Oils,Avalakki / Poha,Other Dals"
2065,"Root Vegetables,Beans,Raw Rice,Ghee,Instant Pastas,Ground Coffee,Other Oils,Other Rice Products,Glucose, Marie & Milk Biscuits"
2066,"Root Vegetables,Raw Peanuts,Vermicelli,Banana,Other Dals,Sunflower Oils,Other Dals,Jaggery,Cashews,Whole Spices"
2067,"Root Vegetables,Other Vegetables,Sooji & Rava,Whole Spices,Other Dals,Sooji & Rava,Other Rice Products,Sugar,Sooji & Rava,Ghee,Other Flours,Whole Spices,Other Rice Products"
2068,"Brinjals,Gourd & Cucumber,Raw Peanuts,Gourd & Cucumber,Other Dals,Avalakki / Poha,Tomato Ketchup,Hand Wash,Namkeen,Health Supplements,Sugar Cubes"
2069,"Root Vegetables,Other Vegetables,Gourd & Cucumber,Moong Dal,Other Dals,Banana,Sugar,Toor Dal,Boiled Rice,Other Dry Fruits,Basmati Rice,Whole Spices"
2070,"Root Vegetables,Gourd & Cucumber,Brinjals,Beans,Gourd & Cucumber,Boiled Rice,Urad Dal,Whole Spices,Other Oils,Brinjals,Other Dals,Brinjals"
2071,"Sunflower Oils,Moong Dal,Other Dals,Whole Spices,Urad Dal,Whole Spices,Other Rice Products,Jaggery,Chilli & Soya Sauces,Whole Spices,Cakes,Hair Oil,Liquid Soaps & Bars,Glucose, Marie & Milk Biscuits,Whole Spices,Whole Spices"
2072,"Root Vegetables,Other Vegetables,Exotic Vegetables,Exotic Vegetables,Exotic Vegetables,Whole Spices,Vermicelli,Gourd & Cucumber,Sunflower Oils,Cashews,Chilli & Soya Sauces,Agarbatti,Other Pooja Needs,Other Flours"
2073,"Other Vegetables,Root Vegetables,Banana,Beans,Jaggery,Organic Dals & Pulses,Cashews,Toor Dal,Whole Spices,Whole Spices"
2074,"Root Vegetables,Other Vegetables,Other Vegetables,Beans,Brinjals,Other Rice Products,Raw Rice,Root Vegetables,Toothpaste"
2075,"Other Vegetables,Beans,Other Vegetables,Root Vegetables,Beans,Gourd & Cucumber,Cashews,Other Dry Fruits,Cashews,Almonds,Phenyles & Acids"
2076,"Exotic Vegetables,Exotic Vegetables,Gourd & Cucumber,Root Vegetables,Health Drinks,Whole Spices,Exotic Vegetables,Beans,Banana,Health Drinks,Sugar"
2077,"Vermicelli,Avalakki / Poha,Liquid Soaps & Bars,Sooji & Rava,Organic Flours,Organic Masalas & Spices,Organic Masalas & Spices,Organic Dals & Pulses"
2078,"Root Vegetables,Other Vegetables,Beans,Root Vegetables,Exotic Vegetables,Other Dry Fruits,Organic F&V,Organic F&V"
2079,"Moong Dal,Raw Rice,Banana,Bread,Boiled Rice,Other Rice Products,Urad Dal,Avalakki / Poha,Cashews,Toor Dal"
2080,"Moong Dal,Toor Dal,Sugar,Urad Dal,Almonds,Honey,Other Dals,Liquid Soaps & Bars"
2081,"Moong Dal,Chilli & Soya Sauces,Other Sauces,Raisins,Snacky Nuts,Organic F&V,Other Rice Products,Cookies"
2082,"Other Vegetables,Root Vegetables,Gourd & Cucumber,Beans,Beans,Gourd & Cucumber,Raw Rice,Mosquito Repellent"
2083,"Beans,Other Vegetables,Root Vegetables,Other Dals,Raw Peanuts,Toor Dal,Beans,Gourd & Cucumber,Urad Dal,Whole Spices"
2084,"Root Vegetables,Other Vegetables,Other Vegetables,Root Vegetables,Banana,Gourd & Cucumber,Beans,Root Vegetables"
2085,"Namkeen,Brinjals,Root Vegetables,Other Dals,Moong Dal,Sooji & Rava,Raw Rice,Other Dals,Gourd & Cucumber,Moong Dal,Other Dals,Namkeen,Namkeen"
2086,"Other Vegetables,Other Vegetables,Root Vegetables,Gourd & Cucumber,Moong Dal,Urad Dal,Sunflower Oils,Beans,Organic F&V,Organic F&V,Toor Dal"
2087,"Root Vegetables,Other Vegetables,Gourd & Cucumber,Avalakki / Poha,Raw Peanuts,Beans,Sugar,Toor Dal,Organic Dals & Pulses,Sunflower Oils,Other Rice Products,Root Vegetables,Health Drinks,Cashews,Health Drinks,Other Dals"
2088,"Other Vegetables,Other Vegetables,Beans,Exotic Vegetables,Beans,Namkeen,Namkeen,Namkeen,Other Dals"
2089,"Root Vegetables,Brinjals,Other Vegetables,Moong Dal,Beans,Banana,Gourd & Cucumber,Bread,Other Dals,Sugar,Cream Biscuits,Namkeen,Almonds,Liquid Soaps & Bars,Soya Products"
2090,"Root Vegetables,Ground Coffee,Other Vegetables,Root Vegetables,Beans,Toor Dal,Raw Rice,Other Dals,Sooji & Rava"
2091,"Sunflower Oils,Other Vegetables,Avalakki / Poha,Raw Peanuts,Other Dals,Other Dals,Gourd & Cucumber,Sooji & Rava,Maida,Sugar,Raw Rice,Toor Dal,Other Dals,Whole Spices,Other Dals"
2092,"Root Vegetables,Bread,Other Vegetables,Beans,Gourd & Cucumber,Moong Dal,Beans,Sugar,Aluminium Foil & Cling Wrap,Whole Spices"
2093,"Bread,Brinjals,Root Vegetables,Banana,Cashews,Almonds,Other Dry Fruits,Whole Spices"
2094,"Root Vegetables,Other Vegetables,Beans,Toor Dal,Other Dals,Cooking Paste,Toor Dal,Whole Spices,Whole Spices,Toilet Cleaners,Glucose, Marie & Milk Biscuits"
2095,"Other Vegetables,Other Vegetables,Beans,Gourd & Cucumber,Root Vegetables,Beans,Banana,Raw Rice,Instant Noodles,Sunflower Oils,Organic Juices,Instant Noodles"
2096,"Bread,Brinjals,Banana,Gourd & Cucumber,Namkeen,Brinjals,Honey,Brinjals"
2097,"Other Vegetables,Beans,Brinjals,Whole Spices,Whole Spices,Beans,Gourd & Cucumber,Brinjals,Mosquito Repellent"
2098,"Root Vegetables,Root Vegetables,Beans,Beans,Organic F&V,Organic F&V,Organic F&V,Organic F&V,Organic F&V"
2099,"Avalakki / Poha,Raw Peanuts,Other Dals,Urad Dal,Sooji & Rava,Sooji & Rava,Toor Dal,Whole Spices"
2100,"Whole Spices,Other Dals,Bread,Sugar,Agarbatti,Other Dals,Namkeen,Powdered Spices,Other Rice Products"
2101,"Brinjals,Raw Peanuts,Toor Dal,Other Dals,Beans,Avalakki / Poha,Sooji & Rava,Other Dals"
2102,"Other Vegetables,Root Vegetables,Raw Peanuts,Beans,Banana,Chinese Noodles,Sunflower Oils,Ghee"
2103,"Whole Spices,Whole Spices,Whole Spices,Whole Spices,Whole Spices,Raw Peanuts,Sugar,Whole Spices,Whole Spices,Sooji & Rava,Boiled Rice,Urad Dal,Rice Flour,Jaggery,Sunflower Oils,Other Rice Products,Raisins"
2104,"Other Vegetables,Beans,Banana,Other Vegetables,Gourd & Cucumber,Brinjals,Beans,Brinjals"
2105,"Root Vegetables,Beans,Whole Spices,Whole Spices,Sooji & Rava,Beans,Banana,Organic F&V,Healthy & Digestive Biscuits"
2106,"Root Vegetables,Exotic Vegetables,Exotic Vegetables,Bread,Beans,Beans,Banana,Moong Dal,Toor Dal,Moong Dal"
2107,"Other Vegetables,Whole Spices,Beans,Whole Spices,Maida,Other Flours,Jaggery,Raw Rice,Organic F&V,Organic F&V,Whole Spices,Whole Spices"
2108,"Root Vegetables,Other Vegetables,Other Vegetables,Gourd & Cucumber,Beans,Exotic Vegetables,Moong Dal,Other Dals,Urad Dal,Gourd & Cucumber,Root Vegetables,Organic F&V,Toor Dal"
2109,"Root Vegetables,Root Vegetables,Beans,Whole Spices,Moong Dal,Exotic Vegetables,Toor Dal,Jaggery,Other Dals"
2110,"Root Vegetables,Other Vegetables,Root Vegetables,Gourd & Cucumber,Exotic Vegetables,Bread,Beans,Brinjals,Other Dals"
2111,"Ground Coffee,Vermicelli,Whole Spices,Sooji & Rava,Besan,Jaggery,Avalakki / Poha,Other Flours,Whole Spices,Cashews,Whole Spices,Whole Spices,Whole Spices"
2112,"Root Vegetables,Other Vegetables,Beans,Root Vegetables,Banana,Gourd & Cucumber,Other Dry Fruits,Other Dry Fruits,Organic F&V,Other Rice Products"
2113,"Toor Dal,Vermicelli,Other Rice Products,Urad Dal,Raw Rice,Cakes,Regular Pasta,Yogurt & Lassi,Yogurt & Lassi,Liquid Soaps & Bars,Whole Spices,Whole Spices,Milk Drinks"
2114,"Avalakki / Poha,Organic Masalas & Spices,Sooji & Rava,Maida,Other Oils,Cashews,Almonds,Health Drinks,Cashews,Organic Flours,Toothpaste,Raisins,Organic Dals & Pulses"
2115,"Ground Coffee,Beans,Root Vegetables,Beans,Gourd & Cucumber,Banana,Brinjals,Buns & Pavs,Cashews,Raisins,Brinjals"
2116,"Root Vegetables,Brinjals,Other Vegetables,Beans,Beans,Sugar,Cooking Sauce,Whole Spices"
2117,"Other Vegetables,Root Vegetables,Other Vegetables,Beans,Gourd & Cucumber,Sooji & Rava,Raw Rice,Besan,Root Vegetables,Snacky Nuts,Glucose, Marie & Milk Biscuits,Namkeen"
2118,"Root Vegetables,Beans,Other Vegetables,Gourd & Cucumber,Health Drinks,Other Dals,Brinjals,Raisins"
2119,"Root Vegetables,Beans,Gourd & Cucumber,Banana,Urad Dal,Boiled Rice,Other Rice Products,Brinjals,Raisins"
2120,"Namkeen,Namkeen,Namkeen,Cream Biscuits,Namkeen,Namkeen,Namkeen,Namkeen,Glucose, Marie & Milk Biscuits,Namkeen,Namkeen,Namkeen"
2121,"Brinjals,Other Vegetables,Other Vegetables,Raw Peanuts,Whole Spices,Exotic Vegetables,Gourd & Cucumber,Soya Products"
2122,"Other Vegetables,Root Vegetables,Banana,Beans,Other Vegetables,Whole Spices,Moong Dal,Raw Rice,Cooking Paste,Whole Spices,Whole Spices,Eggs"
2123,"Root Vegetables,Other Vegetables,Beans,Root Vegetables,Beans,Urad Dal,Banana,Gourd & Cucumber,Bread,Other Rice Products,Raisins,Yogurt & Lassi,Face Wash,Whole Spices,Eggs"
2124,"Raw Peanuts,Whole Spices,Toor Dal,Other Dals,Moong Dal,Other Dals,Other Dals,Besan,Cashews,Chilli & Soya Sauces,Other Dals,Whole Spices"
2125,"Beans,Root Vegetables,Whole Spices,Sugar,Toor Dal,Bread,Urad Dal,Sunflower Oils,Other Dals,Cotton & Bandages"
2126,"Root Vegetables,Banana,Beans,Namkeen,Brinjals,Sugar,Toothpaste,Other Sweets,Rasagulla & Gulab Jamun,Namkeen,Namkeen,Toothpaste"
2127,"Root Vegetables,Beans,Other Vegetables,Other Vegetables,Beans,Root Vegetables,Namkeen,Gourd & Cucumber,Brinjals,Namkeen"
2128,"Moong Dal,Whole Spices,Raw Peanuts,Rice Flour,Raw Rice,Liquid Soaps & Bars,Sooji & Rava,Urad Dal,Sugar,Sunflower Oils,Health Drinks,Health Drinks,Toor Dal,Whole Spices"
2129,"Whole Spices,Moong Dal,Toor Dal,Urad Dal,Sooji & Rava,Besan,Sunflower Oils,Urad Dal,Whole Spices,Whole Spices,Whole Spices"
2130,"Whole Spices,Whole Spices,Moong Dal,Toor Dal,Whole Spices,Rice Flour,Other Dals,Urad Dal,Maida,Sooji & Rava,Organic Dals & Pulses,Raw Rice,Health Drinks,Sugar,Besan,Instant Noodles,Other Flours,Sunflower Oils,Almonds,Cashews,Other Dals,Liquid Soaps & Bars,Cream Biscuits,Other Dals,Whole Spices,Raisins"
2131,"Rice Flour,Other Dals,Sugar,Raw Rice,Sooji & Rava,Raw Rice,Urad Dal,Urad Dal,Maida,Sooji & Rava,Cashews,Other Dals,Whole Spices,Whole Spices"
2132,"Whole Spices,Whole Spices,Raw Rice,Boiled Rice,Brinjals,Sunflower Oils,Almonds,Other Dals,Other Dals,Toor Dal,Whole Spices"
2133,"Other Vegetables,Other Vegetables,Exotic Vegetables,Exotic Vegetables,Exotic Vegetables,Beans,Banana,Exotic Vegetables,Raw Peanuts,Beans,Ghee,Brinjals"
2134,"Root Vegetables,Other Vegetables,Other Vegetables,Gourd & Cucumber,Beans,Moong Dal,Urad Dal,Gourd & Cucumber,Root Vegetables,Other Dals"
2135,"Whole Spices,Avalakki / Poha,Moong Dal,Health Drinks,Cashews,Liquid Soaps & Bars,Other Dals,Whole Spices"
2136,"Bread,Other Vegetables,Root Vegetables,Beans,Other Dals,Moong Dal,Moong Dal,Raw Rice,Sugar,Banana,Urad Dal,Brinjals,Sunflower Oils,Other Rice Products,Toor Dal,Other Dals"
2137,"Sunflower Oils,Root Vegetables,Brinjals,Other Vegetables,Beans,Moong Dal,Toor Dal,Brinjals,Boiled Rice,Sugar,Raw Rice,Root Vegetables,Whole Spices"
2138,"Other Vegetables,Root Vegetables,Banana,Gourd & Cucumber,Organic F&V,Organic F&V,Organic F&V,Brinjals,Whole Spices"
2139,"Exotic Vegetables,Exotic Vegetables,Chips,Other Vegetables,Gourd & Cucumber,Beans,Root Vegetables,Namkeen,Namkeen,Namkeen,Chips,Other Rice Products"
2140,"Other Vegetables,Other Vegetables,Banana,Root Vegetables,Cashews,Organic F&V,Organic F&V,Organic F&V,Organic F&V,Cookies"
2141,"Root Vegetables,Other Dals,Other Dals,Other Dals,Instant Pastas,Agarbatti,Instant Pastas,Basmati Rice,Brinjals,Cookies"
2142,"Other Vegetables,Other Vegetables,Gourd & Cucumber,Beans,Other Dals,Besan,Gourd & Cucumber,Brinjals,Moong Dal,Brinjals,Cookies"
2143,"Gourd & Cucumber,Whole Spices,Moong Dal,Avalakki / Poha,Sooji & Rava,Sunflower Oils,Namkeen,Cookies"
2144,"Other Vegetables,Other Vegetables,Root Vegetables,Whole Spices,Moong Dal,Other Dals,Sugar,Other Dals,Other Sweets,Cookies"
2145,"Other Vegetables,Other Dals,Other Dals,Sooji & Rava,Other Dals,Raw Rice,Other Dals,Avalakki / Poha,Other Dals,Cookies"
2146,"Whole Spices,Moong Dal,Sooji & Rava,Toor Dal,Maida,Sooji & Rava,Urad Dal,Sugar,Snacky Nuts,Whole Spices,Cashews,Whole Spices,Whole Spices,Cookies"
2147,"Organic Flours,Toor Dal,Avalakki / Poha,Raw Rice,Sooji & Rava,Sunflower Oils,Sugar,Cookies"
2148,"Root Vegetables,Brinjals,Other Vegetables,Beans,Banana,Beans,Regular Pasta,Honey,Cookies"
2149,"Other Vegetables,Root Vegetables,Beans,Banana,Other Vegetables,Root Vegetables,Brinjals,Gourd & Cucumber,Exotic Vegetables,Brinjals,Organic F&V,Cookies"
2150,"Beans,Moong Dal,Moong Dal,Avalakki / Poha,Beans,Other Dals,Other Dals,Raw Rice,Boiled Rice,Cookies"
2151,"Other Vegetables,Other Vegetables,Root Vegetables,Beans,Banana,Gourd & Cucumber,Beans,Beans,Namkeen,Namkeen,Cookies"
2152,"Root Vegetables,Exotic Vegetables,Sugar,Ghee,Organic Rice & Rice Products,Liquid Soaps & Bars,Whole Spices,Cookies"
2153,"Beans,Root Vegetables,Other Vegetables,Other Vegetables,Gourd & Cucumber,Beans,Brinjals,Beans,Sooji & Rava,Gourd & Cucumber,Brinjals,Sunflower Oils,Cookies"
2154,"Root Vegetables,Other Vegetables,Other Vegetables,Beans,Gourd & Cucumber,Other Dals,Whole Spices,Moong Dal,Other Dals,Toor Dal,Other Dals,Other Dals,Cookies"
2155,"Maida,Other Insect Repellent,Raisins,Cashews,Urad Dal,Other Dals,Besan,Cookies"
2156,"Other Vegetables,Avalakki / Poha,Beans,Glucose, Marie & Milk Biscuits,Besan,Sooji & Rava,Organic F&V,Whole Spices,Whole Spices,Cookies"
2157,"Bread,Root Vegetables,Raw Peanuts,Sooji & Rava,Maida,Jaggery,Buns & Pavs,Rasagulla & Gulab Jamun,Cookies"
2158,"Brinjals,Other Vegetables,Whole Spices,Toor Dal,Moong Dal,Mango Juices,Snacky Nuts,Cookies"
2159,"Root Vegetables,Brinjals,Other Vegetables,Root Vegetables,Beans,Other Dals,Brinjals,Avalakki / Poha,Other Dals,Moong Dal,Other Dals,Cookies"
2160,"Ground Coffee,Beans,Beans,Health Drinks,Toor Dal,Moong Dal,Urad Dal,Gourd & Cucumber,Jaggery,Whole Spices,Namkeen,Namkeen,Curd,Raw Rice,Cookies"
2161,"Other Vegetables,Beans,Toor Dal,Avalakki / Poha,Gourd & Cucumber,Other Flours,Sunflower Oils,Whole Spices,Cookies"
2162,"Toor Dal,Moong Dal,Other Dals,Sugar,Urad Dal,Almonds,Raisins,Cashews,Other Dals,Cookies"
2163,"Other Vegetables,Whole Spices,Other Dals,Sunflower Oils,Other Dals,Toor Dal,Other Dals,Moong Dal,Cookies"
2164,"Root Vegetables,Root Vegetables,Other Vegetables,Other Vegetables,Moong Dal,Sooji & Rava,Beans,Other Dals,Toor Dal,Raw Rice,Namkeen,Avalakki / Poha,Whole Spices,Cashews,Raisins,Cream Biscuits,Cookies"
2165,"Other Vegetables,Root Vegetables,Beans,Moong Dal,Banana,Maida,Health Drinks,Organic F&V,Powdered Spices,Cookies"
2166,"Avalakki / Poha,Sooji & Rava,Sugar,Raw Rice,Honey,Namkeen,Toor Dal,Cookies"
2167,"Whole Spices,Boiled Rice,Jaggery,Raisins,Honey,Glucose, Marie & Milk Biscuits,Toor Dal,Whole Spices,Whole Spices,Whole Spices,Cookies"
2168,"Ground Coffee,Toor Dal,Raw Peanuts,Raw Rice,Health Drinks,Other Rice Products,Urad Dal,Sugar,Cooking Sauce,Other Dals,Cookies"
2169,"Bread,Beans,Other Vegetables,Other Dry Fruits,Organic F&V,Organic F&V,Organic F&V,Raisins,Cookies"
2170,"Root Vegetables,Brinjals,Organic F&V,Organic F&V,Organic F&V,Organic F&V,Organic F&V,Whole Spices,Brinjals,Cookies"
2171,"Beans,Other Vegetables,Beans,Whole Spices,Other Dals,Namkeen,Raw Rice,Urad Dal,Almonds,Namkeen,Basmati Rice,Whole Spices,Cookies"
2172,"Other Vegetables,Whole Spices,Whole Spices,Moong Dal,Gourd & Cucumber,Namkeen,Sugar,Aluminium Foil & Cling Wrap,Maida,Brinjals,Cookies"
2173,"Other Vegetables,Root Vegetables,Gourd & Cucumber,Organic F&V,Organic F&V,Organic F&V,Organic F&V,Cookies"
2174,"Toor Dal,Moong Dal,Raw Rice,Raw Rice,Other Dals,Ghee,Whole Spices,Whole Spices,Cookies"
2175,"Root Vegetables,Other Vegetables,Root Vegetables,Banana,Beans,Other Vegetables,Brinjals,Gourd & Cucumber,Cookies"
2176,"Sooji & Rava,Rice Flour,Urad Dal,Sugar,Mosquito Repellent,Whole Spices,Sooji & Rava,Liquid Soaps & Bars,Toor Dal,Whole Spices,Whole Spices,Cookies"
2177,"Root Vegetables,Banana,Whole Spices,Whole Spices,Beans,Sugar,Sooji & Rava,Urad Dal,Other Dry Fruits,Raisins,Cashews,Cookies"
2178,"Namkeen,Namkeen,Namkeen,Namkeen,Namkeen,Namkeen,Namkeen,Namkeen,Namkeen,Namkeen,Namkeen,Namkeen,Cookies"
2179,"Root Vegetables,Raw Rice,Health Drinks,Sugar,Other Oils,Toothpaste,Cream Biscuits,Other Sweets,Basmati Rice,Cookies"
2180,"Beans,Root Vegetables,Moong Dal,Urad Dal,Sooji & Rava,Sunflower Oils,Other Dals,Moong Dal,Cookies"
2181,"Other Vegetables,Root Vegetables,Root Vegetables,Sooji & Rava,Beans,Beans,Sooji & Rava,Cookies"
2182,"Other Vegetables,Whole Spices,Organic Dals & Pulses,Organic Dals & Pulses,Other Dals,Organic Masalas & Spices,Ground Coffee,Namkeen,Health Drinks,Cookies"
2183,"Moong Dal,Other Dals,Avalakki / Poha,Moong Dal,Sugar,Sooji & Rava,Sooji & Rava,Urad Dal,Besan,Raw Rice,Toor Dal,Cookies"
2184,"Other Vegetables,Other Vegetables,Beans,Banana,Bread,Beans,Ghee,Cookies"
2185,"Sunflower Oils,Brinjals,Other Vegetables,Banana,Whole Spices,Moong Dal,Beans,Maida,Gourd & Cucumber,Namkeen,Cream Biscuits,Honey,Whole Spices,Whole Spices,Other Dals,Cookies"
2186,"Whole Spices,Moong Dal,Whole Spices,Maida,Ground Coffee,Organic Flours,Agarbatti,Namkeen,Whole Spices,Cookies"
2187,"Banana,Sunflower Oils,Sooji & Rava,Urad Dal,Health Drinks,Sooji & Rava,Urad Dal,Toothpaste,Cookies"
2188,"Other Vegetables,Other Vegetables,Exotic Vegetables,Sooji & Rava,Rice Flour,Jaggery,Other Dals,Health Drinks,Toor Dal,Other Rice Products,Other Dals,Cookies"
2189,"Other Vegetables,Root Vegetables,Beans,Jaggery,Urad Dal,Gourd & Cucumber,Sunflower Oils,Boiled Rice,Cookies"
2190,"Beans,Other Vegetables,Other Vegetables,Root Vegetables,Banana,Beans,Ground Coffee,Brinjals,Cookies"
2191,"Sooji & Rava,Other Rice Products,Sooji & Rava,Sooji & Rava,Cashews,Almonds,Liquid Soaps & Bars,Whole Spices,Whole Spices,Whole Spices,Cookies"
2192,"Raw Peanuts,Namkeen,Namkeen,Other Dry Fruits,Raisins,Almonds,Other Insect Repellent,Hair Oil,Healthy Snacks,Other Dals,Corn Snacks,Other Rice Products,Cookies"
2193,"Whole Spices,Urad Dal,Sunflower Oils,Sooji & Rava,Besan,Other Dals,Liquid Detergent,Cashews,Health Drinks,Whole Spices,Cookies"
2194,"Other Dals,Raw Rice,Sugar,Mango Juices,Namkeen,Namkeen,Moong Dal,Phenyles & Acids,Cookies"
2195,"Moong Dal,Avalakki / Poha,Urad Dal,Sugar,Urad Dal,Other Dals,Maida,Urad Dal,Boiled Rice,Basmati Rice,Cookies"
2196,"Whole Spices,Moong Dal,Whole Spices,Raw Peanuts,Rice Flour,Raw Rice,Urad Dal,Sugar,Jaggery,Sugar,Instant Noodles,Avalakki / Poha,Whole Spices,Other Dals,Toor Dal,Cookies"
2197,"Root Vegetables,Other Vegetables,Banana,Root Vegetables,Banana,Bread,Exotic Vegetables,Sunflower Oils,Cookies"
2198,"Whole Spices,Sooji & Rava,Moong Dal,Jaggery,Sugar,Other Dals,Cakes,Avalakki / Poha,Almonds,Other Dry Fruits,Other Dry Fruits,Other Dry Fruits,Other Dry Fruits,Cookies"
2199,"Root Vegetables,Other Vegetables,Root Vegetables,Other Vegetables,Raw Peanuts,Sooji & Rava,Banana,Sugar,Toor Dal,Cookies"
2200,"Bread,Brinjals,Other Vegetables,Gourd & Cucumber,Ghee,Instant Pastas,Ready Mix,Buns & Pavs,Cakes,Instant Pastas,Organic F&V,Whole Spices,Whole Spices,Whole Spices,Cookies"
2201,"Other Vegetables,Other Dals,Namkeen,Whole Spices,Other Dals,Moong Dal,Other Dals,Sooji & Rava,Urad Dal,Sugar,Namkeen,Chilli & Soya Sauces,Cream Biscuits,Cooking Sauce,Other Dals,Cookies"
2202,"Root Vegetables,Exotic Vegetables,Exotic Vegetables,Exotic Vegetables,Toor Dal,Beans,Raw Rice,Cooking Paste,Other Dals,Cookies"
2203,"Sunflower Oils,Moong Dal,Other Dals,Urad Dal,Sugar,Whole Spices,Sooji & Rava,Liquid Detergent,Cashews,Raisins,Other Dals,Powdered Spices,Other Dals"
2204,"Beans,Brinjals,Whole Spices,Moong Dal,Almonds,Whole Spices,Sugar Cubes,Raisins"
2205,"Other Vegetables,Gourd & Cucumber,Moong Dal,Whole Spices,Namkeen,Raw Rice,Sunflower Oils,Almonds,Namkeen,Toor Dal,Whole Spices"
2206,"Other Vegetables,Root Vegetables,Beans,Gourd & Cucumber,Beans,Brinjals,Root Vegetables,Health Drinks"
2207,"Raw Peanuts,Whole Spices,Sooji & Rava,Moong Dal,Sugar,Chilli & Soya Sauces,Cashews,Almonds,Other Dry Fruits,Toor Dal,Besan,Raisins"
2208,"Bread,Sunflower Oils,Whole Spices,Whole Spices,Sooji & Rava,Avalakki / Poha,Shaving Blade & Razors,Whole Spices,Whole Spices,Toor Dal,Curd"
2209,"Other Vegetables,Beans,Beans,Sugar,Jaggery,Sugar,Toor Dal,Avalakki / Poha,Namkeen,Agarbatti,Namkeen,Whole Spices"
2210,"Other Vegetables,Banana,Beans,Avalakki / Poha,Jaggery,Sunflower Oils,Root Vegetables,Raisins,Organic F&V"
2211,"Ground Coffee,Toor Dal,Sooji & Rava,Moong Dal,Whole Spices,Avalakki / Poha,Other Dals,Sooji & Rava,Sooji & Rava,Moong Dal,Raw Rice,Urad Dal,Sooji & Rava,Sugar,Jaggery,Whole Spices,Whole Spices,Toor Dal,Whole Spices"
2212,"Raw Peanuts,Moong Dal,Toor Dal,Whole Spices,Sooji & Rava,Urad Dal,Whole Spices,Sooji & Rava,Boiled Rice,Jaggery,Avalakki / Poha,Whole Spices,Other Pooja Needs,Sunflower Oils,Other Dals,Other Rice Products"
2213,"Whole Spices,Raw Rice,Boiled Rice,Sugar,Urad Dal,Whole Spices,Cookies,Cookies"
2214,"Other Vegetables,Brinjals,Other Vegetables,Root Vegetables,Banana,Beans,Toor Dal,Bread,Namkeen,Organic Salt,Sugar & Jaggery,Hand Wash,Hair Oil,Whole Spices,Moong Dal"
2215,"Whole Spices,Avalakki / Poha,Raw Peanuts,Sooji & Rava,Other Rice Products,Sugar,Cooking Paste,Jaggery,Raw Rice,Almonds,Mosquito Repellent,Toor Dal"
2216,"Root Vegetables,Other Vegetables,Beans,Gourd & Cucumber,Toor Dal,Sooji & Rava,Brinjals,Sugar,Sugar,Brinjals,Other Dry Fruits,Shaving Cream, Foam & Gels,Cashews,Raisins,Almonds"
2217,"Other Vegetables,Root Vegetables,Root Vegetables,Banana,Beans,Whole Spices,Sugar,Besan,Jaggery,Sunflower Oils,Agarbatti,Toilet Cleaners"
2218,"Root Vegetables,Other Vegetables,Gourd & Cucumber,Beans,Whole Spices,Moong Dal,Banana,Gourd & Cucumber,Cooking Sauce"
2219,"Other Vegetables,Root Vegetables,Raw Peanuts,Whole Spices,Moong Dal,Toor Dal,Avalakki / Poha,Other Dals,Beans,Moong Dal,Urad Dal,Glucose, Marie & Milk Biscuits,Other Flours,Glucose, Marie & Milk Biscuits"
2220,"Whole Spices,Other Dals,Avalakki / Poha,Raw Peanuts,Maida,Sooji & Rava,Health Drinks,Urad Dal,Health Drinks,Glucose, Marie & Milk Biscuits,Rice Flour,Sooji & Rava,Jaggery,Hand Wash,Other Dals,Toor Dal,Whole Spices"
2221,"Sooji & Rava,Raw Peanuts,Brinjals,Banana,Sooji & Rava,Sooji & Rava,Urad Dal,Gourd & Cucumber,Exotic Vegetables,Root Vegetables,Organic Masalas & Spices,Organic F&V,Toor Dal,Brinjals"
2222,"Root Vegetables,Other Vegetables,Beans,Beans,Beans,Exotic Vegetables,Beans,Avalakki / Poha,Organic F&V,Organic F&V,Organic F&V,Organic F&V,Organic F&V,Exotic Vegetables,Whole Spices"
2223,"Root Vegetables,Other Vegetables,Gourd & Cucumber,Beans,Root Vegetables,Raw Peanuts,Other Dals,Toor Dal,Whole Spices"
2224,"Moong Dal,Whole Spices,Toor Dal,Other Dals,Other Dals,Sugar,Other Dals,Raisins,Cashews,Mosquito Repellent,Basmati Rice,Namkeen,Body Wash"
2225,"Whole Spices,Raw Peanuts,Moong Dal,Sugar,Sooji & Rava,Urad Dal,Sooji & Rava,Maida,Boiled Rice,Jaggery,Avalakki / Poha,Whole Spices,Other Dals,Other Dals,Toor Dal,Whole Spices,Whole Spices,Whole Spices,Other Dals"
2226,"Other Vegetables,Other Dals,Raw Peanuts,Maida,Sooji & Rava,Sugar,Cooking Paste,Jaggery,Whole Spices,Instant Noodles,Instant Noodles,Cooking Sauce"
2227,"Whole Spices,Moong Dal,Other Dals,Other Dals,Whole Spices,Other Oils,Other Dals,Whole Spices,Whole Spices,Soya Products"
2228,"Gourd & Cucumber,Beans,Root Vegetables,Beans,Sugar,Banana,Other Dals,Cashews,Other Dry Fruits"
2229,"Other Vegetables,Gourd & Cucumber,Namkeen,Gourd & Cucumber,Sugar,Namkeen,Cream Biscuits,Whole Spices"
2230,"Beans,Moong Dal,Beans,Snacky Nuts,Gourd & Cucumber,Namkeen,Sugar,Jaggery,Namkeen,Snacky Nuts,Toor Dal,Other Dals,Raisins"
2231,"Whole Spices,Moong Dal,Sooji & Rava,Sooji & Rava,Sunflower Oils,Instant Noodles,Raisins,Hand Wash"
2232,"Toor Dal,Avalakki / Poha,Urad Dal,Sooji & Rava,Sooji & Rava,Sugar,Sooji & Rava,Raw Rice,Wafers,Glucose, Marie & Milk Biscuits,Health Drinks,Liquid Soaps & Bars,Toor Dal,Health Drinks"
2233,"Root Vegetables,Beans,Banana,Sooji & Rava,Other Rice Products,Urad Dal,Maida,Sunflower Oils,Boiled Rice,Organic F&V"
2234,"Moong Dal,Whole Spices,Toor Dal,Avalakki / Poha,Raw Peanuts,Sugar,Whole Spices,Sooji & Rava,Sooji & Rava,Sooji & Rava,Sunflower Oils,Other Flours,Whole Spices,Ghee,Urad Dal,Health Drinks,Other Dals,Whole Spices,Phenyles & Acids"
2235,"Root Vegetables,Other Vegetables,Other Vegetables,Exotic Vegetables,Beans,Gourd & Cucumber,Root Vegetables,Health Drinks"
2236,"Whole Spices,Moong Dal,Whole Spices,Avalakki / Poha,Raw Peanuts,Whole Spices,Whole Spices,Sooji & Rava,Rice Flour,Urad Dal,Jaggery,Other Oils,Ghee,Instant Noodles,Other Dals,Toor Dal,Whole Spices"
2237,"Root Vegetables,Other Vegetables,Gourd & Cucumber,Whole Spices,Urad Dal,Maida,Boiled Rice,Besan"
2238,"Other Vegetables,Other Vegetables,Root Vegetables,Gourd & Cucumber,Beans,Avalakki / Poha,Other Dals,Besan"
2239,"Root Vegetables,Other Vegetables,Beans,Beans,Other Vegetables,Gourd & Cucumber,Exotic Vegetables,Gourd & Cucumber,Sooji & Rava,Maida,Cakes,Root Vegetables"
2240,"Toor Dal,Sooji & Rava,Urad Dal,Sugar,Other Dals,Sunflower Oils,Boiled Rice,Whole Spices,Urad Dal,Whole Spices,Whole Spices"
2241,"Root Vegetables,Other Vegetables,Root Vegetables,Banana,Beans,Namkeen,Wafers,Eggs"
2242,"Bread,Brinjals,Root Vegetables,Whole Spices,Sooji & Rava,Moong Dal,Sugar,Whole Spices,Sooji & Rava,Urad Dal,Maida,Sunflower Oils,Other Flours,Chilli & Soya Sauces,Chilli & Soya Sauces,Other Dals"
2243,"Other Vegetables,Ground Coffee,Root Vegetables,Other Vegetables,Banana,Beans,Toor Dal,Brinjals"
2244,"Root Vegetables,Other Vegetables,Exotic Vegetables,Beans,Other Dals,Whole Spices,Exotic Vegetables,Toor Dal,Bread,Brinjals,Moong Dal,Raw Rice,Sunflower Oils,Urad Dal,Whole Spices"
2245,"Other Vegetables,Gourd & Cucumber,Exotic Vegetables,Whole Spices,Moong Dal,Other Dals,Health Drinks,Whole Spices"
2246,"Whole Spices,Whole Spices,Whole Spices,Whole Spices,Cooking Paste,Toor Dal,Raw Rice,Sugar,Sooji & Rava,Rice Flour,Maida,Ghee,Other Flours,Jaggery,Other Rice Products,Other Dals,Other Dals,Whole Spices,Whole Spices,Whole Spices,Moong Dal"
2247,"Other Vegetables,Whole Spices,Liquid Soaps & Bars,Bread,Boiled Rice,Other Dals,Sugar,Cashews,Other Dry Fruits,Liquid Soaps & Bars"
2248,"Other Vegetables,Bread,Beans,Other Vegetables,Beans,Other Dals,Moong Dal,Other Rice Products,Urad Dal,Other Dals,Sugar,Brinjals,Sunflower Oils,Root Vegetables,Toor Dal,Other Dals"
2249,"Root Vegetables,Root Vegetables,Raw Peanuts,Gourd & Cucumber,Raw Rice,Ready Mix,Brinjals,Yogurt & Lassi"
2250,"Raw Peanuts,Whole Spices,Whole Spices,Other Dals,Sooji & Rava,Moong Dal,Sugar,Boiled Rice,Urad Dal,Sunflower Oils,Other Dals,Whole Spices,Cashews,Raw Rice,Honey,Toor Dal,Whole Spices"
2251,"Banana,Beans,Whole Spices,Moong Dal,Toor Dal,Avalakki / Poha,Whole Spices,Sooji & Rava,Raw Rice,Instant Noodles,Other Rice Products"
2252,"Other Vegetables,Root Vegetables,Toor Dal,Beans,Maida,Sugar,Cream Biscuits,Raw Rice,Cream Biscuits,Cashews"
2253,"Toor Dal,Liquid Soaps & Bars,Urad Dal,Jaggery,Sunflower Oils,Sugar,Sunflower Oils,Raisins,Whole Spices,Brinjals,Phenyles & Acids"
2254,"Bread,Other Vegetables,Moong Dal,Beans,Root Vegetables,Whole Spices,Raw Rice,Other Dals"
2255,"Other Vegetables,Exotic Vegetables,Beans,Raw Peanuts,Toor Dal,Raw Rice,Sunflower Oils,Urad Dal"
2256,"Sunflower Oils,Root Vegetables,Beans,Other Vegetables,Gourd & Cucumber,Raw Rice,Urad Dal,Sugar,Brinjals,Toor Dal"
2257,"Brinjals,Other Vegetables,Beans,Gourd & Cucumber,Toor Dal,Other Dals,Other Dals,Other Dals,Urad Dal,Sugar,Brinjals,Cooking Paste"
2258,"Other Vegetables,Whole Spices,Whole Spices,Other Dals,Sooji & Rava,Other Dals,Organic Dals & Pulses,Organic Dals & Pulses,Organic Dals & Pulses,Namkeen,Whole Spices,Organic Masalas & Spices"
2259,"Other Vegetables,Beans,Namkeen,Exotic Vegetables,Beans,Brinjals,Sunflower Oils,Curd"
2260,"Beans,Whole Spices,Other Dals,Raw Rice,Jaggery,Cashews,Toor Dal,Other Dals"
2261,"Other Dals,Whole Spices,Moong Dal,Other Dals,Whole Spices,Maida,Whole Spices,Whole Spices,Besan,Moong Dal,Other Dals"
2262,"Sunflower Oils,Other Vegetables,Beans,Exotic Vegetables,Moong Dal,Urad Dal,Banana,Sugar,Ghee,Sugar,Brinjals,Raisins,Raisins,Urad Dal,Almonds,Cashews"
2263,"Root Vegetables,Brinjals,Other Vegetables,Banana,Beans,Other Vegetables,Brinjals,Brinjals,Boiled Rice,Shaving Blade & Razors,Toor Dal"
2264,"Other Vegetables,Beans,Whole Spices,Sooji & Rava,Sugar,Cream Biscuits,Almonds,Raisins,Organic F&V,Namkeen,Whole Spices,Raisins"
2265,"Root Vegetables,Beans,Beans,Gourd & Cucumber,Brinjals,Toor Dal,Other Dals,Banana,Maida,Other Dals,Gourd & Cucumber,Cashews,Whole Spices,Whole Spices"
2266,"Root Vegetables,Root Vegetables,Gourd & Cucumber,Sugar,Jaggery,Cashews,Organic F&V,Organic F&V,Organic F&V"
2267,"Other Vegetables,Other Vegetables,Gourd & Cucumber,Beans,Sugar,Sooji & Rava,Brinjals,Other Dals,Other Dals,Besan"
2268,"Root Vegetables,Root Vegetables,Gourd & Cucumber,Root Vegetables,Exotic Vegetables,Banana,Other Dals,Beans,Other Dry Fruits,Organic F&V,Organic F&V,Other Rice Products"
2269,"Root Vegetables,Gourd & Cucumber,Beans,Root Vegetables,Beans,Whole Spices,Cooking Paste,Namkeen,Gourd & Cucumber,Brinjals,Health Drinks,Namkeen,Avalakki / Poha,Salty Biscuits,Toor Dal,Other Dals"
2270,"Beans,Brinjals,Other Vegetables,Root Vegetables,Beans,Other Vegetables,Gourd & Cucumber,Exotic Vegetables"
2271,"Toor Dal,Urad Dal,Whole Spices,Sugar,Other Dals,Ghee,Whole Spices,Urad Dal"
2272,"Other Vegetables,Beans,Beans,Raw Peanuts,Sugar,Sooji & Rava,Jaggery,Cooking Paste,Instant Noodles,Avalakki / Poha,Shaving Blade & Razors,Cooking Sauce,Cream Biscuits,Sugar Cubes,Beans"
2273,"Other Vegetables,Other Vegetables,Gourd & Cucumber,Beans,Root Vegetables,Beans,Gourd & Cucumber,Other Dals,Brinjals,Namkeen,Salty Biscuits,Moong Dal"
2274,"Root Vegetables,Toor Dal,Organic F&V,Organic F&V,Organic F&V,Organic F&V,Organic F&V,Organic F&V"
2275,"Other Vegetables,Sunflower Oils,Root Vegetables,Toor Dal,Beans,Sugar,Ghee,Other Dry Fruits,Almonds,Other Dals"
2276,"Root Vegetables,Beans,Other Vegetables,Root Vegetables,Gourd & Cucumber,Raw Peanuts,Gourd & Cucumber,Ground Coffee,Brinjals"
2277,"Brinjals,Gourd & Cucumber,Beans,Beans,Maida,Ghee,Namkeen,Namkeen,Raw Rice"
2278,"Root Vegetables,Chips,Banana,Beans,Sugar,Bread,Rice Flour,Sunflower Oils,Chips,Cashews"
2279,"Other Vegetables,Root Vegetables,Beans,Moong Dal,Whole Spices,Other Dals,Sugar,Bread,Sooji & Rava,Other Insect Repellent,Sooji & Rava,Almonds,Other Dals,Agarbatti"
2280,"Root Vegetables,Root Vegetables,Beans,Whole Spices,Namkeen,Gourd & Cucumber,Cream Biscuits,Chips,Snacky Nuts,Whole Spices,Whole Spices,Whole Spices"
2281,"Other Vegetables,Other Dals,Namkeen,Urad Dal,Sunflower Oils,Namkeen,Namkeen,Other Dals"
2282,"Bread,Other Vegetables,Root Vegetables,Other Vegetables,Beans,Banana,Gourd & Cucumber,Other Dry Fruits,Cashews"
2283,"Other Vegetables,Brinjals,Beans,Namkeen,Namkeen,Namkeen,Namkeen,Namkeen"
2284,"Bread,Beans,Brinjals,Root Vegetables,Banana,Moong Dal,Bread,Ghee,Other Dals"
2285,"Moong Dal,Raw Rice,Urad Dal,Sugar,Other Flours,Whole Spices,Raisins,Health Drinks"
2286,"Root Vegetables,Other Vegetables,Root Vegetables,Gourd & Cucumber,Beans,Whole Spices,Sooji & Rava,Moong Dal,Other Dals,Maida,Regular Pasta,Whole Spices"
2287,"Root Vegetables,Other Vegetables,Snacky Nuts,Buns & Pavs,Boiled Rice,Organic F&V,Organic F&V,Buttermilk,Organic F&V"
2288,"Other Vegetables,Root Vegetables,Gourd & Cucumber,Beans,Avalakki / Poha,Bread,Gourd & Cucumber,Brinjals"
2289,"Other Vegetables,Whole Spices,Whole Spices,Other Dry Fruits,Cashews,Yogurt & Lassi,Almonds,Curd"
2290,"Other Vegetables,Beans,Whole Spices,Avalakki / Poha,Sooji & Rava,Beans,Boiled Rice,Brinjals,Raw Rice,Chilli & Soya Sauces,Toor Dal,Other Dals,Eggs"
2291,"Banana,Whole Spices,Organic Masalas & Spices,Organic Dals & Pulses,Organic Dals & Pulses,Raw Rice,Other Dals,Raw Rice,Cashews,Whole Spices"
2292,"Brinjals,Brinjals,Beans,Gourd & Cucumber,Moong Dal,Urad Dal,Toor Dal,Chinese Noodles,Raw Rice"
2293,"Root Vegetables,Other Vegetables,Root Vegetables,Beans,Raw Peanuts,Other Dals,Urad Dal,Liquid Detergent,Other Dry Fruits,Almonds,Raw Rice,Cashews,Toor Dal,Other Dals,Other Rice Products"
2294,"Bread,Other Vegetables,Other Vegetables,Whole Spices,Whole Spices,Moong Dal,Other Dals,Toor Dal,Glucose, Marie & Milk Biscuits,Other Dals"
2295,"Other Vegetables,Gourd & Cucumber,Sooji & Rava,Other Dals,Whole Spices,Urad Dal,Other Dals,Health Drinks"
2296,"Bread,Beans,Other Vegetables,Other Vegetables,Gourd & Cucumber,Beans,Cooking Sauce,Organic F&V,Organic F&V,Beans"
2297,"Other Vegetables,Brinjals,Banana,Whole Spices,Exotic Vegetables,Other Dals,Toor Dal,Other Dals,Other Dals,Whole Spices,Urad Dal,Whole Spices,Whole Spices"
2298,"Root Vegetables,Gourd & Cucumber,Beans,Brinjals,Avalakki / Poha,Beans,Cooking Paste,Brinjals,Toor Dal,Liquid Soaps & Bars"
2299,"Other Vegetables,Gourd & Cucumber,Root Vegetables,Moong Dal,Beans,Other Dals,Moong Dal,Regular Pasta"
2300,"Sooji & Rava,Moong Dal,Sugar,Raw Rice,Boiled Rice,Urad Dal,Instant Noodles,Other Dals"
2301,"Brinjals,Namkeen,Namkeen,Namkeen,Namkeen,Wafers,Namkeen,Liquid Soaps & Bars,Regular Pasta"
2302,"Root Vegetables,Other Vegetables,Gourd & Cucumber,Beans,Chinese Noodles,Raisins,Instant Noodles,Organic F&V,Organic F&V,Organic F&V,Organic F&V,Whole Spices"
2303,"Root Vegetables,Brinjals,Other Vegetables,Other Vegetables,Root Vegetables,Banana,Exotic Vegetables,Beans,Organic F&V,Organic F&V,Organic F&V"
2304,"Raw Rice,Other Rice Products,Other Flours,Cakes,Yogurt & Lassi,Yogurt & Lassi,Curd,Milk Drinks"
2305,"Other Vegetables,Root Vegetables,Gourd & Cucumber,Root Vegetables,Beans,Raw Rice,Sugar,Sunflower Oils,Cookies"
2306,"Root Vegetables,Other Vegetables,Brinjals,Gourd & Cucumber,Sooji & Rava,Beans,Banana,Namkeen,Namkeen,Whole Spices"
2307,"Ground Coffee,Toor Dal,Moong Dal,Other Dals,Whole Spices,Sooji & Rava,Sugar,Rice Flour,Sugar,Whole Spices,Toor Dal,Whole Spices"
2308,"Other Vegetables,Other Vegetables,Beans,Raw Peanuts,Moong Dal,Avalakki / Poha,Sooji & Rava,Urad Dal,Sugar,Raw Rice,Mosquito Repellent,Other Dals,Besan,Other Dals"
2309,"Other Vegetables,Root Vegetables,Banana,Beans,Gourd & Cucumber,Whole Spices,Raw Peanuts,Urad Dal,Sugar,Beans,Organic F&V,Brinjals"
2310,"Moong Dal,Toor Dal,Urad Dal,Sooji & Rava,Boiled Rice,Jaggery,Sugar,Besan,Sunflower Oils"
2311,"Whole Spices,Whole Spices,Avalakki / Poha,Urad Dal,Sugar,Jaggery,Other Dals,Toor Dal"
2312,"Other Vegetables,Other Vegetables,Gourd & Cucumber,Brinjals,Other Dals,Other Dals,Toor Dal,Other Dals,Other Rice Products"
2313,"Banana,Bread,Boiled Rice,Other Dals,Instant Pastas,Whole Spices,Namkeen,Cashews,Other Rice Products,Wafers,Cream Biscuits,Whole Spices,Eggs,Soya Products"
2314,"Other Vegetables,Banana,Beans,Toor Dal,Moong Dal,Other Dals,Gourd & Cucumber,Other Dals,Cream Biscuits,Ready Baking Mixes,Raisins,Organic F&V,Basmati Rice,Other Dals,Eggs"
2315,"Other Vegetables,Other Vegetables,Banana,Gourd & Cucumber,Beans,Cooking Paste,Beans,Sooji & Rava,Besan,Mango Juices,Glucose, Marie & Milk Biscuits,Whole Spices,Soya Products"
2316,"Other Vegetables,Root Vegetables,Beans,Gourd & Cucumber,Ghee,Basmati Rice,Organic F&V,Organic F&V,Eggs"
2317,"Gourd & Cucumber,Liquid Soaps & Bars,Raw Rice,Aluminium Foil & Cling Wrap,Other Rice Products,Urad Dal,Besan,Maida,Sugar,Toor Dal,Whole Spices,Cooking Sauce"
2318,"Root Vegetables,Brinjals,Maida,Other Dals,Cream Biscuits,Whole Spices,Beans,Eggs"
2319,"Brinjals,Moong Dal,Gourd & Cucumber,Raw Rice,Namkeen,Namkeen,Namkeen,Namkeen,Toor Dal"
2320,"Root Vegetables,Other Vegetables,Beans,Gourd & Cucumber,Other Dals,Toor Dal,Moong Dal,Other Dals,Namkeen,Moong Dal,Urad Dal,Urad Dal,Other Dals,Other Dals"
2321,"Whole Spices,Avalakki / Poha,Raw Peanuts,Sugar,Whole Spices,Urad Dal,Whole Spices,Toor Dal,Sunflower Oils,Other Dals,Other Dals,Whole Spices,Whole Spices,Whole Spices,Moong Dal"
2322,"Other Dals,Sooji & Rava,Maida,Moong Dal,Sugar,Besan,Toor Dal,Other Dals"
2323,"Root Vegetables,Brinjals,Brinjals,Other Vegetables,Other Vegetables,Root Vegetables,Moong Dal,Exotic Vegetables,Gourd & Cucumber,Sugar,Raw Rice,Glucose, Marie & Milk Biscuits"
2324,"Bread,Other Vegetables,Other Vegetables,Beans,Whole Spices,Exotic Vegetables,Urad Dal,Buns & Pavs,Whole Spices,Whole Spices"
2325,"Root Vegetables,Other Vegetables,Banana,Beans,Gourd & Cucumber,Raw Peanuts,Raw Rice,Brinjals,Namkeen,Namkeen,Cream Biscuits,Cream Biscuits"
2326,"Other Dals,Raw Peanuts,Whole Spices,Health Drinks,Moong Dal,Moong Dal,Other Dals,Whole Spices,Toor Dal,Other Dals,Urad Dal,Maida,Sunflower Oils,Sunflower Oils,Raisins,Almonds,Cashews,Agarbatti,Honey,Glucose, Marie & Milk Biscuits,Whole Spices,Whole Spices"
2327,"Whole Spices,Moong Dal,Whole Spices,Boiled Rice,Urad Dal,Other Dals,Maida,Urad Dal,Other Dals,Whole Spices,Whole Spices,Other Dals"
2328,"Root Vegetables,Other Vegetables,Other Vegetables,Beans,Gourd & Cucumber,Other Dals,Sunflower Oils,Toor Dal,Instant Noodles,Instant Noodles"
2329,"Other Vegetables,Root Vegetables,Banana,Beans,Other Vegetables,Gourd & Cucumber,Brinjals,Brinjals"
2330,"Moong Dal,Other Dals,Sooji & Rava,Toor Dal,Namkeen,Other Sweets,Cashews,Namkeen,Cream Biscuits,Health Supplements,Raisins"
2331,"Raw Peanuts,Moong Dal,Urad Dal,Other Dals,Other Dals,Toor Dal,Other Dals,Moong Dal,Healthy & Digestive Biscuits"
2332,"Root Vegetables,Whole Spices,Banana,Maida,Brinjals,Ice Creams & Desserts,Other Dry Fruits,Brinjals,Cashews,Toor Dal,Ice Creams & Desserts"
2333,"Root Vegetables,Other Vegetables,Exotic Vegetables,Beans,Brinjals,Moong Dal,Raw Peanuts,Brinjals,Sunflower Oils,Sugar,Ready Mix,Cream Biscuits,Raisins"
2334,"Beans,Moong Dal,Other Dals,Sooji & Rava,Other Rice Products,Rice Flour,Ghee,Other Dals,Other Flours,Raw Rice,Jaggery,Other Oils,Avalakki / Poha,Other Dry Fruits,Almonds,Other Dry Fruits,Other Rice Products"
2335,"Other Dals,Avalakki / Poha,Raw Peanuts,Sugar,Other Dals,Toor Dal,Other Dals,Other Dals"
2336,"Other Vegetables,Gourd & Cucumber,Whole Spices,Beans,Whole Spices,Gourd & Cucumber,Organic F&V,Organic F&V,Whole Spices,Whole Spices,Whole Spices,Whole Spices,Whole Spices,Whole Spices"
2337,"Brinjals,Brinjals,Other Vegetables,Other Vegetables,Root Vegetables,Banana,Gourd & Cucumber,Beans"
2338,"Root Vegetables,Other Vegetables,Banana,Gourd & Cucumber,Other Dals,Whole Spices,Beans,Jaggery,Other Dals,Other Dals,Other Dals,Whole Spices"
2339,"Root Vegetables,Root Vegetables,Gourd & Cucumber,Beans,Raw Rice,Whole Spices,Cream Biscuits,Namkeen,Namkeen,Whole Spices"
2340,"Bread,Other Vegetables,Other Vegetables,Beans,Beans,Banana,Maida,Ready Mix,Cooking Paste,Other Dals"
2341,"Other Vegetables,Root Vegetables,Other Vegetables,Beans,Avalakki / Poha,Raw Peanuts,Urad Dal,Maida,Other Rice Products,Sunflower Oils,Other Rice Products,Other Dals,Other Rice Products"
2342,"Beans,Beans,Banana,Beans,Avalakki / Poha,Urad Dal,Sooji & Rava,Whole Spices,Organic F&V,Brinjals,Other Dals,Toor Dal"
2343,"Beans,Brinjals,Namkeen,Cream Biscuits,Mosquito Repellent,Snacky Nuts,Health Drinks,Health Supplements,Cream Biscuits"
2344,"Other Vegetables,Other Vegetables,Whole Spices,Other Dals,Avalakki / Poha,Organic Masalas & Spices,Sooji & Rava,Cooking Paste,Besan,Whole Spices"
2345,"Root Vegetables,Beans,Beans,Toor Dal,Other Dals,Sugar,Other Insect Repellent,Avalakki / Poha,Cashews,Urad Dal,Other Dals"
2346,"Root Vegetables,Brinjals,Other Vegetables,Exotic Vegetables,Exotic Vegetables,Gourd & Cucumber,Toor Dal,Other Dals,Other Dals"
2347,"Other Vegetables,Root Vegetables,Gourd & Cucumber,Namkeen,Wafers,Namkeen,Whole Spices,Besan"
2348,"Beans,Root Vegetables,Other Vegetables,Other Vegetables,Beans,Brinjals,Root Vegetables,Other Sweets"
2349,"Exotic Vegetables,Brinjals,Other Vegetables,Other Vegetables,Beans,Gourd & Cucumber,Exotic Vegetables,Bread,Raw Rice,Maida,Brinjals,Other Dals,Other Dals"
2350,"Other Vegetables,Banana,Gourd & Cucumber,Brinjals,Namkeen,Namkeen,Namkeen,Regular Pasta"
2351,"Exotic Vegetables,Exotic Vegetables,Banana,Exotic Vegetables,Raw Rice,Organic Rice & Rice Products,Organic F&V,Organic F&V,Organic F&V,Organic F&V,Organic F&V,Bread,Cookies"
2352,"Avalakki / Poha,Gourd & Cucumber,Jaggery,Almonds,Other Dry Fruits,Other Dry Fruits,Health Supplements,Other Dals,Cookies"
2353,"Raw Peanuts,Whole Spices,Moong Dal,Sooji & Rava,Rice Flour,Whole Spices,Sugar,Besan,Urad Dal,Jaggery,Raw Rice,Whole Spices,Sunflower Oils,Liquid Soaps & Bars,Toor Dal,Whole Spices,Cookies"
2354,"Other Vegetables,Root Vegetables,Other Dals,Urad Dal,Gourd & Cucumber,Beans,Whole Spices,Cookies,Cookies"
2355,"Beans,Root Vegetables,Beans,Beans,Sooji & Rava,Mango Juices,Namkeen,Cookies"
2356,"Other Vegetables,Other Vegetables,Beans,Namkeen,Mosquito Repellent,Root Vegetables,Honey,Other Dals,Other Rice Products,Cookies"
2357,"Other Vegetables,Other Dals,Besan,Maida,Raisins,Cashews,Other Dry Fruits,Yogurt & Lassi,Namkeen,Cookies"
2358,"Root Vegetables,Bread,Gourd & Cucumber,Beans,Organic Masalas & Spices,Organic Dals & Pulses,Organic Rice & Rice Products,Organic Rice & Rice Products,Organic Salt,Sugar & Jaggery"
2359,"Root Vegetables,Root Vegetables,Exotic Vegetables,Exotic Vegetables,Beans,Other Dals,Ghee,Brinjals,Basmati Rice,Other Insect Repellent,Exotic Vegetables,Cookies"
2360,"Brinjals,Ready Baking Mixes,Liquid Soaps & Bars,Ghee,Cashews,Glucose, Marie & Milk Biscuits,Whole Spices,Cookies"
2361,"Gourd & Cucumber,Sooji & Rava,Namkeen,Cashews,Namkeen,Moong Dal,Raisins,Cookies"
2362,"Root Vegetables,Gourd & Cucumber,Beans,Root Vegetables,Liquid Soaps & Bars,Banana,Urad Dal,Other Dals,Other Dry Fruits,Organic F&V,Organic F&V,Organic F&V,Exotic Vegetables,Other Dry Fruits,Cookies"
2363,"Other Vegetables,Moong Dal,Toor Dal,Whole Spices,Gourd & Cucumber,Boiled Rice,Urad Dal,Cashews,Organic F&V,Whole Spices,Whole Spices,Cookies"
2364,"Whole Spices,Toor Dal,Sooji & Rava,Ghee,Urad Dal,Organic Flours,Whole Spices,Cookies"
2365,"Other Dals,Toor Dal,Moong Dal,Other Dals,Other Dals,Whole Spices,Sunflower Oils,Almonds,Other Dry Fruits"
2366,"Root Vegetables,Gourd & Cucumber,Raw Peanuts,Namkeen,Rice Flour,Mosquito Repellent,Other Dry Fruits,Health Supplements,Other Rice Products,Raisins"
2367,"Sooji & Rava,Namkeen,Ghee,Sunflower Oils,Instant Noodles,Cream Biscuits,Instant Noodles,Cooking Sauce"
2368,"Moong Dal,Sugar,Besan,Urad Dal,Whole Spices,Other Dals,Toor Dal,Other Dals,Toothpaste"
2369,"Root Vegetables,Bread,Other Vegetables,Exotic Vegetables,Exotic Vegetables,Gourd & Cucumber,Beans,Banana,Phenyles & Acids,Whole Spices"
2370,"Exotic Vegetables,Other Vegetables,Root Vegetables,Exotic Vegetables,Moong Dal,Exotic Vegetables,Gourd & Cucumber,Toor Dal,Other Rice Products,Urad Dal,Cream Biscuits,Raisins"
2371,"Other Dals,Whole Spices,Moong Dal,Other Dals,Sooji & Rava,Besan,Other Dals,Jaggery,Avalakki / Poha,Raisins,Cashews,Honey,Regular Pasta,Whole Spices,Whole Spices,Other Dals"
2372,"Root Vegetables,Brinjals,Beans,Beans,Organic Flours,Brinjals,Organic F&V,Organic F&V,Organic F&V,Organic F&V"
2373,"Other Vegetables,Beans,Beans,Beans,Beans,Moong Dal,Exotic Vegetables,Other Dals,Urad Dal,Avalakki / Poha,Organic F&V,Organic F&V"
2374,"Bread,Beans,Sugar,Urad Dal,Instant Noodles,Organic F&V,Organic F&V,Whole Spices"
2375,"Root Vegetables,Root Vegetables,Beans,Banana,Raw Peanuts,Sooji & Rava,Urad Dal,Sunflower Oils,Sugar,Phenyles & Acids"
2376,"Root Vegetables,Root Vegetables,Other Vegetables,Other Vegetables,Moong Dal,Other Dals,Other Dals,Toor Dal,Other Dals,Raw Rice,Avalakki / Poha,Cashews,Almonds,Raisins,Toffee & Candy,Cream Biscuits"
2377,"Basmati Rice,Other Dals,Namkeen,Whole Spices,Other Dals,Glucose, Marie & Milk Biscuits,Other Dals,Namkeen,Urad Dal,Cream Biscuits,Almonds,Other Dry Fruits,Instant Noodles,Cooking Sauce,Liquid Soaps & Bars,Other Dals,Other Dals,Other Dals,Moong Dal"
2378,"Bread,Root Vegetables,Beans,Toor Dal,Gourd & Cucumber,Agarbatti,Other Dals,Besan"
2379,"Raw Peanuts,Vermicelli,Moong Dal,Sooji & Rava,Other Dals,Avalakki / Poha,Other Dals,Other Dals,Toor Dal,Maida,Namkeen,Moong Dal,Besan,Other Dals,Namkeen,Urad Dal,Cakes,Cakes,Other Oils,Regular Pasta"
2380,"Exotic Vegetables,Raw Peanuts,Whole Spices,Whole Spices,Sugar,Whole Spices,Sooji & Rava,Other Dals,Cashews,Toor Dal"
2381,"Namkeen,Raw Peanuts,Sooji & Rava,Namkeen,Maida,Sugar,Namkeen,Namkeen"
2382,"Banana,Moong Dal,Sooji & Rava,Jaggery,Instant Noodles,Raisins,Cashews,Raw Rice"
2383,"Whole Spices,Exotic Vegetables,Raw Rice,Avalakki / Poha,Other Oils,Avalakki / Poha,Cooking Paste,Whole Spices"
2384,"Moong Dal,Whole Spices,Toor Dal,Avalakki / Poha,Sooji & Rava,Urad Dal,Sugar,Whole Spices,Sooji & Rava,Sooji & Rava,Besan,Sunflower Oils,Jaggery,Other Flours,Phenyles & Acids,Health Drinks,Other Dals"
2385,"Root Vegetables,Ground Coffee,Beans,Beans,Liquid Soaps & Bars,Namkeen,Cakes,Yogurt & Lassi,Rasagulla & Gulab Jamun,Namkeen,Yogurt & Lassi"
2386,"Root Vegetables,Raw Peanuts,Other Dals,Urad Dal,Sooji & Rava,Glucose, Marie & Milk Biscuits,Sugar,Other Dals,Sunflower Oils,Ghee,Glucose, Marie & Milk Biscuits,Other Dals,Other Dals,Whole Spices,Phenyles & Acids,Toor Dal"
2387,"Bread,Brinjals,Beans,Banana,Sooji & Rava,Buns & Pavs,Boiled Rice,Boiled Rice"
2388,"Bread,Brinjals,Other Dals,Other Dals,Avalakki / Poha,Beans,Sugar,Urad Dal,Besan,Jaggery,Other Dals,Sunflower Oils"
2389,"Root Vegetables,Root Vegetables,Beans,Beans,Butter & Cream,Hair Oil,Organic F&V,Organic F&V,Organic F&V"
2390,"Brinjals,Other Dals,Other Dals,Other Dals,Organic Dals & Pulses,Organic Dals & Pulses,Organic Dals & Pulses,Other Dals,Organic Masalas & Spices,Organic F&V"
2391,"Beans,Gourd & Cucumber,Raw Peanuts,Vermicelli,Cooking Paste,Sooji & Rava,Sugar,Sunflower Oils"
2392,"Other Vegetables,Brinjals,Banana,Beans,Namkeen,Namkeen,Organic F&V,Organic F&V,Whole Spices"
2393,"Toor Dal,Sooji & Rava,Whole Spices,Maida,Urad Dal,Sunflower Oils,Sooji & Rava,Raw Rice,Toor Dal"
2394,"Brinjals,Whole Spices,Whole Spices,Banana,Sugar,Besan,Brinjals,Raisins"
2395,"Root Vegetables,Beans,Gourd & Cucumber,Beans,Health Drinks,Other Dals,Aluminium Foil & Cling Wrap,Raw Rice,Other Dals,Other Dals,Other Dals,Gourd & Cucumber,Brinjals,Salty Biscuits,Other Dals,Other Dals"
2396,"Root Vegetables,Other Vegetables,Sunflower Oils,Root Vegetables,Banana,Whole Spices,Urad Dal,Avalakki / Poha,Agarbatti,Other Dals,Other Dals"
2397,"Root Vegetables,Other Vegetables,Other Vegetables,Whole Spices,Cooking Paste,Vermicelli,Avalakki / Poha,Sooji & Rava,Sugar,Other Dals,Other Dals,Brinjals,Whole Spices,Whole Spices"
2398,"Other Vegetables,Gourd & Cucumber,Whole Spices,Moong Dal,Sunflower Oils,Brinjals,Body Wash,Liquid Soaps & Bars,Brinjals"
2399,"Other Vegetables,Root Vegetables,Root Vegetables,Banana,Beans,Whole Spices,Ready Baking Mixes,Beans,Gourd & Cucumber,Besan,Cashews,Ready Baking Mixes,Honey,Cashews,Organic Flours"
2400,"Exotic Vegetables,Exotic Vegetables,Sunflower Oils,Other Vegetables,Brinjals,Beans,Toor Dal,Banana,Urad Dal,Organic F&V,Organic F&V"
2401,"Almonds,Other Dry Fruits,Other Dry Fruits,Health Drinks,Raisins,Raisins,Other Dry Fruits,Cashews"
2402,"Root Vegetables,Brinjals,Other Vegetables,Root Vegetables,Beans,Sooji & Rava,Sooji & Rava,Urad Dal,Other Dals,Sooji & Rava,Ghee,Sugar,Almonds,Other Dry Fruits"
2403,"Root Vegetables,Other Vegetables,Exotic Vegetables,Exotic Vegetables,Exotic Vegetables,Sugar,Butter & Cream,Toor Dal,Moong Dal"
2404,"Gourd & Cucumber,Namkeen,Bread,Namkeen,Chilli & Soya Sauces,Namkeen,Namkeen,Chips,Besan"
2405,"Raw Peanuts,Whole Spices,Whole Spices,Toor Dal,Rice Flour,Other Dals,Whole Spices,Maida,Sooji & Rava,Urad Dal,Jaggery,Sugar,Whole Spices,Raw Rice,Whole Spices,Whole Spices,Whole Spices,Whole Spices,Whole Spices,Whole Spices"
2406,"Beans,Beans,Brinjals,Gourd & Cucumber,Beans,Gourd & Cucumber,Namkeen,Whole Spices"
2407,"Root Vegetables,Other Vegetables,Exotic Vegetables,Avalakki / Poha,Bread,Banana,Exotic Vegetables,Root Vegetables,Honey"
2408,"Moong Dal,Moong Dal,Maida,Mosquito Repellent,Raisins,Cashews,Almonds,Other Dals,Other Dals,Mustard Oils"
2409,"Brinjals,Other Vegetables,Gourd & Cucumber,Other Dals,Exotic Vegetables,Moong Dal,Sooji & Rava,Urad Dal,Other Dals,Other Dals"
2410,"Brinjals,Moong Dal,Sugar,Brinjals,Urad Dal,Other Dals,Ghee,Toor Dal,Other Dals,Moong Dal"
2411,"Root Vegetables,Other Vegetables,Banana,Beans,Beans,Other Dals,Gourd & Cucumber,Cooking Paste"
2412,"Brinjals,Other Vegetables,Beans,Toor Dal,Cooking Paste,Other Dals,Urad Dal,Other Dals"
2413,"Whole Spices,Sugar,Whole Spices,Sooji & Rava,Urad Dal,Rice Flour,Sunflower Oils,Organic Rice & Rice Products,Toor Dal"
2414,"Brinjals,Sunflower Oils,Mosquito Repellent,Instant Noodles,Raw Rice,Toffee & Candy,Curd,Other Dals"
2415,"Other Vegetables,Root Vegetables,Beans,Other Dals,Beans,Sooji & Rava,Urad Dal,Yogurt & Lassi,Mustard Oils"
2416,"Bread,Brinjals,Namkeen,Avalakki / Poha,Namkeen,Sooji & Rava,Raw Rice,Rice Flour,Namkeen,Cream Biscuits,Cooking Sauce"
2417,"Root Vegetables,Brinjals,Root Vegetables,Banana,Gourd & Cucumber,Gourd & Cucumber,Maida,Namkeen,Cooking Sauce,Namkeen"
2418,"Whole Spices,Other Dals,Avalakki / Poha,Raw Peanuts,Moong Dal,Sugar,Whole Spices,Whole Spices,Sooji & Rava,Other Dals,Sooji & Rava,Other Dals,Cream Biscuits,Cream Biscuits,Other Dals,Other Rice Products,Urad Dal,Cream Biscuits,Other Dals,Toor Dal,Other Rice Products,Other Dals,Other Rice Products"
2419,"Other Vegetables,Root Vegetables,Gourd & Cucumber,Beans,Other Dals,Toor Dal,Moong Dal,Yogurt & Lassi"
2420,"Root Vegetables,Beans,Root Vegetables,Urad Dal,Organic F&V,Organic F&V,Organic F&V,Organic F&V,Organic F&V,Whole Spices"
2421,"Beans,Banana,Beans,Vermicelli,Avalakki / Poha,Moong Dal,Urad Dal,Toor Dal,Whole Spices,Oats,Brinjals"
2422,"Other Vegetables,Beans,Beans,Banana,Organic F&V,Organic F&V,Organic F&V,Organic F&V,Cut Vegetables"
2423,"Sunflower Oils,Toothpaste,Moong Dal,Avalakki / Poha,Other Dals,Sugar,Whole Spices,Sooji & Rava,Other Rice Products,Urad Dal,Phenyles & Acids,Cooking Paste,Cream Biscuits,Avalakki / Poha,Toor Dal,Basmati Rice,Whole Spices,Whole Spices,Besan"
2424,"Other Vegetables,Sooji & Rava,Other Dals,Avalakki / Poha,Moong Dal,Raw Rice,Urad Dal,Cream Biscuits,Hand Wash,Avalakki / Poha,Other Dals"
2425,"Brinjals,Root Vegetables,Beans,Whole Spices,Other Dals,Moong Dal,Other Dals,Sugar,Besan"
2426,"Sunflower Oils,Root Vegetables,Other Vegetables,Root Vegetables,Beans,Other Dals,Sooji & Rava,Besan,Cooking Paste,Boiled Rice,Other Dals"
2427,"Other Vegetables,Mosquito Repellent,Ghee,Namkeen,Cashews,Snacky Nuts,Almonds,Whole Spices"
2428,"Whole Spices,Whole Spices,Whole Spices,Vermicelli,Whole Spices,Avalakki / Poha,Raw Peanuts,Other Dals,Sooji & Rava,Sooji & Rava,Other Rice Products,Besan,Sugar,Other Dals,Cooking Paste,Jaggery,Other Flours,Cream Biscuits,Almonds,Raw Rice,Toor Dal,Whole Spices,Whole Spices,Whole Spices"
2429,"Root Vegetables,Other Vegetables,Other Vegetables,Root Vegetables,Beans,Health Drinks,Sugar,Regular Pasta,Sunflower Oils,Tomato Ketchup,Health Drinks,Beans"
2430,"Toor Dal,Urad Dal,Other Dals,Maida,Organic Dals & Pulses,Boiled Rice,Besan,Sugar,Sunflower Oils,Glucose, Marie & Milk Biscuits,Health Drinks,Organic F&V"
2431,"Bread,Other Vegetables,Root Vegetables,Other Vegetables,Beans,Brinjals,Other Dals,Other Dals,Toor Dal,Other Rice Products,Sugar,Brinjals,Whole Spices,Organic Dals & Pulses,Moong Dal"
2432,"Other Vegetables,Bread,Other Vegetables,Root Vegetables,Toor Dal,Raw Rice,Namkeen,Namkeen"
2433,"Bread,Whole Spices,Moong Dal,Raw Peanuts,Urad Dal,Sugar,Whole Spices,Sooji & Rava,Health Drinks,Rice Flour,Cakes,Cakes,Namkeen,Raisins,Cashews,Almonds,Agarbatti,Other Dals,Whole Spices,Toor Dal,Powdered Spices"
2434,"Beans,Root Vegetables,Beans,Brinjals,Other Vegetables,Other Vegetables,Beans,Root Vegetables,Gourd & Cucumber,Brinjals,Other Juices,Urad Dal,Organic Rice & Rice Products,Other Dry Fruits,Cooking Sauce"
2435,"Root Vegetables,Beans,Other Dals,Raw Rice,Urad Dal,Sugar,Other Dals,Toor Dal,Other Dry Fruits,Raisins,Organic F&V"
2436,"Root Vegetables,Other Vegetables,Moong Dal,Other Dals,Toor Dal,Raw Rice,Jaggery,Brinjals,Namkeen,Glucose, Marie & Milk Biscuits"
2437,"Bread,Other Vegetables,Brinjals,Beans,Whole Spices,Exotic Vegetables,Other Dals,Other Dals,Gourd & Cucumber,Cooking Paste"
2438,"Raw Peanuts,Whole Spices,Other Dals,Raw Rice,Moong Dal,Sanitary Pads,Other Dry Fruits,Whole Spices,Whole Spices,Toilet Cleaners"
2439,"Banana,Raw Rice,Glucose, Marie & Milk Biscuits,Sugar,Other Rice Products,Instant Pastas,Hand Wash,Toor Dal"
2440,"Root Vegetables,Brinjals,Other Vegetables,Root Vegetables,Banana,Beans,Other Vegetables,Gourd & Cucumber,Brinjals"
2441,"Raw Peanuts,Whole Spices,Whole Spices,Moong Dal,Whole Spices,Urad Dal,Banana,Besan,Whole Spices,Whole Spices,Whole Spices"
2442,"Other Vegetables,Root Vegetables,Gourd & Cucumber,Whole Spices,Sooji & Rava,Toor Dal,Moong Dal,Beans,Urad Dal,Gourd & Cucumber,Cakes,Cakes,Tomato Ketchup,Glucose, Marie & Milk Biscuits"
2443,"Brinjals,Root Vegetables,Raw Rice,Instant Pastas,Yogurt & Lassi,Yogurt & Lassi,Curd,Milk Drinks"
2444,"Beans,Other Vegetables,Other Dals,Whole Spices,Other Dals,Whole Spices,Avalakki / Poha,Raw Peanuts,Rice Flour,Liquid Soaps & Bars,Whole Spices,Other Dals,Maida,Other Dals,Other Dals,Whole Spices,Other Dals,Health Drinks,Whole Spices,Mustard Oils,Raisins,Beans"
2445,"Brinjals,Other Vegetables,Beans,Raw Peanuts,Cooking Paste,Avalakki / Poha,Besan,Sunflower Oils,Shaving Cream, Foam & Gels"
2446,"Whole Spices,Toor Dal,Avalakki / Poha,Moong Dal,Beans,Liquid Soaps & Bars,Urad Dal,Whole Spices,Sunflower Oils,Sugar,Jaggery,Boiled Rice,Ground Coffee,Whole Spices,Whole Spices,Curd"
2447,"Other Vegetables,Exotic Vegetables,Exotic Vegetables,Raw Peanuts,Aluminium Foil & Cling Wrap,Besan,Cooking Sauce,Whole Spices"
2448,"Other Vegetables,Banana,Organic F&V,Organic F&V,Organic F&V,Organic F&V,Organic F&V,Beans"
2449,"Root Vegetables,Raw Peanuts,Gourd & Cucumber,Bread,Cream Biscuits,Avalakki / Poha,Tomato Ketchup,Other Insect Repellent,Mosquito Repellent,Whole Spices"
2450,"Namkeen,Namkeen,Namkeen,Cream Biscuits,Namkeen,Glucose, Marie & Milk Biscuits,Namkeen,Namkeen,Cream Biscuits,Namkeen,Namkeen"
2451,"Root Vegetables,Other Vegetables,Banana,Other Dals,Raw Rice,Urad Dal,Brinjals,Cooking Sauce,Namkeen,Toor Dal,Mustard Oils,Besan,Other Oils"
2452,"Beans,Sugar,Whole Spices,Cashews,Whole Spices,Other Dry Fruits,Whole Spices,Beans,Eggs"
2453,"Namkeen,Moong Dal,Vermicelli,Sugar,Phenyles & Acids,Cream Biscuits,Namkeen,Namkeen,Other Rice Products,Raw Rice,Namkeen,Namkeen,Other Dals,Other Dry Fruits"
2454,"Raw Peanuts,Other Dals,Toor Dal,Sooji & Rava,Moong Dal,Other Dals,Sugar,Glucose, Marie & Milk Biscuits,Rice Flour,Besan,Other Dals,Urad Dal,Other Dals,Other Dals,Avalakki / Poha,Cashews,Wafers,Other Dals"
2455,"Other Vegetables,Root Vegetables,Root Vegetables,Banana,Beans,Raw Peanuts,Moong Dal,Other Dals,Moong Dal,Besan,Urad Dal,Avalakki / Poha,Other Dals"
2456,"Other Vegetables,Beans,Gourd & Cucumber,Beans,Beans,Other Dals,Toor Dal,Sooji & Rava,Rice Flour,Besan,Other Dals,Maida,Other Flours,Brinjals,Cooking Sauce,Honey,Organic Flours,Other Rice Products,Other Rice Products"
2457,"Other Vegetables,Brinjals,Other Vegetables,Root Vegetables,Sooji & Rava,Sooji & Rava,Maida,Sunflower Oils,Toor Dal"
2458,"Moong Dal,Toor Dal,Other Dals,Sugar,Maida,Sooji & Rava,Urad Dal,Whole Spices,Phenyles & Acids"
2459,"Brinjals,Banana,Beans,Beans,Snacky Nuts,Organic Rice & Rice Products,Organic F&V,Organic F&V"
2460,"Root Vegetables,Beans,Whole Spices,Beans,Rice Flour,Toor Dal,Maida,Other Rice Products,Sugar,Avalakki / Poha,Other Dals,Other Dals,Brinjals,Curd"
2461,"Other Vegetables,Other Dals,Toor Dal,Beans,Organic Flours,Avalakki / Poha,Organic Flours,Other Dals"
2462,"Root Vegetables,Banana,Sooji & Rava,Urad Dal,Avalakki / Poha,Organic F&V,Organic F&V,Other Rice Products"
2463,"Other Vegetables,Raw Peanuts,Avalakki / Poha,Urad Dal,Jaggery,Health Drinks,Raisins,Cashews,Other Dals"
2464,"Health Drinks,Moong Dal,Whole Spices,Liquid Soaps & Bars,Organic Masalas & Spices,Jaggery,Ghee,Sugar,Avalakki / Poha,Raw Rice,Almonds,Honey,Whole Spices"
2465,"Whole Spices,Raw Rice,Sooji & Rava,Organic Dals & Pulses,Other Dals,Maida,Cashews,Almonds,Toothpaste"
2466,"Root Vegetables,Bread,Other Vegetables,Banana,Almonds,Organic F&V,Organic F&V,Organic F&V"
2467,"Bread,Beans,Toor Dal,Sooji & Rava,Moong Dal,Whole Spices,Urad Dal,Chilli & Soya Sauces,Namkeen,Cookies"
2468,"Whole Spices,Whole Spices,Toor Dal,Sooji & Rava,Urad Dal,Maida,Sooji & Rava,Sooji & Rava,Sugar,Regular Pasta,Ghee,Raw Rice,Cashews,Whole Spices"
2469,"Moong Dal,Raw Rice,Other Dals,Maida,Sunflower Oils,Raw Rice,Other Dals,Whole Spices,Whole Spices,Toor Dal,Besan,Other Dals"
2470,"Root Vegetables,Other Vegetables,Whole Spices,Moong Dal,Cooking Paste,Whole Spices,Raw Peanuts,Beans,Raw Rice,Other Dals,Urad Dal,Sugar,Whole Spices,Maida,Sooji & Rava,Boiled Rice,Other Rice Products,Rice Flour,Other Dals,Ghee,Jaggery,Other Flours,Raisins,Cashews,Other Dals,Toor Dal,Other Dals,Whole Spices"
2471,"Bread,Beans,Root Vegetables,Banana,Cream Biscuits,Other Dry Fruits,Yogurt & Lassi,Curd"
2472,"Root Vegetables,Other Vegetables,Root Vegetables,Brinjals,Banana,Other Rice Products,Jaggery,Boiled Rice,Other Rice Products"
2473,"Other Vegetables,Moong Dal,Sooji & Rava,Boiled Rice,Sugar,Jaggery,Sunflower Oils,Raw Rice"
2474,"Brinjals,Other Vegetables,Other Vegetables,Gourd & Cucumber,Beans,Beans,Maida,Sugar,Other Dals"
2475,"Other Vegetables,Root Vegetables,Brinjals,Root Vegetables,Beans,Gourd & Cucumber,Rice Flour,Toor Dal"
2476,"Moong Dal,Mosquito Repellent,Mango Juices,Cream Biscuits,Other Pooja Needs,Namkeen,Namkeen,Whole Spices,Phenyles & Acids"
2477,"Bread,Brinjals,Other Vegetables,Root Vegetables,Beans,Beans,Glucose, Marie & Milk Biscuits,Namkeen"
2478,"Whole Spices,Avalakki / Poha,Sugar,Cream Biscuits,Organic F&V,Buttermilk,Namkeen,Curd"
2479,"Other Vegetables,Bread,Beans,Cooking Paste,Whole Spices,Toor Dal,Other Dals,Gourd & Cucumber,Cashews,Health Drinks,Brinjals"
2480,"Whole Spices,Moong Dal,Whole Spices,Avalakki / Poha,Raw Peanuts,Sugar,Sooji & Rava,Urad Dal,Rice Flour,Jaggery,Avalakki / Poha,Raw Rice,Raisins,Cashews,Other Dry Fruits,Honey,Toor Dal,Whole Spices"
2481,"Other Vegetables,Exotic Vegetables,Beans,Toor Dal,Root Vegetables,Cashews,Organic F&V,Raw Rice,Other Dals,Raisins"
2482,"Other Vegetables,Beans,Brinjals,Other Vegetables,Beans,Whole Spices,Avalakki / Poha,Sooji & Rava,Aluminium Foil & Cling Wrap"
2483,"Ground Coffee,Root Vegetables,Beans,Whole Spices,Whole Spices,Maida,Brinjals,Sugar,Besan,Jaggery,Raw Rice,Raisins,Cashews,Whole Spices,Other Rice Products"
2484,"Root Vegetables,Other Vegetables,Beans,Moong Dal,Boiled Rice,Other Rice Products,Sugar,Other Dals,Jaggery,Urad Dal,Whole Spices,Whole Spices"
2485,"Root Vegetables,Other Vegetables,Root Vegetables,Root Vegetables,Banana,Beans,Other Rice Products,Instant Pastas,Jaggery,Sugar,Namkeen,Eggs"
2486,"Moong Dal,Other Dals,Other Dals,Sugar,Maida,Shaving Blade & Razors,Raisins,Cashews,Mosquito Repellent,Basmati Rice,Namkeen,Namkeen,Whole Spices,Whole Spices"
2487,"Beans,Whole Spices,Moong Dal,Moong Dal,Cooking Paste,Whole Spices,Toor Dal,Raw Peanuts,Beans,Urad Dal,Sugar,Maida,Sooji & Rava,Rice Flour,Sooji & Rava,Ghee,Other Flours,Jaggery,Avalakki / Poha,Other Rice Products,Basmati Rice,Raw Rice,Other Dals,Whole Spices,Whole Spices"
2488,"Basmati Rice,Raw Peanuts,Avalakki / Poha,Other Dals,Other Dals,Sugar,Other Dals,Raisins,Yogurt & Lassi,Cooking Sauce,Other Dals,Besan"
2489,"Gourd & Cucumber,Beans,Maida,Other Rice Products,Urad Dal,Besan,Sugar,Sunflower Oils"
2490,"Beans,Other Vegetables,Beans,Gourd & Cucumber,Sooji & Rava,Sunflower Oils,Toor Dal,Instant Pastas"
2491,"Toothpaste,Banana,Raw Peanuts,Health Drinks,Whole Spices,Vermicelli,Raw Rice,Sooji & Rava,Moong Dal,Urad Dal,Other Dals,Sugar,Other Dals,Jaggery,Other Dals,Whole Spices,Toothpaste,Moong Dal"
2492,"Other Vegetables,Beans,Brinjals,Banana,Gourd & Cucumber,Raw Peanuts,Beans,Sugar"
2493,"Root Vegetables,Other Vegetables,Banana,Toor Dal,Raw Rice,Ghee,Health Drinks,Cream Biscuits,Whole Spices"
2494,"Sunflower Oils,Other Vegetables,Other Vegetables,Root Vegetables,Moong Dal,Beans,Other Dals,Toor Dal,Besan,Maida,Ghee"
2495,"Raw Peanuts,Whole Spices,Beans,Sugar,Toor Dal,Aluminium Foil & Cling Wrap,Almonds,Rasagulla & Gulab Jamun"
2496,"Other Dals,Raw Peanuts,Other Dals,Other Dals,Maida,Butter & Cream,Urad Dal,Other Dals,Toor Dal,Other Dals,Moong Dal"
2497,"Sunflower Oils,Raw Peanuts,Whole Spices,Whole Spices,Toor Dal,Other Dals,Urad Dal,Whole Spices,Maida,Rice Flour,Ghee,Instant Noodles,Raisins,Cashews"
2498,"Whole Spices,Vermicelli,Urad Dal,Health Drinks,Jaggery,Regular Pasta,Sunflower Oils,Cream Biscuits,Boiled Rice,Instant Noodles"
2499,"Banana,Raw Peanuts,Avalakki / Poha,Toor Dal,Sugar,Cooking Paste,Almonds,Chilli & Soya Sauces,Namkeen,Raw Rice,Other Rice Products"
2500,"Root Vegetables,Root Vegetables,Beans,Other Vegetables,Gourd & Cucumber,Brinjals,Beans,Exotic Vegetables,Brinjals,Other Dry Fruits,Other Dry Fruits,Health Drinks,Raisins,Other Dry Fruits,Almonds,Raisins"
2501,"Root Vegetables,Root Vegetables,Other Vegetables,Gourd & Cucumber,Moong Dal,Toor Dal,Avalakki / Poha,Moong Dal,Beans,Sugar,Gourd & Cucumber,Bread,Other Rice Products,Urad Dal,Sugar,Mosquito Repellent,Brinjals,Sunflower Oils,Other Dals,Whole Spices,Whole Spices"
2502,"Root Vegetables,Beans,Moong Dal,Other Dals,Urad Dal,Sugar,Other Dals,Cashews"
2503,"Raw Peanuts,Moong Dal,Whole Spices,Sooji & Rava,Moong Dal,Other Rice Products,Urad Dal,Rice Flour,Sugar,Jaggery,Whole Spices,Cashews,Raisins,Whole Spices,Whole Spices"
2504,"Other Vegetables,Other Vegetables,Moong Dal,Toor Dal,Sooji & Rava,Banana,Raw Rice,Ground Coffee"
2505,"Whole Spices,Moong Dal,Avalakki / Poha,Raw Peanuts,Other Dals,Urad Dal,Sugar,Whole Spices,Sunflower Oils,Avalakki / Poha,Cashews,Phenyles & Acids"
2506,"Whole Spices,Whole Spices,Raw Peanuts,Moong Dal,Sugar,Urad Dal,Glucose, Marie & Milk Biscuits,Sunflower Oils,Glucose, Marie & Milk Biscuits,Whole Spices,Toor Dal,Besan"
2507,"Other Vegetables,Brinjals,Banana,Gourd & Cucumber,Beans,Cashews,Almonds,Other Dry Fruits,Raisins"
2508,"Moong Dal,Whole Spices,Sunflower Oils,Sooji & Rava,Urad Dal,Sooji & Rava,Urad Dal,Avalakki / Poha,Whole Spices"
2509,"Root Vegetables,Beans,Gourd & Cucumber,Root Vegetables,Exotic Vegetables,Brinjals,Organic F&V,Organic F&V"
2510,"Banana,Other Vegetables,Beans,Liquid Soaps & Bars,Gourd & Cucumber,Sugar,Brinjals,Tomato Ketchup,Sugar Cubes"
2511,"Whole Spices,Whole Spices,Moong Dal,Urad Dal,Sooji & Rava,Raw Rice,Organic F&V,Whole Spices"
2512,"Other Vegetables,Beans,Brinjals,Other Vegetables,Beans,Root Vegetables,Whole Spices,Whole Spices,Gourd & Cucumber,Brinjals"
2513,"Bread,Ground Coffee,Root Vegetables,Banana,Sooji & Rava,Health Drinks,Health Drinks,Organic F&V"
2514,"Other Vegetables,Exotic Vegetables,Bread,Beans,Gourd & Cucumber,Toor Dal,Avalakki / Poha,Cooking Sauce"
2515,"Root Vegetables,Beans,Other Vegetables,Gourd & Cucumber,Beans,Mosquito Repellent,Other Dals,Toor Dal"
2516,"Root Vegetables,Moong Dal,Whole Spices,Toor Dal,Sooji & Rava,Beans,Urad Dal,Sugar,Other Flours,Whole Spices,Sunflower Oils,Boiled Rice,Almonds,Other Dals,Other Dals,Organic F&V,Whole Spices,Whole Spices,Whole Spices,Whole Spices"
2517,"Raw Peanuts,Whole Spices,Whole Spices,Moong Dal,Rice Flour,Other Dals,Sooji & Rava,Sooji & Rava,Urad Dal,Sooji & Rava,Jaggery,Cashews,Whole Spices,Moong Dal"
2518,"Exotic Vegetables,Root Vegetables,Other Vegetables,Beans,Exotic Vegetables,Raw Peanuts,Gourd & Cucumber,Beans,Glucose, Marie & Milk Biscuits"
2519,"Brinjals,Other Vegetables,Gourd & Cucumber,Bread,Organic Rice & Rice Products,Sunflower Oils,Mango Juices,Honey,Raw Rice"
2520,"Beans,Brinjals,Other Vegetables,Root Vegetables,Other Dals,Moong Dal,Urad Dal,Avalakki / Poha,Basmati Rice,Frozen Chicken"
2521,"Other Vegetables,Root Vegetables,Root Vegetables,Exotic Vegetables,Banana,Exotic Vegetables,Beans,Gourd & Cucumber,Exotic Vegetables"
2522,"Other Vegetables,Root Vegetables,Brinjals,Beans,Raw Peanuts,Namkeen,Brinjals,Instant Noodles,Avalakki / Poha,Cashews,Cooking Sauce,Cream Biscuits,Raisins"
2523,"Brinjals,Other Vegetables,Root Vegetables,Moong Dal,Brinjals,Boiled Rice,Almonds,Other Dals,Basmati Rice,Other Dals"
2524,"Avalakki / Poha,Moong Dal,Raw Rice,Sugar,Sooji & Rava,Maida,Urad Dal,Sunflower Oils,Raw Rice,Toor Dal,Besan,Other Dals"
2525,"Ground Coffee,Other Dals,Whole Spices,Whole Spices,Moong Dal,Moong Dal,Raw Peanuts,Urad Dal,Sugar,Whole Spices,Sooji & Rava,Sooji & Rava,Health Drinks,Rice Flour,Other Dals,Jaggery,Other Dals,Namkeen,Other Dals,Toor Dal"
2526,"Other Vegetables,Brinjals,Sugar,Other Dals,Other Dals,Toor Dal,Whole Spices,Other Dals,Other Rice Products"
2527,"Bread,Ground Coffee,Exotic Vegetables,Exotic Vegetables,Exotic Vegetables,Organic Salt,Sugar & Jaggery,Basmati Rice,Cashews,Almonds,Namkeen"
2528,"Other Vegetables,Gourd & Cucumber,Beans,Rice Flour,Sugar,Urad Dal,Besan,Brinjals,Root Vegetables,Toor Dal,Whole Spices,Whole Spices,Whole Spices"
2529,"Other Vegetables,Urad Dal,Sooji & Rava,Boiled Rice,Rice Flour,Jaggery,Organic Dals & Pulses,Organic F&V,Beans"
2530,"Ground Coffee,Toor Dal,Moong Dal,Urad Dal,Rice Flour,Cakes,Raw Rice,Whole Spices,Curd"
2531,"Beans,Liquid Soaps & Bars,Urad Dal,Other Dry Fruits,Other Dry Fruits,Organic F&V,Organic F&V,Organic F&V"
2532,"Root Vegetables,Brinjals,Other Vegetables,Gourd & Cucumber,Sooji & Rava,Sooji & Rava,Jaggery,Whole Spices,Cakes,Liquid Soaps & Bars,Raw Rice"
2533,"Other Vegetables,Ground Coffee,Brinjals,Brinjals,Root Vegetables,Moong Dal,Gourd & Cucumber,Brinjals"
2534,"Root Vegetables,Root Vegetables,Other Vegetables,Beans,Moong Dal,Moong Dal,Other Dals,Toor Dal,Gourd & Cucumber,Sooji & Rava,Other Rice Products,Sugar,Other Dals,Sooji & Rava,Raw Rice,Other Oils,Avalakki / Poha,Basmati Rice,Hair Oil,Other Dals,Whole Spices,Other Rice Products"
2535,"Other Vegetables,Brinjals,Other Dals,Toor Dal,Moong Dal,Beans,Sugar,Sunflower Oils,Other Dals"
2536,"Other Dals,Maida,Chilli & Soya Sauces,Chilli & Soya Sauces,Other Sauces,Whole Spices,Powdered Spices,Other Flours"
2537,"Sunflower Oils,Whole Spices,Moong Dal,Moong Dal,Whole Spices,Avalakki / Poha,Raw Peanuts,Other Dals,Sooji & Rava,Rice Flour,Urad Dal,Sugar,Ghee,Raw Rice,Toor Dal,Whole Spices,Whole Spices,Whole Spices"
2538,"Bread,Root Vegetables,Other Vegetables,Root Vegetables,Beans,Gourd & Cucumber,Whole Spices,Gourd & Cucumber,Brinjals,Honey,Toilet Cleaners,Other Dals"
2539,"Root Vegetables,Root Vegetables,Banana,Moong Dal,Moong Dal,Sooji & Rava,Toor Dal,Besan,Sugar,Brinjals,Avalakki / Poha,Raw Rice"
2540,"Beans,Gourd & Cucumber,Gourd & Cucumber,Jaggery,Ready Mix,Raisins,Cashews,Whole Spices,Sugar Cubes"
2541,"Moong Dal,Moong Dal,Other Dals,Sugar,Toor Dal,Aluminium Foil & Cling Wrap,Urad Dal,Toilet Cleaners,Other Dals"
2542,"Other Dals,Whole Spices,Boiled Rice,Beans,Urad Dal,Sugar,Other Dals,Whole Spices,Other Dals"
2543,"Beans,Root Vegetables,Other Vegetables,Other Vegetables,Beans,Brinjals,Sugar,Cream Biscuits,Root Vegetables"
2544,"Raw Peanuts,Whole Spices,Toor Dal,Raw Rice,Urad Dal,Sooji & Rava,Jaggery,Sugar,Boiled Rice,Health Drinks,Whole Spices"
2545,"Raw Peanuts,Urad Dal,Mosquito Repellent,Sunflower Oils,Instant Noodles,Wafers,Glucose, Marie & Milk Biscuits,Cookies"
2546,"Whole Spices,Toor Dal,Whole Spices,Other Dals,Urad Dal,Urad Dal,Other Dals,Other Dals,Besan"
2547,"Brinjals,Other Vegetables,Gourd & Cucumber,Beans,Sooji & Rava,Brinjals,Avalakki / Poha,Mustard Oils"
2548,"Other Vegetables,Other Vegetables,Beans,Beans,Gourd & Cucumber,Sooji & Rava,Beans,Ghee,Root Vegetables,Urad Dal,Other Rice Products,Moong Dal"
2549,"Whole Spices,Whole Spices,Sunflower Oils,Urad Dal,Other Flours,Jaggery,Avalakki / Poha,Other Dals,Whole Spices,Whole Spices"
2550,"Gourd & Cucumber,Whole Spices,Bread,Sooji & Rava,Brinjals,Urad Dal,Gourd & Cucumber,Jaggery"
2551,"Root Vegetables,Gourd & Cucumber,Other Dals,Whole Spices,Other Dals,Urad Dal,Urad Dal,Phenyles & Acids,Whole Spices,Cooking Sauce,Other Dals,Whole Spices,Whole Spices,Other Dals,Moong Dal"
2552,"Other Vegetables,Brinjals,Beans,Gourd & Cucumber,Moong Dal,Other Dals,Moong Dal,Urad Dal,Brinjals,Whole Spices,Other Dals"
2553,"Sunflower Oils,Exotic Vegetables,Beans,Gourd & Cucumber,Root Vegetables,Maida,Health Drinks,Honey,Health Drinks,Oats"
2554,"Liquid Soaps & Bars,Other Rice Products,Sugar,Besan,Raw Rice,Jaggery,Raisins,Other Dry Fruits,Almonds"
2555,"Other Vegetables,Root Vegetables,Beans,Jaggery,Other Dals,Ghee,Avalakki / Poha,Raw Rice,Health Drinks"
2556,"Other Dals,Raw Peanuts,Moong Dal,Other Dals,Other Dals,Other Dals,Sugar,Urad Dal,Other Dals,Toor Dal,Toothpaste"
2557,"Toor Dal,Ground Coffee,Raw Rice,Cakes,Yogurt & Lassi,Yogurt & Lassi,Other Dals,Milk Drinks"
2558,"Other Dals,Sugar,Other Rice Products,Cream Biscuits,Other Dry Fruits,Cream Biscuits,Cream Biscuits,Snacky Nuts,Other Dals,Toor Dal,Whole Spices"
2559,"Organic Rice & Rice Products,Namkeen,Namkeen,Chilli & Soya Sauces,Cream Biscuits,Body Wash,Snacky Nuts,Whole Spices"
2560,"Whole Spices,Other Dals,Toor Dal,Avalakki / Poha,Raw Peanuts,Aluminium Foil & Cling Wrap,Cream Biscuits,Mosquito Repellent,Vermicelli,Agarbatti"
2561,"Root Vegetables,Root Vegetables,Other Vegetables,Gourd & Cucumber,Beans,Brinjals,Gourd & Cucumber,Cut Vegetables"
2562,"Root Vegetables,Bread,Other Vegetables,Other Vegetables,Gourd & Cucumber,Beans,Brinjals,Gourd & Cucumber"
2563,"Other Dals,Other Dals,Other Dals,Urad Dal,Almonds,Organic F&V,Organic F&V,Organic F&V,Frozen Chicken"
2564,"Bread,Other Vegetables,Other Vegetables,Gourd & Cucumber,Beans,Other Dals,Vermicelli,Whole Spices,Urad Dal,Whole Spices,Other Dals,Other Dals,Brinjals,Whole Spices,Avalakki / Poha,Almonds"
2565,"Other Vegetables,Gourd & Cucumber,Beans,Beans,Other Dals,Toor Dal,Gourd & Cucumber,Avalakki / Poha,Health Drinks,Mustard Oils"
2566,"Bread,Whole Spices,Toor Dal,Other Dals,Whole Spices,Other Dals,Moong Dal,Gourd & Cucumber,Whole Spices,Raw Rice,Sunflower Oils,Urad Dal,Other Dals,Namkeen"
2567,"Root Vegetables,Other Vegetables,Exotic Vegetables,Whole Spices,Brinjals,Besan,Maida,Other Rice Products"
2568,"Bread,Raw Peanuts,Namkeen,Namkeen,Namkeen,Sugar,Namkeen,Cream Biscuits,Namkeen"
2569,"Ground Coffee,Toor Dal,Other Dals,Whole Spices,Moong Dal,Whole Spices,Sooji & Rava,Rice Flour,Sunflower Oils,Jaggery,Sugar,Whole Spices,Cashews,Whole Spices,Toor Dal,Whole Spices,Whole Spices"
2570,"Exotic Vegetables,Exotic Vegetables,Root Vegetables,Namkeen,Exotic Vegetables,Other Dals,Other Dals,Raw Rice,Other Dals,Instant Pastas,Instant Pastas,Brinjals,Namkeen,Instant Noodles,Other Dals"
2571,"Other Vegetables,Other Vegetables,Toothpaste,Beans,Sugar,Mosquito Repellent,Mosquito Repellent,Toor Dal"
2572,"Root Vegetables,Other Vegetables,Other Vegetables,Organic Dals & Pulses,Organic Dals & Pulses,Organic Dals & Pulses,Organic F&V,Brinjals"
2573,"Raw Peanuts,Avalakki / Poha,Urad Dal,Sooji & Rava,Sugar,Maida,Raw Rice,Toor Dal"
2574,"Whole Spices,Moong Dal,Moong Dal,Whole Spices,Toor Dal,Sugar,Other Dals,Ghee,Urad Dal,Other Dals,Boiled Rice,Whole Spices,Urad Dal,Other Dals"
2575,"Root Vegetables,Sunflower Oils,Whole Spices,Glucose, Marie & Milk Biscuits,Gourd & Cucumber,Mosquito Repellent,Whole Spices,Whole Spices"
2576,"Root Vegetables,Gourd & Cucumber,Toor Dal,Maida,Gourd & Cucumber,Ghee,Jaggery,Brinjals,Organic F&V,Salty Biscuits,Whole Spices,Besan,Moong Dal"
2577,"Beans,Other Vegetables,Root Vegetables,Banana,Gourd & Cucumber,Beans,Whole Spices,Sooji & Rava,Beans,Gourd & Cucumber,Organic Dals & Pulses,Brinjals,Other Dals,Yogurt & Lassi"
2578,"Whole Spices,Moong Dal,Whole Spices,Avalakki / Poha,Other Dry Fruits,Raisins,Raisins,Whole Spices"
2579,"Root Vegetables,Other Vegetables,Other Vegetables,Beans,Gourd & Cucumber,Gourd & Cucumber,Namkeen,Curd"
2580,"Whole Spices,Bread,Urad Dal,Other Rice Products,Honey,Almonds,Glucose, Marie & Milk Biscuits,Cashews,Whole Spices"
2581,"Root Vegetables,Banana,Beans,Raw Peanuts,Moong Dal,Other Dals,Toor Dal,Urad Dal,Other Dals,Other Dals,Sunflower Oils"
2582,"Banana,Gourd & Cucumber,Moong Dal,Toor Dal,Raw Rice,Chinese Noodles,Other Dry Fruits,Cashews,Raisins"
2583,"Other Vegetables,Beans,Gourd & Cucumber,Beans,Banana,Instant Pastas,Other Dry Fruits,Almonds,Other Dry Fruits"
2584,"Root Vegetables,Brinjals,Root Vegetables,Banana,Moong Dal,Toor Dal,Beans,Raw Rice,Cakes"
2585,"Beans,Toor Dal,Moong Dal,Other Dals,Sugar,Urad Dal,Maida,Basmati Rice,Liquid Soaps & Bars,Other Dals"
2586,"Other Vegetables,Other Vegetables,Root Vegetables,Organic Dals & Pulses,Raw Rice,Cooking Paste,Chilli & Soya Sauces,Basmati Rice,Chilli & Soya Sauces"
2587,"Whole Spices,Whole Spices,Raw Peanuts,Whole Spices,Sooji & Rava,Sugar,Phenyles & Acids,Other Dals"
2588,"Other Vegetables,Other Vegetables,Beans,Whole Spices,Whole Spices,Other Dals,Other Dals,Besan,Cream Biscuits,Toor Dal,Whole Spices"
2589,"Root Vegetables,Other Vegetables,Organic Dals & Pulses,Organic Dals & Pulses,Curd,Organic F&V,Organic F&V,Organic F&V,Organic F&V"
2590,"Root Vegetables,Brinjals,Other Vegetables,Exotic Vegetables,Banana,Gourd & Cucumber,Raisins,Honey,Urad Dal,Toor Dal"
2591,"Other Vegetables,Root Vegetables,Moong Dal,Sooji & Rava,Besan,Urad Dal,Jaggery,Health Drinks,Ready Baking Mixes,Cooking Sauce,Toor Dal,Other Flours"
2592,"Other Vegetables,Root Vegetables,Whole Spices,Whole Spices,Exotic Vegetables,Banana,Yogurt & Lassi,Yogurt & Lassi,Whole Spices"
2593,"Root Vegetables,Other Vegetables,Root Vegetables,Brinjals,Other Vegetables,Exotic Vegetables,Raw Peanuts,Sooji & Rava,Sooji & Rava,Moong Dal,Beans,Besan,Sugar,Sunflower Oils,Cashews,Almonds,Raw Rice,Toor Dal"
2594,"Root Vegetables,Bread,Brinjals,Banana,Beans,Brinjals,Other Rice Products,Namkeen,Other Dry Fruits"
